Date,Time,Temperature,Humidity
2025-10-04,14:30:53,31.6,63.7
2025-10-04,14:30:53,31.6,63.7
2025-10-04,14:30:53,31.6,63.8
2025-10-04,14:30:53,31.6,63.8
2025-10-04,14:30:53,31.6,63.7
2025-10-04,14:30:53,31.6,63.7
2025-10-04,14:30:53,31.6,63.8
2025-10-04,14:30:53,31.6,63.8
2025-10-04,14:30:53,31.6,63.8
2025-10-04,14:30:53,31.6,63.8
2025-10-04,14:30:53,31.6,63.7
2025-10-04,14:30:54,31.6,63.7
2025-10-04,14:30:55,31.6,63.8
2025-10-04,14:30:56,31.6,63.8
2025-10-04,14:30:57,31.6,63.7
2025-10-04,14:30:58,31.6,63.7
2025-10-04,14:30:59,31.6,63.7
2025-10-04,14:31:00,31.6,63.7
2025-10-04,14:31:01,31.6,63.7
2025-10-04,14:31:02,31.6,63.7
2025-10-04,14:31:03,31.6,63.9
2025-10-04,14:31:04,31.6,63.9
2025-10-04,14:31:05,31.6,63.7
2025-10-04,14:31:06,31.6,63.7
2025-10-04,14:31:07,31.6,63.9
2025-10-04,14:31:08,31.6,63.9
2025-10-04,14:31:09,31.6,63.8
2025-10-04,14:31:10,31.6,63.8
2025-10-04,14:31:11,31.6,63.7
2025-10-04,14:31:12,31.6,63.7
2025-10-04,14:31:13,31.6,63.8
2025-10-04,14:31:14,31.6,63.8
2025-10-04,14:31:15,31.6,63.7
2025-10-04,14:31:16,31.6,63.7
2025-10-04,14:31:17,31.6,63.7
2025-10-04,14:31:18,31.6,63.7
2025-10-04,14:31:19,31.6,63.8
2025-10-04,14:31:20,31.6,63.8
2025-10-04,14:31:21,31.6,63.7
2025-10-04,14:31:22,31.6,63.7
2025-10-04,14:31:23,31.6,63.7
2025-10-04,14:31:24,31.6,63.7
2025-10-04,14:31:25,31.6,63.7
2025-10-04,14:31:26,31.6,63.7
2025-10-04,14:31:27,31.6,63.7
2025-10-04,14:31:28,31.6,63.7
2025-10-04,14:31:29,31.6,63.7
2025-10-04,14:31:30,31.6,63.7
2025-10-04,14:31:31,31.6,63.7
2025-10-04,14:31:32,31.6,63.7
2025-10-04,14:31:33,31.6,63.7
2025-10-04,14:31:34,31.6,63.7
2025-10-04,14:31:35,31.6,63.8
2025-10-04,14:31:36,31.6,63.8
2025-10-04,14:31:37,31.6,63.6
2025-10-04,14:31:38,31.6,63.6
2025-10-04,14:31:39,31.6,63.7
2025-10-04,14:31:40,31.6,63.7
2025-10-04,14:31:41,31.6,63.6
2025-10-04,14:31:42,31.6,63.6
2025-10-04,14:31:43,31.6,63.6
2025-10-04,14:31:44,31.6,63.6
2025-10-04,14:31:45,31.6,63.6
2025-10-04,14:31:46,31.6,63.6
2025-10-04,14:31:47,31.6,63.6
2025-10-04,14:31:48,31.6,63.6
2025-10-04,14:31:49,31.6,63.6
2025-10-04,14:31:50,31.6,63.6
2025-10-04,14:31:51,31.6,63.7
2025-10-04,14:31:52,31.6,63.7
2025-10-04,14:31:53,31.6,63.7
2025-10-04,14:31:54,31.6,63.7
2025-10-04,14:31:55,31.6,63.8
2025-10-04,14:31:56,31.6,63.8
2025-10-04,14:31:57,31.6,63.7
2025-10-04,14:31:58,31.6,63.7
2025-10-04,14:31:59,31.7,63.7
2025-10-04,14:32:00,31.7,63.7
2025-10-04,14:32:01,31.7,63.6
2025-10-04,14:32:02,31.7,63.6
2025-10-04,14:32:03,31.7,63.7
2025-10-04,14:32:04,31.7,63.7
2025-10-04,14:32:05,31.7,63.7
2025-10-04,14:32:06,31.7,63.7
2025-10-04,14:32:07,31.6,63.6
2025-10-04,14:32:08,31.6,63.6
2025-10-04,14:32:09,31.7,63.7
2025-10-04,14:32:10,31.7,63.7
2025-10-04,14:32:11,31.6,63.7
2025-10-04,14:32:12,31.6,63.7
2025-10-04,14:32:13,31.7,63.7
2025-10-04,14:32:14,31.7,63.7
2025-10-04,14:32:15,31.7,63.7
2025-10-04,14:32:16,31.7,63.7
2025-10-04,14:32:17,31.7,63.9
2025-10-04,14:32:18,31.7,63.9
2025-10-04,14:32:19,31.7,64.0
2025-10-04,14:32:20,31.7,64.0
2025-10-04,14:32:21,31.6,64.0
2025-10-04,14:32:22,31.6,64.0
2025-10-04,14:32:23,31.6,64.0
2025-10-04,14:32:24,31.6,64.0
2025-10-04,14:32:25,31.7,64.0
2025-10-04,14:32:26,31.7,64.0
2025-10-04,14:32:27,31.7,64.0
2025-10-04,14:32:28,31.7,64.0
2025-10-04,14:32:29,31.7,64.0
2025-10-04,14:32:30,31.7,64.0
2025-10-04,14:32:31,31.7,64.0
2025-10-04,14:32:32,31.7,64.0
2025-10-04,14:32:33,31.7,64.0
2025-10-04,14:32:34,31.7,64.0
2025-10-04,14:32:35,31.7,63.9
2025-10-04,14:32:36,31.7,63.9
2025-10-04,14:32:37,31.7,63.9
2025-10-04,14:32:38,31.7,63.9
2025-10-04,14:32:39,31.7,63.8
2025-10-04,14:32:40,31.7,63.8
2025-10-04,14:32:41,31.7,63.9
2025-10-04,14:32:42,31.7,63.9
2025-10-04,14:32:43,31.7,63.8
2025-10-04,14:32:44,31.7,63.8
2025-10-04,14:32:45,31.7,63.7
2025-10-04,14:32:46,31.7,63.7
2025-10-04,14:32:47,31.7,63.8
2025-10-04,14:32:48,31.7,63.8
2025-10-04,14:32:49,31.7,63.9
2025-10-04,14:32:50,31.7,63.9
2025-10-04,14:32:51,31.7,64.0
2025-10-04,14:32:52,31.7,64.0
2025-10-04,14:32:53,31.7,64.0
2025-10-04,14:32:54,31.7,64.0
2025-10-04,14:32:55,31.7,64.0
2025-10-04,14:32:56,31.7,64.0
2025-10-04,14:32:57,31.7,64.0
2025-10-04,14:32:58,31.7,64.0
2025-10-04,14:32:59,31.7,64.0
2025-10-04,14:33:00,31.7,64.0
2025-10-04,14:33:01,31.7,64.0
2025-10-04,14:33:02,31.7,64.0
2025-10-04,14:33:03,31.7,63.9
2025-10-04,14:33:04,31.7,63.9
2025-10-04,14:33:05,31.7,64.0
2025-10-04,14:33:06,31.7,64.0
2025-10-04,14:33:07,31.7,64.0
2025-10-04,14:33:08,31.7,64.0
2025-10-04,14:33:09,31.7,64.0
2025-10-04,14:33:10,31.7,64.0
2025-10-04,14:33:11,31.7,64.0
2025-10-04,14:33:12,31.7,64.0
2025-10-04,14:33:13,31.7,64.0
2025-10-04,14:33:14,31.7,64.0
2025-10-04,14:33:15,31.7,64.0
2025-10-04,14:33:16,31.7,64.0
2025-10-04,14:33:17,31.7,63.9
2025-10-04,14:33:18,31.7,63.9
2025-10-04,14:33:19,31.7,64.0
2025-10-04,14:33:20,31.7,64.0
2025-10-04,14:33:21,31.7,64.1
2025-10-04,14:33:22,31.7,64.1
2025-10-04,14:33:23,31.7,64.0
2025-10-04,14:33:24,31.7,64.0
2025-10-04,14:33:25,31.7,64.1
2025-10-04,14:33:26,31.7,64.1
2025-10-04,14:33:27,31.7,64.2
2025-10-04,14:33:28,31.7,64.2
2025-10-04,14:33:29,31.7,64.0
2025-10-04,14:33:30,31.7,64.0
2025-10-04,14:33:31,31.7,64.1
2025-10-04,14:33:32,31.7,64.1
2025-10-04,14:33:33,31.7,64.0
2025-10-04,14:33:34,31.7,64.0
2025-10-04,14:33:35,31.8,63.9
2025-10-04,14:33:36,31.8,63.9
2025-10-04,14:33:37,31.8,63.9
2025-10-04,14:33:38,31.8,63.9
2025-10-04,14:33:39,31.8,63.8
2025-10-04,14:33:40,31.8,63.8
2025-10-04,14:33:41,31.8,63.9
2025-10-04,14:33:42,31.8,63.9
2025-10-04,14:33:43,31.8,63.7
2025-10-04,14:33:44,31.8,63.7
2025-10-04,14:33:45,31.8,63.7
2025-10-04,14:33:46,31.8,63.7
2025-10-04,14:33:47,31.8,63.7
2025-10-04,14:33:48,31.8,63.7
2025-10-04,14:33:49,31.8,63.7
2025-10-04,14:33:50,31.8,63.7
2025-10-04,14:33:51,31.8,63.7
2025-10-04,14:33:52,31.8,63.7
2025-10-04,14:33:53,31.8,63.5
2025-10-04,14:33:54,31.8,63.5
2025-10-04,14:33:55,31.8,63.5
2025-10-04,14:33:56,31.8,63.5
2025-10-04,14:33:57,31.8,63.6
2025-10-04,14:33:58,31.8,63.6
2025-10-04,14:33:59,31.8,63.5
2025-10-04,14:34:00,31.8,63.5
2025-10-04,14:34:01,31.8,63.5
2025-10-04,14:34:02,31.8,63.5
2025-10-04,14:34:03,31.8,63.4
2025-10-04,14:34:04,31.8,63.4
2025-10-04,14:34:05,31.8,63.4
2025-10-04,14:34:06,31.8,63.4
2025-10-04,14:34:07,31.8,63.5
2025-10-04,14:34:08,31.8,63.5
2025-10-04,14:34:09,31.8,63.4
2025-10-04,14:34:10,31.8,63.4
2025-10-04,14:34:11,31.8,63.3
2025-10-04,14:34:12,31.8,63.3
2025-10-04,14:34:13,31.8,63.3
2025-10-04,14:34:14,31.8,63.3
2025-10-04,14:34:15,31.8,63.3
2025-10-04,14:34:16,31.8,63.3
2025-10-04,14:34:17,31.8,63.3
2025-10-04,14:34:18,31.8,63.3
2025-10-04,14:34:19,31.8,63.3
2025-10-04,14:34:20,31.8,63.3
2025-10-04,14:34:21,31.8,63.4
2025-10-04,14:34:22,31.8,63.4
2025-10-04,14:34:23,31.8,63.3
2025-10-04,14:34:24,31.8,63.3
2025-10-04,14:34:26,31.8,63.2
2025-10-04,14:34:27,31.8,63.2
2025-10-04,14:34:28,31.8,63.3
2025-10-04,14:34:29,31.8,63.3
2025-10-04,14:34:30,31.8,63.4
2025-10-04,14:34:33,31.8,63.4
2025-10-04,14:34:33,31.8,63.4
2025-10-04,14:34:34,31.8,63.5
2025-10-04,14:34:35,31.8,63.5
2025-10-04,14:34:36,31.8,63.6
2025-10-04,14:34:37,31.8,63.6
2025-10-04,14:34:38,31.8,63.6
2025-10-04,14:34:39,31.8,63.6
2025-10-04,14:34:40,31.8,63.6
2025-10-04,14:34:41,31.8,63.6
2025-10-04,14:34:42,31.8,63.6
2025-10-04,14:34:43,31.8,63.6
2025-10-04,14:34:44,31.8,63.4
2025-10-04,14:34:45,31.8,63.4
2025-10-04,14:34:46,31.8,63.5
2025-10-04,14:34:47,31.8,63.5
2025-10-04,14:34:48,31.8,63.5
2025-10-04,14:34:49,31.8,63.5
2025-10-04,14:34:50,31.8,63.4
2025-10-04,14:34:51,31.8,63.4
2025-10-04,14:34:52,31.8,63.5
2025-10-04,14:34:53,31.8,63.5
2025-10-04,14:34:54,31.8,63.5
2025-10-04,14:34:55,31.8,63.5
2025-10-04,14:34:56,31.8,63.5
2025-10-04,14:34:57,31.8,63.5
2025-10-04,14:34:58,31.8,63.4
2025-10-04,14:34:59,31.8,63.4
2025-10-04,14:35:00,31.8,63.5
2025-10-04,14:35:01,31.8,63.5
2025-10-04,14:35:02,31.8,63.5
2025-10-04,14:35:03,31.8,63.5
2025-10-04,14:35:04,31.8,63.4
2025-10-04,14:35:05,31.8,63.4
2025-10-04,14:35:06,31.8,63.5
2025-10-04,14:35:07,31.8,63.5
2025-10-04,14:35:08,31.8,63.5
2025-10-04,14:35:09,31.8,63.5
2025-10-04,14:35:10,31.8,63.4
2025-10-04,14:35:11,31.8,63.4
2025-10-04,14:35:12,31.8,63.4
2025-10-04,14:35:13,31.8,63.4
2025-10-04,14:35:14,31.8,63.4
2025-10-04,14:35:15,31.8,63.4
2025-10-04,14:35:16,31.8,63.5
2025-10-04,14:35:17,31.8,63.5
2025-10-04,14:35:18,31.8,63.2
2025-10-04,14:35:19,31.8,63.2
2025-10-04,14:35:20,31.8,63.3
2025-10-04,14:35:21,31.8,63.3
2025-10-04,14:35:22,31.8,63.5
2025-10-04,14:35:23,31.8,63.5
2025-10-04,14:35:24,31.8,63.3
2025-10-04,14:35:25,31.8,63.3
2025-10-04,14:35:26,31.8,63.3
2025-10-04,14:35:27,31.8,63.3
2025-10-04,14:35:28,31.8,63.2
2025-10-04,14:35:29,31.8,63.2
2025-10-04,14:35:30,31.8,63.3
2025-10-04,14:35:31,31.8,63.3
2025-10-04,14:35:32,31.8,63.4
2025-10-04,14:35:33,31.8,63.4
2025-10-04,14:35:34,31.8,63.2
2025-10-04,14:35:35,31.8,63.2
2025-10-04,14:35:36,31.8,63.4
2025-10-04,14:35:37,31.8,63.4
2025-10-04,14:35:38,31.8,63.4
2025-10-04,14:35:39,31.8,63.4
2025-10-04,14:35:40,31.8,63.3
2025-10-04,14:35:41,31.8,63.3
2025-10-04,14:35:42,31.8,63.3
2025-10-04,14:35:43,31.8,63.3
2025-10-04,14:35:44,31.8,63.3
2025-10-04,14:35:45,31.8,63.3
2025-10-04,14:35:46,31.8,63.3
2025-10-04,14:35:47,31.8,63.3
2025-10-04,14:35:48,31.8,63.3
2025-10-04,14:35:49,31.8,63.3
2025-10-04,14:35:50,31.8,63.3
2025-10-04,14:35:51,31.8,63.3
2025-10-04,14:35:52,31.8,63.2
2025-10-04,14:35:53,31.8,63.2
2025-10-04,14:35:54,31.8,63.3
2025-10-04,14:35:55,31.8,63.3
2025-10-04,14:35:56,31.8,63.3
2025-10-04,14:35:57,31.8,63.3
2025-10-04,14:35:58,31.8,63.2
2025-10-04,14:35:59,31.8,63.2
2025-10-04,14:36:00,31.8,63.2
2025-10-04,14:36:01,31.8,63.2
2025-10-04,14:36:02,31.8,63.2
2025-10-04,14:36:03,31.8,63.2
2025-10-04,14:36:04,31.8,63.2
2025-10-04,14:36:05,31.8,63.2
2025-10-04,14:36:06,31.8,63.3
2025-10-04,14:36:07,31.8,63.3
2025-10-04,14:36:08,31.8,63.2
2025-10-04,14:36:09,31.8,63.2
2025-10-04,14:36:10,31.8,63.2
2025-10-04,14:36:11,31.8,63.2
2025-10-04,14:36:12,31.8,63.2
2025-10-04,14:36:13,31.8,63.2
2025-10-04,14:36:14,31.8,63.2
2025-10-04,14:36:15,31.8,63.2
2025-10-04,14:36:16,31.8,63.2
2025-10-04,14:36:17,31.8,63.2
2025-10-04,14:36:18,31.8,63.2
2025-10-04,14:36:19,31.8,63.2
2025-10-04,14:36:20,31.9,63.2
2025-10-04,14:36:21,31.9,63.2
2025-10-04,14:36:22,31.9,63.2
2025-10-04,14:36:23,31.9,63.2
2025-10-04,14:36:24,31.8,63.1
2025-10-04,14:36:25,31.8,63.1
2025-10-04,14:36:26,31.8,63.1
2025-10-04,14:36:27,31.8,63.1
2025-10-04,14:36:28,31.9,63.1
2025-10-04,14:36:29,31.9,63.1
2025-10-04,14:36:30,31.8,63.1
2025-10-04,14:36:31,31.8,63.1
2025-10-04,14:36:32,31.8,63.0
2025-10-04,14:36:33,31.8,63.0
2025-10-04,14:36:34,31.8,63.1
2025-10-04,14:36:35,31.8,63.1
2025-10-04,14:36:36,31.9,63.0
2025-10-04,14:36:37,31.9,63.0
2025-10-04,14:36:38,31.8,63.1
2025-10-04,14:36:39,31.8,63.1
2025-10-04,14:36:40,31.9,63.2
2025-10-04,14:36:41,31.9,63.2
2025-10-04,14:36:42,31.9,63.1
2025-10-04,14:36:43,31.9,63.1
2025-10-04,14:36:44,31.9,63.0
2025-10-04,14:36:45,31.9,63.0
2025-10-04,14:36:46,31.8,63.2
2025-10-04,14:36:47,31.8,63.2
2025-10-04,14:36:48,31.8,63.2
2025-10-04,14:36:49,31.8,63.2
2025-10-04,14:36:50,31.9,63.2
2025-10-04,14:36:51,31.9,63.2
2025-10-04,14:36:52,31.9,63.2
2025-10-04,14:36:53,31.9,63.2
2025-10-04,14:36:54,31.9,63.2
2025-10-04,14:36:55,31.9,63.2
2025-10-04,14:36:56,31.9,63.2
2025-10-04,14:36:57,31.9,63.2
2025-10-04,14:36:58,31.9,63.2
2025-10-04,14:36:59,31.9,63.2
2025-10-04,14:37:00,31.9,63.2
2025-10-04,14:37:01,31.9,63.2
2025-10-04,14:37:02,31.9,63.1
2025-10-04,14:37:03,31.9,63.1
2025-10-04,14:37:04,31.9,63.1
2025-10-04,14:37:05,31.9,63.1
2025-10-04,14:37:06,31.9,63.2
2025-10-04,14:37:07,31.9,63.2
2025-10-04,14:37:08,31.9,63.3
2025-10-04,14:37:09,31.9,63.3
2025-10-04,14:37:10,31.9,63.4
2025-10-04,14:37:11,31.9,63.4
2025-10-04,14:37:12,31.9,63.4
2025-10-04,14:37:13,31.9,63.4
2025-10-04,14:37:14,31.9,63.3
2025-10-04,14:37:15,31.9,63.3
2025-10-04,14:37:16,31.9,63.3
2025-10-04,14:37:17,31.9,63.3
2025-10-04,14:37:18,31.9,63.3
2025-10-04,14:37:19,31.9,63.3
2025-10-04,14:37:20,31.9,63.3
2025-10-04,14:37:21,31.9,63.3
2025-10-04,14:37:22,31.9,63.3
2025-10-04,14:37:23,31.9,63.3
2025-10-04,14:37:24,31.9,63.3
2025-10-04,14:37:25,31.9,63.3
2025-10-04,14:37:26,31.9,63.2
2025-10-04,14:37:27,31.9,63.2
2025-10-04,14:37:28,31.9,63.2
2025-10-04,14:37:29,31.9,63.2
2025-10-04,14:37:30,31.9,63.2
2025-10-04,14:37:31,31.9,63.2
2025-10-04,14:37:32,31.9,63.2
2025-10-04,14:37:33,31.9,63.2
2025-10-04,14:37:34,31.9,63.2
2025-10-04,14:37:35,31.9,63.2
2025-10-04,14:37:36,31.9,63.2
2025-10-04,14:37:37,31.9,63.2
2025-10-04,14:37:38,31.9,63.2
2025-10-04,14:37:39,31.9,63.2
2025-10-04,14:37:40,31.9,63.3
2025-10-04,14:37:41,31.9,63.3
2025-10-04,14:37:42,31.9,63.2
2025-10-04,14:37:43,31.9,63.2
2025-10-04,14:37:44,31.9,63.1
2025-10-04,14:37:45,31.9,63.1
2025-10-04,14:37:46,31.9,63.1
2025-10-04,14:37:47,31.9,63.1
2025-10-04,14:37:48,31.9,63.2
2025-10-04,14:37:49,31.9,63.2
2025-10-04,14:37:50,31.9,63.1
2025-10-04,14:37:51,31.9,63.1
2025-10-04,14:37:52,31.9,63.0
2025-10-04,14:37:53,31.9,63.0
2025-10-04,14:37:54,31.9,63.1
2025-10-04,14:37:55,31.9,63.1
2025-10-04,14:37:56,31.9,63.0
2025-10-04,14:37:57,31.9,63.0
2025-10-04,14:37:58,31.9,63.0
2025-10-04,14:37:59,31.9,63.0
2025-10-04,14:38:00,31.9,63.1
2025-10-04,14:38:01,31.9,63.1
2025-10-04,14:38:02,31.9,62.9
2025-10-04,14:38:03,31.9,62.9
2025-10-04,14:38:04,31.9,63.0
2025-10-04,14:38:05,31.9,63.0
2025-10-04,14:38:06,31.9,63.0
2025-10-04,14:38:07,31.9,63.0
2025-10-04,14:38:08,31.9,63.1
2025-10-04,14:38:09,31.9,63.1
2025-10-04,14:38:10,31.9,62.9
2025-10-04,14:38:11,31.9,62.9
2025-10-04,14:38:12,31.9,63.0
2025-10-04,14:38:13,31.9,63.0
2025-10-04,14:38:14,31.9,62.9
2025-10-04,14:38:15,31.9,62.9
2025-10-04,14:38:16,31.9,63.1
2025-10-04,14:38:17,31.9,63.1
2025-10-04,14:38:18,31.9,63.0
2025-10-04,14:38:19,31.9,63.0
2025-10-04,14:38:20,31.9,62.9
2025-10-04,14:38:21,31.9,62.9
2025-10-04,14:38:24,31.9,63.1
2025-10-04,14:38:24,31.9,63.0
2025-10-04,14:38:25,31.9,63.0
2025-10-04,14:38:26,31.9,63.0
2025-10-04,14:38:27,31.9,63.0
2025-10-04,14:38:28,31.9,63.0
2025-10-04,14:38:29,31.9,63.0
2025-10-04,14:38:30,31.9,63.0
2025-10-04,14:38:31,31.9,63.0
2025-10-04,14:38:32,31.9,63.0
2025-10-04,14:38:33,31.9,63.0
2025-10-04,14:38:34,31.9,63.0
2025-10-04,14:38:35,31.9,63.0
2025-10-04,14:38:36,31.9,63.0
2025-10-04,14:38:37,31.9,63.0
2025-10-04,14:38:38,31.9,63.0
2025-10-04,14:38:39,31.9,63.0
2025-10-04,14:38:40,31.9,63.0
2025-10-04,14:38:41,31.9,63.0
2025-10-04,14:38:42,31.9,63.1
2025-10-04,14:38:43,31.9,63.1
2025-10-04,14:38:44,31.9,63.1
2025-10-04,14:38:45,31.9,63.1
2025-10-04,14:38:46,31.9,63.0
2025-10-04,14:38:47,31.9,63.0
2025-10-04,14:38:48,31.9,63.0
2025-10-04,14:38:49,31.9,63.0
2025-10-04,14:38:50,31.9,63.0
2025-10-04,14:38:51,31.9,63.0
2025-10-04,14:38:52,31.9,62.9
2025-10-04,14:38:53,31.9,62.9
2025-10-04,14:38:54,31.9,63.1
2025-10-04,14:38:55,31.9,63.1
2025-10-04,14:38:56,31.9,63.0
2025-10-04,14:38:57,31.9,63.0
2025-10-04,14:38:58,31.9,62.9
2025-10-04,14:38:59,31.9,62.9
2025-10-04,14:39:00,31.9,63.0
2025-10-04,14:39:01,31.9,63.0
2025-10-04,14:39:02,31.9,63.0
2025-10-04,14:39:03,31.9,63.0
2025-10-04,14:39:04,31.9,63.0
2025-10-04,14:39:05,31.9,63.0
2025-10-04,14:39:06,31.9,63.0
2025-10-04,14:39:07,31.9,63.0
2025-10-04,14:39:08,31.9,62.9
2025-10-04,14:39:09,31.9,62.9
2025-10-04,14:39:11,31.9,63.0
2025-10-04,14:39:12,31.9,63.0
2025-10-04,14:39:13,31.9,63.0
2025-10-04,14:39:14,31.9,63.0
2025-10-04,14:39:15,31.9,63.0
2025-10-04,14:39:16,31.9,63.0
2025-10-04,14:39:17,31.9,63.0
2025-10-04,14:39:18,31.9,63.0
2025-10-04,14:39:19,31.9,63.0
2025-10-04,14:39:20,31.9,63.0
2025-10-04,14:39:21,31.9,63.1
2025-10-04,14:39:22,31.9,63.1
2025-10-04,14:39:23,31.9,63.0
2025-10-04,14:39:24,31.9,63.0
2025-10-04,14:39:25,31.9,63.0
2025-10-04,14:39:26,31.9,63.0
2025-10-04,14:39:27,31.9,63.0
2025-10-04,14:39:28,31.9,63.0
2025-10-04,14:39:29,31.9,63.0
2025-10-04,14:39:30,31.9,63.0
2025-10-04,14:39:31,32.0,63.0
2025-10-04,14:39:32,32.0,63.0
2025-10-04,14:39:33,31.9,63.0
2025-10-04,14:39:34,31.9,63.0
2025-10-04,14:39:35,31.9,63.0
2025-10-04,14:39:36,31.9,63.0
2025-10-04,14:39:37,32.0,63.0
2025-10-04,14:39:38,32.0,63.0
2025-10-04,14:39:39,31.9,63.1
2025-10-04,14:39:40,31.9,63.1
2025-10-04,14:39:41,31.9,63.1
2025-10-04,14:39:42,31.9,63.1
2025-10-04,14:39:43,31.9,63.2
2025-10-04,14:39:44,31.9,63.2
2025-10-04,14:39:45,31.9,63.2
2025-10-04,14:39:46,31.9,63.2
2025-10-04,14:39:47,31.9,63.3
2025-10-04,14:39:48,31.9,63.3
2025-10-04,14:39:49,31.9,63.3
2025-10-04,14:39:50,31.9,63.3
2025-10-04,14:39:51,32.0,63.3
2025-10-04,14:39:52,32.0,63.3
2025-10-04,14:39:53,32.0,63.2
2025-10-04,14:39:54,32.0,63.2
2025-10-04,14:39:55,31.9,63.2
2025-10-04,14:39:56,31.9,63.2
2025-10-04,14:39:57,31.9,63.2
2025-10-04,14:39:58,31.9,63.2
2025-10-04,14:39:59,31.9,63.2
2025-10-04,14:40:00,31.9,63.2
2025-10-04,14:40:01,32.0,63.2
2025-10-04,14:40:02,32.0,63.2
2025-10-04,14:40:03,32.0,63.2
2025-10-04,14:40:04,32.0,63.2
2025-10-04,14:40:05,31.9,63.2
2025-10-04,14:40:06,31.9,63.2
2025-10-04,14:40:07,31.9,63.1
2025-10-04,14:40:08,31.9,63.1
2025-10-04,14:40:09,31.9,63.2
2025-10-04,14:40:10,31.9,63.2
2025-10-04,14:40:11,31.9,63.1
2025-10-04,14:40:12,31.9,63.1
2025-10-04,14:40:13,32.0,63.2
2025-10-04,14:40:14,32.0,63.2
2025-10-04,14:40:15,32.0,63.1
2025-10-04,14:40:16,32.0,63.1
2025-10-04,14:40:17,32.0,63.0
2025-10-04,14:40:18,32.0,63.0
2025-10-04,14:40:19,32.0,63.2
2025-10-04,14:40:20,32.0,63.2
2025-10-04,14:40:21,32.0,63.2
2025-10-04,14:40:22,32.0,63.2
2025-10-04,14:40:23,32.0,63.2
2025-10-04,14:40:24,32.0,63.2
2025-10-04,14:40:25,32.0,63.2
2025-10-04,14:40:26,32.0,63.2
2025-10-04,14:40:27,32.0,63.3
2025-10-04,14:40:28,32.0,63.3
2025-10-04,14:40:29,32.0,63.5
2025-10-04,14:40:30,32.0,63.5
2025-10-04,14:40:31,32.0,63.6
2025-10-04,14:40:32,32.0,63.6
2025-10-04,14:40:33,32.0,63.5
2025-10-04,14:40:34,32.0,63.5
2025-10-04,14:40:35,32.0,63.5
2025-10-04,14:40:36,32.0,63.5
2025-10-04,14:40:37,32.0,63.5
2025-10-04,14:40:38,32.0,63.5
2025-10-04,14:40:39,32.0,63.4
2025-10-04,14:40:40,32.0,63.4
2025-10-04,14:40:41,32.0,63.4
2025-10-04,14:40:42,32.0,63.4
2025-10-04,14:40:43,32.0,63.3
2025-10-04,14:40:44,32.0,63.3
2025-10-04,14:40:45,32.0,63.4
2025-10-04,14:40:46,32.0,63.4
2025-10-04,14:40:47,32.0,63.2
2025-10-04,14:40:48,32.0,63.2
2025-10-04,14:40:51,32.0,63.3
2025-10-04,14:40:51,32.0,63.2
2025-10-04,14:40:52,32.0,63.2
2025-10-04,14:40:53,32.0,63.2
2025-10-04,14:40:54,32.0,63.2
2025-10-04,14:40:55,32.0,63.2
2025-10-04,14:40:56,32.0,63.2
2025-10-04,14:40:57,32.0,63.3
2025-10-04,14:40:58,32.0,63.3
2025-10-04,14:40:59,32.0,63.2
2025-10-04,14:41:00,32.0,63.2
2025-10-04,14:41:01,32.0,63.2
2025-10-04,14:41:02,32.0,63.2
2025-10-04,14:41:03,32.0,63.2
2025-10-04,14:41:04,32.0,63.2
2025-10-04,14:41:05,32.0,63.2
2025-10-04,14:41:06,32.0,63.2
2025-10-04,14:41:07,32.0,63.2
2025-10-04,14:41:08,32.0,63.2
2025-10-04,14:41:09,32.0,63.0
2025-10-04,14:41:10,32.0,63.0
2025-10-04,14:41:11,32.0,63.1
2025-10-04,14:41:12,32.0,63.1
2025-10-04,14:41:13,32.0,63.0
2025-10-04,14:41:14,32.0,63.0
2025-10-04,14:41:15,32.0,63.1
2025-10-04,14:41:16,32.0,63.1
2025-10-04,14:41:17,32.0,63.0
2025-10-04,14:41:18,32.0,63.0
2025-10-04,14:41:19,32.0,62.9
2025-10-04,14:41:20,32.0,62.9
2025-10-04,14:41:21,32.0,63.0
2025-10-04,14:41:22,32.0,63.0
2025-10-04,14:41:23,32.0,63.0
2025-10-04,14:41:24,32.0,63.0
2025-10-04,14:41:25,32.0,62.9
2025-10-04,14:41:26,32.0,62.9
2025-10-04,14:41:27,32.0,62.9
2025-10-04,14:41:28,32.0,62.9
2025-10-04,14:41:29,32.0,62.8
2025-10-04,14:41:30,32.0,62.8
2025-10-04,14:41:31,32.0,62.8
2025-10-04,14:41:32,32.0,62.8
2025-10-04,14:41:33,32.0,62.8
2025-10-04,14:41:34,32.0,62.8
2025-10-04,14:41:35,32.0,62.9
2025-10-04,14:41:36,32.0,62.9
2025-10-04,14:41:37,32.0,62.8
2025-10-04,14:41:38,32.0,62.8
2025-10-04,14:41:39,32.0,62.8
2025-10-04,14:41:40,32.0,62.8
2025-10-04,14:41:41,32.0,62.8
2025-10-04,14:41:42,32.0,62.8
2025-10-04,14:41:43,32.0,62.8
2025-10-04,14:41:44,32.0,62.8
2025-10-04,14:41:45,32.0,62.7
2025-10-04,14:41:46,32.0,62.7
2025-10-04,14:41:47,32.0,62.8
2025-10-04,14:41:48,32.0,62.8
2025-10-04,14:41:49,32.0,62.8
2025-10-04,14:41:50,32.0,62.8
2025-10-04,14:41:51,32.0,62.8
2025-10-04,14:41:52,32.0,62.8
2025-10-04,14:41:53,32.0,62.7
2025-10-04,14:41:54,32.0,62.7
2025-10-04,14:41:55,32.0,62.7
2025-10-04,14:41:56,32.0,62.7
2025-10-04,14:41:57,32.0,62.7
2025-10-04,14:41:58,32.0,62.7
2025-10-04,14:41:59,32.0,62.9
2025-10-04,14:42:00,32.0,62.9
2025-10-04,14:42:01,32.0,62.8
2025-10-04,14:42:02,32.0,62.8
2025-10-04,14:42:03,32.0,62.8
2025-10-04,14:42:04,32.0,62.8
2025-10-04,14:42:05,32.0,62.8
2025-10-04,14:42:06,32.0,62.8
2025-10-04,14:42:07,32.0,62.8
2025-10-04,14:42:08,32.0,62.8
2025-10-04,14:42:09,32.0,62.8
2025-10-04,14:42:10,32.0,62.8
2025-10-04,14:42:11,32.0,62.7
2025-10-04,14:42:12,32.0,62.7
2025-10-04,14:42:13,32.0,62.8
2025-10-04,14:42:14,32.0,62.8
2025-10-04,14:42:15,32.0,62.8
2025-10-04,14:42:16,32.0,62.8
2025-10-04,14:42:17,32.0,62.7
2025-10-04,14:42:18,32.0,62.7
2025-10-04,14:42:19,32.0,62.7
2025-10-04,14:42:20,32.0,62.7
2025-10-04,14:42:21,32.0,62.7
2025-10-04,14:42:22,32.0,62.7
2025-10-04,14:42:23,32.0,62.7
2025-10-04,14:42:24,32.0,62.7
2025-10-04,14:42:25,32.0,62.8
2025-10-04,14:42:26,32.0,62.8
2025-10-04,14:42:27,32.0,62.9
2025-10-04,14:42:28,32.0,62.9
2025-10-04,14:42:29,32.0,62.9
2025-10-04,14:42:30,32.0,62.9
2025-10-04,14:42:31,32.0,62.8
2025-10-04,14:42:32,32.0,62.8
2025-10-04,14:42:33,32.0,62.9
2025-10-04,14:42:34,32.0,62.9
2025-10-04,14:42:35,32.0,62.8
2025-10-04,14:42:36,32.0,62.8
2025-10-04,14:42:37,32.0,62.9
2025-10-04,14:42:38,32.0,62.9
2025-10-04,14:42:39,32.0,62.9
2025-10-04,14:42:40,32.0,62.9
2025-10-04,14:42:41,32.0,63.0
2025-10-04,14:42:42,32.0,63.0
2025-10-04,14:42:43,32.0,63.1
2025-10-04,14:42:44,32.0,63.1
2025-10-04,14:42:45,32.0,63.0
2025-10-04,14:42:46,32.0,63.0
2025-10-04,14:42:47,32.0,63.0
2025-10-04,14:42:48,32.0,63.0
2025-10-04,14:42:49,32.0,63.0
2025-10-04,14:42:50,32.0,63.0
2025-10-04,14:42:51,32.0,63.0
2025-10-04,14:42:52,32.0,63.0
2025-10-04,14:42:53,32.0,63.0
2025-10-04,14:42:54,32.0,63.0
2025-10-04,14:42:55,32.0,62.9
2025-10-04,14:42:56,32.0,62.9
2025-10-04,14:42:57,32.0,63.0
2025-10-04,14:42:58,32.0,63.0
2025-10-04,14:42:59,32.0,63.0
2025-10-04,14:43:00,32.0,63.0
2025-10-04,14:43:01,32.0,62.9
2025-10-04,14:43:02,32.0,62.9
2025-10-04,14:43:03,32.0,62.9
2025-10-04,14:43:04,32.0,62.9
2025-10-04,14:43:05,32.0,62.9
2025-10-04,14:43:06,32.0,62.9
2025-10-04,14:43:07,32.0,62.8
2025-10-04,14:43:08,32.0,62.8
2025-10-04,14:43:09,32.0,62.9
2025-10-04,14:43:10,32.0,62.9
2025-10-04,14:43:11,32.0,62.8
2025-10-04,14:43:12,32.0,62.8
2025-10-04,14:43:13,32.0,62.8
2025-10-04,14:43:14,32.0,62.8
2025-10-04,14:43:15,32.0,62.8
2025-10-04,14:43:16,32.0,62.8
2025-10-04,14:43:17,32.0,62.9
2025-10-04,14:43:18,32.0,62.9
2025-10-04,14:43:19,32.0,62.8
2025-10-04,14:43:20,32.0,62.8
2025-10-04,14:43:21,32.0,62.7
2025-10-04,14:43:22,32.0,62.7
2025-10-04,14:43:23,32.0,62.8
2025-10-04,14:43:24,32.0,62.8
2025-10-04,14:43:25,32.0,62.8
2025-10-04,14:43:26,32.0,62.8
2025-10-04,14:43:27,32.0,62.8
2025-10-04,14:43:28,32.0,62.8
2025-10-04,14:43:29,32.0,62.8
2025-10-04,14:43:30,32.0,62.8
2025-10-04,14:43:31,32.0,62.8
2025-10-04,14:43:32,32.0,62.8
2025-10-04,14:43:33,32.0,62.9
2025-10-04,14:43:34,32.0,62.9
2025-10-04,14:43:35,32.1,62.9
2025-10-04,14:43:36,32.1,62.9
2025-10-04,14:43:37,32.0,62.8
2025-10-04,14:43:38,32.0,62.8
2025-10-04,14:43:39,32.0,62.9
2025-10-04,14:43:40,32.0,62.9
2025-10-04,14:43:41,32.1,62.8
2025-10-04,14:43:42,32.1,62.8
2025-10-04,14:43:43,32.1,62.9
2025-10-04,14:43:44,32.1,62.9
2025-10-04,14:43:45,32.0,62.8
2025-10-04,14:43:46,32.0,62.8
2025-10-04,14:43:47,32.0,62.9
2025-10-04,14:43:48,32.0,62.9
2025-10-04,14:43:49,32.0,62.9
2025-10-04,14:43:50,32.0,62.9
2025-10-04,14:43:51,32.0,62.9
2025-10-04,14:43:52,32.0,62.9
2025-10-04,14:43:53,32.0,62.8
2025-10-04,14:43:54,32.0,62.8
2025-10-04,14:43:55,32.1,62.9
2025-10-04,14:43:56,32.1,62.9
2025-10-04,14:43:57,32.0,62.8
2025-10-04,14:43:58,32.0,62.8
2025-10-04,14:43:59,32.1,62.9
2025-10-04,14:44:00,32.1,62.9
2025-10-04,14:44:01,32.0,62.8
2025-10-04,14:44:02,32.0,62.8
2025-10-04,14:44:03,32.1,62.8
2025-10-04,14:44:04,32.1,62.8
2025-10-04,14:44:05,32.1,62.9
2025-10-04,14:44:06,32.1,62.9
2025-10-04,14:44:07,32.1,63.0
2025-10-04,14:44:08,32.1,63.0
2025-10-04,14:44:09,32.1,62.7
2025-10-04,14:44:10,32.1,62.7
2025-10-04,14:44:11,32.1,62.9
2025-10-04,14:44:12,32.1,62.9
2025-10-04,14:44:13,32.1,62.9
2025-10-04,14:44:14,32.1,62.9
2025-10-04,14:44:15,32.1,62.9
2025-10-04,14:44:16,32.1,62.9
2025-10-04,14:44:17,32.1,62.9
2025-10-04,14:44:18,32.1,62.9
2025-10-04,14:44:19,32.1,62.9
2025-10-04,14:44:20,32.1,62.9
2025-10-04,14:44:21,32.1,62.9
2025-10-04,14:44:22,32.1,62.9
2025-10-04,14:44:23,32.1,62.9
2025-10-04,14:44:24,32.1,62.9
2025-10-04,14:44:25,32.1,62.9
2025-10-04,14:44:26,32.1,62.9
2025-10-04,14:44:27,32.1,62.9
2025-10-04,14:44:28,32.1,62.9
2025-10-04,14:44:29,32.1,62.9
2025-10-04,14:44:30,32.1,62.9
2025-10-04,14:44:31,32.1,62.9
2025-10-04,14:44:32,32.1,62.9
2025-10-04,14:44:34,32.1,62.9
2025-10-04,14:44:35,32.1,62.9
2025-10-04,14:44:36,32.1,62.8
2025-10-04,14:44:37,32.1,62.8
2025-10-04,14:44:38,32.1,62.9
2025-10-04,14:44:39,32.1,62.9
2025-10-04,14:44:40,32.2,63.0
2025-10-04,14:44:41,32.2,63.0
2025-10-04,14:44:42,32.1,62.9
2025-10-04,14:44:43,32.1,62.9
2025-10-04,14:44:44,32.1,62.9
2025-10-04,14:44:45,32.1,62.9
2025-10-04,14:44:46,32.2,62.9
2025-10-04,14:44:47,32.2,62.9
2025-10-04,14:44:48,32.2,62.9
2025-10-04,14:44:49,32.2,62.9
2025-10-04,14:44:50,32.2,62.8
2025-10-04,14:44:51,32.2,62.8
2025-10-04,14:44:52,32.2,62.9
2025-10-04,14:44:53,32.2,62.9
2025-10-04,14:44:54,32.2,62.9
2025-10-04,14:44:55,32.2,62.9
2025-10-04,14:44:56,32.2,62.8
2025-10-04,14:44:57,32.2,62.8
2025-10-04,14:44:58,32.2,62.8
2025-10-04,14:44:59,32.2,62.8
2025-10-04,14:45:00,32.2,62.9
2025-10-04,14:45:01,32.2,62.9
2025-10-04,14:45:02,32.2,63.0
2025-10-04,14:45:03,32.2,63.0
2025-10-04,14:45:04,32.2,62.9
2025-10-04,14:45:05,32.2,62.9
2025-10-04,14:45:06,32.2,63.0
2025-10-04,14:45:07,32.2,63.0
2025-10-04,14:45:08,32.2,63.0
2025-10-04,14:45:09,32.2,63.0
2025-10-04,14:45:10,32.2,62.9
2025-10-04,14:45:11,32.2,62.9
2025-10-04,14:45:12,32.2,62.9
2025-10-04,14:45:13,32.2,62.9
2025-10-04,14:45:14,32.2,62.9
2025-10-04,14:45:15,32.2,62.9
2025-10-04,14:45:16,32.2,62.9
2025-10-04,14:45:17,32.2,62.9
2025-10-04,14:45:18,32.2,62.9
2025-10-04,14:45:19,32.2,62.9
2025-10-04,14:45:20,32.2,62.9
2025-10-04,14:45:21,32.2,62.9
2025-10-04,14:45:22,32.2,62.9
2025-10-04,14:45:23,32.2,62.9
2025-10-04,14:45:24,32.2,62.9
2025-10-04,14:45:25,32.2,62.9
2025-10-04,14:45:26,32.2,62.8
2025-10-04,14:45:27,32.2,62.8
2025-10-04,14:45:28,32.2,62.9
2025-10-04,14:45:29,32.2,62.9
2025-10-04,14:45:30,32.2,62.9
2025-10-04,14:45:31,32.2,62.9
2025-10-04,14:45:32,32.2,62.9
2025-10-04,14:45:33,32.2,62.9
2025-10-04,14:45:34,32.2,62.9
2025-10-04,14:45:35,32.2,62.9
2025-10-04,14:45:36,32.2,62.9
2025-10-04,14:45:37,32.2,62.9
2025-10-04,14:45:38,32.2,62.8
2025-10-04,14:45:39,32.2,62.8
2025-10-04,14:45:40,32.2,62.9
2025-10-04,14:45:41,32.2,62.9
2025-10-04,14:45:42,32.2,62.9
2025-10-04,14:45:43,32.2,62.9
2025-10-04,14:45:44,32.2,62.9
2025-10-04,14:45:45,32.2,62.9
2025-10-04,14:45:46,32.2,62.9
2025-10-04,14:45:47,32.2,62.9
2025-10-04,14:45:48,32.2,62.7
2025-10-04,14:45:49,32.2,62.7
2025-10-04,14:45:50,32.2,62.8
2025-10-04,14:45:51,32.2,62.8
2025-10-04,14:45:52,32.2,62.9
2025-10-04,14:45:53,32.2,62.9
2025-10-04,14:45:54,32.2,62.8
2025-10-04,14:45:55,32.2,62.8
2025-10-04,14:45:56,32.2,62.8
2025-10-04,14:45:57,32.2,62.8
2025-10-04,14:45:58,32.2,62.7
2025-10-04,14:45:59,32.2,62.7
2025-10-04,14:46:00,32.2,62.7
2025-10-04,14:46:01,32.2,62.7
2025-10-04,14:46:02,32.2,62.8
2025-10-04,14:46:03,32.2,62.8
2025-10-04,14:46:04,32.2,62.9
2025-10-04,14:46:05,32.2,62.9
2025-10-04,14:46:06,32.2,62.7
2025-10-04,14:46:07,32.2,62.7
2025-10-04,14:46:08,32.2,62.8
2025-10-04,14:46:09,32.2,62.8
2025-10-04,14:46:10,32.2,62.8
2025-10-04,14:46:11,32.2,62.8
2025-10-04,14:46:12,32.2,62.7
2025-10-04,14:46:13,32.2,62.7
2025-10-04,14:46:14,32.2,62.7
2025-10-04,14:46:15,32.2,62.7
2025-10-04,14:46:16,32.2,62.7
2025-10-04,14:46:17,32.2,62.7
2025-10-04,14:46:18,32.2,62.7
2025-10-04,14:46:19,32.2,62.7
2025-10-04,14:46:20,32.2,62.6
2025-10-04,14:46:21,32.2,62.6
2025-10-04,14:46:22,32.2,62.7
2025-10-04,14:46:23,32.2,62.7
2025-10-04,14:46:24,32.2,62.7
2025-10-04,14:46:25,32.2,62.7
2025-10-04,14:46:26,32.2,62.8
2025-10-04,14:46:27,32.2,62.8
2025-10-04,14:46:28,32.2,62.7
2025-10-04,14:46:29,32.2,62.7
2025-10-04,14:46:30,32.2,62.7
2025-10-04,14:46:31,32.2,62.7
2025-10-04,14:46:32,32.2,62.7
2025-10-04,14:46:33,32.2,62.7
2025-10-04,14:46:34,32.2,62.7
2025-10-04,14:46:35,32.2,62.7
2025-10-04,14:46:36,32.2,62.7
2025-10-04,14:46:37,32.2,62.7
2025-10-04,14:46:38,32.2,62.7
2025-10-04,14:46:39,32.2,62.7
2025-10-04,14:46:40,32.2,62.7
2025-10-04,14:46:41,32.2,62.7
2025-10-04,14:46:42,32.2,62.7
2025-10-04,14:46:43,32.2,62.7
2025-10-04,14:46:44,32.2,62.7
2025-10-04,14:46:45,32.2,62.7
2025-10-04,14:46:46,32.2,62.6
2025-10-04,14:46:47,32.2,62.6
2025-10-04,14:46:48,32.2,62.7
2025-10-04,14:46:49,32.2,62.7
2025-10-04,14:46:50,32.2,62.7
2025-10-04,14:46:51,32.2,62.7
2025-10-04,14:46:52,32.2,62.6
2025-10-04,14:46:53,32.2,62.6
2025-10-04,14:46:54,32.2,62.7
2025-10-04,14:46:55,32.2,62.7
2025-10-04,14:46:56,32.2,62.6
2025-10-04,14:46:57,32.2,62.6
2025-10-04,14:46:58,32.3,62.7
2025-10-04,14:46:59,32.3,62.7
2025-10-04,14:47:00,32.2,62.7
2025-10-04,14:47:01,32.2,62.7
2025-10-04,14:47:02,32.2,62.6
2025-10-04,14:47:05,32.2,62.7
2025-10-04,14:47:05,32.2,62.7
2025-10-04,14:47:06,32.2,62.6
2025-10-04,14:47:07,32.2,62.6
2025-10-04,14:47:08,32.2,62.7
2025-10-04,14:47:09,32.2,62.7
2025-10-04,14:47:10,32.2,62.7
2025-10-04,14:47:11,32.2,62.7
2025-10-04,14:47:12,32.2,62.6
2025-10-04,14:47:13,32.2,62.6
2025-10-04,14:47:14,32.3,62.7
2025-10-04,14:47:15,32.3,62.7
2025-10-04,14:47:16,32.2,62.7
2025-10-04,14:47:17,32.2,62.7
2025-10-04,14:47:18,32.3,62.7
2025-10-04,14:47:19,32.3,62.7
2025-10-04,14:47:20,32.3,62.6
2025-10-04,14:47:21,32.3,62.6
2025-10-04,14:47:22,32.3,62.7
2025-10-04,14:47:23,32.3,62.7
2025-10-04,14:47:24,32.3,62.7
2025-10-04,14:47:25,32.3,62.7
2025-10-04,14:47:26,32.2,62.7
2025-10-04,14:47:27,32.2,62.7
2025-10-04,14:47:28,32.3,62.8
2025-10-04,14:47:29,32.3,62.8
2025-10-04,14:47:30,32.3,62.8
2025-10-04,14:47:31,32.3,62.8
2025-10-04,14:47:32,32.3,62.7
2025-10-04,14:47:33,32.3,62.7
2025-10-04,14:47:34,32.3,62.8
2025-10-04,14:47:35,32.3,62.8
2025-10-04,14:47:36,32.3,62.7
2025-10-04,14:47:37,32.3,62.7
2025-10-04,14:47:38,32.3,62.7
2025-10-04,14:47:39,32.3,62.7
2025-10-04,14:47:40,32.2,62.8
2025-10-04,14:47:41,32.2,62.8
2025-10-04,14:47:42,32.3,62.7
2025-10-04,14:47:43,32.3,62.7
2025-10-04,14:47:44,32.3,62.7
2025-10-04,14:47:45,32.3,62.7
2025-10-04,14:47:46,32.3,62.7
2025-10-04,14:47:47,32.3,62.7
2025-10-04,14:47:48,32.3,62.6
2025-10-04,14:47:49,32.3,62.6
2025-10-04,14:47:50,32.3,62.7
2025-10-04,14:47:51,32.3,62.7
2025-10-04,14:47:52,32.3,62.6
2025-10-04,14:47:53,32.3,62.6
2025-10-04,14:47:54,32.3,62.6
2025-10-04,14:47:55,32.3,62.6
2025-10-04,14:47:56,32.3,62.6
2025-10-04,14:47:57,32.3,62.6
2025-10-04,14:47:58,32.3,62.6
2025-10-04,14:47:59,32.3,62.6
2025-10-04,14:48:00,32.3,62.6
2025-10-04,14:48:01,32.3,62.6
2025-10-04,14:48:02,32.2,62.6
2025-10-04,14:48:03,32.2,62.6
2025-10-04,14:48:04,32.3,62.6
2025-10-04,14:48:05,32.3,62.6
2025-10-04,14:48:06,32.3,62.6
2025-10-04,14:48:07,32.3,62.6
2025-10-04,14:48:08,32.3,62.5
2025-10-04,14:48:09,32.3,62.5
2025-10-04,14:48:10,32.3,62.6
2025-10-04,14:48:11,32.3,62.6
2025-10-04,14:48:12,32.3,62.6
2025-10-04,14:48:13,32.3,62.6
2025-10-04,14:48:14,32.3,62.7
2025-10-04,14:48:15,32.3,62.7
2025-10-04,14:48:16,32.3,62.7
2025-10-04,14:48:17,32.3,62.7
2025-10-04,14:48:18,32.3,62.7
2025-10-04,14:48:19,32.3,62.7
2025-10-04,14:48:20,32.3,62.7
2025-10-04,14:48:21,32.3,62.7
2025-10-04,14:48:22,32.3,62.7
2025-10-04,14:48:23,32.3,62.7
2025-10-04,14:48:24,32.3,62.8
2025-10-04,14:48:25,32.3,62.8
2025-10-04,14:48:26,32.3,62.8
2025-10-04,14:48:27,32.3,62.8
2025-10-04,14:48:28,32.3,62.8
2025-10-04,14:48:29,32.3,62.8
2025-10-04,14:48:30,32.3,62.8
2025-10-04,14:48:31,32.3,62.8
2025-10-04,14:48:32,32.3,62.8
2025-10-04,14:48:33,32.3,62.8
2025-10-04,14:48:34,32.3,62.7
2025-10-04,14:48:35,32.3,62.7
2025-10-04,14:48:36,32.3,62.8
2025-10-04,14:48:37,32.3,62.8
2025-10-04,14:48:38,32.3,62.7
2025-10-04,14:48:39,32.3,62.7
2025-10-04,14:48:40,32.3,62.7
2025-10-04,14:48:41,32.3,62.7
2025-10-04,14:48:42,32.3,62.9
2025-10-04,14:48:43,32.3,62.9
2025-10-04,14:48:44,32.3,62.7
2025-10-04,14:48:45,32.3,62.7
2025-10-04,14:48:46,32.3,62.8
2025-10-04,14:48:47,32.3,62.8
2025-10-04,14:48:48,32.3,62.8
2025-10-04,14:48:49,32.3,62.8
2025-10-04,14:48:50,32.3,62.7
2025-10-04,14:48:51,32.3,62.7
2025-10-04,14:48:52,32.3,62.7
2025-10-04,14:48:53,32.3,62.7
2025-10-04,14:48:54,32.3,62.7
2025-10-04,14:48:55,32.3,62.7
2025-10-04,14:48:56,32.3,62.8
2025-10-04,14:48:57,32.3,62.8
2025-10-04,14:48:58,32.3,62.8
2025-10-04,14:48:59,32.3,62.8
2025-10-04,14:49:00,32.3,62.7
2025-10-04,14:49:01,32.3,62.7
2025-10-04,14:49:02,32.3,62.8
2025-10-04,14:49:03,32.3,62.8
2025-10-04,14:49:04,32.3,62.8
2025-10-04,14:49:05,32.3,62.8
2025-10-04,14:49:06,32.4,62.8
2025-10-04,14:49:07,32.4,62.8
2025-10-04,14:49:08,32.3,62.9
2025-10-04,14:49:09,32.3,62.9
2025-10-04,14:49:10,32.3,62.8
2025-10-04,14:49:11,32.3,62.8
2025-10-04,14:49:12,32.3,62.8
2025-10-04,14:49:13,32.3,62.8
2025-10-04,14:49:14,32.4,62.8
2025-10-04,14:49:15,32.4,62.8
2025-10-04,14:49:16,32.3,62.7
2025-10-04,14:49:17,32.3,62.7
2025-10-04,14:49:18,32.3,62.8
2025-10-04,14:49:19,32.3,62.8
2025-10-04,14:49:20,32.4,62.8
2025-10-04,14:49:21,32.4,62.8
2025-10-04,14:49:22,32.3,62.8
2025-10-04,14:49:23,32.3,62.8
2025-10-04,14:49:24,32.3,62.7
2025-10-04,14:49:25,32.3,62.7
2025-10-04,14:49:26,32.3,62.8
2025-10-04,14:49:27,32.3,62.8
2025-10-04,14:49:28,32.3,62.8
2025-10-04,14:49:29,32.3,62.8
2025-10-04,14:49:30,32.3,62.7
2025-10-04,14:49:31,32.3,62.7
2025-10-04,14:49:32,32.3,62.8
2025-10-04,14:49:33,32.3,62.8
2025-10-04,14:49:34,32.3,62.8
2025-10-04,14:49:35,32.3,62.8
2025-10-04,14:49:36,32.3,62.7
2025-10-04,14:49:37,32.3,62.7
2025-10-04,14:49:38,32.4,62.8
2025-10-04,14:49:39,32.4,62.8
2025-10-04,14:49:40,32.3,62.9
2025-10-04,14:49:41,32.3,62.9
2025-10-04,14:49:42,32.3,62.9
2025-10-04,14:49:43,32.3,62.9
2025-10-04,14:49:44,32.3,62.8
2025-10-04,14:49:45,32.3,62.8
2025-10-04,14:49:46,32.3,62.8
2025-10-04,14:49:47,32.3,62.8
2025-10-04,14:49:48,32.3,62.9
2025-10-04,14:49:49,32.3,62.9
2025-10-04,14:49:50,32.3,62.8
2025-10-04,14:49:51,32.3,62.8
2025-10-04,14:49:52,32.4,62.8
2025-10-04,14:49:53,32.4,62.8
2025-10-04,14:49:54,32.3,62.8
2025-10-04,14:49:55,32.3,62.8
2025-10-04,14:49:56,32.3,62.8
2025-10-04,14:49:57,32.3,62.8
2025-10-04,14:49:58,32.3,62.9
2025-10-04,14:49:59,32.3,62.9
2025-10-04,14:50:00,32.4,62.8
2025-10-04,14:50:01,32.4,62.8
2025-10-04,14:50:02,32.3,62.9
2025-10-04,14:50:03,32.3,62.9
2025-10-04,14:50:05,32.3,62.9
2025-10-04,14:50:06,32.3,62.9
2025-10-04,14:50:07,32.3,62.8
2025-10-04,14:50:08,32.3,62.8
2025-10-04,14:50:09,32.3,62.8
2025-10-04,14:50:10,32.3,62.8
2025-10-04,14:50:11,32.3,62.9
2025-10-04,14:50:12,32.3,62.9
2025-10-04,14:50:13,32.3,62.9
2025-10-04,14:50:14,32.3,62.9
2025-10-04,14:50:15,32.3,63.0
2025-10-04,14:50:16,32.3,63.0
2025-10-04,14:50:17,32.3,63.0
2025-10-04,14:50:18,32.3,63.0
2025-10-04,14:50:19,32.3,63.0
2025-10-04,14:50:20,32.3,63.0
2025-10-04,14:50:21,32.3,62.9
2025-10-04,14:50:22,32.3,62.9
2025-10-04,14:50:23,32.3,63.1
2025-10-04,14:50:24,32.3,63.1
2025-10-04,14:50:25,32.3,63.0
2025-10-04,14:50:26,32.3,63.0
2025-10-04,14:50:27,32.3,63.0
2025-10-04,14:50:28,32.3,63.0
2025-10-04,14:50:29,32.3,63.1
2025-10-04,14:50:30,32.3,63.1
2025-10-04,14:50:31,32.3,63.0
2025-10-04,14:50:32,32.3,63.0
2025-10-04,14:50:33,32.2,63.0
2025-10-04,14:50:34,32.2,63.0
2025-10-04,14:50:35,32.3,63.0
2025-10-04,14:50:36,32.3,63.0
2025-10-04,14:50:37,32.2,63.0
2025-10-04,14:50:38,32.2,63.0
2025-10-04,14:50:39,32.2,63.0
2025-10-04,14:50:40,32.2,63.0
2025-10-04,14:50:41,32.2,63.0
2025-10-04,14:50:42,32.2,63.0
2025-10-04,14:50:43,32.2,63.1
2025-10-04,14:50:44,32.2,63.1
2025-10-04,14:50:45,32.3,63.1
2025-10-04,14:50:46,32.3,63.1
2025-10-04,14:50:47,32.2,63.2
2025-10-04,14:50:48,32.2,63.2
2025-10-04,14:50:49,32.2,63.1
2025-10-04,14:50:50,32.2,63.1
2025-10-04,14:50:51,32.2,63.1
2025-10-04,14:50:52,32.2,63.1
2025-10-04,14:50:53,32.2,63.0
2025-10-04,14:50:54,32.2,63.0
2025-10-04,14:50:55,32.2,63.2
2025-10-04,14:50:56,32.2,63.2
2025-10-04,14:50:57,32.2,63.2
2025-10-04,14:50:58,32.2,63.2
2025-10-04,14:50:59,32.2,63.2
2025-10-04,14:51:00,32.2,63.2
2025-10-04,14:51:01,32.2,63.2
2025-10-04,14:51:02,32.2,63.2
2025-10-04,14:51:03,32.2,63.2
2025-10-04,14:51:04,32.2,63.2
2025-10-04,14:51:05,32.2,63.2
2025-10-04,14:51:06,32.2,63.2
2025-10-04,14:51:07,32.2,63.2
2025-10-04,14:51:09,32.2,63.2
2025-10-04,14:51:10,32.2,63.2
2025-10-04,14:51:11,32.2,63.2
2025-10-04,14:51:12,32.2,63.2
2025-10-04,14:51:13,32.2,63.2
2025-10-04,14:51:14,32.2,63.2
2025-10-04,14:51:15,32.2,63.2
2025-10-04,14:51:16,32.2,63.2
2025-10-04,14:51:17,32.2,63.2
2025-10-04,14:51:18,32.2,63.2
2025-10-04,14:51:19,32.2,63.2
2025-10-04,14:51:20,32.2,63.2
2025-10-04,14:51:21,32.2,63.3
2025-10-04,14:51:22,32.2,63.3
2025-10-04,14:51:23,32.2,63.2
2025-10-04,14:51:24,32.2,63.2
2025-10-04,14:51:25,32.2,63.2
2025-10-04,14:51:26,32.2,63.2
2025-10-04,14:51:27,32.2,63.1
2025-10-04,14:51:28,32.2,63.1
2025-10-04,14:51:29,32.2,63.1
2025-10-04,14:51:30,32.2,63.1
2025-10-04,14:51:31,32.2,63.2
2025-10-04,14:51:32,32.2,63.2
2025-10-04,14:51:33,32.2,63.3
2025-10-04,14:51:34,32.2,63.3
2025-10-04,14:51:35,32.2,63.2
2025-10-04,14:51:36,32.2,63.2
2025-10-04,14:51:37,32.2,63.1
2025-10-04,14:51:38,32.2,63.1
2025-10-04,14:51:39,32.2,63.2
2025-10-04,14:51:40,32.2,63.2
2025-10-04,14:51:41,32.2,63.2
2025-10-04,14:51:42,32.2,63.2
2025-10-04,14:51:43,32.2,63.2
2025-10-04,14:51:44,32.2,63.2
2025-10-04,14:51:45,32.2,63.2
2025-10-04,14:51:46,32.2,63.2
2025-10-04,14:51:47,32.2,63.3
2025-10-04,14:51:48,32.2,63.3
2025-10-04,14:51:49,32.2,63.2
2025-10-04,14:51:50,32.2,63.2
2025-10-04,14:51:51,32.2,63.2
2025-10-04,14:51:52,32.2,63.2
2025-10-04,14:51:53,32.2,63.1
2025-10-04,14:51:54,32.2,63.1
2025-10-04,14:51:55,32.2,63.2
2025-10-04,14:51:56,32.2,63.2
2025-10-04,14:51:57,32.2,63.2
2025-10-04,14:51:58,32.2,63.2
2025-10-04,14:51:59,32.2,63.2
2025-10-04,14:52:00,32.2,63.2
2025-10-04,14:52:01,32.2,63.2
2025-10-04,14:52:02,32.2,63.2
2025-10-04,14:52:03,32.2,63.3
2025-10-04,14:52:04,32.2,63.3
2025-10-04,14:52:05,32.2,63.2
2025-10-04,14:52:06,32.2,63.2
2025-10-04,14:52:07,32.2,63.3
2025-10-04,14:52:08,32.2,63.3
2025-10-04,14:52:09,32.2,63.2
2025-10-04,14:52:10,32.2,63.2
2025-10-04,14:52:11,32.2,63.2
2025-10-04,14:52:12,32.2,63.2
2025-10-04,14:52:13,32.2,63.3
2025-10-04,14:52:14,32.2,63.3
2025-10-04,14:52:15,32.2,63.2
2025-10-04,14:52:16,32.2,63.2
2025-10-04,14:52:17,32.2,63.3
2025-10-04,14:52:18,32.2,63.3
2025-10-04,14:52:19,32.2,63.2
2025-10-04,14:52:20,32.2,63.2
2025-10-04,14:52:21,32.2,63.3
2025-10-04,14:52:22,32.2,63.3
2025-10-04,14:52:23,32.2,63.2
2025-10-04,14:52:24,32.2,63.2
2025-10-04,14:52:25,32.2,63.3
2025-10-04,14:52:26,32.2,63.3
2025-10-04,14:52:27,32.2,63.2
2025-10-04,14:52:28,32.2,63.2
2025-10-04,14:52:29,32.2,63.3
2025-10-04,14:52:30,32.2,63.3
2025-10-04,14:52:31,32.2,63.3
2025-10-04,14:52:32,32.2,63.3
2025-10-04,14:52:33,32.2,63.3
2025-10-04,14:52:34,32.2,63.3
2025-10-04,14:52:35,32.2,63.2
2025-10-04,14:52:36,32.2,63.2
2025-10-04,14:52:37,32.2,63.2
2025-10-04,14:52:38,32.2,63.2
2025-10-04,14:52:39,32.2,63.4
2025-10-04,14:52:40,32.2,63.4
2025-10-04,14:52:41,32.2,63.4
2025-10-04,14:52:42,32.2,63.4
2025-10-04,14:52:43,32.2,63.4
2025-10-04,14:52:44,32.2,63.4
2025-10-04,14:52:45,32.2,63.3
2025-10-04,14:52:46,32.2,63.3
2025-10-04,14:52:47,32.2,63.4
2025-10-04,14:52:48,32.2,63.4
2025-10-04,14:52:49,32.1,63.3
2025-10-04,14:52:50,32.1,63.3
2025-10-04,14:52:51,32.1,63.3
2025-10-04,14:52:52,32.1,63.3
2025-10-04,14:52:53,32.1,63.4
2025-10-04,14:52:54,32.1,63.4
2025-10-04,14:52:55,32.2,63.3
2025-10-04,14:52:56,32.2,63.3
2025-10-04,14:52:57,32.2,63.3
2025-10-04,14:52:58,32.2,63.3
2025-10-04,14:52:59,32.1,63.4
2025-10-04,14:53:00,32.1,63.4
2025-10-04,14:53:01,32.1,63.4
2025-10-04,14:53:02,32.1,63.4
2025-10-04,14:53:03,32.1,63.4
2025-10-04,14:53:04,32.1,63.4
2025-10-04,14:53:05,32.1,63.4
2025-10-04,14:53:06,32.1,63.4
2025-10-04,14:53:07,32.1,63.5
2025-10-04,14:53:08,32.1,63.5
2025-10-04,14:53:09,32.1,63.4
2025-10-04,14:53:10,32.1,63.4
2025-10-04,14:53:11,32.1,63.4
2025-10-04,14:53:12,32.1,63.4
2025-10-04,14:53:13,32.1,63.5
2025-10-04,14:53:14,32.1,63.5
2025-10-04,14:53:15,32.1,63.3
2025-10-04,14:53:16,32.1,63.3
2025-10-04,14:53:17,32.1,63.4
2025-10-04,14:53:18,32.1,63.4
2025-10-04,14:53:19,32.1,63.4
2025-10-04,14:53:20,32.1,63.4
2025-10-04,14:53:21,32.1,63.4
2025-10-04,14:53:22,32.1,63.4
2025-10-04,14:53:23,32.1,63.4
2025-10-04,14:53:24,32.1,63.4
2025-10-04,14:53:25,32.1,63.4
2025-10-04,14:53:26,32.1,63.4
2025-10-04,14:53:27,32.1,63.5
2025-10-04,14:53:28,32.1,63.5
2025-10-04,14:53:29,32.1,63.5
2025-10-04,14:53:30,32.1,63.5
2025-10-04,14:53:31,32.1,63.4
2025-10-04,14:53:32,32.1,63.4
2025-10-04,14:53:33,32.1,63.4
2025-10-04,14:53:34,32.1,63.4
2025-10-04,14:53:35,32.1,63.6
2025-10-04,14:53:36,32.1,63.6
2025-10-04,14:53:37,32.1,63.4
2025-10-04,14:53:38,32.1,63.4
2025-10-04,14:53:39,32.1,63.5
2025-10-04,14:53:40,32.1,63.5
2025-10-04,14:53:41,32.1,63.4
2025-10-04,14:53:42,32.1,63.4
2025-10-04,14:53:43,32.1,63.4
2025-10-04,14:53:44,32.1,63.4
2025-10-04,14:53:45,32.1,63.5
2025-10-04,14:53:46,32.1,63.5
2025-10-04,14:53:47,32.1,63.5
2025-10-04,14:53:48,32.1,63.5
2025-10-04,14:53:49,32.1,63.5
2025-10-04,14:53:50,32.1,63.5
2025-10-04,14:53:51,32.1,63.4
2025-10-04,14:53:52,32.1,63.4
2025-10-04,14:53:53,32.0,63.5
2025-10-04,14:53:54,32.0,63.5
2025-10-04,14:53:55,32.1,63.5
2025-10-04,14:53:56,32.1,63.5
2025-10-04,14:53:57,32.1,63.5
2025-10-04,14:53:58,32.1,63.5
2025-10-04,14:53:59,32.0,63.5
2025-10-04,14:54:00,32.0,63.5
2025-10-04,14:54:01,32.1,63.6
2025-10-04,14:54:02,32.1,63.6
2025-10-04,14:54:03,32.0,63.5
2025-10-04,14:54:04,32.0,63.5
2025-10-04,14:54:05,32.0,63.6
2025-10-04,14:54:06,32.0,63.6
2025-10-04,14:54:07,32.0,63.5
2025-10-04,14:54:08,32.0,63.5
2025-10-04,14:54:09,32.0,63.4
2025-10-04,14:54:10,32.0,63.4
2025-10-04,14:54:11,32.0,63.6
2025-10-04,14:54:12,32.0,63.6
2025-10-04,14:54:13,32.0,63.6
2025-10-04,14:54:14,32.0,63.6
2025-10-04,14:54:15,32.0,63.5
2025-10-04,14:54:16,32.0,63.5
2025-10-04,14:54:17,32.0,63.5
2025-10-04,14:54:18,32.0,63.5
2025-10-04,14:54:19,32.0,63.6
2025-10-04,14:54:20,32.0,63.6
2025-10-04,14:54:21,32.0,63.6
2025-10-04,14:54:22,32.0,63.6
2025-10-04,14:54:23,32.0,63.6
2025-10-04,14:54:24,32.0,63.6
2025-10-04,14:54:25,32.0,63.7
2025-10-04,14:54:26,32.0,63.7
2025-10-04,14:54:27,32.0,63.6
2025-10-04,14:54:28,32.0,63.6
2025-10-04,14:54:29,32.0,63.5
2025-10-04,14:54:30,32.0,63.5
2025-10-04,14:54:31,32.0,63.4
2025-10-04,14:54:32,32.0,63.4
2025-10-04,14:54:33,32.0,63.5
2025-10-04,14:54:36,32.0,63.5
2025-10-04,14:54:36,32.0,63.5
2025-10-04,14:54:37,32.0,63.5
2025-10-04,14:54:38,32.0,63.5
2025-10-04,14:54:39,32.0,63.5
2025-10-04,14:54:40,32.0,63.5
2025-10-04,14:54:41,32.0,63.6
2025-10-04,14:54:42,32.0,63.6
2025-10-04,14:54:43,32.0,63.5
2025-10-04,14:54:44,32.0,63.5
2025-10-04,14:54:45,32.0,63.6
2025-10-04,14:54:46,32.0,63.6
2025-10-04,14:54:47,32.0,63.6
2025-10-04,14:54:48,32.0,63.6
2025-10-04,14:54:49,32.0,63.6
2025-10-04,14:54:50,32.0,63.6
2025-10-04,14:54:51,32.0,63.6
2025-10-04,14:54:52,32.0,63.6
2025-10-04,14:54:53,32.0,63.6
2025-10-04,14:54:54,32.0,63.6
2025-10-04,14:54:55,32.0,63.5
2025-10-04,14:54:56,32.0,63.5
2025-10-04,14:54:57,32.0,63.7
2025-10-04,14:54:58,32.0,63.7
2025-10-04,14:54:59,32.0,63.6
2025-10-04,14:55:00,32.0,63.6
2025-10-04,14:55:01,32.0,63.6
2025-10-04,14:55:09,32.0,63.6
2025-10-04,14:55:09,32.0,63.6
2025-10-04,14:55:10,32.0,63.6
2025-10-04,14:55:10,32.0,63.5
2025-10-04,14:55:10,32.0,63.5
2025-10-04,14:55:10,32.0,63.7
2025-10-04,14:55:10,32.0,63.7
2025-10-04,14:55:10,32.0,63.6
2025-10-04,14:55:10,32.0,63.6
2025-10-04,14:55:11,32.0,63.6
2025-10-04,14:55:12,32.0,63.6
2025-10-04,14:55:13,32.0,63.6
2025-10-04,14:55:14,32.0,63.6
2025-10-04,14:55:15,32.0,63.6
2025-10-04,14:55:16,32.0,63.6
2025-10-04,14:55:19,32.0,63.6
2025-10-04,14:55:20,32.0,63.6
2025-10-04,14:55:22,32.0,63.7
2025-10-04,14:55:23,32.0,63.7
2025-10-04,14:55:25,32.0,63.7
2025-10-04,14:55:26,32.0,63.7
2025-10-04,14:55:27,32.0,63.5
2025-10-04,14:55:29,32.0,63.5
2025-10-04,14:55:30,32.0,63.6
2025-10-04,14:55:32,32.0,63.6
2025-10-04,14:55:33,32.0,63.7
2025-10-04,14:55:34,32.0,63.7
2025-10-04,14:55:36,32.0,63.6
2025-10-04,14:55:37,32.0,63.6
2025-10-04,14:55:38,32.0,63.7
2025-10-04,14:55:39,32.0,63.7
2025-10-04,14:55:41,32.0,63.7
2025-10-04,14:55:42,32.0,63.7
2025-10-04,14:55:43,32.0,63.7
2025-10-04,14:55:44,32.0,63.7
2025-10-04,14:55:45,32.0,63.6
2025-10-04,14:55:47,32.0,63.6
2025-10-04,14:55:48,32.0,63.7
2025-10-04,14:55:49,32.0,63.7
2025-10-04,14:55:51,32.0,63.7
2025-10-04,14:55:52,32.0,63.7
2025-10-04,14:55:53,32.0,63.7
2025-10-04,14:55:55,32.0,63.7
2025-10-04,14:55:56,32.0,63.7
2025-10-04,14:55:57,32.0,63.7
2025-10-04,14:55:58,32.0,63.7
2025-10-04,14:56:00,32.0,63.7
2025-10-04,14:56:01,32.0,63.7
2025-10-04,14:56:02,32.0,63.7
2025-10-04,14:56:04,32.0,63.8
2025-10-04,14:56:05,32.0,63.8
2025-10-04,14:56:07,32.0,63.7
2025-10-04,14:56:08,32.0,63.7
2025-10-04,14:56:09,32.0,63.7
2025-10-04,14:56:11,32.0,63.7
2025-10-04,14:56:12,32.0,63.7
2025-10-04,14:56:14,32.0,63.7
2025-10-04,14:56:16,32.0,63.7
2025-10-04,14:56:18,32.0,63.7
2025-10-04,14:56:20,32.0,63.7
2025-10-04,14:56:22,32.0,63.7
2025-10-04,14:56:24,32.0,63.7
2025-10-04,14:56:25,32.0,63.7
2025-10-04,14:56:27,32.0,63.8
2025-10-04,14:56:30,32.0,63.8
2025-10-04,14:56:31,32.0,63.7
2025-10-04,14:56:32,32.0,63.7
2025-10-04,14:56:34,32.0,63.8
2025-10-04,14:56:35,32.0,63.8
2025-10-04,14:56:37,32.0,63.6
2025-10-04,14:56:38,32.0,63.6
2025-10-04,14:56:40,32.0,63.7
2025-10-04,14:56:41,32.0,63.7
2025-10-04,14:56:43,32.0,63.7
2025-10-04,14:56:45,32.0,63.7
2025-10-04,14:56:46,32.0,63.6
2025-10-04,14:56:48,32.0,63.6
2025-10-04,14:56:49,32.0,63.7
2025-10-04,14:56:51,32.0,63.7
2025-10-04,14:56:53,32.0,63.7
2025-10-04,14:56:54,32.0,63.7
2025-10-04,14:56:55,32.0,63.8
2025-10-04,14:56:56,32.0,63.8
2025-10-04,14:56:57,32.0,63.7
2025-10-04,14:56:58,32.0,63.7
2025-10-04,14:56:59,32.0,63.6
2025-10-04,14:57:01,32.0,63.6
2025-10-04,14:57:02,32.0,63.7
2025-10-04,14:57:03,32.0,63.7
2025-10-04,14:57:05,32.0,63.8
2025-10-04,14:57:06,32.0,63.8
2025-10-04,14:57:07,32.0,63.6
2025-10-04,14:57:08,32.0,63.6
2025-10-04,14:57:09,32.0,63.7
2025-10-04,14:57:10,32.0,63.7
2025-10-04,14:57:11,32.0,63.7
2025-10-04,14:57:13,32.0,63.7
2025-10-04,14:57:15,32.0,63.7
2025-10-04,14:57:17,32.0,63.7
2025-10-04,14:57:19,32.0,63.7
2025-10-04,14:57:20,32.0,63.7
2025-10-04,14:57:21,32.0,63.7
2025-10-04,14:57:22,32.0,63.7
2025-10-04,14:57:23,32.0,63.7
2025-10-04,14:57:25,32.0,63.7
2025-10-04,14:57:27,32.0,63.7
2025-10-04,14:57:29,32.0,63.7
2025-10-04,14:57:31,32.0,63.7
2025-10-04,14:57:32,32.0,63.7
2025-10-04,14:57:34,32.0,63.7
2025-10-04,14:57:36,32.0,63.7
2025-10-04,14:57:37,32.0,63.7
2025-10-04,14:57:37,32.0,63.7
2025-10-04,14:57:37,32.0,63.7
2025-10-04,14:57:37,32.0,63.7
2025-10-04,14:57:37,32.0,63.7
2025-10-04,14:57:37,32.0,63.7
2025-10-04,14:57:37,32.0,63.7
2025-10-04,14:57:37,32.0,63.7
2025-10-04,14:57:37,32.0,63.7
2025-10-04,14:57:37,32.0,63.7
2025-10-04,14:57:37,32.0,63.7
2025-10-04,14:57:37,32.0,63.7
2025-10-04,14:57:37,32.0,63.7
2025-10-04,14:57:37,32.0,63.7
2025-10-04,14:57:37,32.0,63.7
2025-10-04,14:57:37,32.0,63.7
2025-10-04,14:57:37,32.0,63.8
2025-10-04,14:57:37,32.0,63.8
2025-10-04,14:57:37,32.0,63.7
2025-10-04,14:57:37,32.0,63.7
2025-10-04,14:57:37,32.0,63.7
2025-10-04,14:57:37,32.0,63.7
2025-10-04,14:57:37,32.0,63.7
2025-10-04,14:57:37,32.0,63.7
2025-10-04,14:57:37,32.0,63.7
2025-10-04,14:57:37,32.0,63.7
2025-10-04,14:57:37,32.0,63.7
2025-10-04,14:57:37,32.0,63.7
2025-10-04,14:57:37,32.0,63.8
2025-10-04,14:57:37,32.0,63.8
2025-10-04,14:57:37,32.0,63.7
2025-10-04,14:57:37,32.0,63.7
2025-10-04,14:57:37,32.0,63.8
2025-10-04,14:57:37,32.0,63.8
2025-10-04,14:57:37,32.0,63.7
2025-10-04,14:57:37,32.0,63.7
2025-10-04,14:57:37,32.0,63.7
2025-10-04,14:57:37,32.0,63.7
2025-10-04,14:57:37,32.0,63.6
2025-10-04,14:57:37,32.0,63.6
2025-10-04,14:57:37,32.0,63.7
2025-10-04,14:57:37,32.0,63.7
2025-10-04,14:57:37,32.0,63.7
2025-10-04,14:57:37,32.0,63.7
2025-10-04,14:57:38,32.0,63.7
2025-10-04,14:57:39,32.0,63.7
2025-10-04,14:57:40,32.0,63.7
2025-10-04,14:57:41,32.0,63.7
2025-10-04,14:57:42,32.0,63.7
2025-10-04,14:57:43,32.0,63.7
2025-10-04,14:57:44,32.0,63.8
2025-10-04,14:57:45,32.0,63.8
2025-10-04,14:57:46,32.0,63.8
2025-10-04,14:57:47,32.0,63.8
2025-10-04,14:57:48,32.0,63.7
2025-10-04,14:57:49,32.0,63.7
2025-10-04,14:57:50,32.0,63.7
2025-10-04,14:57:51,32.0,63.7
2025-10-04,14:57:52,32.0,63.8
2025-10-04,14:57:53,32.0,63.8
2025-10-04,14:57:54,32.0,63.8
2025-10-04,14:57:55,32.0,63.8
2025-10-04,14:57:56,32.0,63.7
2025-10-04,14:57:57,32.0,63.7
2025-10-04,14:57:58,32.0,63.7
2025-10-04,14:57:59,32.0,63.7
2025-10-04,14:58:00,32.0,63.9
2025-10-04,14:58:01,32.0,63.9
2025-10-04,14:58:02,32.0,63.8
2025-10-04,14:58:03,32.0,63.8
2025-10-04,14:58:04,32.0,63.7
2025-10-04,14:58:05,32.0,63.7
2025-10-04,14:58:06,32.0,63.8
2025-10-04,14:58:07,32.0,63.8
2025-10-04,14:58:08,32.0,63.8
2025-10-04,14:58:09,32.0,63.8
2025-10-04,14:58:10,32.0,63.8
2025-10-04,14:58:11,32.0,63.8
2025-10-04,14:58:12,32.0,63.8
2025-10-04,14:58:13,32.0,63.8
2025-10-04,14:58:14,32.0,63.8
2025-10-04,14:58:15,32.0,63.8
2025-10-04,14:58:16,32.0,63.7
2025-10-04,14:58:17,32.0,63.7
2025-10-04,14:58:18,32.0,63.8
2025-10-04,14:58:19,32.0,63.8
2025-10-04,14:58:20,32.0,63.8
2025-10-04,14:58:21,32.0,63.8
2025-10-04,14:58:22,31.9,63.8
2025-10-04,14:58:23,31.9,63.8
2025-10-04,14:58:24,31.9,63.7
2025-10-04,14:58:25,31.9,63.7
2025-10-04,14:58:26,31.9,63.7
2025-10-04,14:58:27,31.9,63.7
2025-10-04,14:58:28,31.9,63.8
2025-10-04,14:58:29,31.9,63.8
2025-10-04,14:58:30,32.0,63.9
2025-10-04,14:58:31,32.0,63.9
2025-10-04,14:58:32,31.9,63.8
2025-10-04,14:58:33,31.9,63.8
2025-10-04,14:58:34,32.0,63.8
2025-10-04,14:58:35,32.0,63.8
2025-10-04,14:58:36,31.9,63.8
2025-10-04,14:58:37,31.9,63.8
2025-10-04,14:58:38,32.0,63.8
2025-10-04,14:58:39,32.0,63.8
2025-10-04,14:58:40,32.0,63.8
2025-10-04,14:58:41,32.0,63.8
2025-10-04,14:58:42,32.0,63.9
2025-10-04,14:58:43,32.0,63.9
2025-10-04,14:58:44,31.9,63.9
2025-10-04,14:58:45,31.9,63.9
2025-10-04,14:58:46,31.9,63.8
2025-10-04,14:58:47,31.9,63.8
2025-10-04,14:58:48,31.9,63.8
2025-10-04,14:58:49,31.9,63.8
2025-10-04,14:58:50,32.0,63.8
2025-10-04,14:58:51,32.0,63.8
2025-10-04,14:58:52,31.9,63.8
2025-10-04,14:58:53,31.9,63.8
2025-10-04,14:58:54,31.9,63.8
2025-10-04,14:58:55,31.9,63.8
2025-10-04,14:58:56,31.9,63.8
2025-10-04,14:58:57,31.9,63.8
2025-10-04,14:58:58,31.9,63.8
2025-10-04,14:58:59,31.9,63.8
2025-10-04,14:59:00,31.9,63.9
2025-10-04,14:59:01,31.9,63.9
2025-10-04,14:59:02,31.9,63.8
2025-10-04,14:59:03,31.9,63.8
2025-10-04,14:59:04,31.9,63.7
2025-10-04,14:59:05,31.9,63.7
2025-10-04,14:59:06,31.9,63.8
2025-10-04,14:59:07,31.9,63.8
2025-10-04,14:59:08,31.9,63.9
2025-10-04,14:59:09,31.9,63.9
2025-10-04,14:59:10,31.9,63.9
2025-10-04,14:59:11,31.9,63.9
2025-10-04,14:59:12,31.9,63.9
2025-10-04,14:59:13,31.9,63.9
2025-10-04,14:59:14,31.9,63.7
2025-10-04,14:59:15,31.9,63.7
2025-10-04,14:59:16,31.9,63.8
2025-10-04,14:59:17,31.9,63.8
2025-10-04,14:59:18,31.9,63.8
2025-10-04,14:59:19,31.9,63.8
2025-10-04,14:59:20,32.0,63.9
2025-10-04,14:59:21,32.0,63.9
2025-10-04,14:59:22,31.9,63.7
2025-10-04,14:59:23,31.9,63.7
2025-10-04,14:59:24,31.9,63.8
2025-10-04,14:59:25,31.9,63.8
2025-10-04,14:59:26,31.9,64.0
2025-10-04,14:59:27,31.9,64.0
2025-10-04,14:59:28,31.9,63.8
2025-10-04,14:59:29,31.9,63.8
2025-10-04,14:59:30,31.9,63.8
2025-10-04,14:59:31,31.9,63.8
2025-10-04,14:59:32,31.9,63.9
2025-10-04,14:59:33,31.9,63.9
2025-10-04,14:59:34,31.9,63.8
2025-10-04,14:59:35,31.9,63.8
2025-10-04,14:59:36,31.9,63.9
2025-10-04,14:59:37,31.9,63.9
2025-10-04,14:59:38,31.9,63.9
2025-10-04,14:59:39,31.9,63.9
2025-10-04,14:59:40,31.9,63.7
2025-10-04,14:59:41,31.9,63.7
2025-10-04,14:59:42,32.0,63.8
2025-10-04,14:59:43,32.0,63.8
2025-10-04,14:59:44,31.9,63.9
2025-10-04,14:59:45,31.9,63.9
2025-10-04,14:59:46,31.9,63.9
2025-10-04,14:59:47,31.9,63.9
2025-10-04,14:59:48,31.9,63.8
2025-10-04,14:59:49,31.9,63.8
2025-10-04,14:59:50,31.9,63.8
2025-10-04,14:59:51,31.9,63.8
2025-10-04,14:59:52,31.9,63.8
2025-10-04,14:59:53,31.9,63.8
2025-10-04,14:59:54,31.9,63.8
2025-10-04,14:59:55,31.9,63.8
2025-10-04,14:59:56,32.0,63.7
2025-10-04,14:59:57,32.0,63.7
2025-10-04,14:59:58,32.0,63.7
2025-10-04,14:59:59,32.0,63.7
2025-10-04,15:00:00,31.9,63.8
2025-10-04,15:00:01,31.9,63.8
2025-10-04,15:00:02,32.0,63.8
2025-10-04,15:00:03,32.0,63.8
2025-10-04,15:00:04,31.9,63.7
2025-10-04,15:00:05,31.9,63.7
2025-10-04,15:00:06,32.0,63.7
2025-10-04,15:00:07,32.0,63.7
2025-10-04,15:00:08,31.9,63.8
2025-10-04,15:00:09,31.9,63.8
2025-10-04,15:00:10,31.9,63.9
2025-10-04,15:00:11,31.9,63.9
2025-10-04,15:00:12,32.0,63.8
2025-10-04,15:00:13,32.0,63.8
2025-10-04,15:00:14,31.9,63.7
2025-10-04,15:00:15,31.9,63.7
2025-10-04,15:00:16,32.0,63.7
2025-10-04,15:00:17,32.0,63.7
2025-10-04,15:00:18,31.9,63.9
2025-10-04,15:00:19,31.9,63.9
2025-10-04,15:00:20,31.9,63.7
2025-10-04,15:00:21,31.9,63.7
2025-10-04,15:00:22,31.9,63.7
2025-10-04,15:00:23,31.9,63.7
2025-10-04,15:00:24,32.0,63.7
2025-10-04,15:00:25,32.0,63.7
2025-10-04,15:00:26,32.0,63.8
2025-10-04,15:00:27,32.0,63.8
2025-10-04,15:00:28,31.9,63.9
2025-10-04,15:00:29,31.9,63.9
2025-10-04,15:00:30,32.0,63.8
2025-10-04,15:00:31,32.0,63.8
2025-10-04,15:00:32,31.9,63.8
2025-10-04,15:00:33,31.9,63.8
2025-10-04,15:00:34,31.9,63.8
2025-10-04,15:00:35,31.9,63.8
2025-10-04,15:00:36,31.9,63.8
2025-10-04,15:00:37,31.9,63.8
2025-10-04,15:00:38,31.9,63.8
2025-10-04,15:00:39,31.9,63.8
2025-10-04,15:00:40,31.9,63.7
2025-10-04,15:00:41,31.9,63.7
2025-10-04,15:00:42,31.9,63.9
2025-10-04,15:00:43,31.9,63.9
2025-10-04,15:00:45,31.9,63.7
2025-10-04,15:00:46,31.9,63.7
2025-10-04,15:00:47,31.9,63.7
2025-10-04,15:00:48,31.9,63.7
2025-10-04,15:00:49,31.9,63.7
2025-10-04,15:00:50,31.9,63.7
2025-10-04,15:00:51,31.9,63.8
2025-10-04,15:00:52,31.9,63.8
2025-10-04,15:00:53,31.9,63.8
2025-10-04,15:00:54,31.9,63.8
2025-10-04,15:00:55,31.9,63.8
2025-10-04,15:00:56,31.9,63.8
2025-10-04,15:00:57,31.9,63.9
2025-10-04,15:00:58,31.9,63.9
2025-10-04,15:00:59,31.9,63.8
2025-10-04,15:01:00,31.9,63.8
2025-10-04,15:01:01,31.9,63.8
2025-10-04,15:01:02,31.9,63.8
2025-10-04,15:01:05,31.9,63.8
2025-10-04,15:01:05,31.9,63.9
2025-10-04,15:01:06,31.9,63.9
2025-10-04,15:01:07,31.9,63.8
2025-10-04,15:01:08,31.9,63.8
2025-10-04,15:01:09,31.9,63.9
2025-10-04,15:01:10,31.9,63.9
2025-10-04,15:01:11,31.9,63.8
2025-10-04,15:01:12,31.9,63.8
2025-10-04,15:01:13,31.9,63.9
2025-10-04,15:01:14,31.9,63.9
2025-10-04,15:01:15,31.9,63.7
2025-10-04,15:01:16,31.9,63.7
2025-10-04,15:01:17,31.9,63.9
2025-10-04,15:01:18,31.9,63.9
2025-10-04,15:01:19,31.9,63.7
2025-10-04,15:01:20,31.9,63.7
2025-10-04,15:01:21,31.9,63.7
2025-10-04,15:01:22,31.9,63.7
2025-10-04,15:01:23,31.9,63.8
2025-10-04,15:01:24,31.9,63.8
2025-10-04,15:01:25,31.9,63.8
2025-10-04,15:01:26,31.9,63.8
2025-10-04,15:01:27,31.9,63.8
2025-10-04,15:01:28,31.9,63.8
2025-10-04,15:01:29,31.9,63.8
2025-10-04,15:01:30,31.9,63.8
2025-10-04,15:01:31,31.9,63.9
2025-10-04,15:01:32,31.9,63.9
2025-10-04,15:01:33,31.9,63.9
2025-10-04,15:01:34,31.9,63.9
2025-10-04,15:01:35,31.9,63.8
2025-10-04,15:01:36,31.9,63.8
2025-10-04,15:01:37,31.9,63.7
2025-10-04,15:01:38,31.9,63.7
2025-10-04,15:01:39,31.9,63.7
2025-10-04,15:01:40,31.9,63.7
2025-10-04,15:01:41,31.9,63.7
2025-10-04,15:01:42,31.9,63.7
2025-10-04,15:01:43,31.9,63.9
2025-10-04,15:01:44,31.9,63.9
2025-10-04,15:01:45,31.9,63.9
2025-10-04,15:01:46,31.9,63.9
2025-10-04,15:01:47,31.9,63.7
2025-10-04,15:01:48,31.9,63.7
2025-10-04,15:01:49,31.9,63.8
2025-10-04,15:01:50,31.9,63.8
2025-10-04,15:01:51,31.9,63.7
2025-10-04,15:01:52,31.9,63.7
2025-10-04,15:01:53,31.9,63.7
2025-10-04,15:01:54,31.9,63.7
2025-10-04,15:01:55,31.9,63.7
2025-10-04,15:01:56,31.9,63.7
2025-10-04,15:01:57,31.9,63.7
2025-10-04,15:01:58,31.9,63.7
2025-10-04,15:01:59,31.9,63.8
2025-10-04,15:02:00,31.9,63.8
2025-10-04,15:02:01,31.9,63.8
2025-10-04,15:02:02,31.9,63.8
2025-10-04,15:02:03,31.9,63.9
2025-10-04,15:02:04,31.9,63.9
2025-10-04,15:02:06,31.9,63.7
2025-10-04,15:02:07,31.9,63.7
2025-10-04,15:02:09,31.9,63.8
2025-10-04,15:02:10,31.9,63.8
2025-10-04,15:02:12,31.9,63.8
2025-10-04,15:02:13,31.9,63.8
2025-10-04,15:02:15,31.9,63.7
2025-10-04,15:02:16,31.9,63.7
2025-10-04,15:02:17,31.9,63.7
2025-10-04,15:02:18,31.9,63.7
2025-10-04,15:02:19,31.9,63.7
2025-10-04,15:02:20,31.9,63.7
2025-10-04,15:02:22,31.9,63.8
2025-10-04,15:02:23,31.9,63.8
2025-10-04,15:02:24,31.9,63.7
2025-10-04,15:02:26,31.9,63.7
2025-10-04,15:02:27,31.9,63.7
2025-10-04,15:02:28,31.9,63.7
2025-10-04,15:02:29,31.9,63.9
2025-10-04,15:02:30,31.9,63.9
2025-10-04,15:02:32,31.9,63.9
2025-10-04,15:02:33,31.9,63.9
2025-10-04,15:02:34,31.9,63.9
2025-10-04,15:02:35,31.9,63.9
2025-10-04,15:02:37,31.9,63.7
2025-10-04,15:02:38,31.9,63.7
2025-10-04,15:02:39,31.9,63.7
2025-10-04,15:02:41,31.9,63.7
2025-10-04,15:02:42,31.9,63.8
2025-10-04,15:02:43,31.9,63.8
2025-10-04,15:02:45,31.9,63.9
2025-10-04,15:02:46,31.9,63.9
2025-10-04,15:02:47,31.9,63.8
2025-10-04,15:02:49,31.9,63.8
2025-10-04,15:02:51,31.9,63.7
2025-10-04,15:02:52,31.9,63.7
2025-10-04,15:02:54,31.9,63.7
2025-10-04,15:02:55,31.9,63.7
2025-10-04,15:02:57,31.9,63.8
2025-10-04,15:02:58,31.9,63.8
2025-10-04,15:03:00,31.9,63.8
2025-10-04,15:03:01,31.9,63.8
2025-10-04,15:03:03,31.9,63.8
2025-10-04,15:03:06,31.9,63.8
2025-10-04,15:03:08,31.9,63.9
2025-10-04,15:03:09,31.9,63.9
2025-10-04,15:03:11,31.9,63.7
2025-10-04,15:03:13,31.9,63.7
2025-10-04,15:03:14,31.9,63.9
2025-10-04,15:03:15,31.9,63.9
2025-10-04,15:03:16,31.9,63.8
2025-10-04,15:03:17,31.9,63.8
2025-10-04,15:03:19,31.9,63.7
2025-10-04,15:03:20,31.9,63.7
2025-10-04,15:03:22,31.9,63.8
2025-10-04,15:03:24,31.9,63.8
2025-10-04,15:03:25,31.9,63.8
2025-10-04,15:03:26,31.9,63.8
2025-10-04,15:03:27,31.9,63.7
2025-10-04,15:03:28,31.9,63.7
2025-10-04,15:03:30,31.9,63.8
2025-10-04,15:03:31,31.9,63.8
2025-10-04,15:03:33,31.9,63.9
2025-10-04,15:03:34,31.9,63.9
2025-10-04,15:03:35,31.9,64.0
2025-10-04,15:03:36,31.9,64.0
2025-10-04,15:03:38,31.9,63.7
2025-10-04,15:03:40,31.9,63.7
2025-10-04,15:03:41,31.9,63.8
2025-10-04,15:03:42,31.9,63.8
2025-10-04,15:03:43,31.9,63.8
2025-10-04,15:03:45,31.9,63.8
2025-10-04,15:03:46,31.9,63.8
2025-10-04,15:03:47,31.9,63.8
2025-10-04,15:03:49,31.9,63.7
2025-10-04,15:03:50,31.9,63.7
2025-10-04,15:03:52,31.9,63.8
2025-10-04,15:03:55,31.9,63.8
2025-10-04,15:03:58,31.9,63.9
2025-10-04,15:04:00,31.9,63.9
2025-10-04,15:04:02,31.9,63.8
2025-10-04,15:04:04,31.9,63.8
2025-10-04,15:04:05,31.9,63.9
2025-10-04,15:04:06,31.9,63.9
2025-10-04,15:04:08,31.9,63.8
2025-10-04,15:04:09,31.9,63.8
2025-10-04,15:04:11,31.9,63.9
2025-10-04,15:04:12,31.9,63.9
2025-10-04,15:04:14,31.9,63.9
2025-10-04,15:04:15,31.9,63.9
2025-10-04,15:04:16,31.9,63.8
2025-10-04,15:04:18,31.9,63.8
2025-10-04,15:04:19,31.9,63.8
2025-10-04,15:04:20,31.9,63.8
2025-10-04,15:04:21,31.9,63.9
2025-10-04,15:04:22,31.9,63.9
2025-10-04,15:04:24,31.9,63.9
2025-10-04,15:04:24,31.9,63.9
2025-10-04,15:04:24,31.9,63.9
2025-10-04,15:04:24,31.9,63.9
2025-10-04,15:04:24,31.9,63.9
2025-10-04,15:04:24,31.9,63.9
2025-10-04,15:04:24,31.9,63.8
2025-10-04,15:04:24,31.9,63.8
2025-10-04,15:04:24,31.9,63.9
2025-10-04,15:04:24,31.9,63.9
2025-10-04,15:04:24,31.9,63.9
2025-10-04,15:04:24,31.9,63.9
2025-10-04,15:04:24,31.9,63.9
2025-10-04,15:04:24,31.9,63.9
2025-10-04,15:04:24,31.9,63.8
2025-10-04,15:04:24,31.9,63.8
2025-10-04,15:04:24,31.9,64.0
2025-10-04,15:04:24,31.9,64.0
2025-10-04,15:04:24,31.9,63.8
2025-10-04,15:04:24,31.9,63.8
2025-10-04,15:04:24,31.9,63.9
2025-10-04,15:04:24,31.9,63.9
2025-10-04,15:04:24,31.9,63.9
2025-10-04,15:04:24,31.9,63.9
2025-10-04,15:04:24,31.9,63.9
2025-10-04,15:04:24,31.9,63.9
2025-10-04,15:04:24,31.9,63.9
2025-10-04,15:04:24,31.9,63.9
2025-10-04,15:04:24,31.9,63.9
2025-10-04,15:04:24,31.9,63.9
2025-10-04,15:04:24,31.9,63.9
2025-10-04,15:04:24,31.9,63.9
2025-10-04,15:04:24,31.9,64.0
2025-10-04,15:04:24,31.9,64.0
2025-10-04,15:04:24,31.9,63.9
2025-10-04,15:04:24,31.9,63.9
2025-10-04,15:04:24,31.9,63.9
2025-10-04,15:04:24,31.9,63.9
2025-10-04,15:04:24,31.9,63.9
2025-10-04,15:04:24,31.9,63.9
2025-10-04,15:04:24,31.9,63.9
2025-10-04,15:04:24,31.9,63.9
2025-10-04,15:04:24,31.9,63.9
2025-10-04,15:04:24,31.9,63.9
2025-10-04,15:04:25,31.9,63.9
2025-10-04,15:04:26,31.9,63.9
2025-10-04,15:04:27,31.9,63.9
2025-10-04,15:04:28,31.9,63.9
2025-10-04,15:04:29,31.9,63.9
2025-10-04,15:04:30,31.9,63.9
2025-10-04,15:04:31,31.9,63.9
2025-10-04,15:04:32,31.9,63.9
2025-10-04,15:04:33,31.9,63.9
2025-10-04,15:04:34,31.9,63.9
2025-10-04,15:04:35,31.9,63.9
2025-10-04,15:04:36,31.9,63.9
2025-10-04,15:04:37,31.9,63.9
2025-10-04,15:04:38,31.9,63.9
2025-10-04,15:04:39,31.9,63.9
2025-10-04,15:04:40,31.9,63.9
2025-10-04,15:04:41,31.9,63.9
2025-10-04,15:04:42,31.9,63.9
2025-10-04,15:04:43,31.9,63.7
2025-10-04,15:04:44,31.9,63.7
2025-10-04,15:04:45,31.9,63.9
2025-10-04,15:04:46,31.9,63.9
2025-10-04,15:04:47,31.9,63.8
2025-10-04,15:04:48,31.9,63.8
2025-10-04,15:04:49,31.9,63.9
2025-10-04,15:04:50,31.9,63.9
2025-10-04,15:04:51,31.9,64.0
2025-10-04,15:04:52,31.9,64.0
2025-10-04,15:04:53,31.9,63.9
2025-10-04,15:04:54,31.9,63.9
2025-10-04,15:04:55,31.9,63.9
2025-10-04,15:04:56,31.9,63.9
2025-10-04,15:04:57,31.9,63.9
2025-10-04,15:04:58,31.9,63.9
2025-10-04,15:04:59,31.9,63.9
2025-10-04,15:05:00,31.9,63.9
2025-10-04,15:05:01,31.9,63.9
2025-10-04,15:05:02,31.9,63.9
2025-10-04,15:05:03,31.9,63.9
2025-10-04,15:05:04,31.9,63.9
2025-10-04,15:05:05,31.9,63.8
2025-10-04,15:05:06,31.9,63.8
2025-10-04,15:05:07,31.9,64.0
2025-10-04,15:05:08,31.9,64.0
2025-10-04,15:05:09,31.9,63.8
2025-10-04,15:05:10,31.9,63.8
2025-10-04,15:05:11,31.9,63.9
2025-10-04,15:05:12,31.9,63.9
2025-10-04,15:05:13,31.9,63.8
2025-10-04,15:05:14,31.9,63.8
2025-10-04,15:05:15,31.9,63.9
2025-10-04,15:05:16,31.9,63.9
2025-10-04,15:05:17,31.9,63.7
2025-10-04,15:05:18,31.9,63.7
2025-10-04,15:05:19,31.9,63.8
2025-10-04,15:05:20,31.9,63.8
2025-10-04,15:05:21,31.9,63.9
2025-10-04,15:05:22,31.9,63.9
2025-10-04,15:05:23,31.9,64.0
2025-10-04,15:05:24,31.9,64.0
2025-10-04,15:05:25,31.9,63.9
2025-10-04,15:05:26,31.9,63.9
2025-10-04,15:05:27,31.9,63.8
2025-10-04,15:05:28,31.9,63.8
2025-10-04,15:05:29,31.9,63.7
2025-10-04,15:05:30,31.9,63.7
2025-10-04,15:05:32,31.9,63.8
2025-10-04,15:05:33,31.9,63.8
2025-10-04,15:05:34,31.9,63.8
2025-10-04,15:05:35,31.9,63.8
2025-10-04,15:05:36,31.9,63.9
2025-10-04,15:05:37,31.9,63.9
2025-10-04,15:05:38,31.8,63.9
2025-10-04,15:05:39,31.8,63.9
2025-10-04,15:05:40,31.9,63.9
2025-10-04,15:05:41,31.9,63.9
2025-10-04,15:05:42,31.9,63.9
2025-10-04,15:05:43,31.9,63.9
2025-10-04,15:05:44,31.9,63.8
2025-10-04,15:05:45,31.9,63.8
2025-10-04,15:05:46,31.9,63.8
2025-10-04,15:05:47,31.9,63.8
2025-10-04,15:05:48,31.9,63.8
2025-10-04,15:05:49,31.9,63.8
2025-10-04,15:05:50,31.9,63.9
2025-10-04,15:05:51,31.9,63.9
2025-10-04,15:05:52,31.9,63.9
2025-10-04,15:05:53,31.9,63.9
2025-10-04,15:05:54,31.9,63.9
2025-10-04,15:05:55,31.9,63.9
2025-10-04,15:05:56,31.8,63.9
2025-10-04,15:05:57,31.8,63.9
2025-10-04,15:05:58,31.8,64.0
2025-10-04,15:05:59,31.8,64.0
2025-10-04,15:06:00,31.8,63.9
2025-10-04,15:06:01,31.8,63.9
2025-10-04,15:06:02,31.8,63.9
2025-10-04,15:06:03,31.8,63.9
2025-10-04,15:06:04,31.8,64.0
2025-10-04,15:06:05,31.8,64.0
2025-10-04,15:06:06,31.8,63.8
2025-10-04,15:06:07,31.8,63.8
2025-10-04,15:06:08,31.9,63.9
2025-10-04,15:06:09,31.9,63.9
2025-10-04,15:06:10,31.8,63.9
2025-10-04,15:06:11,31.8,63.9
2025-10-04,15:06:12,31.8,63.8
2025-10-04,15:06:13,31.8,63.8
2025-10-04,15:06:14,31.8,63.9
2025-10-04,15:06:15,31.8,63.9
2025-10-04,15:06:16,31.8,64.0
2025-10-04,15:06:17,31.8,64.0
2025-10-04,15:06:18,31.8,63.9
2025-10-04,15:06:19,31.8,63.9
2025-10-04,15:06:20,31.8,63.9
2025-10-04,15:06:21,31.8,63.9
2025-10-04,15:06:22,31.8,63.8
2025-10-04,15:06:23,31.8,63.8
2025-10-04,15:06:24,31.9,63.9
2025-10-04,15:06:25,31.9,63.9
2025-10-04,15:06:26,31.9,63.9
2025-10-04,15:06:27,31.9,63.9
2025-10-04,15:06:28,31.9,63.8
2025-10-04,15:06:29,31.9,63.8
2025-10-04,15:06:30,31.8,63.9
2025-10-04,15:06:31,31.8,63.9
2025-10-04,15:06:32,31.8,63.9
2025-10-04,15:06:33,31.8,63.9
2025-10-04,15:06:34,31.9,64.0
2025-10-04,15:06:35,31.9,64.0
2025-10-04,15:06:36,31.8,63.9
2025-10-04,15:06:37,31.8,63.9
2025-10-04,15:06:38,31.8,63.9
2025-10-04,15:06:39,31.8,63.9
2025-10-04,15:06:40,31.9,63.9
2025-10-04,15:06:41,31.9,63.9
2025-10-04,15:06:42,31.9,63.9
2025-10-04,15:06:43,31.9,63.9
2025-10-04,15:06:44,31.8,64.0
2025-10-04,15:06:45,31.8,64.0
2025-10-04,15:06:46,31.9,63.8
2025-10-04,15:06:47,31.9,63.8
2025-10-04,15:06:48,31.8,64.0
2025-10-04,15:06:49,31.8,64.0
2025-10-04,15:06:50,31.8,64.0
2025-10-04,15:06:51,31.8,64.0
2025-10-04,15:06:52,31.8,63.9
2025-10-04,15:06:53,31.8,63.9
2025-10-04,15:06:54,31.8,63.8
2025-10-04,15:06:55,31.8,63.8
2025-10-04,15:06:56,31.8,63.9
2025-10-04,15:06:57,31.8,63.9
2025-10-04,15:06:58,31.8,63.8
2025-10-04,15:06:59,31.8,63.8
2025-10-04,15:07:00,31.8,64.0
2025-10-04,15:07:01,31.8,64.0
2025-10-04,15:07:02,31.8,64.0
2025-10-04,15:07:03,31.8,64.0
2025-10-04,15:07:06,31.9,63.9
2025-10-04,15:07:06,31.8,63.9
2025-10-04,15:07:07,31.8,63.9
2025-10-04,15:07:08,31.8,63.9
2025-10-04,15:07:09,31.8,63.9
2025-10-04,15:07:10,31.8,63.9
2025-10-04,15:07:11,31.8,63.9
2025-10-04,15:07:12,31.9,63.8
2025-10-04,15:07:13,31.9,63.8
2025-10-04,15:07:14,31.9,63.8
2025-10-04,15:07:15,31.9,63.8
2025-10-04,15:07:16,31.8,64.0
2025-10-04,15:07:17,31.8,64.0
2025-10-04,15:07:18,31.8,63.9
2025-10-04,15:07:19,31.8,63.9
2025-10-04,15:07:20,31.8,63.9
2025-10-04,15:07:21,31.8,63.9
2025-10-04,15:07:22,31.9,63.9
2025-10-04,15:07:23,31.9,63.9
2025-10-04,15:07:24,31.8,63.9
2025-10-04,15:07:25,31.8,63.9
2025-10-04,15:07:26,31.9,63.9
2025-10-04,15:07:27,31.9,63.9
2025-10-04,15:07:28,31.8,63.9
2025-10-04,15:07:29,31.8,63.9
2025-10-04,15:07:30,31.8,63.9
2025-10-04,15:07:31,31.8,63.9
2025-10-04,15:07:32,31.8,63.9
2025-10-04,15:07:33,31.8,63.9
2025-10-04,15:07:35,31.8,63.9
2025-10-04,15:07:36,31.8,63.9
2025-10-04,15:07:37,31.8,63.9
2025-10-04,15:07:38,31.8,63.9
2025-10-04,15:07:39,31.9,63.9
2025-10-04,15:07:40,31.9,63.9
2025-10-04,15:07:41,31.8,63.9
2025-10-04,15:07:42,31.8,63.9
2025-10-04,15:07:43,31.9,63.9
2025-10-04,15:07:44,31.9,63.9
2025-10-04,15:07:45,31.8,63.9
2025-10-04,15:07:47,31.8,63.9
2025-10-04,15:07:48,31.8,63.9
2025-10-04,15:07:49,31.8,63.9
2025-10-04,15:07:50,31.8,63.9
2025-10-04,15:07:51,31.8,63.9
2025-10-04,15:07:52,31.8,63.9
2025-10-04,15:07:53,31.8,63.9
2025-10-04,15:07:54,31.8,63.9
2025-10-04,15:07:55,31.8,63.9
2025-10-04,15:07:56,31.8,64.0
2025-10-04,15:07:57,31.8,64.0
2025-10-04,15:07:58,31.8,64.0
2025-10-04,15:07:59,31.8,64.0
2025-10-04,15:08:00,31.8,63.8
2025-10-04,15:08:02,31.8,63.8
2025-10-04,15:08:03,31.8,63.8
2025-10-04,15:08:04,31.8,63.8
2025-10-04,15:08:05,31.8,64.0
2025-10-04,15:08:06,31.8,64.0
2025-10-04,15:08:08,31.8,64.0
2025-10-04,15:08:09,31.8,64.0
2025-10-04,15:08:10,31.8,64.0
2025-10-04,15:08:11,31.8,64.0
2025-10-04,15:08:12,31.8,63.9
2025-10-04,15:08:14,31.8,63.9
2025-10-04,15:08:15,31.8,64.0
2025-10-04,15:08:16,31.8,64.0
2025-10-04,15:08:17,31.8,63.9
2025-10-04,15:08:19,31.8,63.9
2025-10-04,15:08:20,31.8,63.8
2025-10-04,15:08:21,31.8,63.8
2025-10-04,15:08:22,31.8,63.9
2025-10-04,15:08:23,31.8,63.9
2025-10-04,15:08:24,31.8,63.9
2025-10-04,15:08:25,31.8,63.9
2025-10-04,15:08:26,31.8,63.9
2025-10-04,15:08:27,31.8,63.9
2025-10-04,15:08:28,31.8,63.9
2025-10-04,15:08:30,31.8,63.9
2025-10-04,15:08:31,31.8,64.0
2025-10-04,15:08:32,31.8,64.0
2025-10-04,15:08:33,31.8,63.9
2025-10-04,15:08:35,31.8,63.9
2025-10-04,15:08:36,31.8,63.9
2025-10-04,15:08:37,31.8,63.9
2025-10-04,15:08:38,31.8,63.9
2025-10-04,15:08:39,31.8,63.9
2025-10-04,15:08:40,31.8,64.0
2025-10-04,15:08:41,31.8,64.0
2025-10-04,15:08:42,31.8,63.8
2025-10-04,15:08:43,31.8,63.8
2025-10-04,15:08:44,31.8,63.9
2025-10-04,15:08:45,31.8,63.9
2025-10-04,15:08:46,31.8,63.9
2025-10-04,15:08:48,31.8,63.9
2025-10-04,15:08:49,31.8,63.9
2025-10-04,15:08:50,31.8,63.9
2025-10-04,15:08:52,31.8,63.9
2025-10-04,15:08:53,31.8,63.9
2025-10-04,15:08:55,31.8,63.9
2025-10-04,15:08:56,31.8,63.9
2025-10-04,15:08:57,31.8,63.9
2025-10-04,15:08:58,31.8,63.9
2025-10-04,15:08:59,31.8,63.9
2025-10-04,15:09:00,31.8,63.9
2025-10-04,15:09:02,31.8,63.9
2025-10-04,15:09:03,31.8,63.9
2025-10-04,15:09:04,31.8,63.9
2025-10-04,15:09:05,31.8,63.9
2025-10-04,15:09:06,31.8,64.0
2025-10-04,15:09:07,31.8,64.0
2025-10-04,15:09:10,31.8,63.9
2025-10-04,15:09:11,31.8,63.9
2025-10-04,15:09:12,31.8,63.9
2025-10-04,15:09:13,31.8,64.0
2025-10-04,15:09:14,31.8,64.0
2025-10-04,15:09:15,31.8,63.9
2025-10-04,15:09:16,31.8,63.9
2025-10-04,15:09:17,31.8,64.0
2025-10-04,15:09:19,31.8,64.0
2025-10-04,15:09:20,31.8,64.0
2025-10-04,15:09:21,31.8,64.0
2025-10-04,15:09:22,31.8,64.0
2025-10-04,15:09:24,31.8,64.0
2025-10-04,15:09:25,31.8,64.0
2025-10-04,15:09:26,31.8,64.0
2025-10-04,15:09:27,31.8,63.9
2025-10-04,15:09:28,31.8,63.9
2025-10-04,15:09:29,31.8,63.9
2025-10-04,15:09:30,31.8,63.9
2025-10-04,15:09:31,31.8,63.9
2025-10-04,15:09:32,31.8,63.9
2025-10-04,15:09:32,31.8,64.0
2025-10-04,15:09:32,31.8,64.0
2025-10-04,15:09:32,31.8,63.9
2025-10-04,15:09:32,31.8,63.9
2025-10-04,15:09:32,31.8,63.9
2025-10-04,15:09:32,31.8,63.9
2025-10-04,15:09:32,31.8,63.9
2025-10-04,15:09:32,31.8,63.9
2025-10-04,15:09:32,31.8,63.9
2025-10-04,15:09:32,31.8,63.9
2025-10-04,15:09:32,31.8,63.9
2025-10-04,15:09:32,31.8,63.9
2025-10-04,15:09:32,31.8,63.9
2025-10-04,15:09:32,31.8,63.9
2025-10-04,15:09:32,31.8,64.0
2025-10-04,15:09:33,31.8,64.0
2025-10-04,15:09:34,31.8,63.9
2025-10-04,15:09:35,31.8,63.9
2025-10-04,15:09:36,31.8,64.0
2025-10-04,15:09:37,31.8,64.0
2025-10-04,15:09:40,31.8,63.9
2025-10-04,15:09:40,31.8,64.0
2025-10-04,15:09:41,31.8,64.0
2025-10-04,15:09:42,31.8,63.9
2025-10-04,15:09:44,31.8,63.9
2025-10-04,15:09:45,31.8,63.9
2025-10-04,15:09:46,31.8,63.9
2025-10-04,15:09:47,31.8,64.0
2025-10-04,15:09:48,31.8,64.0
2025-10-04,15:09:49,31.8,64.0
2025-10-04,15:09:50,31.8,64.0
2025-10-04,15:09:51,31.8,63.9
2025-10-04,15:09:52,31.8,63.9
2025-10-04,15:09:54,31.8,63.9
2025-10-04,15:09:55,31.8,63.9
2025-10-04,15:09:56,31.8,63.9
2025-10-04,15:09:57,31.8,63.9
2025-10-04,15:09:58,31.8,64.0
2025-10-04,15:09:59,31.8,64.0
2025-10-04,15:10:00,31.8,64.0
2025-10-04,15:10:01,31.8,64.0
2025-10-04,15:10:03,31.8,64.0
2025-10-04,15:10:04,31.8,64.0
2025-10-04,15:10:05,31.8,63.9
2025-10-04,15:10:06,31.8,63.9
2025-10-04,15:10:07,31.8,64.0
2025-10-04,15:10:08,31.8,64.0
2025-10-04,15:10:09,31.8,63.9
2025-10-04,15:10:11,31.8,63.9
2025-10-04,15:10:12,31.8,63.9
2025-10-04,15:10:13,31.8,63.9
2025-10-04,15:10:15,31.8,63.9
2025-10-04,15:10:16,31.8,63.9
2025-10-04,15:10:17,31.8,63.9
2025-10-04,15:10:18,31.8,63.9
2025-10-04,15:10:19,31.8,64.0
2025-10-04,15:10:21,31.8,64.0
2025-10-04,15:10:22,31.8,64.0
2025-10-04,15:10:23,31.8,64.0
2025-10-04,15:10:24,31.8,64.0
2025-10-04,15:10:25,31.8,64.0
2025-10-04,15:10:26,31.8,63.9
2025-10-04,15:10:27,31.8,63.9
2025-10-04,15:10:28,31.8,63.9
2025-10-04,15:10:29,31.8,63.9
2025-10-04,15:10:31,31.8,64.0
2025-10-04,15:10:32,31.8,64.0
2025-10-04,15:10:33,31.8,63.9
2025-10-04,15:10:34,31.8,63.9
2025-10-04,15:10:35,31.8,63.9
2025-10-04,15:10:37,31.8,63.9
2025-10-04,15:10:38,31.8,63.9
2025-10-04,15:10:39,31.8,63.9
2025-10-04,15:10:40,31.8,64.0
2025-10-04,15:10:41,31.8,64.0
2025-10-04,15:10:42,31.8,63.9
2025-10-04,15:10:43,31.8,63.9
2025-10-04,15:10:44,31.8,64.0
2025-10-04,15:10:46,31.8,64.0
2025-10-04,15:10:47,31.8,63.9
2025-10-04,15:10:48,31.8,63.9
2025-10-04,15:10:49,31.8,63.8
2025-10-04,15:10:51,31.8,63.8
2025-10-04,15:10:53,31.8,64.0
2025-10-04,15:10:55,31.8,64.0
2025-10-04,15:10:57,31.8,64.0
2025-10-04,15:10:58,31.8,64.0
2025-10-04,15:11:00,31.8,63.9
2025-10-04,15:11:02,31.8,63.9
2025-10-04,15:11:03,31.8,63.9
2025-10-04,15:11:05,31.8,63.9
2025-10-04,15:11:06,31.8,63.9
2025-10-04,15:11:07,31.8,63.9
2025-10-04,15:11:08,31.8,63.9
2025-10-04,15:11:09,31.8,63.9
2025-10-04,15:11:10,31.8,63.9
2025-10-04,15:11:12,31.8,63.9
2025-10-04,15:11:13,31.8,63.8
2025-10-04,15:11:14,31.8,63.8
2025-10-04,15:11:15,31.8,64.0
2025-10-04,15:11:16,31.8,64.0
2025-10-04,15:11:17,31.8,63.8
2025-10-04,15:11:19,31.8,63.8
2025-10-04,15:11:20,31.8,63.9
2025-10-04,15:11:20,31.8,63.9
2025-10-04,15:11:21,31.8,63.9
2025-10-04,15:11:23,31.8,63.9
2025-10-04,15:11:24,31.8,64.0
2025-10-04,15:11:25,31.8,64.0
2025-10-04,15:11:26,31.8,64.0
2025-10-04,15:11:27,31.8,64.0
2025-10-04,15:11:28,31.8,64.0
2025-10-04,15:11:29,31.8,64.0
2025-10-04,15:11:30,31.8,64.0
2025-10-04,15:11:32,31.8,64.0
2025-10-04,15:11:33,31.8,63.9
2025-10-04,15:11:34,31.8,63.9
2025-10-04,15:11:35,31.8,64.0
2025-10-04,15:11:36,31.8,64.0
2025-10-04,15:11:37,31.8,63.9
2025-10-04,15:11:38,31.8,63.9
2025-10-04,15:11:39,31.8,63.9
2025-10-04,15:11:40,31.8,63.9
2025-10-04,15:11:41,31.8,64.0
2025-10-04,15:11:41,31.8,64.0
2025-10-04,15:11:41,31.8,63.9
2025-10-04,15:11:41,31.8,63.9
2025-10-04,15:11:42,31.8,63.9
2025-10-04,15:11:42,31.8,63.9
2025-10-04,15:11:42,31.8,64.0
2025-10-04,15:11:42,31.8,64.0
2025-10-04,15:11:42,31.8,63.9
2025-10-04,15:11:42,31.8,63.9
2025-10-04,15:11:42,31.8,63.9
2025-10-04,15:11:42,31.8,63.9
2025-10-04,15:11:42,31.8,63.8
2025-10-04,15:11:42,31.8,63.8
2025-10-04,15:11:42,31.8,63.8
2025-10-04,15:11:42,31.8,63.8
2025-10-04,15:11:42,31.8,63.9
2025-10-04,15:11:42,31.8,63.9
2025-10-04,15:11:42,31.8,63.9
2025-10-04,15:11:42,31.8,63.9
2025-10-04,15:11:43,31.8,63.8
2025-10-04,15:11:44,31.8,63.8
2025-10-04,15:11:45,31.8,63.9
2025-10-04,15:11:46,31.8,63.9
2025-10-04,15:11:47,31.8,63.9
2025-10-04,15:11:48,31.8,63.9
2025-10-04,15:11:49,31.8,63.9
2025-10-04,15:11:50,31.8,63.9
2025-10-04,15:11:51,31.8,63.9
2025-10-04,15:11:53,31.8,63.9
2025-10-04,15:11:54,31.8,64.0
2025-10-04,15:11:55,31.8,64.0
2025-10-04,15:11:56,31.8,63.9
2025-10-04,15:11:56,31.8,63.9
2025-10-04,15:11:58,31.8,63.9
2025-10-04,15:11:59,31.8,63.9
2025-10-04,15:12:00,31.8,64.0
2025-10-04,15:12:01,31.8,64.0
2025-10-04,15:12:02,31.8,63.9
2025-10-04,15:12:03,31.8,63.9
2025-10-04,15:12:04,31.8,63.9
2025-10-04,15:12:05,31.8,63.9
2025-10-04,15:12:06,31.8,63.9
2025-10-04,15:12:07,31.8,63.9
2025-10-04,15:12:08,31.8,64.0
2025-10-04,15:12:09,31.8,64.0
2025-10-04,15:12:10,31.8,63.9
2025-10-04,15:12:11,31.8,63.9
2025-10-04,15:12:12,31.8,63.8
2025-10-04,15:12:14,31.8,63.8
2025-10-04,15:12:15,31.8,63.9
2025-10-04,15:12:16,31.8,63.9
2025-10-04,15:12:17,31.8,63.9
2025-10-04,15:12:18,31.8,63.9
2025-10-04,15:12:19,31.8,63.8
2025-10-04,15:12:20,31.8,63.8
2025-10-04,15:12:21,31.8,64.0
2025-10-04,15:12:23,31.8,64.0
2025-10-04,15:12:24,31.8,63.9
2025-10-04,15:12:25,31.8,63.9
2025-10-04,15:12:26,31.8,63.7
2025-10-04,15:12:27,31.8,63.7
2025-10-04,15:12:28,31.8,63.9
2025-10-04,15:12:29,31.8,63.9
2025-10-04,15:12:30,31.8,63.9
2025-10-04,15:12:31,31.8,63.9
2025-10-04,15:12:32,31.8,63.8
2025-10-04,15:12:33,31.8,63.8
2025-10-04,15:12:34,31.8,63.8
2025-10-04,15:12:35,31.8,63.8
2025-10-04,15:12:36,31.8,64.0
2025-10-04,15:12:37,31.8,64.0
2025-10-04,15:12:38,31.8,63.8
2025-10-04,15:12:40,31.8,63.8
2025-10-04,15:12:41,31.8,63.9
2025-10-04,15:12:42,31.8,63.9
2025-10-04,15:12:43,31.8,63.9
2025-10-04,15:12:44,31.8,63.9
2025-10-04,15:12:45,31.8,63.9
2025-10-04,15:12:46,31.8,63.9
2025-10-04,15:12:47,31.8,63.8
2025-10-04,15:12:48,31.8,63.8
2025-10-04,15:12:49,31.8,64.0
2025-10-04,15:12:50,31.8,64.0
2025-10-04,15:12:51,31.8,63.8
2025-10-04,15:12:52,31.8,63.8
2025-10-04,15:12:53,31.8,63.9
2025-10-04,15:12:54,31.8,63.9
2025-10-04,15:12:56,31.8,63.8
2025-10-04,15:12:57,31.8,63.8
2025-10-04,15:12:58,31.8,64.0
2025-10-04,15:12:59,31.8,64.0
2025-10-04,15:13:00,31.8,63.9
2025-10-04,15:13:01,31.8,63.9
2025-10-04,15:13:02,31.8,63.9
2025-10-04,15:13:03,31.8,63.9
2025-10-04,15:13:04,31.8,63.8
2025-10-04,15:13:06,31.8,63.8
2025-10-04,15:13:07,31.8,63.9
2025-10-04,15:13:08,31.8,63.9
2025-10-04,15:13:09,31.8,63.9
2025-10-04,15:13:10,31.8,63.9
2025-10-04,15:13:12,31.8,63.9
2025-10-04,15:13:13,31.8,63.9
2025-10-04,15:13:14,31.8,64.0
2025-10-04,15:13:15,31.8,64.0
2025-10-04,15:13:16,31.8,63.9
2025-10-04,15:13:17,31.8,63.9
2025-10-04,15:13:18,31.8,63.9
2025-10-04,15:13:19,31.8,63.9
2025-10-04,15:13:20,31.8,63.9
2025-10-04,15:13:21,31.8,63.9
2025-10-04,15:13:23,31.8,63.8
2025-10-04,15:13:24,31.8,63.8
2025-10-04,15:13:25,31.8,63.9
2025-10-04,15:13:27,31.8,63.9
2025-10-04,15:13:28,31.8,63.9
2025-10-04,15:13:29,31.8,63.9
2025-10-04,15:13:30,31.8,63.8
2025-10-04,15:13:31,31.8,63.8
2025-10-04,15:13:32,31.8,63.9
2025-10-04,15:13:33,31.8,63.9
2025-10-04,15:13:35,31.8,63.9
2025-10-04,15:13:36,31.8,63.9
2025-10-04,15:13:38,31.8,63.9
2025-10-04,15:13:39,31.8,63.9
2025-10-04,15:13:41,31.8,63.8
2025-10-04,15:13:42,31.8,63.8
2025-10-04,15:13:44,31.8,63.9
2025-10-04,15:13:45,31.8,63.9
2025-10-04,15:13:46,31.8,63.9
2025-10-04,15:13:47,31.8,63.9
2025-10-04,15:13:48,31.8,63.8
2025-10-04,15:13:49,31.8,63.8
2025-10-04,15:13:49,31.8,63.9
2025-10-04,15:13:49,31.8,63.9
2025-10-04,15:13:49,31.8,64.0
2025-10-04,15:13:49,31.8,64.0
2025-10-04,15:13:49,31.8,63.8
2025-10-04,15:13:49,31.8,63.8
2025-10-04,15:13:49,31.8,63.8
2025-10-04,15:13:49,31.8,63.8
2025-10-04,15:13:49,31.8,64.0
2025-10-04,15:13:49,31.8,64.0
2025-10-04,15:13:49,31.8,63.8
2025-10-04,15:13:49,31.8,63.8
2025-10-04,15:13:49,31.8,63.9
2025-10-04,15:13:50,31.8,63.9
2025-10-04,15:13:51,31.8,63.8
2025-10-04,15:13:52,31.8,63.8
2025-10-04,15:13:53,31.8,63.8
2025-10-04,15:13:54,31.8,63.8
2025-10-04,15:13:55,31.8,63.9
2025-10-04,15:13:56,31.8,63.9
2025-10-04,15:13:57,31.8,63.8
2025-10-04,15:13:58,31.8,63.8
2025-10-04,15:13:59,31.8,63.8
2025-10-04,15:14:00,31.8,63.8
2025-10-04,15:14:01,31.8,63.9
2025-10-04,15:14:02,31.8,63.9
2025-10-04,15:14:03,31.8,63.9
2025-10-04,15:14:04,31.8,63.9
2025-10-04,15:14:05,31.8,63.8
2025-10-04,15:14:06,31.8,63.8
2025-10-04,15:14:07,31.8,63.9
2025-10-04,15:14:08,31.8,63.9
2025-10-04,15:14:09,31.8,63.9
2025-10-04,15:14:10,31.8,63.9
2025-10-04,15:14:11,31.8,63.9
2025-10-04,15:14:12,31.8,63.9
2025-10-04,15:14:13,31.8,63.9
2025-10-04,15:14:14,31.8,63.9
2025-10-04,15:14:15,31.8,63.9
2025-10-04,15:14:16,31.8,63.9
2025-10-04,15:14:17,31.8,63.9
2025-10-04,15:14:18,31.8,63.9
2025-10-04,15:14:19,31.8,63.8
2025-10-04,15:14:20,31.8,63.8
2025-10-04,15:14:21,31.8,63.9
2025-10-04,15:14:22,31.8,63.9
2025-10-04,15:14:23,31.8,64.0
2025-10-04,15:14:24,31.8,64.0
2025-10-04,15:14:25,31.8,63.9
2025-10-04,15:14:26,31.8,63.9
2025-10-04,15:14:27,31.8,63.9
2025-10-04,15:14:28,31.8,63.9
2025-10-04,15:14:29,31.8,63.9
2025-10-04,15:14:30,31.8,63.9
2025-10-04,15:14:31,31.8,63.9
2025-10-04,15:14:32,31.8,63.9
2025-10-04,15:14:33,31.8,63.8
2025-10-04,15:14:34,31.8,63.8
2025-10-04,15:14:35,31.8,63.9
2025-10-04,15:14:36,31.8,63.9
2025-10-04,15:14:37,31.8,63.7
2025-10-04,15:14:38,31.8,63.7
2025-10-04,15:14:39,31.8,63.8
2025-10-04,15:14:40,31.8,63.8
2025-10-04,15:14:41,31.8,63.9
2025-10-04,15:14:42,31.8,63.9
2025-10-04,15:14:43,31.8,63.9
2025-10-04,15:14:44,31.8,63.9
2025-10-04,15:14:45,31.8,63.8
2025-10-04,15:14:46,31.8,63.8
2025-10-04,15:14:47,31.8,63.9
2025-10-04,15:14:48,31.8,63.9
2025-10-04,15:14:49,31.8,63.9
2025-10-04,15:14:50,31.8,63.9
2025-10-04,15:14:51,31.8,63.9
2025-10-04,15:14:52,31.8,63.9
2025-10-04,15:14:53,31.8,63.8
2025-10-04,15:14:54,31.8,63.8
2025-10-04,15:14:55,31.8,63.9
2025-10-04,15:14:56,31.8,63.9
2025-10-04,15:14:57,31.8,63.8
2025-10-04,15:14:58,31.8,63.8
2025-10-04,15:14:59,31.8,63.8
2025-10-04,15:15:00,31.8,63.8
2025-10-04,15:15:01,31.8,63.8
2025-10-04,15:15:02,31.8,63.8
2025-10-04,15:15:03,31.8,63.9
2025-10-04,15:15:04,31.8,63.9
2025-10-04,15:15:05,31.8,64.0
2025-10-04,15:15:06,31.8,64.0
2025-10-04,15:15:07,31.8,63.8
2025-10-04,15:15:08,31.8,63.8
2025-10-04,15:15:09,31.8,63.8
2025-10-04,15:15:10,31.8,63.8
2025-10-04,15:15:11,31.8,63.9
2025-10-04,15:15:12,31.8,63.9
2025-10-04,15:15:13,31.8,63.8
2025-10-04,15:15:14,31.8,63.8
2025-10-04,15:15:15,31.8,63.8
2025-10-04,15:15:16,31.8,63.8
2025-10-04,15:15:17,31.8,64.0
2025-10-04,15:15:18,31.8,64.0
2025-10-04,15:15:20,31.8,63.9
2025-10-04,15:15:21,31.8,63.9
2025-10-04,15:15:22,31.8,63.9
2025-10-04,15:15:23,31.8,63.9
2025-10-04,15:15:24,31.8,63.8
2025-10-04,15:15:25,31.8,63.8
2025-10-04,15:15:26,31.8,63.9
2025-10-04,15:15:27,31.8,63.9
2025-10-04,15:15:28,31.8,63.9
2025-10-04,15:15:29,31.8,63.9
2025-10-04,15:15:30,31.8,63.8
2025-10-04,15:15:31,31.8,63.8
2025-10-04,15:15:32,31.8,63.9
2025-10-04,15:15:33,31.8,63.9
2025-10-04,15:15:34,31.8,63.9
2025-10-04,15:15:35,31.8,63.9
2025-10-04,15:15:36,31.8,63.8
2025-10-04,15:15:37,31.8,63.8
2025-10-04,15:15:38,31.8,63.8
2025-10-04,15:15:39,31.8,63.8
2025-10-04,15:15:40,31.8,63.9
2025-10-04,15:15:41,31.8,63.9
2025-10-04,15:15:42,31.8,63.8
2025-10-04,15:15:43,31.8,63.8
2025-10-04,15:15:44,31.8,63.9
2025-10-04,15:15:45,31.8,63.9
2025-10-04,15:15:46,31.8,63.8
2025-10-04,15:15:47,31.8,63.8
2025-10-04,15:15:48,31.8,63.8
2025-10-04,15:15:49,31.8,63.8
2025-10-04,15:15:50,31.8,63.9
2025-10-04,15:15:51,31.8,63.9
2025-10-04,15:15:52,31.8,63.8
2025-10-04,15:15:53,31.8,63.8
2025-10-04,15:15:54,31.8,64.0
2025-10-04,15:15:55,31.8,64.0
2025-10-04,15:15:56,31.8,63.9
2025-10-04,15:15:57,31.8,63.9
2025-10-04,15:15:58,31.8,63.8
2025-10-04,15:15:59,31.8,63.8
2025-10-04,15:16:00,31.8,63.9
2025-10-04,15:16:01,31.8,63.9
2025-10-04,15:16:02,31.8,63.8
2025-10-04,15:16:03,31.8,63.8
2025-10-04,15:16:04,31.8,63.8
2025-10-04,15:16:05,31.8,63.8
2025-10-04,15:16:06,31.8,63.9
2025-10-04,15:16:07,31.8,63.9
2025-10-04,15:16:08,31.8,64.0
2025-10-04,15:16:09,31.8,64.0
2025-10-04,15:16:10,31.8,63.9
2025-10-04,15:16:11,31.8,63.9
2025-10-04,15:16:12,31.8,64.0
2025-10-04,15:16:13,31.8,64.0
2025-10-04,15:16:14,31.8,63.8
2025-10-04,15:16:15,31.8,63.8
2025-10-04,15:16:16,31.8,63.9
2025-10-04,15:16:17,31.8,63.9
2025-10-04,15:16:18,31.8,64.0
2025-10-04,15:16:19,31.8,64.0
2025-10-04,15:16:20,31.8,64.0
2025-10-04,15:16:21,31.8,64.0
2025-10-04,15:16:22,31.8,63.9
2025-10-04,15:16:23,31.8,63.9
2025-10-04,15:16:24,31.8,63.8
2025-10-04,15:16:25,31.8,63.8
2025-10-04,15:16:26,31.8,63.9
2025-10-04,15:16:27,31.8,63.9
2025-10-04,15:16:28,31.8,63.9
2025-10-04,15:16:29,31.8,63.9
2025-10-04,15:16:30,31.8,63.9
2025-10-04,15:16:31,31.8,63.9
2025-10-04,15:16:32,31.8,63.8
2025-10-04,15:16:33,31.8,63.8
2025-10-04,15:16:34,31.8,63.9
2025-10-04,15:16:35,31.8,63.9
2025-10-04,15:16:36,31.8,63.9
2025-10-04,15:16:37,31.8,63.9
2025-10-04,15:16:38,31.8,63.9
2025-10-04,15:16:39,31.8,63.9
2025-10-04,15:16:40,31.8,63.9
2025-10-04,15:16:41,31.8,63.9
2025-10-04,15:16:42,31.8,64.0
2025-10-04,15:16:43,31.8,64.0
2025-10-04,15:16:44,31.8,63.8
2025-10-04,15:16:45,31.8,63.8
2025-10-04,15:16:46,31.8,64.0
2025-10-04,15:16:47,31.8,64.0
2025-10-04,15:16:50,31.8,63.9
2025-10-04,15:16:50,31.8,63.9
2025-10-04,15:16:51,31.8,63.9
2025-10-04,15:16:52,31.8,63.9
2025-10-04,15:16:53,31.8,63.9
2025-10-04,15:16:54,31.8,63.8
2025-10-04,15:16:55,31.8,63.8
2025-10-04,15:16:56,31.8,64.0
2025-10-04,15:16:57,31.8,64.0
2025-10-04,15:16:58,31.8,63.8
2025-10-04,15:16:59,31.8,63.8
2025-10-04,15:17:00,31.8,63.9
2025-10-04,15:17:01,31.8,63.9
2025-10-04,15:17:02,31.8,63.9
2025-10-04,15:17:03,31.8,63.9
2025-10-04,15:17:04,31.8,63.9
2025-10-04,15:17:05,31.8,63.9
2025-10-04,15:17:06,31.8,63.9
2025-10-04,15:17:07,31.8,63.9
2025-10-04,15:17:08,31.8,63.9
2025-10-04,15:17:09,31.8,63.9
2025-10-04,15:17:10,31.8,63.9
2025-10-04,15:17:11,31.8,63.9
2025-10-04,15:17:12,31.8,63.9
2025-10-04,15:17:13,31.8,63.9
2025-10-04,15:17:14,31.8,63.9
2025-10-04,15:17:15,31.8,63.9
2025-10-04,15:17:16,31.8,64.0
2025-10-04,15:17:17,31.8,64.0
2025-10-04,15:17:18,31.8,64.0
2025-10-04,15:17:19,31.8,64.0
2025-10-04,15:17:20,31.8,63.9
2025-10-04,15:17:21,31.8,63.9
2025-10-04,15:17:22,31.8,63.9
2025-10-04,15:17:23,31.8,63.9
2025-10-04,15:17:24,31.8,64.0
2025-10-04,15:17:25,31.8,64.0
2025-10-04,15:17:26,31.8,63.8
2025-10-04,15:17:27,31.8,63.8
2025-10-04,15:17:28,31.8,63.9
2025-10-04,15:17:29,31.8,63.9
2025-10-04,15:17:30,31.8,63.9
2025-10-04,15:17:31,31.8,63.9
2025-10-04,15:17:32,31.8,63.9
2025-10-04,15:17:33,31.8,63.9
2025-10-04,15:17:34,31.8,63.9
2025-10-04,15:17:35,31.8,63.9
2025-10-04,15:17:36,31.8,63.9
2025-10-04,15:17:37,31.8,63.9
2025-10-04,15:17:38,31.8,64.0
2025-10-04,15:17:39,31.8,64.0
2025-10-04,15:17:40,31.8,63.9
2025-10-04,15:17:41,31.8,63.9
2025-10-04,15:17:42,31.8,63.9
2025-10-04,15:17:43,31.8,63.9
2025-10-04,15:17:44,31.8,64.0
2025-10-04,15:17:45,31.8,64.0
2025-10-04,15:17:46,31.8,63.9
2025-10-04,15:17:47,31.8,63.9
2025-10-04,15:17:48,31.8,63.9
2025-10-04,15:17:49,31.8,63.9
2025-10-04,15:17:50,31.8,63.9
2025-10-04,15:17:51,31.8,63.9
2025-10-04,15:17:52,31.8,63.9
2025-10-04,15:17:53,31.8,63.9
2025-10-04,15:17:54,31.8,64.0
2025-10-04,15:17:55,31.8,64.0
2025-10-04,15:17:56,31.8,63.8
2025-10-04,15:17:57,31.8,63.8
2025-10-04,15:17:58,31.8,63.9
2025-10-04,15:17:59,31.8,63.9
2025-10-04,15:18:00,31.8,63.9
2025-10-04,15:18:01,31.8,63.9
2025-10-04,15:18:02,31.8,63.8
2025-10-04,15:18:03,31.8,63.8
2025-10-04,15:18:04,31.8,63.9
2025-10-04,15:18:05,31.8,63.9
2025-10-04,15:18:06,31.8,63.8
2025-10-04,15:18:07,31.8,63.8
2025-10-04,15:18:08,31.8,63.9
2025-10-04,15:18:09,31.8,63.9
2025-10-04,15:18:10,31.8,63.9
2025-10-04,15:18:11,31.8,63.9
2025-10-04,15:18:12,31.8,63.8
2025-10-04,15:18:13,31.8,63.8
2025-10-04,15:18:14,31.8,63.9
2025-10-04,15:18:15,31.8,63.9
2025-10-04,15:18:16,31.8,63.8
2025-10-04,15:18:17,31.8,63.8
2025-10-04,15:18:18,31.8,63.9
2025-10-04,15:18:19,31.8,63.9
2025-10-04,15:18:20,31.8,63.9
2025-10-04,15:18:21,31.8,63.9
2025-10-04,15:18:22,31.8,63.8
2025-10-04,15:18:23,31.8,63.8
2025-10-04,15:18:24,31.8,63.8
2025-10-04,15:18:25,31.8,63.8
2025-10-04,15:18:26,31.8,63.8
2025-10-04,15:18:27,31.8,63.8
2025-10-04,15:18:28,31.8,63.9
2025-10-04,15:18:29,31.8,63.9
2025-10-04,15:18:30,31.8,63.8
2025-10-04,15:18:31,31.8,63.8
2025-10-04,15:18:32,31.8,63.9
2025-10-04,15:18:33,31.8,63.9
2025-10-04,15:18:34,31.8,63.9
2025-10-04,15:18:35,31.8,63.9
2025-10-04,15:18:36,31.8,63.8
2025-10-04,15:18:37,31.8,63.8
2025-10-04,15:18:38,31.8,63.9
2025-10-04,15:18:39,31.8,63.9
2025-10-04,15:18:40,31.8,63.8
2025-10-04,15:18:41,31.8,63.8
2025-10-04,15:18:42,31.8,63.8
2025-10-04,15:18:43,31.8,63.8
2025-10-04,15:18:44,31.8,63.9
2025-10-04,15:18:45,31.8,63.9
2025-10-04,15:18:46,31.8,63.8
2025-10-04,15:18:47,31.8,63.8
2025-10-04,15:18:48,31.8,63.8
2025-10-04,15:18:49,31.8,63.8
2025-10-04,15:18:50,31.8,63.9
2025-10-04,15:18:51,31.8,63.9
2025-10-04,15:18:52,31.8,63.8
2025-10-04,15:18:53,31.8,63.8
2025-10-04,15:18:54,31.8,63.9
2025-10-04,15:18:55,31.8,63.9
2025-10-04,15:18:56,31.8,63.9
2025-10-04,15:18:57,31.8,63.9
2025-10-04,15:18:58,31.8,63.9
2025-10-04,15:18:59,31.8,63.9
2025-10-04,15:19:00,31.8,63.9
2025-10-04,15:19:01,31.8,63.9
2025-10-04,15:19:02,31.8,63.9
2025-10-04,15:19:03,31.8,63.9
2025-10-04,15:19:04,31.8,63.9
2025-10-04,15:19:05,31.8,63.9
2025-10-04,15:19:06,31.8,63.9
2025-10-04,15:19:07,31.8,63.9
2025-10-04,15:19:08,31.8,63.9
2025-10-04,15:19:09,31.8,63.9
2025-10-04,15:19:10,31.8,63.9
2025-10-04,15:19:11,31.8,63.9
2025-10-04,15:19:12,31.8,63.8
2025-10-04,15:19:13,31.8,63.8
2025-10-04,15:19:14,31.8,63.9
2025-10-04,15:19:15,31.8,63.9
2025-10-04,15:19:16,31.8,63.9
2025-10-04,15:19:17,31.8,63.9
2025-10-04,15:19:18,31.8,63.9
2025-10-04,15:19:19,31.8,63.9
2025-10-04,15:19:20,31.8,63.9
2025-10-04,15:19:21,31.8,63.9
2025-10-04,15:19:22,31.8,63.9
2025-10-04,15:19:25,31.8,63.9
2025-10-04,15:19:25,31.8,63.9
2025-10-04,15:19:26,31.8,63.9
2025-10-04,15:19:27,31.8,63.9
2025-10-04,15:19:28,31.8,63.9
2025-10-04,15:19:29,31.8,63.9
2025-10-04,15:19:30,31.8,63.8
2025-10-04,15:19:31,31.8,63.8
2025-10-04,15:19:32,31.8,63.9
2025-10-04,15:19:33,31.8,63.9
2025-10-04,15:19:34,31.8,63.9
2025-10-04,15:19:35,31.8,63.9
2025-10-04,15:19:36,31.8,63.8
2025-10-04,15:19:37,31.8,63.8
2025-10-04,15:19:38,31.8,63.8
2025-10-04,15:19:39,31.8,63.8
2025-10-04,15:19:40,31.8,63.9
2025-10-04,15:19:41,31.8,63.9
2025-10-04,15:19:42,31.8,63.9
2025-10-04,15:19:43,31.8,63.9
2025-10-04,15:19:44,31.8,63.9
2025-10-04,15:19:45,31.8,63.9
2025-10-04,15:19:46,31.8,63.9
2025-10-04,15:19:47,31.8,63.9
2025-10-04,15:19:48,31.8,63.9
2025-10-04,15:19:49,31.8,63.9
2025-10-04,15:19:50,31.8,63.9
2025-10-04,15:19:51,31.8,63.9
2025-10-04,15:19:52,31.8,63.9
2025-10-04,15:19:53,31.8,63.9
2025-10-04,15:19:54,31.8,63.7
2025-10-04,15:19:55,31.8,63.7
2025-10-04,15:19:58,31.8,63.8
2025-10-04,15:19:58,31.8,63.8
2025-10-04,15:19:59,31.8,63.8
2025-10-04,15:20:00,31.8,63.8
2025-10-04,15:20:01,31.8,63.8
2025-10-04,15:20:02,31.8,63.8
2025-10-04,15:20:03,31.8,63.8
2025-10-04,15:20:04,31.8,63.9
2025-10-04,15:20:05,31.8,63.9
2025-10-04,15:20:06,31.8,63.9
2025-10-04,15:20:07,31.8,63.9
2025-10-04,15:20:09,31.8,63.9
2025-10-04,15:20:10,31.8,63.9
2025-10-04,15:20:11,31.8,63.9
2025-10-04,15:20:12,31.8,63.9
2025-10-04,15:20:13,31.8,63.8
2025-10-04,15:20:14,31.8,63.8
2025-10-04,15:20:15,31.8,63.9
2025-10-04,15:20:16,31.8,63.9
2025-10-04,15:20:17,31.8,63.9
2025-10-04,15:20:18,31.8,63.9
2025-10-04,15:20:19,31.8,63.8
2025-10-04,15:20:20,31.8,63.8
2025-10-04,15:20:21,31.8,63.8
2025-10-04,15:20:22,31.8,63.8
2025-10-04,15:20:23,31.8,63.9
2025-10-04,15:20:24,31.8,63.9
2025-10-04,15:20:25,31.8,63.9
2025-10-04,15:20:26,31.8,63.9
2025-10-04,15:20:27,31.8,63.8
2025-10-04,15:20:28,31.8,63.8
2025-10-04,15:20:29,31.8,63.8
2025-10-04,15:20:30,31.8,63.8
2025-10-04,15:20:31,31.8,63.9
2025-10-04,15:20:32,31.8,63.9
2025-10-04,15:20:33,31.8,63.9
2025-10-04,15:20:34,31.8,63.9
2025-10-04,15:20:35,31.8,63.8
2025-10-04,15:20:36,31.8,63.8
2025-10-04,15:20:37,31.8,63.9
2025-10-04,15:20:38,31.8,63.9
2025-10-04,15:20:39,31.8,63.9
2025-10-04,15:20:40,31.8,63.9
2025-10-04,15:20:41,31.8,63.9
2025-10-04,15:20:42,31.8,63.9
2025-10-04,15:20:43,31.8,63.8
2025-10-04,15:20:44,31.8,63.8
2025-10-04,15:20:45,31.8,63.8
2025-10-04,15:20:46,31.8,63.8
2025-10-04,15:20:47,31.8,63.9
2025-10-04,15:20:48,31.8,63.9
2025-10-04,15:20:49,31.8,63.9
2025-10-04,15:20:50,31.8,63.9
2025-10-04,15:20:51,31.8,63.9
2025-10-04,15:20:52,31.8,63.9
2025-10-04,15:20:53,31.8,63.7
2025-10-04,15:20:54,31.8,63.7
2025-10-04,15:20:55,31.8,63.8
2025-10-04,15:20:56,31.8,63.8
2025-10-04,15:20:57,31.8,63.7
2025-10-04,15:20:58,31.8,63.7
2025-10-04,15:20:59,31.8,63.7
2025-10-04,15:21:00,31.8,63.7
2025-10-04,15:21:01,31.8,63.7
2025-10-04,15:21:02,31.8,63.7
2025-10-04,15:21:03,31.8,63.8
2025-10-04,15:21:04,31.8,63.8
2025-10-04,15:21:05,31.8,63.7
2025-10-04,15:21:06,31.8,63.7
2025-10-04,15:21:07,31.8,63.7
2025-10-04,15:21:08,31.8,63.7
2025-10-04,15:21:09,31.8,63.8
2025-10-04,15:21:10,31.8,63.8
2025-10-04,15:21:11,31.8,63.8
2025-10-04,15:21:12,31.8,63.8
2025-10-04,15:21:13,31.8,63.8
2025-10-04,15:21:14,31.8,63.8
2025-10-04,15:21:15,31.8,63.7
2025-10-04,15:21:16,31.8,63.7
2025-10-04,15:21:17,31.8,63.8
2025-10-04,15:21:18,31.8,63.8
2025-10-04,15:21:19,31.8,63.8
2025-10-04,15:21:20,31.8,63.8
2025-10-04,15:21:21,31.8,63.8
2025-10-04,15:21:22,31.8,63.8
2025-10-04,15:21:23,31.8,63.8
2025-10-04,15:21:24,31.8,63.8
2025-10-04,15:21:25,31.8,63.8
2025-10-04,15:21:26,31.8,63.8
2025-10-04,15:21:27,31.8,63.7
2025-10-04,15:21:28,31.8,63.7
2025-10-04,15:21:29,31.8,63.9
2025-10-04,15:21:30,31.8,63.9
2025-10-04,15:21:31,31.8,63.8
2025-10-04,15:21:32,31.8,63.8
2025-10-04,15:21:33,31.8,63.7
2025-10-04,15:21:34,31.8,63.7
2025-10-04,15:21:35,31.8,63.8
2025-10-04,15:21:36,31.8,63.8
2025-10-04,15:21:37,31.8,63.7
2025-10-04,15:21:38,31.8,63.7
2025-10-04,15:21:39,31.8,63.9
2025-10-04,15:21:40,31.8,63.9
2025-10-04,15:21:41,31.8,63.8
2025-10-04,15:21:42,31.8,63.8
2025-10-04,15:21:43,31.8,63.9
2025-10-04,15:21:44,31.8,63.9
2025-10-04,15:21:45,31.8,63.8
2025-10-04,15:21:46,31.8,63.8
2025-10-04,15:21:47,31.8,63.8
2025-10-04,15:21:48,31.8,63.8
2025-10-04,15:21:49,31.8,63.8
2025-10-04,15:21:50,31.8,63.8
2025-10-04,15:21:51,31.8,63.8
2025-10-04,15:21:52,31.8,63.8
2025-10-04,15:21:53,31.8,63.7
2025-10-04,15:21:54,31.8,63.7
2025-10-04,15:21:57,31.8,63.8
2025-10-04,15:21:57,31.8,63.8
2025-10-04,15:21:58,31.8,63.8
2025-10-04,15:21:59,31.8,63.8
2025-10-04,15:22:00,31.8,63.8
2025-10-04,15:22:01,31.8,63.8
2025-10-04,15:22:02,31.8,63.8
2025-10-04,15:22:03,31.8,63.9
2025-10-04,15:22:04,31.8,63.9
2025-10-04,15:22:05,31.8,63.7
2025-10-04,15:22:06,31.8,63.7
2025-10-04,15:22:07,31.8,63.7
2025-10-04,15:22:08,31.8,63.7
2025-10-04,15:22:09,31.8,63.7
2025-10-04,15:22:10,31.8,63.7
2025-10-04,15:22:11,31.8,63.8
2025-10-04,15:22:12,31.8,63.8
2025-10-04,15:22:13,31.8,63.7
2025-10-04,15:22:16,31.8,63.7
2025-10-04,15:22:16,31.8,63.7
2025-10-04,15:22:17,31.8,63.7
2025-10-04,15:22:18,31.8,63.7
2025-10-04,15:22:19,31.8,63.7
2025-10-04,15:22:20,31.8,63.7
2025-10-04,15:22:21,31.8,63.7
2025-10-04,15:22:22,31.8,63.7
2025-10-04,15:22:23,31.8,63.9
2025-10-04,15:22:24,31.8,63.9
2025-10-04,15:22:25,31.8,63.8
2025-10-04,15:22:26,31.8,63.8
2025-10-04,15:22:27,31.8,63.8
2025-10-04,15:22:28,31.8,63.8
2025-10-04,15:22:29,31.8,63.7
2025-10-04,15:22:30,31.8,63.7
2025-10-04,15:22:31,31.8,63.8
2025-10-04,15:22:32,31.8,63.8
2025-10-04,15:22:33,31.8,63.8
2025-10-04,15:22:34,31.8,63.8
2025-10-04,15:22:35,31.8,63.7
2025-10-04,15:22:36,31.8,63.7
2025-10-04,15:22:37,31.8,63.8
2025-10-04,15:22:38,31.8,63.8
2025-10-04,15:22:39,31.8,63.7
2025-10-04,15:22:40,31.8,63.7
2025-10-04,15:22:41,31.8,63.8
2025-10-04,15:22:42,31.8,63.8
2025-10-04,15:22:43,31.8,63.7
2025-10-04,15:22:44,31.8,63.7
2025-10-04,15:22:45,31.8,63.7
2025-10-04,15:22:46,31.8,63.7
2025-10-04,15:22:47,31.8,63.7
2025-10-04,15:22:48,31.8,63.7
2025-10-04,15:22:49,31.8,63.7
2025-10-04,15:22:50,31.8,63.7
2025-10-04,15:22:51,31.8,63.8
2025-10-04,15:22:52,31.8,63.8
2025-10-04,15:22:53,31.8,63.8
2025-10-04,15:22:54,31.8,63.8
2025-10-04,15:22:55,31.8,63.7
2025-10-04,15:22:56,31.8,63.7
2025-10-04,15:22:57,31.8,63.7
2025-10-04,15:22:58,31.8,63.7
2025-10-04,15:22:59,31.8,63.7
2025-10-04,15:23:00,31.8,63.7
2025-10-04,15:23:01,31.8,63.7
2025-10-04,15:23:02,31.8,63.7
2025-10-04,15:23:03,31.8,63.7
2025-10-04,15:23:04,31.8,63.7
2025-10-04,15:23:05,31.8,63.9
2025-10-04,15:23:06,31.8,63.9
2025-10-04,15:23:07,31.8,63.8
2025-10-04,15:23:08,31.8,63.8
2025-10-04,15:23:09,31.8,63.8
2025-10-04,15:23:10,31.8,63.8
2025-10-04,15:23:11,31.8,63.8
2025-10-04,15:23:12,31.8,63.8
2025-10-04,15:23:13,31.8,63.7
2025-10-04,15:23:14,31.8,63.7
2025-10-04,15:23:15,31.8,63.7
2025-10-04,15:23:16,31.8,63.7
2025-10-04,15:23:17,31.8,63.8
2025-10-04,15:23:18,31.8,63.8
2025-10-04,15:23:19,31.8,63.7
2025-10-04,15:23:20,31.8,63.7
2025-10-04,15:23:21,31.8,63.8
2025-10-04,15:23:22,31.8,63.8
2025-10-04,15:23:23,31.8,63.8
2025-10-04,15:23:24,31.8,63.8
2025-10-04,15:23:25,31.8,63.7
2025-10-04,15:23:26,31.8,63.7
2025-10-04,15:23:27,31.8,63.7
2025-10-04,15:23:28,31.8,63.7
2025-10-04,15:23:29,31.8,63.8
2025-10-04,15:23:30,31.8,63.8
2025-10-04,15:23:31,31.8,63.8
2025-10-04,15:23:32,31.8,63.8
2025-10-04,15:23:33,31.8,63.7
2025-10-04,15:23:34,31.8,63.7
2025-10-04,15:23:35,31.8,63.7
2025-10-04,15:23:36,31.8,63.7
2025-10-04,15:23:37,31.8,63.6
2025-10-04,15:23:38,31.8,63.6
2025-10-04,15:23:39,31.8,63.8
2025-10-04,15:23:40,31.8,63.8
2025-10-04,15:23:41,31.8,63.8
2025-10-04,15:23:42,31.8,63.8
2025-10-04,15:23:43,31.8,63.7
2025-10-04,15:23:44,31.8,63.7
2025-10-04,15:23:45,31.8,63.7
2025-10-04,15:23:46,31.8,63.7
2025-10-04,15:23:47,31.8,63.8
2025-10-04,15:23:48,31.8,63.8
2025-10-04,15:23:49,31.8,63.7
2025-10-04,15:23:50,31.8,63.7
2025-10-04,15:23:51,31.8,63.7
2025-10-04,15:23:52,31.8,63.7
2025-10-04,15:23:53,31.8,63.8
2025-10-04,15:23:54,31.8,63.8
2025-10-04,15:23:55,31.8,63.8
2025-10-04,15:23:56,31.8,63.8
2025-10-04,15:23:57,31.8,63.7
2025-10-04,15:23:58,31.8,63.7
2025-10-04,15:23:59,31.8,63.7
2025-10-04,15:24:00,31.8,63.7
2025-10-04,15:24:01,31.8,63.7
2025-10-04,15:24:02,31.8,63.7
2025-10-04,15:24:03,31.8,63.7
2025-10-04,15:24:04,31.8,63.7
2025-10-04,15:24:05,31.8,63.7
2025-10-04,15:24:06,31.8,63.7
2025-10-04,15:24:07,31.8,63.8
2025-10-04,15:24:08,31.8,63.8
2025-10-04,15:24:09,31.8,63.8
2025-10-04,15:24:10,31.8,63.8
2025-10-04,15:24:11,31.8,63.7
2025-10-04,15:24:12,31.8,63.7
2025-10-04,15:24:13,31.8,63.7
2025-10-04,15:24:14,31.8,63.7
2025-10-04,15:24:15,31.8,63.7
2025-10-04,15:24:16,31.8,63.7
2025-10-04,15:24:17,31.8,63.7
2025-10-04,15:24:18,31.8,63.7
2025-10-04,15:24:19,31.8,63.7
2025-10-04,15:24:20,31.8,63.7
2025-10-04,15:24:21,31.8,63.7
2025-10-04,15:24:22,31.8,63.7
2025-10-04,15:24:23,31.8,63.7
2025-10-04,15:24:24,31.8,63.7
2025-10-04,15:24:25,31.8,63.7
2025-10-04,15:24:26,31.8,63.7
2025-10-04,15:24:27,31.8,63.7
2025-10-04,15:24:28,31.8,63.7
2025-10-04,15:24:29,31.8,63.7
2025-10-04,15:24:30,31.8,63.7
2025-10-04,15:24:31,31.8,63.7
2025-10-04,15:24:32,31.8,63.7
2025-10-04,15:24:33,31.8,63.7
2025-10-04,15:24:34,31.8,63.7
2025-10-04,15:24:35,31.8,63.8
2025-10-04,15:24:36,31.8,63.8
2025-10-04,15:24:37,31.8,63.7
2025-10-04,15:24:38,31.8,63.7
2025-10-04,15:24:39,31.8,63.7
2025-10-04,15:24:40,31.8,63.7
2025-10-04,15:24:41,31.8,63.7
2025-10-04,15:24:42,31.8,63.7
2025-10-04,15:24:43,31.8,63.6
2025-10-04,15:24:44,31.8,63.6
2025-10-04,15:24:45,31.8,63.7
2025-10-04,15:24:46,31.8,63.7
2025-10-04,15:24:47,31.8,63.7
2025-10-04,15:24:48,31.8,63.7
2025-10-04,15:24:49,31.8,63.7
2025-10-04,15:24:50,31.8,63.7
2025-10-04,15:24:51,31.8,63.7
2025-10-04,15:24:52,31.8,63.7
2025-10-04,15:24:54,31.8,63.7
2025-10-04,15:24:55,31.8,63.7
2025-10-04,15:24:56,31.8,63.7
2025-10-04,15:24:57,31.8,63.7
2025-10-04,15:24:58,31.8,63.7
2025-10-04,15:24:59,31.8,63.7
2025-10-04,15:25:00,31.8,63.7
2025-10-04,15:25:01,31.8,63.7
2025-10-04,15:25:02,31.8,63.8
2025-10-04,15:25:03,31.8,63.8
2025-10-04,15:25:04,31.8,63.7
2025-10-04,15:25:05,31.8,63.7
2025-10-04,15:25:06,31.8,63.7
2025-10-04,15:25:07,31.8,63.7
2025-10-04,15:25:08,31.8,63.7
2025-10-04,15:25:09,31.8,63.7
2025-10-04,15:25:10,31.8,63.8
2025-10-04,15:25:11,31.8,63.8
2025-10-04,15:25:12,31.8,63.7
2025-10-04,15:25:13,31.8,63.7
2025-10-04,15:25:14,31.8,63.7
2025-10-04,15:25:15,31.8,63.7
2025-10-04,15:25:16,31.8,63.9
2025-10-04,15:25:17,31.8,63.9
2025-10-04,15:25:18,31.8,63.7
2025-10-04,15:25:19,31.8,63.7
2025-10-04,15:25:20,31.8,63.7
2025-10-04,15:25:21,31.8,63.7
2025-10-04,15:25:22,31.8,63.7
2025-10-04,15:25:23,31.8,63.7
2025-10-04,15:25:24,31.8,63.8
2025-10-04,15:25:25,31.8,63.8
2025-10-04,15:25:26,31.8,63.8
2025-10-04,15:25:27,31.8,63.8
2025-10-04,15:25:28,31.8,63.8
2025-10-04,15:25:29,31.8,63.8
2025-10-04,15:25:30,31.8,63.7
2025-10-04,15:25:31,31.8,63.7
2025-10-04,15:25:32,31.8,63.8
2025-10-04,15:25:33,31.8,63.8
2025-10-04,15:25:34,31.8,63.7
2025-10-04,15:25:35,31.8,63.7
2025-10-04,15:25:36,31.8,63.8
2025-10-04,15:25:37,31.8,63.8
2025-10-04,15:25:38,31.8,63.7
2025-10-04,15:25:39,31.8,63.7
2025-10-04,15:25:40,31.8,63.7
2025-10-04,15:25:41,31.8,63.7
2025-10-04,15:25:42,31.8,63.8
2025-10-04,15:25:43,31.8,63.8
2025-10-04,15:25:44,31.8,63.7
2025-10-04,15:25:45,31.8,63.7
2025-10-04,15:25:46,31.8,63.7
2025-10-04,15:25:47,31.8,63.7
2025-10-04,15:25:48,31.8,63.7
2025-10-04,15:25:49,31.8,63.7
2025-10-04,15:25:50,31.8,63.8
2025-10-04,15:25:51,31.8,63.8
2025-10-04,15:25:52,31.8,63.7
2025-10-04,15:25:53,31.8,63.7
2025-10-04,15:25:54,31.8,63.7
2025-10-04,15:25:55,31.8,63.7
2025-10-04,15:25:56,31.8,63.7
2025-10-04,15:25:57,31.8,63.7
2025-10-04,15:25:58,31.8,63.7
2025-10-04,15:25:59,31.8,63.7
2025-10-04,15:26:00,31.8,63.8
2025-10-04,15:26:01,31.8,63.8
2025-10-04,15:26:02,31.8,63.7
2025-10-04,15:26:03,31.8,63.7
2025-10-04,15:26:04,31.8,63.8
2025-10-04,15:26:05,31.8,63.8
2025-10-04,15:26:06,31.8,63.7
2025-10-04,15:26:07,31.8,63.7
2025-10-04,15:26:08,31.8,63.8
2025-10-04,15:26:09,31.8,63.8
2025-10-04,15:26:10,31.8,63.7
2025-10-04,15:26:11,31.8,63.7
2025-10-04,15:26:12,31.8,63.7
2025-10-04,15:26:13,31.8,63.7
2025-10-04,15:26:14,31.8,63.8
2025-10-04,15:26:15,31.8,63.8
2025-10-04,15:26:16,31.8,63.7
2025-10-04,15:26:17,31.8,63.7
2025-10-04,15:26:18,31.8,63.8
2025-10-04,15:26:19,31.8,63.8
2025-10-04,15:26:20,31.8,63.8
2025-10-04,15:26:21,31.8,63.8
2025-10-04,15:26:22,31.8,63.7
2025-10-04,15:26:23,31.8,63.7
2025-10-04,15:26:24,31.8,63.7
2025-10-04,15:26:25,31.8,63.7
2025-10-04,15:26:26,31.8,63.7
2025-10-04,15:26:27,31.8,63.7
2025-10-04,15:26:28,31.8,63.7
2025-10-04,15:26:29,31.8,63.7
2025-10-04,15:26:30,31.8,63.7
2025-10-04,15:26:31,31.8,63.7
2025-10-04,15:26:32,31.8,63.7
2025-10-04,15:26:33,31.8,63.7
2025-10-04,15:26:34,31.8,63.8
2025-10-04,15:26:35,31.8,63.8
2025-10-04,15:26:36,31.8,63.7
2025-10-04,15:26:37,31.8,63.7
2025-10-04,15:26:38,31.8,63.7
2025-10-04,15:26:39,31.8,63.7
2025-10-04,15:26:40,31.8,63.8
2025-10-04,15:26:41,31.8,63.8
2025-10-04,15:26:42,31.8,63.7
2025-10-04,15:26:43,31.8,63.7
2025-10-04,15:26:44,31.8,63.6
2025-10-04,15:26:45,31.8,63.6
2025-10-04,15:26:46,31.8,63.7
2025-10-04,15:26:47,31.8,63.7
2025-10-04,15:26:48,31.8,63.9
2025-10-04,15:26:49,31.8,63.9
2025-10-04,15:26:50,31.8,63.8
2025-10-04,15:26:51,31.8,63.8
2025-10-04,15:26:52,31.8,63.8
2025-10-04,15:26:53,31.8,63.8
2025-10-04,15:26:54,31.8,63.8
2025-10-04,15:26:55,31.8,63.8
2025-10-04,15:26:56,31.8,63.9
2025-10-04,15:26:57,31.8,63.9
2025-10-04,15:26:58,31.8,63.8
2025-10-04,15:26:59,31.8,63.8
2025-10-04,15:27:00,31.8,63.8
2025-10-04,15:27:01,31.8,63.8
2025-10-04,15:27:02,31.8,63.7
2025-10-04,15:27:03,31.8,63.7
2025-10-04,15:27:04,31.8,63.7
2025-10-04,15:27:05,31.8,63.7
2025-10-04,15:27:06,31.8,63.8
2025-10-04,15:27:07,31.8,63.8
2025-10-04,15:27:08,31.8,63.7
2025-10-04,15:27:09,31.8,63.7
2025-10-04,15:27:10,31.8,63.9
2025-10-04,15:27:11,31.8,63.9
2025-10-04,15:27:12,31.8,63.8
2025-10-04,15:27:13,31.8,63.8
2025-10-04,15:27:14,31.8,63.9
2025-10-04,15:27:15,31.8,63.9
2025-10-04,15:27:16,31.8,63.7
2025-10-04,15:27:17,31.8,63.7
2025-10-04,15:27:18,31.8,63.7
2025-10-04,15:27:19,31.8,63.7
2025-10-04,15:27:20,31.8,63.7
2025-10-04,15:27:21,31.8,63.7
2025-10-04,15:27:22,31.8,63.9
2025-10-04,15:27:23,31.8,63.9
2025-10-04,15:27:24,31.8,63.8
2025-10-04,15:27:25,31.8,63.8
2025-10-04,15:27:26,31.8,63.7
2025-10-04,15:27:27,31.8,63.7
2025-10-04,15:27:28,31.8,63.8
2025-10-04,15:27:29,31.8,63.8
2025-10-04,15:27:32,31.8,63.8
2025-10-04,15:27:32,31.8,63.7
2025-10-04,15:27:33,31.8,63.7
2025-10-04,15:27:34,31.8,63.7
2025-10-04,15:27:35,31.8,63.7
2025-10-04,15:27:36,31.8,63.7
2025-10-04,15:27:37,31.8,63.7
2025-10-04,15:27:38,31.8,63.8
2025-10-04,15:27:39,31.8,63.8
2025-10-04,15:27:40,31.8,63.7
2025-10-04,15:27:41,31.8,63.7
2025-10-04,15:27:42,31.8,63.7
2025-10-04,15:27:43,31.8,63.7
2025-10-04,15:27:44,31.8,63.6
2025-10-04,15:27:45,31.8,63.6
2025-10-04,15:27:46,31.8,63.7
2025-10-04,15:27:47,31.8,63.7
2025-10-04,15:27:48,31.8,63.8
2025-10-04,15:27:49,31.8,63.8
2025-10-04,15:27:50,31.8,63.7
2025-10-04,15:27:51,31.8,63.7
2025-10-04,15:27:52,31.8,63.7
2025-10-04,15:27:53,31.8,63.7
2025-10-04,15:27:54,31.8,63.8
2025-10-04,15:27:55,31.8,63.8
2025-10-04,15:27:56,31.8,63.7
2025-10-04,15:27:57,31.8,63.7
2025-10-04,15:27:58,31.8,63.8
2025-10-04,15:27:59,31.8,63.8
2025-10-04,15:28:00,31.8,63.7
2025-10-04,15:28:01,31.8,63.7
2025-10-04,15:28:02,31.8,63.7
2025-10-04,15:28:03,31.8,63.7
2025-10-04,15:28:04,31.8,63.7
2025-10-04,15:28:05,31.8,63.7
2025-10-04,15:28:06,31.8,63.8
2025-10-04,15:28:07,31.8,63.8
2025-10-04,15:28:08,31.8,63.9
2025-10-04,15:28:09,31.8,63.9
2025-10-04,15:28:10,31.8,63.7
2025-10-04,15:28:11,31.8,63.7
2025-10-04,15:28:12,31.8,63.8
2025-10-04,15:28:13,31.8,63.8
2025-10-04,15:28:14,31.8,63.7
2025-10-04,15:28:15,31.8,63.7
2025-10-04,15:28:16,31.8,63.9
2025-10-04,15:28:17,31.8,63.9
2025-10-04,15:28:18,31.8,63.7
2025-10-04,15:28:19,31.8,63.7
2025-10-04,15:28:20,31.8,63.7
2025-10-04,15:28:21,31.8,63.7
2025-10-04,15:28:22,31.8,63.7
2025-10-04,15:28:23,31.8,63.7
2025-10-04,15:28:24,31.8,63.7
2025-10-04,15:28:25,31.8,63.7
2025-10-04,15:28:26,31.8,63.7
2025-10-04,15:28:27,31.8,63.7
2025-10-04,15:28:28,31.8,63.8
2025-10-04,15:28:29,31.8,63.8
2025-10-04,15:28:30,31.8,63.8
2025-10-04,15:28:31,31.8,63.8
2025-10-04,15:28:32,31.8,63.7
2025-10-04,15:28:33,31.8,63.7
2025-10-04,15:28:34,31.8,63.7
2025-10-04,15:28:35,31.8,63.7
2025-10-04,15:28:36,31.8,63.8
2025-10-04,15:28:37,31.8,63.8
2025-10-04,15:28:38,31.8,63.7
2025-10-04,15:28:39,31.8,63.7
2025-10-04,15:28:40,31.8,63.7
2025-10-04,15:28:41,31.8,63.7
2025-10-04,15:28:42,31.8,63.8
2025-10-04,15:28:43,31.8,63.8
2025-10-04,15:28:44,31.8,63.7
2025-10-04,15:28:45,31.8,63.7
2025-10-04,15:28:46,31.8,63.7
2025-10-04,15:28:47,31.8,63.7
2025-10-04,15:28:48,31.8,63.8
2025-10-04,15:28:49,31.8,63.8
2025-10-04,15:28:50,31.8,63.7
2025-10-04,15:28:51,31.8,63.7
2025-10-04,15:28:52,31.8,63.8
2025-10-04,15:28:53,31.8,63.8
2025-10-04,15:28:54,31.8,63.7
2025-10-04,15:28:55,31.8,63.7
2025-10-04,15:28:56,31.8,63.7
2025-10-04,15:28:57,31.8,63.7
2025-10-04,15:28:58,31.8,63.7
2025-10-04,15:28:59,31.8,63.7
2025-10-04,15:29:00,31.8,63.7
2025-10-04,15:29:01,31.8,63.7
2025-10-04,15:29:02,31.8,63.7
