Date,Time,PC0.1_calibrated,PC0.1,PC0.3,PC0.5,PC1.0,PC2.5,PC5.0,PC10,PM0.1,PM0.3,PM0.5,PM1.0,PM2.5,PM5.0,PM10
2025/10/21,14:22:03,232.080000,23208,9283,3908,164,8,0,0,0.02123793,0.25060656,0.69769829,0.84819650,0.87767346,0.88420047,0.88420047
2025/10/21,14:22:04,229.160000,22916,9166,3634,163,6,0,0,0.02097141,0.24746149,0.66323993,0.81309208,0.83759297,0.83759297,0.83759297
2025/10/21,14:22:05,228.280000,22828,9131,3561,165,6,0,0,0.02089036,0.24650529,0.65386161,0.80526486,0.82976575,0.82976575,0.82976575
2025/10/21,14:22:06,227.300000,22730,9092,3477,166,6,0,0,0.02080052,0.24544518,0.64319176,0.79598414,0.82048503,0.82048503,0.82048503
2025/10/21,14:22:07,225.800000,22580,9032,3331,167,6,0,0,0.02066366,0.24383023,0.62494659,0.77867696,0.80317785,0.80317785,0.80317785
2025/10/21,14:22:08,224.040000,22404,8961,3202,169,6,0,0,0.02050217,0.24192453,0.60824869,0.76317418,0.78767507,0.78767507,0.78767507
2025/10/21,14:22:09,223.580000,22358,8943,3297,174,7,0,0,0.02046016,0.24142878,0.61855021,0.77845296,0.80588818,0.80913622,0.80913622
2025/10/21,14:22:10,223.800000,22380,8952,3513,180,8,0,0,0.02048036,0.24166713,0.64351776,0.80891389,0.83839085,0.84491786,0.84491786
2025/10/21,14:22:11,224.040000,22404,8961,3719,182,8,0,0,0.02050217,0.24192453,0.66742172,0.83459498,0.86483805,0.87136506,0.87136506
2025/10/21,14:22:12,224.930000,22493,8997,4024,185,8,0,0,0.02058416,0.24289214,0.70326541,0.87328282,0.90339941,0.90992642,0.90992642
2025/10/21,14:22:13,227.340000,22734,9093,4629,193,8,0,0,0.02080408,0.24548714,0.77496631,0.95160908,0.98108604,0.98761305,0.98761305
2025/10/21,14:22:14,229.970000,22997,9198,5263,200,8,0,0,0.02104467,0.24832616,0.85036491,1.03343813,1.06240556,1.07221154,1.07221154
2025/10/21,14:22:15,232.560000,23256,9302,5834,207,7,0,0,0.02128220,0.25112897,0.91849682,1.10803343,1.13649133,1.14741093,1.14741093
2025/10/21,14:22:16,235.240000,23524,9409,6389,214,7,0,0,0.02152726,0.25402048,0.98487541,1.18094038,1.20901523,1.21993483,1.21993483
2025/10/21,14:22:17,237.530000,23753,9501,6876,219,7,0,0,0.02173716,0.25649723,1.04307151,1.24427479,1.27209306,1.28301266,1.28301266
2025/10/21,14:22:18,239.240000,23924,9569,7209,222,7,0,0,0.02189341,0.25834100,1.08303091,1.28672237,1.31403111,1.32495071,1.32495071
2025/10/21,14:22:19,240.850000,24085,9634,7528,225,7,0,0,0.02204109,0.26008368,1.12116044,1.32753407,1.35471633,1.36563593,1.36563593
2025/10/21,14:22:20,242.110000,24211,9684,7758,227,7,0,0,0.02215637,0.26144408,1.14886580,1.35727554,1.38407475,1.39715971,1.39715971
2025/10/21,14:22:21,242.140000,24214,9685,7664,226,7,0,0,0.02215895,0.26147458,1.13820804,1.34522773,1.37227990,1.38319950,1.38319950
2025/10/21,14:22:22,242.170000,24217,9686,7544,224,7,0,0,0.02216138,0.26150320,1.12441386,1.33004442,1.35735316,1.36827276,1.36827276
2025/10/21,14:22:23,242.360000,24236,9694,7468,223,7,0,0,0.02217931,0.26171484,1.11598926,1.32087676,1.34818550,1.35910510,1.35910510
2025/10/21,14:22:24,242.410000,24241,9696,7363,221,7,0,0,0.02218345,0.26176348,1.10405300,1.30719539,1.33450413,1.34542373,1.34542373
2025/10/21,14:22:25,242.320000,24232,9693,7178,219,7,0,0,0.02217569,0.26167194,1.08279917,1.28335639,1.31104818,1.32196778,1.32196778
2025/10/21,14:22:26,242.660000,24266,9706,7048,217,7,0,0,0.02220672,0.26203803,1.06826394,1.26691408,1.29473235,1.30565195,1.30565195
2025/10/21,14:22:27,242.880000,24288,9715,6886,214,7,0,0,0.02222675,0.26227445,1.04992725,1.24599222,1.27419355,1.28183417,1.28183417
2025/10/21,14:22:28,243.350000,24335,9734,6787,216,7,0,0,0.02226990,0.26278353,1.03920681,1.23737195,1.26557328,1.27210029,1.27210029
2025/10/21,14:22:29,243.950000,24395,9758,6750,222,7,0,0,0.02232451,0.26342799,1.03553320,1.23932166,1.26752299,1.27405000,1.27405000
2025/10/21,14:22:30,245.230000,24523,9809,6853,230,7,0,0,0.02244156,0.26480936,1.04868124,1.25919115,1.28739248,1.29611578,1.29611578
2025/10/21,14:22:31,246.540000,24654,9861,6957,236,7,0,0,0.02256155,0.26622507,1.06208185,1.27895814,1.30677641,1.31769601,1.31769601
2025/10/21,14:22:32,247.840000,24784,9913,7049,243,7,0,0,0.02268064,0.26763030,1.07396122,1.29681681,1.32463508,1.33555468,1.33555468
2025/10/21,14:22:33,248.990000,24899,9959,7152,250,7,0,0,0.02278599,0.26887346,1.08697516,1.31635820,1.34417647,1.35509607,1.35509607
2025/10/21,14:22:34,249.680000,24968,9987,7201,256,7,0,0,0.02284917,0.26961897,1.09333537,1.32843873,1.35625700,1.36717660,1.36717660
2025/10/21,14:22:35,250.850000,25085,10034,7349,264,7,0,0,0.02295598,0.27087928,1.11154902,1.35392381,1.38123255,1.39215215,1.39215215
2025/10/21,14:22:36,251.710000,25171,10068,7428,267,7,0,0,0.02303419,0.27180210,1.12154033,1.36611229,1.39342103,1.40434063,1.40434063
2025/10/21,14:22:37,252.760000,25276,10110,7546,269,7,0,0,0.02313055,0.27293942,1.13617721,1.38288228,1.41019102,1.42111062,1.42111062
2025/10/21,14:22:38,253.580000,25358,10143,7571,271,7,0,0,0.02320553,0.27382412,1.13986932,1.38857755,1.41588629,1.42680589,1.42680589
2025/10/21,14:22:39,254.260000,25426,10170,7559,273,7,0,0,0.02326800,0.27456107,1.13920062,1.38965396,1.41696270,1.42788230,1.42788230
2025/10/21,14:22:40,254.870000,25487,10194,7534,275,7,0,0,0.02332348,0.27521598,1.13704812,1.38879450,1.41610324,1.42702284,1.42702284
2025/10/21,14:22:41,255.370000,25537,10214,7494,275,7,0,0,0.02336915,0.27575464,1.13294548,1.38543493,1.41261719,1.42353679,1.42353679
2025/10/21,14:22:42,256.620000,25662,10264,7677,278,7,0,0,0.02348371,0.27710647,1.15524558,1.41048217,1.43728138,1.44820098,1.44820098
2025/10/21,14:22:43,257.540000,25754,10301,7793,280,7,0,0,0.02356844,0.27810649,1.16952314,1.42614978,1.45294899,1.46386859,1.46386859
2025/10/21,14:22:44,258.670000,25867,10346,7967,282,7,0,0,0.02367137,0.27932105,1.19071647,1.44954028,1.47633949,1.48725909,1.48725909
2025/10/21,14:22:45,259.620000,25962,10384,8155,283,7,0,0,0.02375814,0.28034493,1.21322588,1.47224369,1.49904290,1.50996250,1.50996250
2025/10/21,14:22:46,259.960000,25996,10398,8287,281,7,0,0,0.02378965,0.28071674,1.22871714,1.48608684,1.51288605,1.52380565,1.52380565
2025/10/21,14:22:47,260.560000,26056,10422,8573,280,7,0,0,0.02384420,0.28136027,1.26196660,1.51898033,1.54539649,1.55631609,1.55631609
2025/10/21,14:22:48,261.170000,26117,10446,8841,280,7,0,0,0.02389995,0.28201808,1.29329155,1.55001427,1.57643043,1.59062900,1.59062900
2025/10/21,14:22:49,261.290000,26129,10451,8960,279,6,0,0,0.02391126,0.28215154,1.30710632,1.56298898,1.58761635,1.60181492,1.60181492
2025/10/21,14:22:50,260.510000,26051,10420,8886,276,6,0,0,0.02383990,0.28130972,1.29776564,1.55090207,1.57310465,1.58838590,1.58838590
2025/10/21,14:22:51,259.420000,25942,10376,8709,272,5,0,0,0.02373998,0.28013047,1.27639350,1.52594271,1.54585059,1.56441082,1.56441082
2025/10/21,14:22:52,258.200000,25820,10328,8549,270,5,0,0,0.02362817,0.27881105,1.25671909,1.50442620,1.52254530,1.54110553,1.54110553
2025/10/21,14:22:53,256.990000,25699,10279,8384,274,4,0,0,0.02351771,0.27750782,1.23651961,1.48726395,1.50385084,1.52241107,1.52241107
2025/10/21,14:22:54,255.780000,25578,10231,8189,277,6,0,0,0.02340728,0.27620463,1.21297150,1.46694799,1.48902409,1.51086329,1.51086329
2025/10/21,14:22:55,254.600000,25460,10184,7909,281,7,0,0,0.02329870,0.27492334,1.17962154,1.43679724,1.46410598,1.48702786,1.48702786
2025/10/21,14:22:56,253.960000,25396,10158,7762,286,9,0,0,0.02324053,0.27423693,1.16209079,1.42459881,1.45828935,1.48121123,1.48121123
2025/10/21,14:22:57,253.540000,25354,10141,7670,292,9,0,0,0.02320246,0.27378790,1.15116762,1.41849092,1.45269099,1.47561287,1.47561287
2025/10/21,14:22:58,253.850000,25385,10154,7740,297,8,0,0,0.02323025,0.27411584,1.15948554,1.43214116,1.46455245,1.48747433,1.48747433
2025/10/21,14:22:59,254.790000,25479,10191,7982,305,8,0,0,0.02331638,0.27513211,1.18814742,1.46742749,1.49869323,1.52161511,1.52161511
2025/10/21,14:23:00,255.440000,25544,10217,8094,308,8,0,0,0.02337545,0.27582901,1.20169361,1.48426989,1.51425638,1.53717826,1.53717826
2025/10/21,14:23:01,255.690000,25569,10227,8079,304,7,0,0,0.02339894,0.27610640,1.20024211,1.47913418,1.50618635,1.52474658,1.52474658
2025/10/21,14:23:02,256.420000,25642,10256,8241,302,7,0,0,0.02346529,0.27688912,1.21959794,1.49684190,1.52236186,1.54092209,1.54092209
2025/10/21,14:23:03,256.990000,25699,10279,8408,300,6,0,0,0.02351780,0.27750878,1.23932798,1.51427777,1.53826913,1.55682936,1.55682936
2025/10/21,14:23:04,257.200000,25720,10288,8483,295,5,0,0,0.02353710,0.27773661,1.24808693,1.51890045,1.54021045,1.55768800,1.55768800
2025/10/21,14:23:05,257.450000,25745,10298,8556,291,5,0,0,0.02355998,0.27800642,1.25666984,1.52379914,1.54242777,1.55662634,1.55662634
2025/10/21,14:23:06,257.540000,25754,10301,8568,288,4,0,0,0.02356828,0.27810460,1.25817378,1.52207093,1.53891439,1.55311296,1.55311296
2025/10/21,14:23:07,257.690000,25769,10307,8554,285,4,0,0,0.02358186,0.27826477,1.25671407,1.51822005,1.53455398,1.54875255,1.54875255
2025/10/21,14:23:08,258.070000,25807,10323,8596,284,4,0,0,0.02361676,0.27867662,1.26198535,1.52229529,1.53901227,1.55321084,1.55321084
2025/10/21,14:23:09,258.610000,25861,10344,8666,283,4,0,0,0.02366572,0.27925432,1.27055291,1.52995872,1.54718523,1.56138380,1.56138380
2025/10/21,14:23:10,259.450000,25945,10378,8738,286,4,0,0,0.02374241,0.28015906,1.27966175,1.54191080,1.55926379,1.57346236,1.57346236
2025/10/21,14:23:11,260.530000,26053,10421,8819,293,4,0,0,0.02384146,0.28132786,1.29011705,1.55879746,1.57640702,1.59060559,1.59060559
2025/10/21,14:23:12,261.690000,26169,10467,8923,300,4,0,0,0.02394752,0.28257957,1.30324866,1.57845651,1.59606607,1.61026464,1.61026464
2025/10/21,14:23:13,263.300000,26330,10532,9045,308,4,0,0,0.02409472,0.28431654,1.31898607,1.60156235,1.61917191,1.63337048,1.63337048
2025/10/21,14:23:14,265.000000,26500,10600,9194,317,4,0,0,0.02425113,0.28616221,1.33780533,1.62820210,1.64581166,1.66001023,1.66001023
2025/10/21,14:23:15,266.200000,26620,10648,9274,323,4,0,0,0.02436036,0.28745111,1.34823936,1.64435645,1.66234907,1.67654764,1.67654764
2025/10/21,14:23:16,267.090000,26709,10683,9310,328,5,0,0,0.02444190,0.28841306,1.35337399,1.65372436,1.67197355,1.68617212,1.68617212
2025/10/21,14:23:17,268.340000,26834,10733,9367,333,5,0,0,0.02455679,0.28976870,1.36124120,1.66656883,1.68519746,1.69828242,1.69828242
2025/10/21,14:23:18,269.270000,26927,10770,9376,334,5,0,0,0.02464136,0.29076684,1.36332587,1.66910556,1.68811724,1.69903684,1.69903684
2025/10/21,14:23:19,270.050000,27005,10802,9366,330,5,0,0,0.02471255,0.29160673,1.36296611,1.66580557,1.68545688,1.69637648,1.69637648
2025/10/21,14:23:20,270.590000,27059,10823,9327,326,5,0,0,0.02476222,0.29219300,1.35909695,1.65815519,1.67831603,1.68923563,1.68923563
2025/10/21,14:23:21,270.530000,27053,10821,9201,321,5,0,0,0.02475666,0.29212726,1.34462665,1.63854657,1.65947351,1.67039311,1.67039311
2025/10/21,14:23:22,270.400000,27040,10816,9065,314,5,0,0,0.02474461,0.29198519,1.32894100,1.61639754,1.63796411,1.64449112,1.64449112
2025/10/21,14:23:23,270.440000,27044,10817,8959,311,6,0,0,0.02474891,0.29203575,1.31681690,1.60152629,1.62372887,1.63025588,1.63025588
2025/10/21,14:23:24,270.710000,27071,10828,8864,314,6,0,0,0.02477298,0.29231982,1.30629158,1.59423221,1.61681784,1.62334485,1.62334485
2025/10/21,14:23:25,270.330000,27033,10813,8641,316,6,0,0,0.02473889,0.29191753,1.28040883,1.56970747,1.59254968,1.59907669,1.59907669
2025/10/21,14:23:26,269.390000,26939,10775,8317,315,6,0,0,0.02465202,0.29089266,1.24223772,1.53108339,1.55456161,1.56108862,1.56108862
2025/10/21,14:23:27,268.120000,26812,10725,7948,313,6,0,0,0.02453665,0.28953130,1.19865657,1.48585413,1.50984549,1.51637250,1.51637250
2025/10/21,14:23:28,266.850000,26685,10674,7612,311,6,0,0,0.02441976,0.28815182,1.15883833,1.44419378,1.46882115,1.47534816,1.47534816
2025/10/21,14:23:29,266.010000,26601,10640,7390,311,6,0,0,0.02434356,0.28725283,1.13256388,1.41727327,1.44228370,1.44881071,1.44881071
2025/10/21,14:23:30,264.740000,26474,10589,7089,309,7,0,0,0.02422738,0.28588192,1.09674903,1.37987529,1.40539525,1.41192226,1.41192226
2025/10/21,14:23:31,263.110000,26311,10524,6731,303,7,0,0,0.02407792,0.28411826,1.05406233,1.33150029,1.35765987,1.36418688,1.36418688
2025/10/21,14:23:32,261.750000,26175,10470,6436,292,7,0,0,0.02395295,0.28264346,1.01889908,1.28612538,1.31279450,1.31932151,1.31932151
2025/10/21,14:23:33,262.130000,26213,10485,6537,286,7,0,0,0.02398834,0.28306102,1.03086929,1.29282733,1.31962654,1.32615355,1.32615355
2025/10/21,14:23:34,264.550000,26455,10582,7214,289,7,0,0,0.02420993,0.28567600,1.11090317,1.37544730,1.40198994,1.40851695,1.40851695
2025/10/21,14:23:35,267.700000,26770,10708,8027,293,7,0,0,0.02449739,0.28906799,1.20726575,1.47604316,1.50207626,1.50860327,1.50860327
2025/10/21,14:23:36,270.770000,27077,10830,8754,298,7,0,0,0.02477838,0.29238368,1.29372427,1.56673495,1.59225491,1.59989553,1.59989553
2025/10/21,14:23:37,273.180000,27318,10927,9119,301,6,0,0,0.02499910,0.29498820,1.33805971,1.61365557,1.63879248,1.64971208,1.64971208
2025/10/21,14:23:38,275.450000,27545,11018,9407,303,6,0,0,0.02520738,0.29744589,1.37349096,1.65157499,1.67645894,1.68737854,1.68737854
2025/10/21,14:23:39,277.770000,27777,11110,9699,306,6,0,0,0.02541922,0.29994557,1.40936808,1.69010225,1.71460314,1.72552274,1.72552274
2025/10/21,14:23:40,279.650000,27965,11186,9926,309,6,0,0,0.02559173,0.30198096,1.43734843,1.72011871,1.74461960,1.75553920,1.75553920
2025/10/21,14:23:41,280.380000,28038,11215,9988,307,6,0,0,0.02565846,0.30276839,1.44528158,1.72650076,1.75100165,1.76192125,1.76192125
2025/10/21,14:23:42,279.160000,27916,11166,9743,298,6,0,0,0.02554648,0.30144707,1.41595515,1.68886883,1.71400574,1.72492534,1.72492534
2025/10/21,14:23:43,277.200000,27720,11088,9415,287,7,0,0,0.02536719,0.29933161,1.37635019,1.63914921,1.66505222,1.67269284,1.67269284
2025/10/21,14:23:44,275.360000,27536,11014,9134,277,7,0,0,0.02519859,0.29734200,1.34212616,1.59561765,1.62216029,1.62868730,1.62868730
2025/10/21,14:23:45,274.340000,27434,10973,8997,271,7,0,0,0.02510504,0.29623805,1.32542213,1.57358130,1.60038051,1.60690752,1.60690752
2025/10/21,14:23:46,273.850000,27385,10954,8895,267,7,0,0,0.02506060,0.29571371,1.31324814,1.55772309,1.58490535,1.59143236,1.59143236
2025/10/21,14:23:47,273.350000,27335,10934,8695,263,7,0,0,0.02501471,0.29517221,1.28981546,1.53080020,1.55810894,1.56463595,1.56463595
2025/10/21,14:23:48,272.810000,27281,10912,8506,259,7,0,0,0.02496582,0.29459544,1.26764416,1.50513869,1.53257391,1.53910092,1.53910092
2025/10/21,14:23:49,272.030000,27203,10881,8309,255,7,0,0,0.02489433,0.29375174,1.24423230,1.47849559,1.50631386,1.51284087,1.51284087
2025/10/21,14:23:50,271.250000,27125,10850,8132,252,7,0,0,0.02482298,0.29290993,1.22309259,1.45422073,1.48203900,1.48856601,1.48856601
2025/10/21,14:23:51,271.130000,27113,10845,8102,250,7,0,0,0.02481183,0.29277838,1.21961237,1.44889841,1.47671668,1.48324369,1.48324369
2025/10/21,14:23:52,271.130000,27113,10845,8089,248,7,0,0,0.02481215,0.29278218,1.21810541,1.44545234,1.47327061,1.47979762,1.47979762
2025/10/21,14:23:53,270.740000,27074,10829,7983,244,7,0,0,0.02477563,0.29235128,1.20558060,1.42934032,1.45754165,1.46406866,1.46406866
2025/10/21,14:23:54,271.030000,27103,10841,8077,241,7,0,0,0.02480278,0.29267158,1.21658916,1.43769965,1.46590098,1.47242799,1.47242799
2025/10/21,14:23:55,271.930000,27193,10877,8339,240,7,0,0,0.02488512,0.29364305,1.24758139,1.46794790,1.49602275,1.50254976,1.50254976
2025/10/21,14:23:56,273.160000,27316,10926,8695,240,7,0,0,0.02499726,0.29496629,1.28960954,1.50978296,1.53760123,1.54412824,1.54412824
2025/10/21,14:23:57,274.020000,27402,10961,8933,239,7,0,0,0.02507618,0.29589768,1.31776642,1.53684080,1.56465907,1.57118608,1.57118608
2025/10/21,14:23:58,275.110000,27511,11004,9085,239,7,0,0,0.02517565,0.29707127,1.33631348,1.55503188,1.58285015,1.58937716,1.58937716
2025/10/21,14:23:59,276.590000,27659,11063,9277,239,7,0,0,0.02531161,0.29867570,1.35980732,1.57917270,1.60648144,1.61300845,1.61300845
2025/10/21,14:24:00,278.210000,27821,11128,9478,240,7,0,0,0.02546004,0.30042702,1.38458720,1.60505071,1.63235945,1.63888646,1.63888646
2025/10/21,14:24:01,279.430000,27943,11177,9593,241,7,0,0,0.02557169,0.30174451,1.39910948,1.61983196,1.64714070,1.65366771,1.65366771
2025/10/21,14:24:02,279.510000,27951,11180,9520,237,7,0,0,0.02557848,0.30182461,1.39084422,1.60862555,1.63606077,1.64258778,1.64258778
2025/10/21,14:24:03,279.200000,27920,11168,9368,233,7,0,0,0.02555036,0.30149283,1.37313897,1.58697803,1.61479630,1.62132331,1.62132331
2025/10/21,14:24:04,278.540000,27854,11141,9164,228,7,0,0,0.02548951,0.30077495,1.34904515,1.55800395,1.58620528,1.59273229,1.59273229
2025/10/21,14:24:05,278.590000,27859,11143,9062,225,7,0,0,0.02549461,0.30083503,1.33744758,1.54353021,1.57173154,1.57825855,1.57825855
2025/10/21,14:24:06,278.840000,27884,11153,8995,223,7,0,0,0.02551756,0.30110579,1.33000311,1.53453463,1.56286243,1.56938944,1.56938944
2025/10/21,14:24:07,278.300000,27830,11132,8777,220,7,0,0,0.02546795,0.30052042,1.30455930,1.50615059,1.53486145,1.54138846,1.54138846
2025/10/21,14:24:08,277.680000,27768,11107,8493,216,7,0,0,0.02541066,0.29984450,1.27138245,1.46983859,1.49854945,1.50507646,1.50507646
2025/10/21,14:24:09,277.080000,27708,11083,8241,213,7,0,0,0.02535646,0.29920483,1.24191365,1.43762264,1.46633350,1.47286051,1.47286051
2025/10/21,14:24:10,276.980000,27698,11079,8142,211,7,0,0,0.02534715,0.29909518,1.23046548,1.42439734,1.45310820,1.45963521,1.45963521
2025/10/21,14:24:11,277.190000,27719,11087,8153,211,7,0,0,0.02536599,0.29931731,1.23198425,1.42520507,1.45391593,1.46044294,1.46044294
2025/10/21,14:24:12,277.360000,27736,11094,8156,210,7,0,0,0.02538173,0.29950321,1.23249328,1.42487403,1.45358489,1.46011190,1.46011190
2025/10/21,14:24:13,276.810000,27681,11072,8006,207,7,0,0,0.02533180,0.29891404,1.21473664,1.40492023,1.43363109,1.44015810,1.44015810
2025/10/21,14:24:14,276.200000,27620,11048,7800,204,8,0,0,0.02527535,0.29824768,1.19052872,1.37728615,1.40638006,1.41290707,1.41290707
2025/10/21,14:24:15,275.610000,27561,11024,7590,200,8,0,0,0.02522144,0.29761178,1.16581401,1.34908123,1.37817514,1.38470215,1.38470215
2025/10/21,14:24:16,274.750000,27475,10990,7337,196,8,0,0,0.02514301,0.29668612,1.13595022,1.31533922,1.34481618,1.34806422,1.34806422
2025/10/21,14:24:17,273.970000,27397,10959,7154,192,8,0,0,0.02507182,0.29584620,1.11416602,1.29051779,1.32012485,1.32012485,1.32012485
2025/10/21,14:24:18,272.570000,27257,10903,6865,188,8,0,0,0.02494362,0.29433328,1.07961092,1.25211650,1.28185004,1.28185004,1.28185004
2025/10/21,14:24:19,270.620000,27062,10825,6477,183,8,0,0,0.02476545,0.29223115,1.03312796,1.20120626,1.23132285,1.23132285,1.23132285
2025/10/21,14:24:20,269.010000,26901,10760,6148,179,8,0,0,0.02461777,0.29048846,0.99381090,1.15784993,1.18821948,1.18821948,1.18821948
2025/10/21,14:24:21,268.210000,26821,10728,6021,177,8,0,0,0.02454425,0.28962091,0.97836517,1.14072406,1.17109361,1.17217629,1.17217629
2025/10/21,14:24:22,268.130000,26813,10725,6119,178,7,0,0,0.02453740,0.28953991,0.98951369,1.15326171,1.18095350,1.19515207,1.19515207
2025/10/21,14:24:23,268.550000,26855,10742,6455,182,6,0,0,0.02457559,0.28999082,1.02840747,1.19538765,1.21950549,1.24790264,1.24790264
2025/10/21,14:24:24,269.310000,26931,10772,6915,187,5,1,0,0.02464485,0.29080783,1.08180929,1.25321675,1.27376064,1.30871574,1.30871574
2025/10/21,14:24:25,270.180000,27018,10807,7339,191,4,1,0,0.02472506,0.29175449,1.13123671,1.30648944,1.32384243,1.36532454,1.36532454
2025/10/21,14:24:26,271.170000,27117,10847,7746,195,5,1,0,0.02481564,0.29282318,1.17884314,1.35787708,1.37842097,1.42537835,1.42537835
2025/10/21,14:24:27,272.140000,27214,10885,8113,199,7,1,0,0.02490387,0.29386423,1.22188586,1.40460402,1.43306192,1.48438096,1.48438096
2025/10/21,14:24:28,272.780000,27278,10911,8424,202,9,1,0,0.02496259,0.29455730,1.25821440,1.44396979,1.47893597,1.53353398,1.53353398
2025/10/21,14:24:29,272.650000,27265,10906,8541,204,11,1,0,0.02495111,0.29442191,1.27146556,1.45822299,1.49803875,1.55263676,1.55263676
2025/10/21,14:24:30,271.920000,27192,10876,8443,201,10,1,0,0.02488373,0.29362684,1.25944097,1.44409824,1.48148921,1.53392186,1.53392186
2025/10/21,14:24:31,270.970000,27097,10838,8092,197,8,1,0,0.02479680,0.29260104,1.21824751,1.39867058,1.43108187,1.47803925,1.47803925
2025/10/21,14:24:32,270.240000,27024,10809,7679,192,7,1,0,0.02473023,0.29181550,1.17016873,1.34606752,1.37261016,1.41409227,1.41409227
2025/10/21,14:24:33,269.530000,26953,10781,7292,187,6,1,0,0.02466527,0.29104902,1.12513055,1.29669906,1.31877516,1.35589562,1.35589562
2025/10/21,14:24:34,268.680000,26868,10747,6899,182,4,1,0,0.02458716,0.29012716,1.07929061,1.24652885,1.26362888,1.29638768,1.29638768
2025/10/21,14:24:35,267.840000,26784,10713,6548,178,4,0,0,0.02451041,0.28922149,1.03821728,1.20122224,1.21832227,1.24780210,1.24780210
2025/10/21,14:24:36,267.080000,26708,10683,6241,174,5,0,0,0.02444132,0.28840635,1.00231194,1.16163268,1.17988187,1.20716541,1.20716541
2025/10/21,14:24:37,266.930000,26693,10677,6070,171,5,0,0,0.02442736,0.28824145,0.98260041,1.13946501,1.15847669,1.18576023,1.18576023
2025/10/21,14:24:38,266.380000,26638,10655,5873,168,5,0,0,0.02437710,0.28764846,0.95943937,1.11371880,1.13362668,1.15763124,1.15763124
2025/10/21,14:24:39,265.280000,26528,10611,5674,165,5,0,0,0.02427602,0.28645585,0.93557371,1.08697696,1.10764733,1.13056921,1.13056921
2025/10/21,14:24:40,263.630000,26363,10545,5431,161,5,0,0,0.02412520,0.28467597,0.90593410,1.05413815,1.07570472,1.09426495,1.09426495
2025/10/21,14:24:41,261.800000,26180,10472,5173,158,6,0,0,0.02395796,0.28270258,0.87448532,1.01936021,1.04194584,1.05830977,1.05830977
2025/10/21,14:24:42,260.280000,26028,10411,4983,155,6,0,0,0.02381922,0.28106566,0.85114474,0.99327340,1.01649866,1.03069723,1.03069723
2025/10/21,14:24:43,258.840000,25884,10353,4823,152,6,0,0,0.02368737,0.27950983,0.83123392,0.97106750,0.99480229,1.00900086,1.00900086
2025/10/21,14:24:44,257.740000,25774,10309,4717,150,6,0,0,0.02358615,0.27831529,0.81794547,0.95583994,0.98008426,0.99428283,0.99428283
2025/10/21,14:24:45,256.560000,25656,10262,4610,148,6,0,0,0.02347822,0.27704165,0.80435979,0.94012206,0.96487953,0.97579913,0.97579913
2025/10/21,14:24:46,255.740000,25574,10229,4584,146,6,0,0,0.02340324,0.27615695,0.80056268,0.93457985,0.95971676,0.97063636,0.97063636
2025/10/21,14:24:47,255.040000,25504,10201,4579,144,7,0,0,0.02333909,0.27540000,0.79926447,0.93182662,0.95734658,0.96826618,0.96826618
2025/10/21,14:24:48,255.350000,25535,10214,4756,144,7,0,0,0.02336753,0.27573558,0.81979294,0.95235509,0.97787505,0.98879465,0.98879465
2025/10/21,14:24:49,256.520000,25652,10260,5075,145,7,0,0,0.02347466,0.27699970,0.85755292,0.99082611,1.01634607,1.02726567,1.02726567
2025/10/21,14:24:50,257.540000,25754,10301,5350,146,7,0,0,0.02356806,0.27810176,0.89007338,1.02418755,1.04970751,1.06062711,1.06062711
2025/10/21,14:24:51,258.840000,25884,10353,5665,150,7,0,0,0.02368682,0.27950318,0.92754253,1.06553400,1.09105396,1.10197356,1.10197356
2025/10/21,14:24:52,260.690000,26069,10427,6084,156,6,0,0,0.02385590,0.28149848,0.97747733,1.12041311,1.14542354,1.15634314,1.15634314
2025/10/21,14:24:53,262.450000,26245,10498,6460,161,6,0,0,0.02401781,0.28340898,1.02236289,1.17001696,1.19502739,1.20594699,1.20594699
2025/10/21,14:24:54,263.960000,26396,10558,6751,165,6,0,0,0.02415564,0.28503537,1.05724559,1.20903685,1.23392080,1.24484040,1.24484040
2025/10/21,14:24:55,266.630000,26663,10665,7260,171,6,0,0,0.02440028,0.28792208,1.11844082,1.27566140,1.30016229,1.31108189,1.31108189
2025/10/21,14:24:56,268.570000,26857,10743,7607,177,6,0,0,0.02457753,0.29001369,1.16015894,1.32290492,1.34727933,1.35819893,1.35819893
2025/10/21,14:24:57,269.900000,26990,10796,7831,190,6,0,0,0.02469953,0.29145322,1.18719205,1.36189572,1.38601356,1.39693316,1.39693316
2025/10/21,14:24:58,271.120000,27112,10844,8017,203,6,0,0,0.02481047,0.29276217,1.20977241,1.39627178,1.42038962,1.43130922,1.43130922
2025/10/21,14:24:59,271.970000,27197,10878,8103,212,6,0,0,0.02488819,0.29367928,1.22062240,1.41510332,1.43922116,1.45014076,1.45014076
2025/10/21,14:25:00,271.860000,27186,10874,7996,218,6,0,0,0.02487808,0.29356011,1.20819519,1.40829943,1.43267384,1.44359344,1.44359344
2025/10/21,14:25:01,271.270000,27127,10851,7809,223,6,0,0,0.02482459,0.29292898,1.18618353,1.39061805,1.41537552,1.42629512,1.42629512
2025/10/21,14:25:02,270.440000,27044,10817,7587,227,6,0,0,0.02474833,0.29202904,1.15990814,1.36822088,1.39335779,1.40427739,1.40427739
2025/10/21,14:25:03,268.380000,26838,10735,7132,229,7,0,0,0.02456018,0.28980873,1.10564428,1.31605810,1.34183463,1.35164061,1.35164061
2025/10/21,14:25:04,266.400000,26640,10656,6720,231,7,0,0,0.02437911,0.28767229,1.05642884,1.26823179,1.29439137,1.30091838,1.30091838
2025/10/21,14:25:05,264.180000,26418,10567,6274,224,7,0,0,0.02417535,0.28526796,1.00295046,1.20838702,1.23543919,1.24196620,1.24196620
2025/10/21,14:25:06,261.940000,26194,10477,5862,216,7,0,0,0.02397046,0.28285030,0.95345369,1.15171583,1.17927753,1.18580454,1.18580454
2025/10/21,14:25:07,260.020000,26002,10400,5543,210,7,0,0,0.02379460,0.28077491,0.91488233,1.10736009,1.13556142,1.14208843,1.14208843
2025/10/21,14:25:08,258.350000,25835,10334,5290,204,7,0,0,0.02364222,0.27897692,0.88414621,1.07164671,1.10023109,1.10023109,1.10023109
2025/10/21,14:25:09,257.140000,25714,10285,5115,200,7,0,0,0.02353128,0.27766798,0.86275338,1.04666667,1.07550762,1.07550762,1.07550762
2025/10/21,14:25:10,256.070000,25607,10243,4976,197,8,0,0,0.02343368,0.27651635,0.84573104,1.02631609,1.05541000,1.05541000,1.05541000
2025/10/21,14:25:11,255.050000,25505,10202,4864,194,8,0,0,0.02334055,0.27541717,0.83178257,1.00942647,1.03852038,1.03852038,1.03852038
2025/10/21,14:25:12,254.050000,25405,10162,4788,191,8,0,0,0.02324835,0.27432940,0.82205856,0.99731129,1.02678825,1.02678825,1.02678825
2025/10/21,14:25:13,253.570000,25357,10143,4870,190,8,0,0,0.02320514,0.27381936,0.83094014,1.00528783,1.03476479,1.03476479,1.03476479
2025/10/21,14:25:14,253.500000,25350,10140,5040,190,8,0,0,0.02319826,0.27373833,0.85029662,1.02464431,1.05373822,1.06026523,1.06026523
2025/10/21,14:25:15,253.260000,25326,10130,5168,190,8,0,0,0.02317670,0.27348378,0.86461614,1.03857674,1.06767065,1.07419766,1.07419766
2025/10/21,14:25:16,252.800000,25280,10112,5247,188,8,0,0,0.02313395,0.27297947,0.87318432,1.04604588,1.07513979,1.08166680,1.08166680
2025/10/21,14:25:17,252.140000,25214,10085,5311,187,8,0,0,0.02307352,0.27226638,0.87981483,1.05157735,1.08067126,1.08719827,1.08719827
2025/10/21,14:25:18,251.510000,25151,10060,5378,186,8,0,0,0.02301657,0.27159428,0.88680545,1.05756593,1.08665984,1.09318685,1.09318685
2025/10/21,14:25:19,250.910000,25091,10036,5462,185,8,0,0,0.02296170,0.27094695,0.89576787,1.06568828,1.09478219,1.10130920,1.10130920
2025/10/21,14:25:20,250.460000,25046,10018,5607,185,7,0,0,0.02292001,0.27045503,0.91190616,1.08172957,1.11057052,1.12149012,1.12149012
2025/10/21,14:25:21,249.800000,24980,9992,5664,192,7,0,0,0.02286016,0.26974861,0.91767883,1.09338454,1.12056680,1.14129239,1.14129239
2025/10/21,14:25:22,248.800000,24880,9952,5622,199,6,0,0,0.02276796,0.26866083,0.91173174,1.09415889,1.11942589,1.14670943,1.14670943
2025/10/21,14:25:23,247.660000,24766,9906,5562,205,6,0,0,0.02266439,0.26743867,0.90370724,1.09220978,1.11581809,1.14638060,1.14638060
2025/10/21,14:25:24,246.540000,24654,9861,5505,212,6,1,0,0.02256130,0.26622220,0.89590255,1.08993141,1.11213399,1.14597547,1.14597547
2025/10/21,14:25:25,245.180000,24518,9807,5410,217,5,1,0,0.02243736,0.26475980,0.88364277,1.08238991,1.10344333,1.13948111,1.13948111
2025/10/21,14:25:26,243.840000,24384,9753,5322,222,5,1,0,0.02231466,0.26331170,0.87215279,1.07548919,1.09539707,1.13363114,1.13363114
2025/10/21,14:25:27,242.680000,24268,9707,5245,227,5,1,0,0.02220785,0.26205139,0.86203811,1.07025385,1.08888248,1.12928191,1.12928191
2025/10/21,14:25:28,241.770000,24177,9670,5131,231,4,1,0,0.02212470,0.26107038,0.84799368,1.06024869,1.07811483,1.11743158,1.11743158
2025/10/21,14:25:29,241.340000,24134,9653,5061,229,5,1,0,0.02208521,0.26060422,0.83953766,1.04985448,1.06823015,1.10426793,1.10426793
2025/10/21,14:25:30,241.270000,24127,9651,5032,226,5,1,0,0.02207945,0.26053651,0.83612129,1.04323799,1.06237976,1.09622124,1.09622124
2025/10/21,14:25:31,241.360000,24136,9654,5029,223,5,1,0,0.02208737,0.26062992,0.83589157,1.04022909,1.05988040,1.09263920,1.09263920
2025/10/21,14:25:32,241.460000,24146,9658,5081,221,5,1,0,0.02209690,0.26074243,0.84194191,1.04492233,1.06483021,1.09650633,1.09650633
2025/10/21,14:25:33,241.570000,24157,9663,5135,220,5,1,0,0.02210670,0.26085781,0.84821337,1.05006272,1.07035365,1.10202977,1.10202977
2025/10/21,14:25:34,241.520000,24152,9660,5156,218,5,0,0,0.02210185,0.26080060,0.85064043,1.05074467,1.07128856,1.10185107,1.10185107
2025/10/21,14:25:35,241.300000,24130,9652,5148,216,5,0,0,0.02208188,0.26056511,0.84943143,1.04724150,1.06816844,1.09764827,1.09764827
2025/10/21,14:25:36,241.220000,24122,9648,5165,213,5,0,0,0.02207454,0.26047836,0.85128759,1.04699658,1.06830658,1.09670373,1.09670373
2025/10/21,14:25:37,241.140000,24114,9645,5220,212,6,0,0,0.02206685,0.26038777,0.85756708,1.05204800,1.07386753,1.10115107,1.10115107
2025/10/21,14:25:38,241.420000,24142,9656,5378,212,6,0,0,0.02209248,0.26069001,0.87590118,1.07077011,1.09258964,1.11987318,1.11987318
2025/10/21,14:25:39,242.330000,24233,9693,5652,214,5,0,0,0.02217657,0.26168243,0.90820701,1.10446598,1.12590246,1.15318600,1.15318600
2025/10/21,14:25:40,243.600000,24360,9744,5923,215,5,0,0,0.02229268,0.26305238,0.94056712,1.13808619,1.15939619,1.18667973,1.18667973
2025/10/21,14:25:41,244.940000,24494,9797,6179,217,5,0,0,0.02241522,0.26449856,0.97127467,1.17008678,1.19139678,1.21868032,1.21868032
2025/10/21,14:25:42,246.270000,24627,9850,6409,218,5,0,0,0.02253651,0.26592956,0.99905464,1.19906188,1.22037188,1.24765542,1.24765542
2025/10/21,14:25:43,247.710000,24771,9908,6643,219,5,0,0,0.02266852,0.26748730,1.02738948,1.22859276,1.24990276,1.27502094,1.27502094
2025/10/21,14:25:44,249.150000,24915,9966,6887,221,5,0,0,0.02280044,0.26904409,1.05680589,1.25930130,1.28022824,1.30315012,1.30315012
2025/10/21,14:25:45,250.310000,25031,10012,7069,221,5,0,0,0.02290605,0.27029011,1.07889118,1.28167760,1.30298760,1.32590948,1.32590948
2025/10/21,14:25:46,251.190000,25119,10047,7196,220,5,0,0,0.02298733,0.27124918,1.09442432,1.29656467,1.31813124,1.33885683,1.33885683
2025/10/21,14:25:47,251.590000,25159,10063,7220,219,6,0,0,0.02302384,0.27168007,1.09755762,1.29859893,1.32041846,1.33897869,1.33897869
2025/10/21,14:25:48,251.840000,25184,10073,7209,217,6,0,0,0.02304653,0.27194796,1.09663787,1.29609605,1.31829863,1.33685886,1.33685886
2025/10/21,14:25:49,252.000000,25200,10080,7181,216,6,0,0,0.02306075,0.27211574,1.09356610,1.29147318,1.31418891,1.32838748,1.32838748
2025/10/21,14:25:50,252.150000,25215,10086,7157,214,6,0,0,0.02307474,0.27228067,1.09092363,1.28718260,1.31015128,1.32434985,1.32434985
2025/10/21,14:25:51,252.210000,25221,10088,7137,213,6,0,0,0.02308024,0.27234552,1.08871832,1.28384622,1.30707148,1.32127005,1.32127005
2025/10/21,14:25:52,252.010000,25201,10080,7166,211,6,0,0,0.02306198,0.27213007,1.09185154,1.28578340,1.30939171,1.32359028,1.32359028
2025/10/21,14:25:53,251.310000,25131,10052,7102,209,6,0,0,0.02299831,0.27137883,1.08375670,1.27539439,1.29938575,1.31138803,1.31138803
2025/10/21,14:25:54,250.160000,25016,10006,6946,205,6,0,0,0.02289286,0.27013470,1.06469884,1.25294332,1.27757069,1.28849029,1.28849029
2025/10/21,14:25:55,249.060000,24906,9962,6802,201,6,0,0,0.02279181,0.26894209,1.04698514,1.23180346,1.25694037,1.26785997,1.26785997
2025/10/21,14:25:56,247.790000,24779,9911,6634,197,7,0,0,0.02267554,0.26757022,1.02639389,1.20752800,1.23330453,1.24422413,1.24422413
2025/10/21,14:25:57,246.530000,24653,9861,6482,194,7,0,0,0.02256065,0.26621459,1.00765266,1.18539356,1.21155314,1.21808015,1.21808015
2025/10/21,14:25:58,245.310000,24531,9812,6347,190,7,0,0,0.02244883,0.26489515,0.99089064,1.16540030,1.19206942,1.19859643,1.19859643
2025/10/21,14:25:59,244.230000,24423,9769,6229,187,7,0,0,0.02235004,0.26372924,0.97622918,1.14799170,1.17504387,1.18157088,1.18157088
2025/10/21,14:26:00,242.620000,24262,9705,5914,182,7,0,0,0.02220274,0.26199130,0.93853664,1.10596888,1.13353058,1.14005759,1.14005759
2025/10/21,14:26:01,240.940000,24094,9637,5602,178,7,0,0,0.02204885,0.26017520,0.90097996,1.06398492,1.09205977,1.09858678,1.09858678
2025/10/21,14:26:02,239.220000,23922,9568,5311,173,7,0,0,0.02189153,0.25831905,0.86586750,1.02463918,1.05309708,1.05854141,1.05854141
2025/10/21,14:26:03,237.200000,23720,9488,4987,168,8,0,0,0.02170717,0.25614352,0.82665485,0.98074028,1.00970771,1.00970771,1.00970771
2025/10/21,14:26:04,235.230000,23523,9409,4691,163,8,0,0,0.02152629,0.25400903,0.79061367,0.94017482,0.96965178,0.96965178,0.96965178
2025/10/21,14:26:05,233.790000,23379,9351,4539,159,8,0,0,0.02139466,0.25245601,0.77167517,0.91794011,0.94754717,0.94754717,0.94754717
2025/10/21,14:26:06,232.690000,23269,9307,4508,157,8,0,0,0.02129409,0.25126912,0.76692549,0.91115432,0.94101433,0.94101433,0.94101433
2025/10/21,14:26:07,231.350000,23135,9254,4434,154,8,0,0,0.02117161,0.24982386,0.75705812,0.89853980,0.92865639,0.92865639,0.92865639
2025/10/21,14:26:08,230.010000,23001,9200,4364,151,8,0,0,0.02104920,0.24837954,0.74762394,0.88652045,0.91676352,0.91676352,0.91676352
2025/10/21,14:26:09,228.710000,22871,9148,4302,149,8,0,0,0.02092995,0.24697243,0.73909124,0.87569358,0.90517054,0.90517054,0.90517054
2025/10/21,14:26:10,227.420000,22742,9097,4245,146,8,0,0,0.02081216,0.24558246,0.73122218,0.86552944,0.89500640,0.89500640,0.89500640
2025/10/21,14:26:11,226.120000,22612,9044,4194,144,7,0,0,0.02069236,0.24416867,0.72397956,0.85596062,0.88441852,0.88441852,0.88441852
2025/10/21,14:26:12,224.750000,22475,8990,4142,142,6,0,0,0.02056736,0.24269386,0.71656280,0.84653978,0.87104067,0.87104067,0.87104067
2025/10/21,14:26:13,222.880000,22288,8915,3981,138,6,0,0,0.02039666,0.24067947,0.69608430,0.82302404,0.84752493,0.84752493,0.84752493
2025/10/21,14:26:14,220.700000,22070,8828,3727,133,5,0,0,0.02019652,0.23831802,0.66467960,0.78683609,0.80648740,0.80648740,0.80648740
2025/10/21,14:26:15,218.510000,21851,8740,3496,125,5,0,0,0.01999642,0.23595664,0.63586425,0.75074931,0.76937794,0.76937794,0.76937794
2025/10/21,14:26:16,216.270000,21627,8651,3277,118,4,0,0,0.01979176,0.23354183,0.60839723,0.71659287,0.73126811,0.73126811,0.73126811
2025/10/21,14:26:17,214.060000,21406,8562,3023,111,4,0,0,0.01958907,0.23114991,0.57694181,0.67864203,0.69331727,0.69331727,0.69331727
2025/10/21,14:26:18,211.870000,21187,8474,2715,104,2,0,0,0.01938861,0.22878466,0.53943797,0.63483586,0.64466151,0.64466151,0.64466151
2025/10/21,14:26:19,209.700000,20970,8388,2439,97,2,0,0,0.01919060,0.22644805,0.50549719,0.59514273,0.60496838,0.60496838,0.60496838
2025/10/21,14:26:20,207.580000,20758,8303,2194,91,2,0,0,0.01899644,0.22415717,0.47513246,0.55925260,0.56907825,0.56907825,0.56907825
2025/10/21,14:26:21,205.980000,20598,8239,2046,87,2,0,0,0.01885015,0.22243070,0.45648902,0.53679591,0.54457982,0.54457982,0.54457982
2025/10/21,14:26:22,205.000000,20500,8200,1991,85,1,0,0,0.01876053,0.22137342,0.44911015,0.52728393,0.53212990,0.53212990,0.53212990
2025/10/21,14:26:23,204.640000,20464,8185,2015,84,1,0,0,0.01872686,0.22097588,0.45150377,0.52893449,0.53378046,0.53378046,0.53378046
2025/10/21,14:26:24,204.510000,20451,8180,2056,83,1,0,0,0.01871497,0.22083574,0.45600894,0.53266365,0.53750962,0.53750962,0.53750962
2025/10/21,14:26:25,204.520000,20452,8181,2122,83,2,0,0,0.01871619,0.22085005,0.46364560,0.54049431,0.55031996,0.55031996,0.55031996
2025/10/21,14:26:26,204.540000,20454,8181,2184,84,2,0,0,0.01871820,0.22087388,0.47073439,0.54816511,0.55799076,0.55799076,0.55799076
2025/10/21,14:26:27,204.570000,20457,8182,2241,84,2,0,0,0.01872072,0.22090345,0.47727142,0.55470214,0.56452779,0.56452779,0.56452779
2025/10/21,14:26:28,204.690000,20469,8187,2301,84,2,0,0,0.01873129,0.22102832,0.48427527,0.56170599,0.57153164,0.57153164,0.57153164
2025/10/21,14:26:29,204.330000,20433,8173,2285,83,2,0,0,0.01869923,0.22064986,0.48203877,0.55830547,0.56813112,0.56813112,0.56813112
2025/10/21,14:26:30,203.390000,20339,8135,2192,80,1,0,0,0.01861236,0.21962501,0.47041454,0.54419307,0.55006172,0.55006172,0.55006172
2025/10/21,14:26:31,201.930000,20193,8077,2059,80,1,0,0,0.01847889,0.21805009,0.45359492,0.52682439,0.53167036,0.53167036,0.53167036
2025/10/21,14:26:32,200.600000,20060,8024,1969,81,1,0,0,0.01835722,0.21661437,0.44193556,0.51649010,0.52133607,0.52133607,0.52133607
2025/10/21,14:26:33,199.580000,19958,7983,1937,83,1,0,0,0.01826425,0.21551708,0.43711798,0.51319068,0.51995191,0.51995191,0.51995191
2025/10/21,14:26:34,198.570000,19857,7942,1906,84,2,0,0,0.01817133,0.21442075,0.43249123,0.50972794,0.51955359,0.51955359,0.51955359
2025/10/21,14:26:35,197.550000,19755,7902,1880,85,2,0,0,0.01807881,0.21332915,0.42842659,0.50698838,0.51681403,0.51681403,0.51681403
2025/10/21,14:26:36,196.450000,19645,7858,1843,86,2,0,0,0.01797727,0.21213084,0.42295060,0.50228748,0.51211313,0.51211313,0.51211313
2025/10/21,14:26:37,195.410000,19541,7816,1815,87,2,0,0,0.01788281,0.21101637,0.41867733,0.49914528,0.50897093,0.50897093,0.50897093
2025/10/21,14:26:38,195.080000,19508,7803,1872,90,2,0,0,0.01785195,0.21065220,0.42481662,0.50757874,0.51740439,0.51740439,0.51740439
2025/10/21,14:26:39,194.790000,19479,7791,1921,90,2,0,0,0.01782545,0.21033949,0.43008224,0.51248930,0.52231495,0.52231495,0.52231495
2025/10/21,14:26:40,194.170000,19417,7767,1911,87,2,0,0,0.01776915,0.20967503,0.42830289,0.50822178,0.51804743,0.51804743,0.51804743
2025/10/21,14:26:41,193.470000,19347,7739,1950,85,2,0,0,0.01770501,0.20891809,0.43200951,0.51057130,0.52039695,0.52039695,0.52039695
2025/10/21,14:26:42,192.890000,19289,7715,2023,85,2,0,0,0.01765223,0.20829555,0.43975257,0.51812035,0.52794600,0.52794600,0.52794600
2025/10/21,14:26:43,192.320000,19232,7693,2086,84,2,0,0,0.01760020,0.20768159,0.44638933,0.52382005,0.53364570,0.53364570,0.53364570
2025/10/21,14:26:44,191.770000,19177,7670,2142,84,2,0,0,0.01754898,0.20707716,0.45210249,0.52953321,0.53935886,0.53935886,0.53935886
2025/10/21,14:26:45,191.280000,19128,7651,2216,84,2,0,0,0.01750438,0.20655094,0.46013164,0.53717435,0.54700000,0.54700000,0.54700000
2025/10/21,14:26:46,190.360000,19036,7614,2252,83,2,0,0,0.01742046,0.20556044,0.46322906,0.53949576,0.54932141,0.54932141,0.54932141
2025/10/21,14:26:47,189.330000,18933,7573,2270,82,2,0,0,0.01732609,0.20444693,0.46415945,0.53929508,0.54912073,0.54912073,0.54912073
2025/10/21,14:26:48,188.360000,18836,7534,2280,81,2,0,0,0.01723738,0.20340018,0.46422759,0.53858813,0.54841378,0.54841378,0.54841378
2025/10/21,14:26:49,187.850000,18785,7514,2168,78,2,0,0,0.01719027,0.20284436,0.45084673,0.52252509,0.53235074,0.53235074,0.53235074
2025/10/21,14:26:50,187.300000,18730,7492,2038,75,2,0,0,0.01714066,0.20225901,0.43538831,0.50422253,0.51404818,0.51404818,0.51404818
2025/10/21,14:26:51,187.150000,18715,7486,1978,73,2,0,0,0.01712628,0.20208932,0.42833953,0.49562264,0.50544829,0.50544829,0.50544829
2025/10/21,14:26:52,187.070000,18707,7482,1934,71,2,0,0,0.01711894,0.20200257,0.42323184,0.48880188,0.49862753,0.49862753,0.49862753
2025/10/21,14:26:53,186.990000,18699,7479,1943,70,2,0,0,0.01711216,0.20192251,0.42426667,0.48867361,0.49849926,0.49849926,0.49849926
2025/10/21,14:26:54,187.440000,18744,7497,2033,69,2,0,0,0.01715320,0.20240680,0.43497871,0.49864167,0.50846732,0.50846732,0.50846732
2025/10/21,14:26:55,188.030000,18803,7521,2138,68,2,0,0,0.01720691,0.20304075,0.44769445,0.51077631,0.52060196,0.52060196,0.52060196
2025/10/21,14:26:56,189.230000,18923,7569,2371,70,2,0,0,0.01731711,0.20434109,0.47558201,0.53998895,0.54981460,0.54981460,0.54981460
2025/10/21,14:26:57,189.950000,18995,7598,2660,72,2,0,0,0.01738313,0.20511998,0.50945159,0.57615270,0.58597835,0.58597835,0.58597835
2025/10/21,14:26:58,191.030000,19103,7641,3014,76,2,0,0,0.01748137,0.20627924,0.55113812,0.62110341,0.63092906,0.63092906,0.63092906
2025/10/21,14:26:59,191.910000,19191,7676,3245,79,4,0,0,0.01756255,0.20723732,0.57842092,0.65087438,0.66554962,0.66554962,0.66554962
2025/10/21,14:27:00,192.840000,19284,7713,3409,81,4,0,0,0.01764690,0.20823262,0.59820335,0.67314498,0.68782022,0.68782022,0.68782022
2025/10/21,14:27:01,194.290000,19429,7771,3650,87,4,0,0,0.01778046,0.20980850,0.62731583,0.70742872,0.72210396,0.72210396,0.72210396
2025/10/21,14:27:02,195.820000,19582,7832,3913,103,5,0,0,0.01791959,0.21145015,0.65908325,0.75390005,0.77355136,0.78007837,0.78007837
2025/10/21,14:27:03,197.850000,19785,7914,4216,122,6,0,0,0.01810622,0.21365236,0.69594341,0.80817833,0.83076396,0.83729097,0.83729097
2025/10/21,14:27:04,199.220000,19922,7968,4418,137,6,0,0,0.01823112,0.21512620,0.72052656,0.84607626,0.87057715,0.87710416,0.87710416
2025/10/21,14:27:05,200.220000,20022,8009,4574,144,7,0,0,0.01832306,0.21621112,0.73942921,0.87141027,0.89884549,0.90537250,0.90537250
2025/10/21,14:27:06,201.330000,20133,8053,4747,152,8,0,0,0.01842389,0.21740087,0.76048472,0.89967223,0.92914919,0.93567620,0.93567620
2025/10/21,14:27:07,202.690000,20269,8107,4958,160,8,0,0,0.01854847,0.21887093,0.78603359,0.93304159,0.96328466,0.96981167,0.96981167
2025/10/21,14:27:08,204.520000,20452,8180,5237,171,8,0,0,0.01871610,0.22084910,0.81997143,0.97664203,1.00637557,1.01729517,1.01729517
2025/10/21,14:27:09,207.200000,20720,8288,5601,183,7,0,0,0.01896106,0.22373961,0.86443536,1.03251366,1.06122452,1.07430948,1.07430948
2025/10/21,14:27:10,210.080000,21008,8403,5994,193,6,0,0,0.01922518,0.22685609,0.91257893,1.08957676,1.11407765,1.14355748,1.14355748
2025/10/21,14:27:11,212.350000,21235,8494,6286,201,5,1,0,0.01943256,0.22930327,0.94839142,1.13240171,1.15256255,1.19187930,1.19187930
2025/10/21,14:27:12,214.500000,21450,8580,6537,207,4,1,0,0.01962914,0.23162276,0.97943103,1.16967867,1.18601260,1.23188730,1.23188730
2025/10/21,14:27:13,216.520000,21652,8661,6746,214,6,1,0,0.01981438,0.23380876,1.00548172,1.20144969,1.22544105,1.27787370,1.27787370
2025/10/21,14:27:14,217.970000,21797,8718,6841,218,8,1,0,0.01994697,0.23537318,1.01795253,1.21789571,1.25005404,1.30465205,1.30465205
2025/10/21,14:27:15,219.490000,21949,8779,6939,222,11,1,0,0.02008584,0.23701196,1.03082072,1.23425412,1.27432284,1.33111714,1.33111714
2025/10/21,14:27:16,221.020000,22102,8840,7025,225,13,1,0,0.02022609,0.23866694,1.04229957,1.24886720,1.29710289,1.35606256,1.35606256
2025/10/21,14:27:17,221.050000,22105,8842,6868,224,14,1,0,0.02022910,0.23870225,1.02430302,1.22967461,1.28288998,1.34296326,1.34296326
2025/10/21,14:27:18,220.420000,22042,8816,6583,220,13,1,0,0.02017093,0.23801583,0.99100655,1.19250084,1.24073653,1.29753083,1.29753083
2025/10/21,14:27:19,219.780000,21978,8791,6322,216,11,1,0,0.02011234,0.23732465,0.96051274,1.15822581,1.20059285,1.25410818,1.25410818
2025/10/21,14:27:20,219.140000,21914,8765,6088,212,10,1,0,0.02005427,0.23663923,0.93305021,1.12727307,1.16440747,1.21244753,1.21244753
2025/10/21,14:27:21,218.520000,21852,8740,5876,208,9,1,0,0.01999713,0.23596518,0.90808334,1.09897705,1.13190148,1.17557989,1.17557989
2025/10/21,14:27:22,218.200000,21820,8728,5753,205,8,1,0,0.01996798,0.23562106,0.89370229,1.08194677,1.11091420,1.15131363,1.15131363
2025/10/21,14:27:23,218.920000,21892,8756,5911,204,7,1,0,0.02003374,0.23639707,0.91261516,1.09966360,1.12646281,1.16469688,1.16469688
2025/10/21,14:27:24,219.490000,21949,8779,6057,202,6,1,0,0.02008584,0.23701196,0.92986027,1.11532557,1.13867731,1.17363241,1.17363241
2025/10/21,14:27:25,219.970000,21997,8798,6175,200,5,1,0,0.02012979,0.23753057,0.94387443,1.12743265,1.14823311,1.18099191,1.18099191
2025/10/21,14:27:26,220.210000,22021,8808,6248,198,4,0,0,0.02015241,0.23779750,0.95256347,1.13389158,1.15150114,1.18206365,1.18206365
2025/10/21,14:27:27,221.630000,22163,8865,6568,197,4,0,0,0.02028200,0.23932666,0.99059261,1.17146866,1.18754602,1.21702585,1.21702585
2025/10/21,14:27:28,223.940000,22394,8957,7061,198,4,0,0,0.02049351,0.24182250,1.04955907,1.23143716,1.24777109,1.27725092,1.27725092
2025/10/21,14:27:29,226.220000,22622,9049,7504,199,4,0,0,0.02070221,0.24428498,1.10266345,1.28547861,1.30181254,1.32909608,1.32909608
2025/10/21,14:27:30,228.170000,22817,9127,7833,200,4,0,0,0.02088060,0.24638996,1.14245192,1.32571914,1.34256260,1.36984614,1.36984614
2025/10/21,14:27:31,228.590000,22859,9143,7783,198,4,0,0,0.02091912,0.24684468,1.13718282,1.31841393,1.33602349,1.36002805,1.36002805
2025/10/21,14:27:32,228.630000,22863,9145,7658,196,5,0,0,0.02092213,0.24687996,1.12285804,1.30308803,1.32171666,1.34355586,1.34355586
2025/10/21,14:27:33,228.660000,22866,9146,7548,196,5,0,0,0.02092504,0.24691430,1.11036622,1.29004623,1.30969754,1.32825777,1.32825777
2025/10/21,14:27:34,228.580000,22858,9143,7429,195,5,0,0,0.02091760,0.24682658,1.09667382,1.27551376,1.29593117,1.31340872,1.31340872
2025/10/21,14:27:35,227.230000,22723,9089,7061,192,5,0,0,0.02079464,0.24537561,1.05311218,1.22910797,1.25067454,1.26487311,1.26487311
2025/10/21,14:27:36,224.990000,22499,8999,6524,188,6,0,0,0.02058949,0.24295506,0.98925257,1.16137106,1.18421327,1.19513287,1.19513287
2025/10/21,14:27:37,222.770000,22277,8911,6041,184,6,0,0,0.02038638,0.24055838,0.93157279,1.10000707,1.12412491,1.13504451,1.13504451
2025/10/21,14:27:38,221.330000,22133,8853,5787,182,6,0,0,0.02025463,0.23900349,0.90097064,1.06775681,1.09264076,1.10136406,1.10136406
2025/10/21,14:27:39,221.530000,22153,8861,5884,184,6,0,0,0.02027305,0.23922085,0.91230840,1.08112977,1.10614020,1.11705980,1.11705980
2025/10/21,14:27:40,222.060000,22206,8882,6019,184,6,0,0,0.02032169,0.23979478,0.92832491,1.09759926,1.12260969,1.13352929,1.13352929
2025/10/21,14:27:41,222.590000,22259,8903,6140,184,6,0,0,0.02036990,0.24036388,0.94271281,1.11198716,1.13699759,1.14791719,1.14791719
2025/10/21,14:27:42,223.490000,22349,8939,6307,186,6,0,0,0.02045176,0.24132963,0.96279294,1.13300435,1.15788830,1.16880790,1.16880790
2025/10/21,14:27:43,225.490000,22549,9019,6627,189,6,0,0,0.02063483,0.24348989,1.00155818,1.17451674,1.19901763,1.20993723,1.20993723
2025/10/21,14:27:44,227.530000,22753,9101,6928,192,6,0,0,0.02082201,0.24569878,1.03821090,1.21391661,1.23777788,1.25086284,1.25086284
2025/10/21,14:27:45,229.780000,22978,9191,7266,196,5,0,0,0.02102771,0.24812597,1.07929509,1.25923407,1.27990444,1.30502262,1.30502262
2025/10/21,14:27:46,231.660000,23166,9266,7488,200,4,1,0,0.02119979,0.25015657,1.10669714,1.29061043,1.30796342,1.34072222,1.34072222
2025/10/21,14:27:47,232.100000,23210,9284,7404,201,5,1,0,0.02124029,0.25063422,1.09756504,1.28202830,1.30206266,1.34029673,1.34029673
2025/10/21,14:27:48,232.270000,23227,9291,7284,201,7,1,0,0.02125596,0.25081916,1.08403630,1.26869357,1.29549278,1.33917119,1.33917119
2025/10/21,14:27:49,232.680000,23268,9307,7216,202,9,1,0,0.02129270,0.25125291,1.07669820,1.26200153,1.29569207,1.34264945,1.34264945
2025/10/21,14:27:50,232.710000,23271,9308,7097,202,10,1,0,0.02129619,0.25129393,1.06313455,1.24843788,1.28735745,1.33759381,1.33759381
2025/10/21,14:27:51,231.670000,23167,9267,6820,200,11,1,0,0.02120102,0.25017089,1.03037097,1.21373519,1.25686833,1.30930098,1.30930098
2025/10/21,14:27:52,230.830000,23083,9233,6606,204,12,1,0,0.02112379,0.24925950,1.00495263,1.19190406,1.23848106,1.29307907,1.29307907
2025/10/21,14:27:53,229.940000,22994,9197,6378,210,11,1,0,0.02104225,0.24829755,0.97785984,1.17033760,1.21321417,1.26345053,1.26345053
2025/10/21,14:27:54,228.690000,22869,9147,6078,214,10,1,0,0.02092769,0.24694573,0.94216919,1.13813716,1.17476202,1.21952311,1.21952311
2025/10/21,14:27:55,227.680000,22768,9107,5835,218,8,1,0,0.02083536,0.24585607,0.91332892,1.11362717,1.14552893,1.18592836,1.18592836
2025/10/21,14:27:56,226.930000,22693,9077,5650,224,7,1,0,0.02076733,0.24505338,0.89136383,1.09663842,1.12483975,1.16196021,1.16196021
2025/10/21,14:27:57,226.300000,22630,9052,5495,230,6,1,0,0.02070923,0.24436791,0.87296963,1.08357654,1.10833401,1.14328911,1.14328911
2025/10/21,14:27:58,225.720000,22572,9029,5362,235,6,1,0,0.02065632,0.24374348,0.85712075,1.07286597,1.09468550,1.12744430,1.12744430
2025/10/21,14:27:59,225.410000,22541,9016,5285,241,5,1,0,0.02062773,0.24340602,0.84792904,1.06884552,1.08849683,1.12017295,1.12017295
2025/10/21,14:28:00,225.250000,22525,9010,5337,241,4,0,0,0.02061286,0.24323060,0.85369146,1.07506001,1.09241300,1.12189283,1.12189283
2025/10/21,14:28:01,225.230000,22523,9009,5429,239,4,0,0,0.02061179,0.24321819,0.86426231,1.08323969,1.09944352,1.12892335,1.12892335
2025/10/21,14:28:02,225.460000,22546,9018,5560,237,4,0,0,0.02063273,0.24346511,0.87951955,1.09704282,1.11375980,1.14323963,1.14323963
2025/10/21,14:28:03,226.040000,22604,9041,5750,237,4,0,0,0.02068515,0.24408380,0.90183790,1.11897317,1.13569015,1.16297369,1.16297369
2025/10/21,14:28:04,226.870000,22687,9075,5955,237,4,0,0,0.02076184,0.24498855,0.92617508,1.14311635,1.16034286,1.18762640,1.18762640
2025/10/21,14:28:05,227.370000,22737,9095,6090,235,4,0,0,0.02080763,0.24552908,0.94215819,1.15774235,1.17535191,1.20263545,1.20263545
2025/10/21,14:28:06,227.820000,22782,9112,6204,234,5,0,0,0.02084819,0.24600766,0.95570019,1.16989431,1.18801341,1.21201797,1.21201797
2025/10/21,14:28:07,228.380000,22838,9135,6338,232,5,0,0,0.02089957,0.24661398,0.97164008,1.18463907,1.20326770,1.22618958,1.22618958
2025/10/21,14:28:08,229.340000,22934,9173,6439,231,5,0,0,0.02098741,0.24765027,0.98422902,1.19648403,1.21511266,1.23803454,1.23803454
2025/10/21,14:28:09,230.120000,23012,9205,6484,230,5,0,0,0.02105922,0.24849778,0.99025898,1.20096289,1.21997457,1.24289645,1.24289645
2025/10/21,14:28:10,231.160000,23116,9246,6574,228,5,0,0,0.02115439,0.24962079,1.00164212,1.21095690,1.23060821,1.24916844,1.24916844
2025/10/21,14:28:11,231.890000,23189,9275,6608,225,5,0,0,0.02122041,0.25039968,1.00630693,1.21268056,1.23284140,1.25140163,1.25140163
2025/10/21,14:28:12,232.420000,23242,9297,6641,222,5,0,0,0.02126976,0.25098217,1.01067023,1.21400663,1.23480709,1.25008834,1.25008834
2025/10/21,14:28:13,233.130000,23313,9325,6709,219,5,0,0,0.02133449,0.25174581,1.01920572,1.22040900,1.24171900,1.25591757,1.25591757
2025/10/21,14:28:14,234.040000,23404,9361,6812,218,6,0,0,0.02141803,0.25273155,1.03196223,1.23161441,1.25330746,1.26750603,1.26750603
2025/10/21,14:28:15,234.560000,23456,9382,6834,216,6,0,0,0.02146560,0.25329304,1.03500789,1.23281796,1.25476758,1.26896615,1.26896615
2025/10/21,14:28:16,234.280000,23428,9371,6702,212,6,0,0,0.02143910,0.25298035,1.01968487,1.21410173,1.23668736,1.24760696,1.24760696
2025/10/21,14:28:17,233.830000,23383,9353,6557,208,6,0,0,0.02139870,0.25250369,1.00257800,1.19340765,1.21663291,1.22755251,1.22755251
2025/10/21,14:28:18,232.860000,23286,9314,6321,204,6,0,0,0.02130919,0.25144739,0.97453047,1.16138490,1.18524617,1.19616577,1.19616577
2025/10/21,14:28:19,231.660000,23166,9266,6056,199,6,0,0,0.02119947,0.25015276,0.94289195,1.12570711,1.15008152,1.15772214,1.15772214
2025/10/21,14:28:20,230.040000,23004,9201,5726,194,6,0,0,0.02105172,0.24840912,0.90346481,1.08110871,1.10637571,1.11290272,1.11290272
2025/10/21,14:28:21,228.480000,22848,9139,5421,188,7,0,0,0.02090872,0.24672171,0.86679232,1.03945988,1.06536289,1.07188990,1.07188990
2025/10/21,14:28:22,226.870000,22687,9075,5125,183,7,0,0,0.02076190,0.24498947,0.83126251,0.99914681,1.02581593,1.03234294,1.03234294
2025/10/21,14:28:23,225.470000,22547,9018,4902,178,7,0,0,0.02063306,0.24346892,0.80426150,0.96791252,0.99509478,1.00162179,1.00162179
2025/10/21,14:28:24,224.780000,22478,8991,4914,176,7,0,0,0.02057043,0.24273009,0.80481931,0.96646717,0.99377591,1.00030292,1.00030292
2025/10/21,14:28:25,224.170000,22417,8967,4951,174,7,0,0,0.02051445,0.24206941,0.80847669,0.96837944,0.99619771,1.00272472,1.00272472
2025/10/21,14:28:26,224.180000,22418,8967,5085,173,7,0,0,0.02051526,0.24207897,0.82381982,0.98278550,1.01060377,1.01713078,1.01713078
2025/10/21,14:28:27,224.340000,22434,8973,5230,172,7,0,0,0.02053003,0.24225340,0.84051534,0.99838198,1.02620025,1.03272726,1.03272726
2025/10/21,14:28:28,224.420000,22442,8976,5345,170,7,0,0,0.02053698,0.24233539,0.85376976,1.01024636,1.03844769,1.04497470,1.04497470
2025/10/21,14:28:29,224.270000,22427,8970,5415,169,7,0,0,0.02052318,0.24217238,0.86159661,1.01652210,1.04472343,1.05125044,1.05125044
2025/10/21,14:28:30,224.090000,22409,8963,5475,167,7,0,0,0.02050692,0.24198074,0.86831643,1.02139982,1.04985772,1.05638473,1.05638473
2025/10/21,14:28:31,224.480000,22448,8979,5597,165,7,0,0,0.02054247,0.24240023,0.88266373,1.03435799,1.06306885,1.06959586,1.06959586
2025/10/21,14:28:32,224.530000,22453,8981,5556,166,7,0,0,0.02054764,0.24246124,0.87797442,1.03002374,1.05873460,1.06526161,1.06526161
2025/10/21,14:28:33,225.570000,22557,9023,5641,173,7,0,0,0.02064259,0.24358143,0.88891837,1.04759305,1.07630391,1.08283092,1.08283092
2025/10/21,14:28:34,226.150000,22615,9046,5643,179,7,0,0,0.02069565,0.24420774,0.88976281,1.05425390,1.08296476,1.08949177,1.08949177
2025/10/21,14:28:35,226.420000,22642,9057,5599,185,7,0,0,0.02072031,0.24449852,0.88497614,1.05479955,1.08351041,1.09003742,1.09003742
2025/10/21,14:28:36,227.900000,22790,9116,5750,193,7,0,0,0.02085572,0.24609633,0.90385043,1.08059020,1.10930106,1.11582807,1.11582807
2025/10/21,14:28:37,230.020000,23002,9201,6028,201,7,0,0,0.02104994,0.24838814,0.93788778,1.12254505,1.15125591,1.15778292,1.15778292
2025/10/21,14:28:38,232.370000,23237,9294,6383,210,7,0,0,0.02126436,0.25091831,0.98112686,1.17395968,1.20216101,1.20868802,1.20868802
2025/10/21,14:28:39,234.240000,23424,9369,6666,219,7,0,0,0.02143580,0.25294127,1.01543674,1.21628405,1.24448538,1.25101239,1.25101239
2025/10/21,14:28:40,235.760000,23576,9430,6869,224,7,0,0,0.02157467,0.25458005,1.04028983,1.24527433,1.27321908,1.27974609,1.27974609
2025/10/21,14:28:41,236.210000,23621,9448,6899,221,7,0,0,0.02161613,0.25506914,1.04423259,1.24672800,1.27492933,1.28145634,1.28145634
2025/10/21,14:28:42,236.530000,23653,9461,6912,218,7,0,0,0.02164570,0.25541806,1.04609227,1.24603545,1.27423678,1.28076379,1.28076379
2025/10/21,14:28:43,237.080000,23708,9483,6966,216,7,0,0,0.02169595,0.25601104,1.05284133,1.25100647,1.27933427,1.28586128,1.28586128
2025/10/21,14:28:44,236.460000,23646,9458,6837,212,7,0,0,0.02163930,0.25534272,1.03738070,1.23215262,1.26086348,1.26739049,1.26739049
2025/10/21,14:28:45,235.180000,23518,9407,6574,207,8,0,0,0.02152193,0.25395755,1.00597888,1.19616247,1.22512990,1.23165691,1.23165691
2025/10/21,14:28:46,233.540000,23354,9341,6215,201,8,0,0,0.02137198,0.25218816,0.96317733,1.14793160,1.17728208,1.18380909,1.18380909
2025/10/21,14:28:47,231.620000,23162,9265,5822,195,8,0,0,0.02119634,0.25011561,0.91607769,1.09491763,1.12465117,1.12573385,1.12573385
2025/10/21,14:28:48,229.680000,22968,9187,5454,189,8,0,0,0.02101834,0.24801537,0.87186678,1.04501934,1.07513593,1.07513593,1.07513593
2025/10/21,14:28:49,227.870000,22787,9114,5155,184,8,0,0,0.02085255,0.24605914,0.83578985,1.00451513,1.03399209,1.03399209,1.03399209
2025/10/21,14:28:50,226.530000,22653,9061,4996,186,8,0,0,0.02073017,0.24461485,0.81609558,0.98666205,1.01613901,1.01613901,1.01613901
2025/10/21,14:28:51,225.190000,22519,9007,4852,189,8,0,0,0.02060736,0.24316575,0.79823450,0.97129006,1.00178970,1.00178970,1.00178970
2025/10/21,14:28:52,224.260000,22426,8970,4797,193,8,0,0,0.02052221,0.24216096,0.79096863,0.96806347,0.99818006,0.99926274,0.99926274
2025/10/21,14:28:53,223.430000,22343,8937,4765,197,8,0,0,0.02044659,0.24126862,0.78640450,0.96747455,0.99759114,1.00411815,1.00411815
2025/10/21,14:28:54,222.840000,22284,8913,4771,202,8,0,0,0.02039294,0.24063560,0.78641774,0.97172107,1.00145461,1.00798162,1.00798162
2025/10/21,14:28:55,223.200000,22320,8928,4929,209,8,0,0,0.02042549,0.24101979,0.80483379,0.99611550,1.02559246,1.03211947,1.03211947
2025/10/21,14:28:56,223.760000,22376,8950,5107,215,8,0,0,0.02047664,0.24162326,0.82584828,1.02330238,1.05239629,1.05892330,1.05892330
2025/10/21,14:28:57,224.200000,22420,8968,5239,221,8,0,0,0.02051704,0.24209995,0.84144041,1.04383882,1.07293273,1.07945974,1.07945974
2025/10/21,14:28:58,224.120000,22412,8965,5234,219,8,0,0,0.02051009,0.24201796,0.84071204,1.04146235,1.07055626,1.07708327,1.07708327
2025/10/21,14:28:59,223.740000,22374,8949,5171,215,8,0,0,0.02047493,0.24160324,0.83316785,1.03078392,1.05987783,1.06640484,1.06640484
2025/10/21,14:29:00,223.210000,22321,8928,5084,212,7,0,0,0.02042629,0.24102931,0.82255203,1.01732395,1.04526870,1.05179571,1.05179571
2025/10/21,14:29:01,222.710000,22271,8908,5005,210,7,0,0,0.02038034,0.24048689,0.81305025,1.00543100,1.03210012,1.03974074,1.03974074
2025/10/21,14:29:02,222.300000,22230,8892,4965,209,6,0,0,0.02034318,0.24004835,0.80796640,0.99941009,1.02454700,1.03546660,1.03546660
2025/10/21,14:29:03,221.340000,22134,8853,4870,207,6,0,0,0.02025544,0.23901304,0.79613382,0.98622041,1.00982872,1.02074832,1.02074832
2025/10/21,14:29:04,220.370000,22037,8814,4797,206,6,0,0,0.02016640,0.23796245,0.78677012,0.97556366,0.99776624,1.00868584,1.00868584
2025/10/21,14:29:05,219.420000,21942,8777,4739,205,5,0,0,0.02008012,0.23694430,0.77905464,0.96674914,0.98767608,1.00187465,1.00187465
2025/10/21,14:29:06,218.850000,21885,8754,4804,205,5,0,0,0.02002751,0.23632366,0.78588672,0.97374319,0.99339450,1.00759307,1.00759307
2025/10/21,14:29:07,218.380000,21838,8735,4901,205,5,0,0,0.01998495,0.23582126,0.79650472,0.98474920,1.00325135,1.01744992,1.01744992
2025/10/21,14:29:08,217.630000,21763,8705,4933,204,5,0,0,0.01991563,0.23500330,0.79935856,0.98611599,1.00487471,1.01907328,1.01907328
2025/10/21,14:29:09,217.120000,21712,8685,4990,202,5,0,0,0.01986932,0.23445703,0.80529149,0.99040082,1.00954259,1.02374116,1.02374116
2025/10/21,14:29:10,216.850000,21685,8674,5049,200,5,0,0,0.01984492,0.23416912,0.81169680,0.99496402,1.01474181,1.02894038,1.02894038
2025/10/21,14:29:11,216.510000,21651,8660,5064,199,5,0,0,0.01981334,0.23379638,0.81305295,0.99577111,1.01529594,1.02949451,1.02949451
2025/10/21,14:29:12,216.250000,21625,8650,5080,200,5,0,0,0.01978975,0.23351800,0.81460847,0.99797269,1.01698437,1.03118294,1.03118294
2025/10/21,14:29:13,216.220000,21622,8649,5133,201,5,0,0,0.01978707,0.23348651,0.82062394,1.00537821,1.02362740,1.03782597,1.03782597
2025/10/21,14:29:14,215.840000,21584,8633,5060,201,4,0,0,0.01975185,0.23307087,0.81189519,0.99671351,1.01457965,1.02877822,1.02877822
2025/10/21,14:29:15,215.340000,21534,8613,4957,201,4,0,0,0.01970628,0.23253319,0.79958673,0.98404999,1.00165955,1.01585812,1.01585812
2025/10/21,14:29:16,214.860000,21486,8594,4867,201,4,0,0,0.01966249,0.23201647,0.78881400,0.97298626,0.99033925,1.00453782,1.00453782
2025/10/21,14:29:17,215.010000,21501,8600,4930,203,4,0,0,0.01967590,0.23217472,0.79609784,0.98220921,0.99866962,1.01286819,1.01286819
2025/10/21,14:29:18,215.790000,21579,8631,5176,208,5,0,0,0.01974781,0.23302319,0.82512906,1.01547371,1.03435891,1.04855748,1.04855748
2025/10/21,14:29:19,217.150000,21715,8686,5549,211,5,0,0,0.01987216,0.23449041,0.86924821,1.06292109,1.08397451,1.09817308,1.09817308
2025/10/21,14:29:20,218.700000,21870,8748,5910,214,6,0,0,0.02001345,0.23615777,0.91216174,1.10832371,1.13090934,1.14510791,1.14510791
2025/10/21,14:29:21,220.160000,22016,8806,6229,216,6,0,0,0.02014708,0.23773460,0.95023454,1.14849668,1.17184842,1.18604699,1.18604699
2025/10/21,14:29:22,221.940000,22194,8877,6588,220,6,0,0,0.02031005,0.23965748,0.99329858,1.19469587,1.21970630,1.23498755,1.23498755
2025/10/21,14:29:23,224.500000,22450,8980,7090,226,8,0,0,0.02054451,0.24242408,1.05340031,1.26067898,1.28964641,1.31912624,1.31912624
2025/10/21,14:29:24,227.280000,22728,9091,7579,233,9,1,0,0.02079884,0.24542517,1.11243988,1.32589093,1.35855879,1.39787554,1.39787554
2025/10/21,14:29:25,230.020000,23002,9200,7937,238,9,1,0,0.02104930,0.24838053,1.15631828,1.37455259,1.40977172,1.45892540,1.45892540
2025/10/21,14:29:26,231.830000,23183,9273,8051,240,9,1,0,0.02121579,0.25034532,1.17124137,1.39115581,1.42663152,1.48122953,1.48122953
2025/10/21,14:29:27,232.720000,23272,9309,7945,239,9,1,0,0.02129684,0.25130154,1.16010368,1.37946906,1.41315960,1.46995390,1.46995390
2025/10/21,14:29:28,233.500000,23350,9340,7891,239,8,1,0,0.02136833,0.25214525,1.15479142,1.37350982,1.40592111,1.46488078,1.46488078
2025/10/21,14:29:29,235.030000,23503,9401,8051,239,8,2,0,0.02150777,0.25379070,1.17479587,1.39432231,1.42558805,1.48782669,1.48782669
2025/10/21,14:29:30,237.250000,23725,9490,8307,241,8,2,0,0.02171163,0.25619599,1.20646254,1.42737902,1.45838819,1.52282312,1.52282312
2025/10/21,14:29:31,238.990000,23899,9559,8408,239,7,2,0,0.02187062,0.25807214,1.21989134,1.43941778,1.46812864,1.53036728,1.53036728
2025/10/21,14:29:32,240.450000,24045,9618,8460,237,7,1,0,0.02200448,0.25965182,1.22740885,1.44509318,1.47112628,1.53008595,1.53008595
2025/10/21,14:29:33,241.170000,24117,9646,8450,234,6,1,0,0.02206976,0.26042211,1.22699162,1.44202672,1.46486893,1.52166323,1.52166323
2025/10/21,14:29:34,241.720000,24172,9669,8421,231,5,1,0,0.02212043,0.26101986,1.22434971,1.43650864,1.45615995,1.51075796,1.51075796
2025/10/21,14:29:35,242.580000,24258,9703,8456,229,4,1,0,0.02219870,0.26194363,1.22926852,1.43952037,1.45687336,1.50710972,1.50710972
2025/10/21,14:29:36,243.460000,24346,9738,8457,227,4,1,0,0.02227943,0.26289602,1.23032992,1.43880463,1.45500846,1.50196584,1.50196584
2025/10/21,14:29:37,243.400000,24340,9736,8210,223,4,1,0,0.02227432,0.26283596,1.20198199,1.40680452,1.42415751,1.46783592,1.46783592
2025/10/21,14:29:38,242.290000,24229,9691,7801,218,5,1,0,0.02217278,0.26163762,1.15402778,1.35387396,1.37237611,1.41169286,1.41169286
2025/10/21,14:29:39,240.860000,24086,9634,7386,212,5,1,0,0.02204197,0.26009417,1.10497297,1.29955089,1.31920220,1.35415730,1.35415730
2025/10/21,14:29:40,239.450000,23945,9578,7012,207,5,1,0,0.02191238,0.25856501,1.06068687,1.25022348,1.27102394,1.30378274,1.30378274
2025/10/21,14:29:41,237.900000,23790,9516,6638,201,6,0,0,0.02177109,0.25689763,1.01625855,1.20081881,1.22263834,1.25211817,1.25211817
2025/10/21,14:29:42,236.650000,23665,9466,6344,199,6,0,0,0.02165653,0.25554580,0.98121816,1.16374232,1.18632795,1.21361149,1.21361149
2025/10/21,14:29:43,235.410000,23541,9416,6068,200,6,0,0,0.02154261,0.25420159,0.94834654,1.13190476,1.15513002,1.17913458,1.17913458
2025/10/21,14:29:44,233.890000,23389,9355,5756,200,6,0,0,0.02140413,0.25256758,0.91097194,1.09488523,1.11887659,1.13960218,1.13960218
2025/10/21,14:29:45,233.620000,23362,9345,5649,203,6,0,0,0.02137941,0.25227586,0.89847730,1.08513773,1.10963862,1.12819885,1.12819885
2025/10/21,14:29:46,235.280000,23528,9411,5923,210,6,0,0,0.02153065,0.25406051,0.93157525,1.12424701,1.14874790,1.16730813,1.16730813
2025/10/21,14:29:47,237.250000,23725,9490,6239,217,6,0,0,0.02171153,0.25619500,0.96988246,1.16869457,1.19306898,1.21162921,1.21162921
2025/10/21,14:29:48,239.200000,23920,9568,6524,223,6,0,0,0.02189008,0.25830189,1.00459940,1.20922792,1.23334576,1.25190599,1.25190599
2025/10/21,14:29:49,241.040000,24104,9641,6765,229,6,0,0,0.02205845,0.26028865,1.03411864,1.24388548,1.26800332,1.28656355,1.28656355
2025/10/21,14:29:50,242.610000,24261,9704,6935,231,6,0,0,0.02220193,0.26198177,1.05524927,1.26714922,1.29152363,1.31008386,1.31008386
2025/10/21,14:29:51,244.700000,24470,9788,7183,231,6,0,0,0.02239286,0.26423451,1.08589900,1.29799295,1.32249384,1.34105407,1.34105407
2025/10/21,14:29:52,247.590000,24759,9903,7585,233,6,0,0,0.02265760,0.26735860,1.13502357,1.34857163,1.37281595,1.39137618,1.39137618
2025/10/21,14:29:53,249.850000,24985,9994,7913,233,6,0,0,0.02286410,0.26979532,1.17492566,1.38892578,1.41317010,1.43064765,1.43064765
2025/10/21,14:29:54,250.250000,25025,10010,7860,230,6,0,0,0.02290111,0.27023195,1.16931533,1.38056922,1.40532669,1.41952526,1.41952526
2025/10/21,14:29:55,250.750000,25075,10030,7844,229,6,0,0,0.02294651,0.27076772,1.16801720,1.37817205,1.40318248,1.41738105,1.41738105
2025/10/21,14:29:56,252.150000,25215,10086,8041,232,6,0,0,0.02307523,0.27228640,1.19210393,1.40474695,1.42963090,1.44382947,1.44382947
2025/10/21,14:29:57,253.820000,25382,10152,8294,236,6,0,0,0.02322750,0.27408341,1.22283919,1.43971548,1.46421637,1.47841494,1.47841494
2025/10/21,14:29:58,255.880000,25588,10235,8639,243,6,0,0,0.02341633,0.27631139,1.26447544,1.48694303,1.51106087,1.52525944,1.52525944
2025/10/21,14:29:59,257.850000,25785,10314,8952,248,6,0,0,0.02359601,0.27843162,1.30246951,1.53001044,1.55361875,1.57109630,1.57109630
2025/10/21,14:30:00,259.110000,25911,10364,9035,252,6,0,0,0.02371193,0.27979963,1.31326952,1.54404260,1.56765091,1.58621114,1.58621114
2025/10/21,14:30:01,260.250000,26025,10410,9098,255,6,0,0,0.02381599,0.28102754,1.32169564,1.55540896,1.57901727,1.59757750,1.59757750
2025/10/21,14:30:02,261.760000,26176,10470,9241,261,6,0,0,0.02395456,0.28266251,1.33967796,1.57862659,1.60172175,1.62028198,1.62028198
2025/10/21,14:30:03,263.150000,26315,10526,9361,275,6,0,0,0.02408147,0.28416020,1.35500657,1.60704395,1.62873700,1.64729723,1.64729723
2025/10/21,14:30:04,263.660000,26366,10546,9366,286,5,0,0,0.02412785,0.28470741,1.35612329,1.61856634,1.63936680,1.65792703,1.65792703
2025/10/21,14:30:05,263.880000,26388,10555,9330,295,5,0,0,0.02414853,0.28495147,1.35225530,1.62261584,1.64265020,1.66121043,1.66121043
2025/10/21,14:30:06,263.560000,26356,10542,9228,301,5,0,0,0.02411922,0.28460543,1.34013436,1.61592422,1.63544905,1.65181298,1.65181298
2025/10/21,14:30:07,262.850000,26285,10514,9087,307,5,0,0,0.02405361,0.28383130,1.32329964,1.60506788,1.62407956,1.63827813,1.63827813
2025/10/21,14:30:08,262.170000,26217,10487,8967,314,5,0,0,0.02399179,0.28310198,1.30885664,1.59686224,1.61536439,1.62956296,1.62956296
2025/10/21,14:30:09,261.830000,26183,10473,8809,322,4,0,0,0.02396109,0.28273973,1.29045041,1.58566246,1.60365508,1.61785365,1.61785365
2025/10/21,14:30:10,261.120000,26112,10444,8458,327,4,0,0,0.02389533,0.28196372,1.24950674,1.54885598,1.56659202,1.58079059,1.58079059
2025/10/21,14:30:11,260.080000,26008,10403,8054,320,5,0,0,0.02380016,0.28084068,1.20216898,1.49515184,1.51378047,1.52797904,1.52797904
2025/10/21,14:30:12,258.990000,25899,10359,7677,311,5,0,0,0.02370120,0.27967287,1.15781198,1.44326444,1.46317232,1.47409192,1.47409192
2025/10/21,14:30:13,257.920000,25792,10317,7339,304,5,0,0,0.02360328,0.27851741,1.11799963,1.39634263,1.41714309,1.42806269,1.42806269
2025/10/21,14:30:14,256.850000,25685,10274,7027,296,5,0,0,0.02350527,0.27736100,1.08121176,1.35276834,1.37433491,1.38525451,1.38525451
2025/10/21,14:30:15,256.120000,25612,10244,6779,288,6,0,0,0.02343782,0.27656499,1.05201475,1.31610590,1.33869153,1.34849751,1.34849751
2025/10/21,14:30:16,255.480000,25548,10219,6556,280,6,0,0,0.02337981,0.27588049,1.02584980,1.28286353,1.30621527,1.31274228,1.31274228
2025/10/21,14:30:17,254.840000,25484,10193,6346,279,6,0,0,0.02332100,0.27518647,1.00107696,1.25686262,1.28059741,1.28712442,1.28712442
2025/10/21,14:30:18,254.240000,25424,10169,6170,280,6,0,0,0.02326590,0.27453628,0.98034289,1.23706561,1.26118345,1.26771046,1.26771046
2025/10/21,14:30:19,253.640000,25364,10145,6009,281,6,0,0,0.02321128,0.27389182,0.96123443,1.21886219,1.24323660,1.24976361,1.24976361
2025/10/21,14:30:20,253.420000,25342,10137,5911,283,6,0,0,0.02319108,0.27365350,0.94987159,1.20934146,1.23384235,1.24036936,1.24036936
2025/10/21,14:30:21,253.450000,25345,10138,5853,286,6,0,0,0.02319335,0.27368018,0.94320506,1.20535710,1.22985799,1.23638500,1.23638500
2025/10/21,14:30:22,253.430000,25343,10137,5792,288,6,0,0,0.02319221,0.27366683,0.93617524,1.20062237,1.22512326,1.23165027,1.23165027
2025/10/21,14:30:23,252.770000,25277,10111,5622,290,6,0,0,0.02313178,0.27295375,0.91602466,1.18156991,1.20619728,1.21272429,1.21272429
2025/10/21,14:30:24,251.710000,25171,10068,5408,290,6,0,0,0.02303451,0.27180593,0.89047489,1.15595609,1.18096652,1.18749353,1.18749353
2025/10/21,14:30:25,249.980000,24998,9999,5120,282,7,0,0,0.02287655,0.26994213,0.85567791,1.11379068,1.13944073,1.14596774,1.14596774
2025/10/21,14:30:26,248.380000,24838,9935,4872,272,7,0,0,0.02272967,0.26820896,0.82554787,1.07525814,1.10154420,1.10807121,1.10807121
2025/10/21,14:30:27,246.790000,24679,9871,4646,264,7,0,0,0.02258450,0.26649584,0.79802704,1.04001382,1.06681303,1.07334004,1.07334004
2025/10/21,14:30:28,244.860000,24486,9794,4398,255,7,0,0,0.02240747,0.26440705,0.76754137,1.00125469,1.02868991,1.03413424,1.03413424
2025/10/21,14:30:29,242.700000,24270,9708,4146,245,7,0,0,0.02221011,0.26207806,0.73637914,0.96117384,0.98924869,0.98924869,0.98924869
2025/10/21,14:30:30,240.570000,24057,9623,3916,236,7,0,0,0.02201524,0.25977861,0.70773484,0.92451505,0.95309943,0.95309943,0.95309943
2025/10/21,14:30:31,238.730000,23873,9549,3771,229,8,0,0,0.02184694,0.25779281,0.68922795,0.89909179,0.92818570,0.92818570,0.92818570
2025/10/21,14:30:32,237.490000,23749,9499,3791,224,8,0,0,0.02173328,0.25645147,0.69015676,0.89578732,0.92488123,0.92488123,0.92488123
2025/10/21,14:30:33,236.160000,23616,9446,3795,219,8,0,0,0.02161167,0.25501667,0.68915010,0.89019141,0.91954189,0.91954189,0.91954189
2025/10/21,14:30:34,235.560000,23556,9422,3863,215,8,0,0,0.02155651,0.25436556,0.69627483,0.89363193,0.92323899,0.92323899,0.92323899
2025/10/21,14:30:35,236.480000,23648,9459,4053,213,8,0,0,0.02164101,0.25536277,0.71897570,0.91403863,0.94364569,0.94364569,0.94364569
2025/10/21,14:30:36,237.530000,23753,9501,4230,211,8,0,0,0.02173732,0.25649915,0.74040998,0.93363080,0.96323786,0.96323786,0.96323786
2025/10/21,14:30:37,238.570000,23857,9543,4389,209,8,0,0,0.02183239,0.25762119,0.75967288,0.95105159,0.98065865,0.98065865,0.98065865
2025/10/21,14:30:38,239.590000,23959,9583,4532,207,8,0,0,0.02192514,0.25871562,0.77717940,0.96681301,0.99642007,0.99642007,0.99642007
2025/10/21,14:30:39,240.330000,24033,9613,4601,204,8,0,0,0.02199278,0.25951359,0.78586222,0.97300766,1.00261472,1.00261472,1.00261472
2025/10/21,14:30:40,240.470000,24047,9619,4513,199,8,0,0,0.02200635,0.25967376,0.77598051,0.95860167,0.98833521,0.98833521,0.98833521
2025/10/21,14:30:41,240.830000,24083,9633,4466,195,8,0,0,0.02203851,0.26005318,0.77095924,0.95009018,0.98020677,0.98020677,0.98020677
2025/10/21,14:30:42,240.690000,24069,9627,4404,192,8,0,0,0.02202645,0.25991111,0.76369170,0.94014047,0.97025706,0.97025706,0.97025706
2025/10/21,14:30:43,239.140000,23914,9565,4240,189,8,0,0,0.02188468,0.25823803,0.74323137,0.91628693,0.94640352,0.94640352,0.94640352
2025/10/21,14:30:44,237.480000,23748,9499,4085,185,8,0,0,0.02173205,0.25643715,0.72372188,0.89344829,0.92292525,0.92292525,0.92292525
2025/10/21,14:30:45,235.840000,23584,9433,3946,182,8,0,0,0.02158236,0.25467064,0.70608054,0.87276971,0.90224667,0.90224667,0.90224667
2025/10/21,14:30:46,234.480000,23448,9379,3854,179,8,0,0,0.02145800,0.25320344,0.69413920,0.85853329,0.88801025,0.88801025,0.88801025
2025/10/21,14:30:47,233.300000,23330,9332,3794,177,8,0,0,0.02134991,0.25192788,0.68595630,0.84860528,0.87808224,0.87808224,0.87808224
2025/10/21,14:30:48,232.390000,23239,9295,3775,180,8,0,0,0.02126679,0.25094691,0.68281419,0.84814626,0.87762322,0.87870590,0.87870590
2025/10/21,14:30:49,231.400000,23140,9256,3741,185,8,0,0,0.02117620,0.24987819,0.67785966,0.84768307,0.87779966,0.88432667,0.88432667
2025/10/21,14:30:50,229.960000,22996,9198,3632,187,8,0,0,0.02104429,0.24832141,0.66377671,0.83563623,0.86575282,0.87227983,0.87227983
2025/10/21,14:30:51,228.470000,22847,9138,3520,189,8,0,0,0.02090749,0.24670741,0.64942243,0.82293005,0.85304664,0.85957365,0.85957365
2025/10/21,14:30:52,227.380000,22738,9095,3521,192,8,0,0,0.02080821,0.24553577,0.64835579,0.82454559,0.85466218,0.86118919,0.86118919
2025/10/21,14:30:53,226.940000,22694,9077,3613,196,8,0,0,0.02076821,0.24506385,0.65835801,0.83839399,0.86812753,0.87465454,0.87465454
2025/10/21,14:30:54,226.610000,22661,9064,3698,200,8,0,0,0.02073767,0.24470349,0.66771652,0.85143672,0.88104378,0.88757079,0.88757079
2025/10/21,14:30:55,226.490000,22649,9059,3809,204,8,0,0,0.02072636,0.24457002,0.68032322,0.86753363,0.89701059,0.90353760,0.90353760
2025/10/21,14:30:56,227.130000,22713,9085,4017,206,8,0,0,0.02078517,0.24526404,0.70477292,0.89337246,0.92259646,0.92912347,0.92912347
2025/10/21,14:30:57,228.510000,22851,9140,4326,209,8,0,0,0.02091179,0.24675794,0.74168416,0.93312785,0.96222176,0.96874877,0.96874877
2025/10/21,14:30:58,230.440000,23044,9217,4718,217,7,0,0,0.02108830,0.24884097,0.78857615,0.98803433,1.01674519,1.02327220,1.02327220
2025/10/21,14:30:59,232.370000,23237,9295,5075,226,7,0,0,0.02126517,0.25092784,0.83148106,1.03850075,1.06682855,1.07774815,1.07774815
2025/10/21,14:31:00,233.900000,23390,9356,5294,232,7,0,0,0.02140436,0.25257042,0.85817196,1.07097695,1.09917828,1.11009788,1.11009788
2025/10/21,14:31:01,234.850000,23485,9394,5418,237,7,0,0,0.02149203,0.25360480,0.87335227,1.09087554,1.11895039,1.12986999,1.12986999
2025/10/21,14:31:02,235.740000,23574,9429,5541,243,7,0,0,0.02157299,0.25456006,0.88845347,1.11092106,1.13873933,1.14965893,1.14965893
2025/10/21,14:31:03,236.310000,23631,9452,5608,247,7,0,0,0.02162486,0.25517211,0.89673225,1.12336814,1.15118641,1.16210601,1.16210601
2025/10/21,14:31:04,236.240000,23624,9449,5605,251,7,0,0,0.02161888,0.25510154,0.89622943,1.12625945,1.15407772,1.16499732,1.16499732
2025/10/21,14:31:05,235.900000,23590,9436,5663,253,7,0,0,0.02158776,0.25473449,0.90255571,1.13423383,1.16205210,1.17297170,1.17297170
2025/10/21,14:31:06,235.090000,23509,9403,5632,249,7,0,0,0.02151407,0.25386504,0.89812347,1.12640838,1.15435313,1.16527273,1.16527273
2025/10/21,14:31:07,234.250000,23425,9370,5593,245,7,0,0,0.02143661,0.25295081,0.89278205,1.11773781,1.14593914,1.15357976,1.15357976
2025/10/21,14:31:08,233.410000,23341,9336,5560,242,7,0,0,0.02135960,0.25204228,0.88809672,1.10985327,1.13805460,1.14458161,1.14458161
2025/10/21,14:31:09,232.480000,23248,9299,5512,238,7,0,0,0.02127454,0.25103842,0.88158316,1.10001147,1.12872233,1.13524934,1.13524934
2025/10/21,14:31:10,231.320000,23132,9252,5428,234,7,0,0,0.02116845,0.24978668,0.87072168,1.08491580,1.11362666,1.12015367,1.12015367
2025/10/21,14:31:11,230.380000,23038,9215,5387,230,8,0,0,0.02108281,0.24877613,0.86506993,1.07632382,1.10529125,1.11181826,1.11181826
2025/10/21,14:31:12,229.420000,22942,9177,5328,226,8,0,0,0.02099517,0.24774179,0.85723326,1.06480293,1.09389684,1.10042385,1.10042385
2025/10/21,14:31:13,228.760000,22876,9150,5219,222,8,0,0,0.02093431,0.24702390,0.84409821,1.04743461,1.07678509,1.08331210,1.08331210
2025/10/21,14:31:14,228.060000,22806,9122,5101,217,8,0,0,0.02087010,0.24626602,0.82984077,1.02874897,1.05835603,1.06488304,1.06488304
2025/10/21,14:31:15,227.360000,22736,9094,4996,212,8,0,0,0.02080644,0.24551480,0.81699553,1.01186446,1.04159800,1.04484604,1.04484604
2025/10/21,14:31:16,226.690000,22669,9067,4903,208,8,0,0,0.02074494,0.24478928,0.80569086,0.99687557,1.02699216,1.02699216,1.02699216
2025/10/21,14:31:17,226.560000,22656,9062,4901,206,8,0,0,0.02073298,0.24464820,0.80533166,0.99448026,1.02459685,1.02459685,1.02459685
2025/10/21,14:31:18,227.580000,22758,9103,5080,207,8,0,0,0.02082670,0.24575407,0.82684454,1.01702813,1.04714472,1.04714472,1.04714472
2025/10/21,14:31:19,228.710000,22871,9148,5254,208,8,0,0,0.02093021,0.24697531,0.84804455,1.03848620,1.06860279,1.06860279,1.06860279
2025/10/21,14:31:20,229.610000,22961,9184,5384,208,8,0,0,0.02101229,0.24794390,0.86380545,1.05424710,1.08436369,1.08436369,1.08436369
2025/10/21,14:31:21,230.720000,23072,9229,5657,208,8,0,0,0.02111377,0.24914129,0.89620712,1.08693977,1.11679978,1.11788246,1.11788246
2025/10/21,14:31:22,232.370000,23237,9295,6119,210,8,0,0,0.02126485,0.25092402,0.95089780,1.14356956,1.17317662,1.17970363,1.17970363
2025/10/21,14:31:23,234.290000,23429,9371,6606,213,8,0,0,0.02144081,0.25300039,1.00869352,1.20365945,1.23300993,1.23953694,1.23953694
2025/10/21,14:31:24,236.870000,23687,9474,7174,216,8,0,0,0.02167630,0.25577935,1.07647433,1.27463947,1.30360690,1.31013391,1.31013391
2025/10/21,14:31:25,239.150000,23915,9566,7678,224,7,0,0,0.02188533,0.25824565,1.13648988,1.34202344,1.37022477,1.37786539,1.37786539
2025/10/21,14:31:26,240.380000,24038,9615,7990,233,7,0,0,0.02199779,0.25957269,1.17355739,1.38700844,1.41419070,1.42511030,1.42511030
2025/10/21,14:31:27,241.200000,24120,9648,8208,240,7,0,0,0.02207315,0.26046214,1.19939004,1.41946646,1.44562604,1.45654564,1.45654564
2025/10/21,14:31:28,241.900000,24190,9676,8380,247,7,0,0,0.02213665,0.26121146,1.21979100,1.44603980,1.47155976,1.48247936,1.48247936
2025/10/21,14:31:29,241.880000,24188,9675,8328,254,6,0,0,0.02213481,0.26118955,1.21383125,1.44689850,1.47139939,1.48231899,1.48231899
2025/10/21,14:31:30,241.940000,24194,9677,8218,268,6,0,0,0.02214095,0.26126201,1.20126843,1.44703643,1.46885596,1.48305453,1.48305453
2025/10/21,14:31:31,241.780000,24178,9671,8063,281,5,0,0,0.02212631,0.26108944,1.18339125,1.44101901,1.46054384,1.47474241,1.47474241
2025/10/21,14:31:32,241.120000,24112,9644,7842,294,4,0,0,0.02206507,0.26036682,1.15739818,1.42656359,1.44379010,1.45798867,1.45798867
2025/10/21,14:31:33,240.300000,24030,9612,7601,300,4,0,0,0.02199026,0.25948402,1.12898289,1.40364168,1.42022857,1.43442714,1.43442714
2025/10/21,14:31:34,239.320000,23932,9573,7343,301,5,0,0,0.02190107,0.25843155,1.09834591,1.37439474,1.39353651,1.40773508,1.40773508
2025/10/21,14:31:35,238.360000,23836,9534,7107,303,5,0,0,0.02181326,0.25739528,1.07042353,1.34786149,1.36917149,1.38337006,1.38337006
2025/10/21,14:31:36,237.400000,23740,9496,6892,304,6,0,0,0.02172526,0.25635708,1.04476526,1.32339927,1.34700758,1.36120615,1.36120615
2025/10/21,14:31:37,236.110000,23611,9444,6615,302,6,0,0,0.02160708,0.25496235,1.01162487,1.28822277,1.31157451,1.32577308,1.32577308
2025/10/21,14:31:38,234.780000,23478,9391,6328,294,5,0,0,0.02148525,0.25352473,0.97736320,1.24688367,1.26627840,1.27719800,1.27719800
2025/10/21,14:31:39,234.100000,23410,9364,6187,289,4,0,0,0.02142336,0.25279447,0.96054410,1.22573429,1.24257775,1.25349735,1.25349735
2025/10/21,14:31:40,233.910000,23391,9356,6226,287,4,0,0,0.02140607,0.25259047,0.96476728,1.22792136,1.24438177,1.25530137,1.25530137
2025/10/21,14:31:41,233.620000,23362,9345,6272,285,4,0,0,0.02137941,0.25227586,0.96974424,1.23105622,1.24815625,1.25907585,1.25907585
2025/10/21,14:31:42,233.260000,23326,9330,6348,284,4,0,0,0.02134619,0.25188401,0.97798863,1.23865454,1.25600753,1.26692713,1.26692713
2025/10/21,14:31:43,232.900000,23290,9316,6417,284,4,0,0,0.02131332,0.25149602,0.98559050,1.24570735,1.26331691,1.27423651,1.27423651
2025/10/21,14:31:44,232.540000,23254,9301,6478,283,4,0,0,0.02128052,0.25110896,0.99211489,1.25168176,1.26967438,1.28059398,1.28059398
2025/10/21,14:31:45,232.160000,23216,9286,6521,282,5,0,0,0.02124513,0.25069141,0.99666579,1.25513362,1.27338281,1.28430241,1.28430241
2025/10/21,14:31:46,231.530000,23153,9261,6457,279,5,0,0,0.02118816,0.25001930,0.98865008,1.24398367,1.26299535,1.27391495,1.27391495
2025/10/21,14:31:47,230.260000,23026,9210,6264,272,5,0,0,0.02107192,0.24864746,0.96525145,1.21441266,1.23432054,1.24524014,1.24524014
2025/10/21,14:31:48,228.330000,22833,9133,5880,262,5,0,0,0.02089521,0.24656250,0.91921792,1.15975060,1.18106060,1.18870122,1.18870122
2025/10/21,14:31:49,226.530000,22653,9061,5503,253,6,0,0,0.02073033,0.24461674,0.87408297,1.10566409,1.12812324,1.13465025,1.13465025
2025/10/21,14:31:50,225.590000,22559,9023,5239,244,6,0,0,0.02064469,0.24360621,0.84294667,1.06625432,1.08986263,1.09638964,1.09638964
2025/10/21,14:31:51,225.150000,22515,9006,5075,236,6,0,0,0.02060446,0.24313145,0.82368467,1.04046488,1.06483929,1.07136630,1.07136630
2025/10/21,14:31:52,224.840000,22484,8993,4945,230,6,0,0,0.02057602,0.24279587,0.80844777,1.01960466,1.04474157,1.04798961,1.04798961
2025/10/21,14:31:53,224.480000,22448,8979,4825,224,7,0,0,0.02054264,0.24240213,0.79434034,1.00016491,1.02581496,1.02581496,1.02581496
2025/10/21,14:31:54,223.720000,22372,8949,4695,218,7,0,0,0.02047348,0.24158608,0.77862298,0.97901823,1.00517781,1.00517781,1.00517781
2025/10/21,14:31:55,222.920000,22292,8917,4576,213,7,0,0,0.02040038,0.24072332,0.76415554,0.95947744,0.98627665,0.98627665,0.98627665
2025/10/21,14:31:56,222.330000,22233,8893,4483,208,7,0,0,0.02034576,0.24007885,0.75292781,0.94375746,0.97093972,0.97093972,0.97093972
2025/10/21,14:31:57,222.160000,22216,8886,4429,204,7,0,0,0.02033041,0.23989774,0.74659474,0.93409524,0.96153046,0.96153046,0.96153046
2025/10/21,14:31:58,221.490000,22149,8859,4308,200,7,0,0,0.02026875,0.23917030,0.73204450,0.91586170,0.94367997,0.94367997,0.94367997
2025/10/21,14:31:59,220.490000,22049,8819,4150,196,7,0,0,0.02017723,0.23809020,0.71282353,0.89221253,0.92041386,0.92041386,0.92041386
2025/10/21,14:32:00,219.370000,21937,8774,3988,191,7,0,0,0.02007501,0.23688421,0.69315343,0.86830916,0.89676706,0.89676706,0.89676706
2025/10/21,14:32:01,218.260000,21826,8730,3844,186,7,0,0,0.01997370,0.23568872,0.67543685,0.84635930,0.87520025,0.87520025,0.87520025
2025/10/21,14:32:02,217.160000,21716,8686,3714,182,8,0,0,0.01987320,0.23450279,0.65935372,0.82652698,0.85562089,0.85562089,0.85562089
2025/10/21,14:32:03,216.080000,21608,8643,3596,178,8,0,0,0.01977376,0.23332923,0.64468048,0.80807344,0.83755040,0.83755040,0.83755040
2025/10/21,14:32:04,214.820000,21482,8593,3476,174,8,0,0,0.01965877,0.23197263,0.62961020,0.78922195,0.81882901,0.81882901,0.81882901
2025/10/21,14:32:05,213.030000,21303,8521,3318,169,8,0,0,0.01949535,0.23004404,0.60964975,0.76467225,0.79478884,0.79478884,0.79478884
2025/10/21,14:32:06,211.000000,21100,8440,3130,164,8,0,0,0.01930937,0.22784945,0.58590901,0.73605216,0.76642171,0.76642171,0.76642171
2025/10/21,14:32:07,208.840000,20884,8353,2815,158,7,0,0,0.01911133,0.22551281,0.54750465,0.69228254,0.71971776,0.71971776,0.71971776
2025/10/21,14:32:08,206.860000,20686,8274,2559,153,6,0,0,0.01893013,0.22337448,0.51618169,0.65646824,0.68096913,0.68096913,0.68096913
2025/10/21,14:32:09,205.490000,20549,8219,2434,150,6,0,0,0.01880497,0.22189776,0.50038940,0.63773481,0.66134312,0.66134312,0.66134312
2025/10/21,14:32:10,205.220000,20522,8209,2566,149,7,0,0,0.01878057,0.22160985,0.51516032,0.65195666,0.67747662,0.67747662,0.67747662
2025/10/21,14:32:11,206.160000,20616,8246,2980,152,7,0,0,0.01886647,0.22262326,0.56358009,0.70357564,0.73228650,0.73773083,0.73773083
2025/10/21,14:32:12,207.750000,20775,8310,3375,157,7,0,0,0.01901179,0.22433828,0.61042320,0.75455503,0.78097119,0.78861181,0.78861181
2025/10/21,14:32:13,209.320000,20932,8373,3665,161,6,0,0,0.01915577,0.22603714,0.64527325,0.79318629,0.81743061,0.82835021,0.82835021
2025/10/21,14:32:14,210.880000,21088,8435,3923,165,6,0,0,0.01929796,0.22771502,0.67653564,0.82822990,0.85081553,0.86173513,0.86173513
2025/10/21,14:32:15,212.670000,21267,8506,4196,170,5,0,0,0.01946174,0.22964745,0.70967235,0.86540588,0.88620634,0.90040491,0.90040491
2025/10/21,14:32:16,214.470000,21447,8579,4459,174,5,0,0,0.01962678,0.23159510,0.74163677,0.90124852,0.92051677,0.93471534,0.93471534
2025/10/21,14:32:17,216.610000,21661,8664,4837,179,4,0,0,0.01982288,0.23390887,0.78725273,0.95138876,0.96861527,0.98609282,0.98609282
2025/10/21,14:32:18,218.930000,21893,8757,5256,184,4,0,0,0.02003526,0.23641517,0.83769853,1.00661690,1.02448304,1.04304327,1.04304327
2025/10/21,14:32:19,221.330000,22133,8853,5696,189,5,0,0,0.02025414,0.23899779,0.89059981,1.06384937,1.08324410,1.10180433,1.10180433
2025/10/21,14:32:20,223.310000,22331,8932,6043,193,5,0,0,0.02043567,0.24113992,0.93236845,1.10956029,1.13036075,1.14892098,1.14892098
2025/10/21,14:32:21,226.440000,22644,9057,6588,200,6,0,0,0.02072225,0.24452141,0.99816251,1.18172073,1.20507247,1.22579806,1.22579806
2025/10/21,14:32:22,230.900000,23090,9236,7474,211,7,0,0,0.02113041,0.24933768,1.10425836,1.29773816,1.32644902,1.34937090,1.34937090
2025/10/21,14:32:23,235.430000,23543,9417,8432,222,9,0,0,0.02154455,0.25422448,1.21874196,1.42233642,1.45551381,1.48063199,1.48063199
2025/10/21,14:32:24,240.060000,24006,9602,9187,234,11,0,0,0.02196854,0.25922758,1.31012744,1.52461256,1.56621349,1.59461064,1.59461064
2025/10/21,14:32:25,244.390000,24439,9775,9642,246,14,1,0,0.02236507,0.26390657,1.36681361,1.59270644,1.64617477,1.67893357,1.67893357
2025/10/21,14:32:26,248.850000,24885,9954,10103,258,18,1,0,0.02277242,0.26871330,1.42442728,1.66143772,1.72677706,1.76281484,1.76281484
2025/10/21,14:32:27,253.510000,25351,10140,10604,271,21,1,0,0.02319916,0.27374882,1.48672918,1.73508235,1.81356473,1.85396416,1.85396416
2025/10/21,14:32:28,258.100000,25810,10324,11057,282,24,1,0,0.02361976,0.27871188,1.54346917,1.80193700,1.89177724,1.93545565,1.93545565
2025/10/21,14:32:29,262.020000,26202,10481,11392,291,27,1,0,0.02397832,0.28294281,1.58599348,1.85237972,1.95179266,1.99766736,1.99766736
2025/10/21,14:32:30,264.800000,26480,10592,11521,295,29,1,0,0.02423200,0.28593628,1.60384388,1.87456039,1.97945893,2.02641631,2.02641631
2025/10/21,14:32:31,267.320000,26732,10692,11555,299,30,1,0,0.02446281,0.28865995,1.61045348,1.88420723,1.99484794,2.04180532,2.04180532
2025/10/21,14:32:32,269.460000,26946,10778,11502,300,30,1,0,0.02465913,0.29097656,1.60665839,1.88141418,1.99243794,2.03939532,2.03939532
2025/10/21,14:32:33,270.880000,27088,10835,11363,297,28,1,0,0.02478898,0.29250860,1.59229947,1.86476109,1.96889352,2.01257193,2.01257193
2025/10/21,14:32:34,270.940000,27094,10837,11093,292,26,1,0,0.02479399,0.29256769,1.56144115,1.82882851,1.92402787,1.96334462,1.96334462
2025/10/21,14:32:35,270.090000,27009,10803,10769,284,23,1,0,0.02471611,0.29164869,1.52354555,1.78350043,1.86759850,1.90255360,1.90255360
2025/10/21,14:32:36,269.330000,26933,10773,10504,286,21,1,0,0.02464653,0.29082785,1.49232019,1.75466624,1.83340519,1.86616399,1.86616399
2025/10/21,14:32:37,268.190000,26819,10727,10238,294,20,0,0,0.02454289,0.28960472,1.46069254,1.73031001,1.80598454,1.83546437,1.83546437
2025/10/21,14:32:38,266.810000,26681,10672,9959,301,19,0,0,0.02441627,0.28811083,1.42730772,1.70290358,1.77513425,1.80241779,1.80241779
2025/10/21,14:32:39,265.290000,26529,10611,9685,306,19,0,0,0.02427699,0.28646727,1.39429025,1.67496037,1.74400014,1.76911832,1.76911832
2025/10/21,14:32:40,263.780000,26378,10551,9439,312,18,0,0,0.02413942,0.28484375,1.36454849,1.65016292,1.71575522,1.73867710,1.73867710
2025/10/21,14:32:41,262.290000,26229,10491,9217,317,17,0,0,0.02400320,0.28323644,1.33750922,1.62764793,1.69081544,1.71154103,1.71154103
2025/10/21,14:32:42,260.890000,26089,10435,9014,324,16,0,0,0.02387426,0.28171492,1.31284191,1.61015505,1.67102786,1.68958809,1.68958809
2025/10/21,14:32:43,259.430000,25943,10377,8621,341,16,0,0,0.02374118,0.28014474,1.26626088,1.57876293,1.63886963,1.65742986,1.65742986
2025/10/21,14:32:44,258.430000,25843,10337,8198,352,15,0,0,0.02364907,0.27905795,1.21679833,1.53925398,1.59400156,1.61256179,1.61256179
2025/10/21,14:32:45,257.360000,25736,10294,7787,356,13,0,0,0.02355196,0.27791202,1.16868230,1.49482125,1.54305694,1.55725551,1.55725551
2025/10/21,14:32:46,256.620000,25662,10264,7508,362,11,0,0,0.02348378,0.27710743,1.13591815,1.46719542,1.51032856,1.52452713,1.52452713
2025/10/21,14:32:47,256.340000,25634,10253,7388,370,11,0,0,0.02345786,0.27680142,1.12189835,1.46073805,1.50080677,1.51500534,1.51500534
2025/10/21,14:32:48,256.470000,25647,10259,7352,380,10,0,0,0.02347053,0.27695107,1.11794395,1.46570318,1.50360368,1.51780225,1.51780225
2025/10/21,14:32:49,257.870000,25787,10315,7524,394,10,0,0,0.02359850,0.27846116,1.13910567,1.50040571,1.53907232,1.55654987,1.55654987
2025/10/21,14:32:50,260.370000,26037,10414,7942,411,11,0,0,0.02382698,0.28115720,1.18963620,1.56583416,1.60666899,1.62522922,1.62522922
2025/10/21,14:32:51,262.950000,26295,10518,8456,419,11,0,0,0.02406354,0.28394856,1.25127345,1.63519490,1.67756194,1.69612217,1.69612217
2025/10/21,14:32:52,265.030000,26503,10601,8900,427,11,0,0,0.02425349,0.28618987,1.30426568,1.69584656,1.73872313,1.76164501,1.76164501
2025/10/21,14:32:53,267.440000,26744,10697,9177,438,12,0,0,0.02447373,0.28878867,1.33854539,1.73949786,1.78403312,1.80695500,1.80695500
2025/10/21,14:32:54,270.050000,27005,10802,9438,447,12,0,0,0.02471246,0.29160578,1.37125402,1.78038296,1.82594090,1.84886278,1.84886278
2025/10/21,14:32:55,272.760000,27276,10910,9660,454,12,0,0,0.02496091,0.29453729,1.39956087,1.81576723,1.86132517,1.88424705,1.88424705
2025/10/21,14:32:56,275.380000,27538,11015,9853,461,12,0,0,0.02520069,0.29736678,1.42439301,1.84667476,1.89172316,1.91464504,1.91464504
2025/10/21,14:32:57,277.200000,27720,11088,9968,464,11,0,0,0.02536713,0.29933068,1.43955759,1.86426254,1.90739568,1.93031756,1.93031756
2025/10/21,14:32:58,279.010000,27901,11160,10059,465,11,0,0,0.02553249,0.30128214,1.45191044,1.87781143,1.91813673,1.93886232,1.93886232
2025/10/21,14:32:59,280.290000,28029,11211,10032,463,10,0,0,0.02564974,0.30266544,1.45026420,1.87438805,1.91101291,1.92957314,1.92957314
2025/10/21,14:33:00,281.370000,28137,11255,9996,456,9,0,0,0.02574901,0.30383707,1.44726315,1.86472961,1.89739747,1.91595770,1.91595770
2025/10/21,14:33:01,282.340000,28234,11293,9997,448,8,0,0,0.02583798,0.30488673,1.44842994,1.85839894,1.88762294,1.90182151,1.90182151
2025/10/21,14:33:02,282.790000,28279,11311,9933,439,7,0,0,0.02587902,0.30537102,1.44159900,1.84355351,1.86907347,1.88327204,1.88327204
2025/10/21,14:33:03,282.650000,28265,11306,9820,428,5,0,0,0.02586568,0.30521371,1.42846714,1.82059708,1.84216365,1.85636222,1.85636222
2025/10/21,14:33:04,282.150000,28215,11286,9687,416,4,0,0,0.02581972,0.30467127,1.41272038,1.79408868,1.81195482,1.82287442,1.82287442
2025/10/21,14:33:05,281.160000,28116,11246,9518,403,4,0,0,0.02572956,0.30360733,1.39234007,1.76171958,1.77843656,1.78935616,1.78935616
2025/10/21,14:33:06,278.960000,27896,11158,9226,386,5,0,0,0.02552829,0.30123255,1.35653134,1.71055996,1.72893563,1.73874161,1.73874161
2025/10/21,14:33:07,277.010000,27701,11080,8975,371,5,0,0,0.02534990,0.29912760,1.32573864,1.66528938,1.68519726,1.69172427,1.69172427
2025/10/21,14:33:08,275.030000,27503,11001,8542,355,5,0,0,0.02516893,0.29699213,1.27414478,1.59944367,1.62075367,1.62728068,1.62728068
2025/10/21,14:33:09,272.820000,27282,10913,7944,339,6,0,0,0.02496663,0.29460497,1.20329810,1.51376404,1.53634967,1.54287668,1.54287668
2025/10/21,14:33:10,271.190000,27119,10847,7461,325,6,0,0,0.02481758,0.29284607,1.14636511,1.44413031,1.46786510,1.47111314,1.47111314
2025/10/21,14:33:11,269.670000,26967,10787,7039,312,6,0,0,0.02467830,0.29120253,1.09634581,1.38244524,1.40720271,1.40720271,1.40720271
2025/10/21,14:33:12,268.420000,26842,10736,6706,306,6,0,0,0.02456341,0.28984687,1.05698353,1.33771770,1.36221859,1.36221859,1.36221859
2025/10/21,14:33:13,267.520000,26752,10700,6478,306,6,0,0,0.02448116,0.28887638,1.02988231,1.31081048,1.33416222,1.33960655,1.33960655
2025/10/21,14:33:14,266.820000,26682,10673,6315,309,6,0,0,0.02441766,0.28812704,1.01055986,1.29333014,1.31553272,1.32205973,1.32205973
2025/10/21,14:33:15,265.810000,26581,10632,6115,312,5,0,0,0.02432475,0.28703070,0.98657222,1.27228365,1.29321059,1.29973760,1.29973760
2025/10/21,14:33:16,265.040000,26504,10601,5978,321,5,0,0,0.02425414,0.28619749,0.97008231,1.26409924,1.28375055,1.29247385,1.29247385
2025/10/21,14:33:17,264.240000,26424,10569,5855,330,5,0,0,0.02418078,0.28533188,0.95507488,1.25707335,1.27532254,1.28624214,1.28624214
2025/10/21,14:33:18,262.980000,26298,10519,5690,337,4,0,0,0.02406580,0.28397526,0.93482201,1.24338087,1.26073386,1.27165346,1.27165346
2025/10/21,14:33:19,261.650000,26165,10466,5532,343,4,0,0,0.02394438,0.28254240,0.91535730,1.22999155,1.24632548,1.25724508,1.25724508
2025/10/21,14:33:20,260.300000,26030,10412,5375,344,4,0,0,0.02382110,0.28108763,0.89597567,1.21086889,1.22745578,1.23837538,1.23837538
2025/10/21,14:33:21,259.270000,25927,10371,5265,340,4,0,0,0.02372657,0.27997220,0.88222907,1.19418115,1.21179071,1.22271031,1.22271031
2025/10/21,14:33:22,258.480000,25848,10339,5198,338,5,0,0,0.02365392,0.27911513,0.87370528,1.18336319,1.20148229,1.21240189,1.21240189
2025/10/21,14:33:23,258.180000,25818,10327,5222,337,5,0,0,0.02362629,0.27878910,0.87618654,1.18510138,1.20347705,1.21439665,1.21439665
2025/10/21,14:33:24,257.690000,25769,10307,5206,331,5,0,0,0.02358195,0.27826573,0.87382527,1.17731079,1.19619599,1.20711559,1.20711559
2025/10/21,14:33:25,257.620000,25762,10305,5268,332,4,0,0,0.02357581,0.27819327,0.88077328,1.18490487,1.20225786,1.21317746,1.21317746
2025/10/21,14:33:26,258.220000,25822,10328,5539,342,5,0,0,0.02363017,0.27883486,0.91251014,1.22565826,1.24696826,1.26224951,1.26224951
2025/10/21,14:33:27,259.030000,25903,10361,5884,352,8,0,0,0.02370482,0.27971575,0.95280330,1.27580802,1.30605109,1.32461132,1.32461132
2025/10/21,14:33:28,259.630000,25963,10385,6158,362,10,0,0,0.02375944,0.28036019,0.98476115,1.31642642,1.35407035,1.37590955,1.37590955
2025/10/21,14:33:29,259.580000,25958,10383,6305,369,12,0,0,0.02375485,0.28030587,1.00155105,1.33984169,1.38412399,1.40704587,1.40704587
2025/10/21,14:33:30,259.140000,25914,10365,6359,373,13,0,0,0.02371429,0.27982731,1.00722857,1.34936448,1.39785674,1.42077862,1.42077862
2025/10/21,14:33:31,258.730000,25873,10349,6371,376,14,0,0,0.02367729,0.27939066,1.00819356,1.35281764,1.40526691,1.43038509,1.43038509
2025/10/21,14:33:32,258.310000,25831,10332,6375,378,15,0,0,0.02363889,0.27893782,1.00817298,1.35493017,1.41057033,1.43785387,1.43785387
2025/10/21,14:33:33,257.430000,25743,10297,6292,373,14,0,0,0.02355804,0.27798355,0.99771796,1.33995087,1.39214356,1.41614812,1.41614812
2025/10/21,14:33:34,255.820000,25582,10232,5991,360,12,0,0,0.02341067,0.27624466,0.96153524,1.29106740,1.33585923,1.35550214,1.35550214
2025/10/21,14:33:35,254.600000,25460,10184,5686,347,10,0,0,0.02329876,0.27492427,0.92533877,1.24291417,1.28055810,1.29692203,1.29692203
2025/10/21,14:33:36,253.580000,25358,10143,5435,335,8,0,0,0.02320595,0.27382889,0.89551927,1.20249500,1.23376074,1.24795931,1.24795931
2025/10/21,14:33:37,252.580000,25258,10103,5207,324,7,0,0,0.02311423,0.27274684,0.86841550,1.16537266,1.19165872,1.20257832,1.20257832
2025/10/21,14:33:38,251.490000,25149,10059,4991,313,5,0,0,0.02301463,0.27157139,0.84251486,1.12980942,1.15111942,1.16203902,1.16203902
2025/10/21,14:33:39,249.800000,24980,9992,4729,301,4,0,0,0.02285990,0.26974575,0.81066857,1.08691141,1.10298877,1.11279475,1.11279475
2025/10/21,14:33:40,248.160000,24816,9926,4492,290,4,0,0,0.02271005,0.26797733,0.78179980,1.04744206,1.06505162,1.07157863,1.07157863
2025/10/21,14:33:41,246.990000,24699,9879,4317,280,5,0,0,0.02260250,0.26670841,0.76055612,1.01692378,1.03606555,1.04259256,1.04259256
2025/10/21,14:33:42,246.160000,24616,9846,4227,271,5,0,0,0.02252655,0.26581227,0.74939997,0.99820520,1.01836604,1.02489305,1.02489305
2025/10/21,14:33:43,245.820000,24582,9833,4310,267,5,0,0,0.02249602,0.26545191,0.75854423,1.00340719,1.02395108,1.03047809,1.03047809
2025/10/21,14:33:44,245.480000,24548,9819,4400,263,5,0,0,0.02246483,0.26508393,0.76843226,1.00986998,1.03079692,1.03732393,1.03732393
2025/10/21,14:33:45,245.150000,24515,9806,4479,260,5,0,0,0.02243390,0.26471881,0.77713563,1.01518014,1.03649014,1.04301715,1.04301715
2025/10/21,14:33:46,244.810000,24481,9792,4553,256,5,0,0,0.02240311,0.26435557,0.78519450,1.02020086,1.04176743,1.04829444,1.04829444
2025/10/21,14:33:47,244.480000,24448,9779,4618,253,6,0,0,0.02237289,0.26399904,0.79229069,1.02435590,1.04617543,1.05270244,1.05270244
2025/10/21,14:33:48,244.030000,24403,9761,4666,250,6,0,0,0.02233146,0.26350998,0.79730721,1.02659325,1.04854287,1.05506988,1.05506988
2025/10/21,14:33:49,243.130000,24313,9725,4674,247,6,0,0,0.02224976,0.26254614,0.79720788,1.02326268,1.04546526,1.05199227,1.05199227
2025/10/21,14:33:50,241.930000,24193,9677,4642,243,6,0,0,0.02213924,0.26124197,0.79223191,1.01489350,1.03747913,1.04400614,1.04400614
2025/10/21,14:33:51,239.690000,23969,9587,4404,235,6,0,0,0.02193451,0.25882622,0.76260681,0.97809397,1.00157219,1.00809920,1.00809920
2025/10/21,14:33:52,237.580000,23758,9503,4199,228,6,0,0,0.02174184,0.25655251,0.73690054,0.94631232,0.96966406,0.97730468,0.97730468
2025/10/21,14:33:53,235.600000,23560,9424,4027,223,6,0,0,0.02156029,0.25441036,0.71510676,0.91934728,0.94218949,0.95310909,0.95310909
2025/10/21,14:33:54,233.640000,23364,9345,3873,217,6,0,0,0.02138087,0.25229301,0.69538981,0.89468602,0.91714517,0.93134374,0.93134374
2025/10/21,14:33:55,231.780000,23178,9271,3746,212,6,0,0,0.02121072,0.25028530,0.67880391,0.87357583,0.89565193,0.91093318,0.91093318
2025/10/21,14:33:56,230.570000,23057,9223,3713,209,5,0,0,0.02110026,0.24898205,0.67372386,0.86536155,0.88692812,0.90548835,0.90548835
2025/10/21,14:33:57,229.750000,22975,9190,3739,207,5,0,0,0.02102545,0.24809928,0.67586262,0.86539923,0.88606960,0.90790880,0.90790880
2025/10/21,14:33:58,228.920000,22892,9156,3731,204,5,0,0,0.02094895,0.24719648,0.67399031,0.86074774,0.88078210,0.90370398,0.90370398
2025/10/21,14:33:59,228.290000,22829,9131,3733,201,5,0,0,0.02089166,0.24652055,0.67352851,0.85779777,0.87732260,0.90460614,0.90460614
2025/10/21,14:34:00,227.540000,22754,9101,3715,197,5,0,0,0.02082298,0.24571020,0.67066613,0.85163918,0.87154706,0.89555162,0.89555162
2025/10/21,14:34:01,226.730000,22673,9069,3691,193,5,0,0,0.02074865,0.24483314,0.66709078,0.84437962,0.86504999,0.88797187,0.88797187
2025/10/21,14:34:02,226.460000,22646,9058,3770,191,5,0,0,0.02072403,0.24454239,0.67586841,0.85086308,0.87191650,0.89264209,0.89264209
2025/10/21,14:34:03,226.340000,22634,9053,3870,189,5,0,0,0.02071256,0.24440701,0.68707167,0.86032123,0.88163123,0.90019146,0.90019146
2025/10/21,14:34:04,225.670000,22567,9026,3890,186,6,0,0,0.02065154,0.24368724,0.68872705,0.85974650,0.88143955,0.89999978,0.89999978
2025/10/21,14:34:05,224.940000,22494,8997,3904,188,6,0,0,0.02058481,0.24289978,0.68955937,0.86206495,0.88426753,0.90282776,0.90282776
2025/10/21,14:34:06,224.390000,22439,8975,3928,191,6,0,0,0.02053456,0.24230680,0.69166868,0.86701841,0.88935108,0.90682863,0.90682863
2025/10/21,14:34:07,224.240000,22424,8969,3915,193,6,0,0,0.02052043,0.24213998,0.68998709,0.86727593,0.89011814,0.90431671,0.90431671
2025/10/21,14:34:08,224.060000,22406,8962,3880,195,6,0,0,0.02050402,0.24194644,0.68579862,0.86438050,0.88785872,0.90205729,0.90205729
2025/10/21,14:34:09,223.860000,22386,8954,3844,196,6,0,0,0.02048592,0.24173288,0.68148101,0.86116102,0.88502229,0.89922086,0.89922086
2025/10/21,14:34:10,223.350000,22335,8934,3741,197,6,0,0,0.02043938,0.24118376,0.66916523,0.84994428,0.87431869,0.88851726,0.88851726
2025/10/21,14:34:11,222.860000,22286,8914,3634,199,6,0,0,0.02039488,0.24065849,0.65643693,0.83870211,0.86320300,0.88284591,0.88284591
2025/10/21,14:34:12,223.140000,22314,8925,3610,201,6,0,0,0.02042025,0.24095785,0.65392888,0.83839214,0.86301951,0.88702407,0.88702407
2025/10/21,14:34:13,223.560000,22356,8942,3599,199,6,0,0,0.02045855,0.24140973,0.65308411,0.83560827,0.86061870,0.88790224,0.88790224
2025/10/21,14:34:14,223.790000,22379,8951,3574,195,7,0,0,0.02047946,0.24165662,0.65052360,0.82965454,0.85517450,0.88465433,0.88465433
2025/10/21,14:34:15,223.390000,22339,8935,3554,192,7,0,0,0.02044278,0.24122380,0.64782474,0.82372353,0.84950006,0.87897989,0.87897989
2025/10/21,14:34:16,222.950000,22295,8918,3543,189,7,1,0,0.02040280,0.24075193,0.64605623,0.81920879,0.84511180,0.87678792,0.87678792
2025/10/21,14:34:17,223.080000,22308,8923,3581,187,7,1,0,0.02041418,0.24088633,0.65050869,0.82207720,0.84798021,0.88073901,0.88073901
2025/10/21,14:34:18,223.100000,22310,8924,3592,185,7,1,0,0.02041605,0.24090826,0.65182726,0.82129561,0.84745519,0.87913131,0.87913131
2025/10/21,14:34:19,223.510000,22351,8940,3649,184,7,1,0,0.02045360,0.24135156,0.65874977,0.82783011,0.85322359,0.88489971,0.88489971
2025/10/21,14:34:20,223.640000,22364,8945,3673,184,6,0,0,0.02046582,0.24149552,0.66170114,0.83078148,0.85528237,0.88584488,0.88584488
2025/10/21,14:34:21,223.290000,22329,8931,3635,184,6,0,0,0.02043382,0.24111798,0.65700542,0.82553670,0.84914501,0.87862484,0.87862484
2025/10/21,14:34:22,223.070000,22307,8922,3614,183,6,0,0,0.02041337,0.24087680,0.65428008,0.82264939,0.84549160,0.87497143,0.87497143
2025/10/21,14:34:23,223.210000,22321,8928,3635,185,6,0,0,0.02042678,0.24103504,0.65692248,0.82629383,0.84824345,0.87772328,0.87772328
2025/10/21,14:34:24,223.290000,22329,8931,3650,185,5,0,0,0.02043357,0.24111512,0.65862245,0.82863986,0.84969328,0.87809043,0.87809043
2025/10/21,14:34:25,222.800000,22280,8912,3614,185,5,0,0,0.02038913,0.24059078,0.65399406,0.82362347,0.84404088,0.87132442,0.87132442
2025/10/21,14:34:26,222.370000,22237,8895,3593,185,5,0,0,0.02034987,0.24012746,0.65115558,0.82062393,0.84053181,0.86781535,0.86781535
2025/10/21,14:34:27,221.560000,22156,8862,3532,182,5,0,0,0.02027596,0.23925519,0.64326285,0.81059809,0.83088902,0.85489358,0.85489358
2025/10/21,14:34:28,220.260000,22026,8810,3415,179,5,0,0,0.02015687,0.23784997,0.62858008,0.79242511,0.81360863,0.83433422,0.83433422
2025/10/21,14:34:29,219.460000,21946,8778,3333,175,6,0,0,0.02008309,0.23697954,0.61831403,0.77931491,0.80126453,0.81982476,0.81982476
2025/10/21,14:34:30,218.840000,21884,8753,3272,173,6,0,0,0.02002680,0.23631509,0.61062911,0.76930379,0.79176294,0.80924049,0.80924049
2025/10/21,14:34:31,217.860000,21786,8714,3174,170,6,0,0,0.01993718,0.23525782,0.59834244,0.75391400,0.77700916,0.79120773,0.79120773
2025/10/21,14:34:32,216.880000,21688,8675,3034,166,6,0,0,0.01984728,0.23419678,0.58128944,0.73382376,0.75768503,0.77188360,0.77188360
2025/10/21,14:34:33,215.910000,21591,8636,2896,163,6,0,0,0.01975889,0.23315381,0.56444439,0.71410254,0.73847695,0.74939655,0.74939655
2025/10/21,14:34:34,214.870000,21487,8595,2750,160,6,0,0,0.01966372,0.23203080,0.54658616,0.69320616,0.71809011,0.72900971,0.72900971
2025/10/21,14:34:35,214.250000,21425,8570,2733,158,7,0,0,0.01960691,0.23136057,0.54405778,0.68902967,0.71442315,0.72534275,0.72534275
2025/10/21,14:34:36,214.040000,21404,8561,2826,158,7,0,0,0.01958697,0.23112513,0.55442173,0.69939362,0.72491358,0.73583318,0.73583318
2025/10/21,14:34:37,213.900000,21390,8556,2979,159,7,0,0,0.01957410,0.23097353,0.57174449,0.71765345,0.74317341,0.75409301,0.75409301
2025/10/21,14:34:38,214.120000,21412,8565,3162,160,6,0,0,0.01959511,0.23122140,0.59301338,0.73992438,0.76506129,0.77598089,0.77598089
2025/10/21,14:34:39,214.560000,21456,8582,3277,162,6,0,0,0.01963470,0.23168853,0.60654393,0.75490903,0.77991946,0.79083906,0.79083906
2025/10/21,14:34:40,214.980000,21498,8599,3380,163,6,0,0,0.01967348,0.23214613,0.61877231,0.76843046,0.79344089,0.80436049,0.80436049
2025/10/21,14:34:41,215.770000,21577,8630,3503,165,6,0,0,0.01974532,0.23299367,0.63376578,0.78555704,0.81018441,0.82110401,0.82110401
2025/10/21,14:34:42,217.100000,21710,8684,3676,169,6,0,0,0.01986705,0.23443032,0.65495907,0.80969056,0.83393488,0.84485448,0.84485448
2025/10/21,14:34:43,218.260000,21826,8730,3800,175,6,0,0,0.01997322,0.23568301,0.67035769,0.83126157,0.85537941,0.86629901,0.86629901
2025/10/21,14:34:44,219.010000,21901,8760,3862,183,6,0,0,0.02004253,0.23650096,0.67830111,0.84618541,0.87017677,0.88109637,0.88109637
2025/10/21,14:34:45,219.290000,21929,8771,3863,189,6,0,0,0.02006742,0.23679459,0.67870386,0.85195342,0.87607126,0.88699086,0.88699086
2025/10/21,14:34:46,219.330000,21933,8773,3928,194,6,0,0,0.02007107,0.23683751,0.68619939,0.86439327,0.88800158,0.90220015,0.90220015
2025/10/21,14:34:47,219.880000,21988,8795,4119,201,5,0,0,0.02012203,0.23743905,0.70860959,0.89342791,0.91486439,0.93886895,0.93886895
2025/10/21,14:34:48,221.300000,22130,8852,4404,211,5,1,0,0.02025146,0.23896630,0.74274689,0.93596771,0.95459634,0.98627246,0.98627246
2025/10/21,14:34:49,222.500000,22250,8900,4651,219,4,1,0,0.02036127,0.24026190,0.77233035,0.97327466,0.98947849,1.02771256,1.02771256
2025/10/21,14:34:50,223.420000,22342,8936,4859,227,6,1,0,0.02044552,0.24125621,0.79708035,1.00490808,1.02698418,1.06846629,1.06846629
2025/10/21,14:34:51,223.850000,22385,8954,4983,228,7,1,0,0.02048537,0.24172622,0.81180530,1.02092608,1.04797825,1.09385295,1.09385295
2025/10/21,14:34:52,224.400000,22440,8976,5122,227,8,1,0,0.02053530,0.24231540,0.82826531,1.03667505,1.06857681,1.11773049,1.11773049
2025/10/21,14:34:53,225.600000,22560,9024,5443,229,10,1,0,0.02064534,0.24361383,0.86627772,1.07588350,1.11352743,1.16484647,1.16484647
2025/10/21,14:34:54,226.600000,22660,9064,5667,229,11,1,0,0.02073695,0.24469491,0.89294838,1.10326520,1.14435660,1.19787193,1.19787193
2025/10/21,14:34:55,226.960000,22696,9078,5742,228,10,1,0,0.02077008,0.24508578,0.90197949,1.11103529,1.14970190,1.19993826,1.19993826
2025/10/21,14:34:56,226.460000,22646,9058,5693,224,9,1,0,0.02072371,0.24453859,0.89581748,1.10144804,1.13564811,1.18152281,1.18152281
2025/10/21,14:34:57,225.960000,22596,9038,5667,221,8,1,0,0.02067846,0.24400469,0.89225816,1.09514158,1.12564122,1.16712333,1.16712333
2025/10/21,14:34:58,225.370000,22537,9014,5646,218,7,1,0,0.02062391,0.24336119,0.88923939,1.08953764,1.11633685,1.15457092,1.15457092
2025/10/21,14:34:59,224.760000,22476,8990,5623,216,6,1,0,0.02056817,0.24270339,0.88588330,1.08369337,1.10704511,1.14200021,1.14200021
2025/10/21,14:35:00,224.150000,22415,8966,5604,213,5,1,0,0.02051274,0.24204939,0.88306827,1.07858326,1.09938372,1.13214252,1.13214252
2025/10/21,14:35:01,223.290000,22329,8931,5534,210,4,0,0,0.02043340,0.24111322,0.87414213,1.06652288,1.08362291,1.11310274,1.11310274
2025/10/21,14:35:02,222.210000,22221,8888,5425,206,4,0,0,0.02033461,0.23994730,0.86055916,1.04935270,1.06632264,1.09360618,1.09360618
2025/10/21,14:35:03,221.320000,22132,8853,5357,203,4,0,0,0.02025356,0.23899108,0.85182709,1.03767948,1.05567210,1.08079028,1.08079028
2025/10/21,14:35:04,220.630000,22063,8825,5325,200,5,0,0,0.02019048,0.23824656,0.84741078,1.03096900,1.04985420,1.07277608,1.07277608
2025/10/21,14:35:05,220.220000,22022,8809,5304,198,5,0,0,0.02015315,0.23780610,0.84459516,1.02602027,1.04567158,1.06639717,1.06639717
2025/10/21,14:35:06,219.860000,21986,8794,5259,195,5,0,0,0.02011987,0.23741332,0.83901981,1.01769778,1.03811519,1.05667542,1.05667542
2025/10/21,14:35:07,219.500000,21950,8780,5218,192,5,0,0,0.02008674,0.23702245,0.83387863,1.00987442,1.03092784,1.04948807,1.04948807
2025/10/21,14:35:08,218.950000,21895,8758,5138,188,6,0,0,0.02003665,0.23643138,0.82421919,0.99708075,1.01890028,1.03309885,1.03309885
2025/10/21,14:35:09,218.490000,21849,8739,4988,185,6,0,0,0.01999422,0.23593087,0.80654721,0.97666162,0.99912077,1.01876368,1.01876368
2025/10/21,14:35:10,218.760000,21876,8750,4930,184,6,0,0,0.02001969,0.23623119,0.80015431,0.96913765,0.99185338,1.01913692,1.01913692
2025/10/21,14:35:11,219.490000,21949,8779,4958,183,6,1,0,0.02008632,0.23701768,0.80418034,0.97245265,0.99516838,1.02684450,1.02684450
2025/10/21,14:35:12,220.260000,22026,8810,4994,182,6,1,0,0.02015661,0.23784709,0.80911381,0.97635205,0.99932073,1.03427583,1.03427583
2025/10/21,14:35:13,220.570000,22057,8822,4981,180,6,1,0,0.02018483,0.23817983,0.80793578,0.97352591,0.99675117,1.03387163,1.03387163
2025/10/21,14:35:14,220.570000,22057,8823,4938,178,6,1,0,0.02018531,0.23818552,0.80308203,0.96663605,0.99024436,1.02956111,1.02956111
2025/10/21,14:35:15,220.620000,22062,8825,4926,176,6,1,0,0.02018990,0.23823985,0.80173072,0.96344264,0.98743400,1.02783343,1.02783343
2025/10/21,14:35:16,221.120000,22112,8844,5045,175,6,1,0,0.02023498,0.23877182,0.81586736,0.97686824,1.00098608,1.04358181,1.04358181
2025/10/21,14:35:17,221.720000,22172,8868,5151,174,6,1,0,0.02028985,0.23941916,0.82860861,0.98867242,1.01291674,1.05439885,1.05439885
2025/10/21,14:35:18,222.320000,22232,8893,5206,172,6,1,0,0.02034518,0.24007217,0.83563171,0.99369235,1.01844982,1.05668389,1.05668389
2025/10/21,14:35:19,222.290000,22229,8891,5151,169,6,1,0,0.02034237,0.24003882,0.82922827,0.98460674,1.00987374,1.04482884,1.04482884
2025/10/21,14:35:20,222.030000,22203,8881,5058,166,7,1,0,0.02031813,0.23975283,0.81836314,0.97105852,0.99696153,1.02863765,1.02863765
2025/10/21,14:35:21,221.740000,22174,8869,4976,164,7,0,0,0.02029218,0.23944679,0.80866148,0.95880463,0.98509069,1.01457052,1.01457052
2025/10/21,14:35:22,221.450000,22145,8858,4900,161,7,0,0,0.02026568,0.23913410,0.79970855,0.94736262,0.97403174,1.00131528,1.00131528
2025/10/21,14:35:23,221.210000,22121,8848,4826,158,7,0,0,0.02024348,0.23887194,0.79091916,0.93634403,0.96339620,0.99067974,0.99067974
2025/10/21,14:35:24,221.210000,22121,8848,4725,156,7,0,0,0.02024354,0.23887286,0.77936743,0.92259422,0.95002944,0.97295132,0.97295132
2025/10/21,14:35:25,220.690000,22069,8827,4583,153,7,0,0,0.02019588,0.23831042,0.76260703,0.90279658,0.93061485,0.95134044,0.95134044
2025/10/21,14:35:26,219.480000,21948,8779,4401,149,7,0,0,0.02008519,0.23700432,0.74046178,0.87725812,0.90558592,0.92306347,0.92306347
2025/10/21,14:35:27,218.830000,21883,8753,4237,145,7,0,0,0.02002534,0.23629792,0.72096813,0.85453232,0.88324318,0.89744175,0.89744175
2025/10/21,14:35:28,218.510000,21851,8740,4132,143,8,0,0,0.01999632,0.23595565,0.70863696,0.83971298,0.86880689,0.88300546,0.88300546
2025/10/21,14:35:29,218.720000,21872,8748,4178,142,8,0,0,0.02001532,0.23617970,0.71415258,0.84429153,0.87338544,0.88758401,0.88758401
2025/10/21,14:35:30,219.250000,21925,8770,4308,141,8,0,0,0.02006444,0.23675935,0.72963355,0.85951353,0.88860744,0.90280601,0.90280601
2025/10/21,14:35:31,219.700000,21970,8788,4410,141,8,0,0,0.02010571,0.23724647,0.74178244,0.87130736,0.90040127,0.91348623,0.91348623
2025/10/21,14:35:32,219.500000,21950,8780,4408,140,8,0,0,0.02008674,0.23702245,0.74123529,0.86972614,0.89907662,0.90999622,0.90999622
2025/10/21,14:35:33,219.590000,21959,8783,4470,140,8,0,0,0.02009547,0.23712541,0.74846372,0.87679259,0.90626955,0.91718915,0.91718915
2025/10/21,14:35:34,219.870000,21987,8794,4582,140,8,0,0,0.02012084,0.23742477,0.76161237,0.89029722,0.91939113,0.93031073,0.93031073
2025/10/21,14:35:35,219.420000,21942,8777,4669,140,8,0,0,0.02007970,0.23693951,0.77105999,0.89984184,0.92893575,0.93985535,0.93985535
2025/10/21,14:35:36,218.640000,21864,8745,4701,140,8,0,0,0.02000828,0.23609676,0.77388904,0.90221791,0.93131182,0.94223142,0.94223142
2025/10/21,14:35:37,217.270000,21727,8691,4590,138,8,0,0,0.01988337,0.23462288,0.75967487,0.88632361,0.91593067,0.92685027,0.92685027
2025/10/21,14:35:38,215.610000,21561,8624,4408,135,8,0,0,0.01973068,0.23282110,0.73703394,0.86129151,0.89115152,0.90207112,0.90207112
2025/10/21,14:35:39,215.320000,21532,8613,4394,135,8,0,0,0.01970466,0.23251411,0.73521618,0.85892377,0.88904036,0.89995996,0.89995996
2025/10/21,14:35:40,216.050000,21605,8642,4513,136,8,0,0,0.01977133,0.23330063,0.74960738,0.87451101,0.90424455,0.91516415,0.91516415
2025/10/21,14:35:41,216.950000,21695,8678,4622,137,8,0,0,0.01985406,0.23427685,0.76300064,0.88900332,0.91861038,0.92952998,0.92952998
2025/10/21,14:35:42,218.110000,21811,8724,4740,139,8,0,0,0.01995964,0.23552283,0.77774229,0.90503709,0.93464415,0.94556375,0.94556375
2025/10/21,14:35:43,219.610000,21961,8784,4894,140,8,0,0,0.02009725,0.23714639,0.79696546,0.92590837,0.95551543,0.96643503,0.96643503
2025/10/21,14:35:44,222.070000,22207,8882,5192,144,8,0,0,0.02032185,0.23979667,0.83373644,0.96610550,0.99571256,1.00663216,1.00663216
2025/10/21,14:35:45,225.340000,22534,9013,5661,149,8,0,0,0.02062175,0.24333545,0.89094254,1.02819094,1.05728485,1.06820445,1.06820445
2025/10/21,14:35:46,229.680000,22968,9187,6365,156,7,0,0,0.02101843,0.24801635,0.97617299,1.11969078,1.14827516,1.15919476,1.15919476
2025/10/21,14:35:47,232.790000,23279,9311,6879,161,7,0,0,0.02130337,0.25137876,1.03827617,1.18638321,1.21458454,1.22550414,1.22550414
2025/10/21,14:35:48,234.880000,23488,9395,7223,166,7,0,0,0.02149404,0.25362862,1.07982930,1.23242860,1.26037335,1.27237563,1.27237563
2025/10/21,14:35:49,236.650000,23665,9466,7514,182,7,0,0,0.02165685,0.25554961,1.11511560,1.28209578,1.30863842,1.32283699,1.32283699
2025/10/21,14:35:50,237.930000,23793,9517,7712,198,6,0,0,0.02177384,0.25693005,1.13906420,1.32029531,1.34543222,1.35963079,1.35963079
2025/10/21,14:35:51,238.910000,23891,9556,7841,212,6,0,0,0.02186342,0.25798729,1.15491364,1.34903950,1.37303086,1.38722943,1.38722943
2025/10/21,14:35:52,238.910000,23891,9556,7798,223,6,0,0,0.02186342,0.25798729,1.14994520,1.35467073,1.37763941,1.39183798,1.39183798
2025/10/21,14:35:53,238.150000,23815,9526,7559,232,6,0,0,0.02179403,0.25716839,1.12180794,1.33435396,1.35681311,1.37101168,1.37101168
2025/10/21,14:35:54,236.310000,23631,9452,7056,238,6,0,0,0.02162502,0.25517400,1.06226030,1.28059161,1.30279419,1.31699276,1.31699276
2025/10/21,14:35:55,234.280000,23428,9371,6569,244,6,0,0,0.02143926,0.25298227,1.00446234,1.22812597,1.24994550,1.26414407,1.26414407
2025/10/21,14:35:56,232.250000,23225,9290,6125,247,6,0,0,0.02125392,0.25079530,0.95141946,1.17821733,1.20016695,1.21108655,1.21108655
2025/10/21,14:35:57,230.240000,23024,9209,5698,239,6,0,0,0.02106940,0.24861789,0.90043404,1.12005748,1.14302616,1.15394576,1.15394576
2025/10/21,14:35:58,228.620000,22862,9144,5355,231,6,0,0,0.02092155,0.24687327,0.85949527,1.07158922,1.09545049,1.10309111,1.10309111
2025/10/21,14:35:59,228.410000,22841,9136,5199,227,6,0,0,0.02090216,0.24664449,0.84134364,1.04955938,1.07406027,1.08058728,1.08058728
2025/10/21,14:36:00,228.790000,22879,9151,5141,225,6,0,0,0.02093732,0.24705921,0.83517015,1.04125278,1.06626321,1.07279022,1.07279022
2025/10/21,14:36:01,229.500000,22950,9180,5136,224,6,0,0,0.02100234,0.24782662,0.83539630,1.04067089,1.06568132,1.07220833,1.07220833
2025/10/21,14:36:02,230.210000,23021,9208,5136,223,7,0,0,0.02106707,0.24859025,0.83615993,1.04059445,1.06598793,1.07251494,1.07251494
2025/10/21,14:36:03,230.910000,23091,9236,5134,222,7,0,0,0.02113112,0.24934624,0.83659279,1.04012227,1.06564223,1.07216924,1.07216924
2025/10/21,14:36:04,231.640000,23164,9265,5141,221,7,0,0,0.02119779,0.25013275,0.83824369,1.04112711,1.06664707,1.07317408,1.07317408
2025/10/21,14:36:05,232.410000,23241,9296,5183,222,7,0,0,0.02126847,0.25096692,0.84382817,1.04716457,1.07268453,1.07921154,1.07921154
2025/10/21,14:36:06,233.120000,23312,9324,5223,222,7,0,0,0.02133336,0.25173245,0.84923901,1.05276849,1.07841854,1.08494555,1.08494555
2025/10/21,14:36:07,232.550000,23255,9302,5122,219,7,0,0,0.02128123,0.25111753,0.83706744,1.03810875,1.06414185,1.07066886,1.07066886
2025/10/21,14:36:08,231.400000,23140,9256,4949,215,7,0,0,0.02117620,0.24987819,0.81596234,1.01302935,1.03957199,1.04609900,1.04609900
2025/10/21,14:36:09,230.400000,23040,9216,4781,210,7,0,0,0.02108436,0.24879426,0.79565903,0.98868585,1.01561154,1.02213855,1.02213855
2025/10/21,14:36:10,230.290000,23029,9211,4698,207,7,0,0,0.02107450,0.24867796,0.78614711,0.97633070,1.00363944,1.01016645,1.01016645
2025/10/21,14:36:11,230.270000,23027,9211,4635,205,7,0,0,0.02107289,0.24865891,0.77889347,0.96658797,0.99427976,1.00080677,1.00080677
2025/10/21,14:36:12,230.620000,23062,9224,4612,203,7,0,0,0.02110430,0.24902973,0.77656600,0.96251539,0.99033366,0.99686067,0.99686067
2025/10/21,14:36:13,230.680000,23068,9227,4521,199,7,0,0,0.02110995,0.24909645,0.76626759,0.94898575,0.97718708,0.98371409,0.98371409
2025/10/21,14:36:14,230.520000,23052,9221,4405,195,7,0,0,0.02109567,0.24892773,0.75281732,0.93185126,0.96043564,0.96587997,0.96587997
2025/10/21,14:36:15,230.550000,23055,9222,4354,192,7,0,0,0.02109800,0.24895538,0.74701214,0.92300793,0.95184888,0.95184888,0.95184888
2025/10/21,14:36:16,230.830000,23083,9233,4479,189,8,0,0,0.02112427,0.24926522,0.76168204,0.93554564,0.96463955,0.96463955,0.96463955
2025/10/21,14:36:17,231.060000,23106,9242,4672,187,8,0,0,0.02114502,0.24951022,0.78395783,0.95597932,0.98507323,0.99051756,0.99051756
2025/10/21,14:36:18,230.880000,23088,9235,4848,186,8,0,0,0.02112821,0.24931191,0.80394841,0.97441880,1.00351271,1.01003972,1.01003972
2025/10/21,14:36:19,231.390000,23139,9255,5147,189,8,0,0,0.02117491,0.24986294,0.83862014,1.01232176,1.04141567,1.04794268,1.04794268
2025/10/21,14:36:20,231.850000,23185,9274,5451,198,7,0,0,0.02121702,0.25035965,0.87388793,1.05566902,1.08437988,1.09090689,1.09090689
2025/10/21,14:36:21,232.530000,23253,9301,5749,207,7,0,0,0.02127939,0.25109562,0.90874460,1.09854018,1.12699808,1.13352509,1.13352509
2025/10/21,14:36:22,233.680000,23368,9347,6084,217,7,0,0,0.02138426,0.25233307,0.94831192,1.14696206,1.17516339,1.18496937,1.18496937
2025/10/21,14:36:23,235.650000,23565,9426,6615,231,7,0,0,0.02156497,0.25446566,1.01112818,1.22257607,1.24809603,1.26557358,1.26557358
2025/10/21,14:36:24,238.620000,23862,9544,7282,248,5,0,0,0.02183637,0.25766794,1.09067096,1.31830889,1.33923583,1.36763298,1.36763298
2025/10/21,14:36:25,241.350000,24135,9654,7801,264,4,1,0,0.02208666,0.26062138,1.15301154,1.39538633,1.41210331,1.44705841,1.44705841
2025/10/21,14:36:26,243.570000,24357,9743,8197,278,6,1,0,0.02229009,0.26302187,1.20065313,1.45588972,1.48013404,1.51945079,1.51945079
2025/10/21,14:36:27,245.240000,24524,9809,8458,287,9,1,0,0.02244247,0.26481986,1.23236288,1.49561397,1.52904794,1.57164367,1.57164367
2025/10/21,14:36:28,247.270000,24727,9891,8782,292,11,1,0,0.02262868,0.26701730,1.27159744,1.53937281,1.58224938,1.62812408,1.62812408
2025/10/21,14:36:29,249.070000,24907,9963,8996,297,14,1,0,0.02279333,0.26896019,1.29802714,1.57013278,1.62232547,1.67364451,1.67364451
2025/10/21,14:36:30,250.580000,25058,10023,9130,302,18,1,0,0.02293142,0.27058946,1.31491724,1.59141814,1.65777654,1.71457084,1.71457084
2025/10/21,14:36:31,251.310000,25131,10052,9137,302,20,1,0,0.02299815,0.27137692,1.31650446,1.59329636,1.66705563,1.72493262,1.72493262
2025/10/21,14:36:32,251.440000,25144,10057,9035,298,20,1,0,0.02301011,0.27151802,1.30498791,1.57845066,1.65348918,1.71136617,1.71136617
2025/10/21,14:36:33,251.590000,25159,10063,8949,295,21,1,0,0.02302359,0.27167721,1.29537172,1.56573226,1.64217289,1.70004988,1.70004988
2025/10/21,14:36:34,251.740000,25174,10069,8828,292,21,1,0,0.02303693,0.27183452,1.28170222,1.54908958,1.62655289,1.68442988,1.68442988
2025/10/21,14:36:35,251.630000,25163,10065,8641,287,21,1,0,0.02302756,0.27172394,1.26010611,1.52355120,1.60152404,1.66048371,1.66048371
2025/10/21,14:36:36,250.770000,25077,10031,8306,280,21,1,0,0.02294887,0.27079538,1.22095280,1.47786953,1.55380063,1.61167762,1.61167762
2025/10/21,14:36:37,250.060000,25006,10002,8030,274,20,1,0,0.02288382,0.27002794,1.18854883,1.43964915,1.51340842,1.57020272,1.57020272
2025/10/21,14:36:38,249.150000,24915,9966,7719,266,18,1,0,0.02280028,0.26904218,1.15203672,1.39615661,1.46200548,1.51660349,1.51660349
2025/10/21,14:36:39,247.880000,24788,9915,7358,258,15,1,0,0.02268378,0.26766748,1.10930673,1.34541213,1.40232793,1.45036799,1.45036799
2025/10/21,14:36:40,245.930000,24593,9837,6876,248,13,1,0,0.02250548,0.26556347,1.05213775,1.27942062,1.32714678,1.36754621,1.36754621
2025/10/21,14:36:41,243.780000,24378,9751,6394,239,10,1,0,0.02230906,0.26324589,0.99464208,1.21336048,1.25253662,1.28749172,1.28749172
2025/10/21,14:36:42,241.660000,24166,9666,5960,230,8,1,0,0.02211526,0.26095885,0.94279176,1.15330167,1.18456741,1.21624353,1.21624353
2025/10/21,14:36:43,239.790000,23979,9591,5575,221,6,0,0,0.02194366,0.25893398,0.89671320,1.09959662,1.12435409,1.15275124,1.15275124
2025/10/21,14:36:44,238.840000,23884,9553,5238,214,5,0,0,0.02185705,0.25791198,0.85714332,1.05320829,1.07235006,1.09635462,1.09635462
2025/10/21,14:36:45,237.940000,23794,9517,4912,206,4,0,0,0.02177481,0.25694150,0.81881259,1.00805819,1.02490165,1.04562724,1.04562724
2025/10/21,14:36:46,237.100000,23710,9484,4626,199,5,0,0,0.02169805,0.25603582,0.78519186,0.96816808,0.98654375,1.00402130,1.00402130
2025/10/21,14:36:47,236.640000,23664,9465,4414,194,5,0,0,0.02165507,0.25552863,0.76049674,0.93859362,0.95824493,0.97244350,0.97244350
2025/10/21,14:36:48,237.200000,23720,9488,4409,191,5,0,0,0.02170710,0.25614259,0.76056944,0.93582217,0.95611310,0.97031167,0.97031167
2025/10/21,14:36:49,238.080000,23808,9523,4485,189,5,0,0,0.02178763,0.25709305,0.77016014,0.94340970,0.96421016,0.97840873,0.97840873
2025/10/21,14:36:50,238.960000,23896,9558,4555,187,5,0,0,0.02186794,0.25804068,0.77909774,0.95040819,0.97159171,0.98579028,0.98579028
2025/10/21,14:36:51,239.620000,23962,9584,4612,185,5,0,0,0.02192799,0.25874901,0.78628528,0.95575363,0.97732020,0.99151877,0.99151877
2025/10/21,14:36:52,239.440000,23944,9577,4660,183,6,0,0,0.02191205,0.25856118,0.79160315,0.95922939,0.98104892,0.99524749,0.99524749
2025/10/21,14:36:53,239.480000,23948,9579,4733,181,6,0,0,0.02191512,0.25859740,0.80006148,0.96639468,0.98847078,1.00266935,1.00266935
2025/10/21,14:36:54,239.710000,23971,9588,4846,180,6,0,0,0.02193678,0.25885292,0.81316629,0.97856242,1.00076500,1.01496357,1.01496357
2025/10/21,14:36:55,240.900000,24090,9636,5132,181,6,0,0,0.02204520,0.26013229,0.84716471,1.01369191,1.03589449,1.05009306,1.05009306
2025/10/21,14:36:56,241.370000,24137,9654,5263,181,6,0,0,0.02208795,0.26063663,0.86267538,1.02891158,1.05149721,1.06569578,1.06569578
2025/10/21,14:36:57,242.100000,24210,9684,5397,181,6,0,0,0.02215517,0.26142979,0.87880211,1.04484430,1.06756003,1.08175860,1.08175860
2025/10/21,14:36:58,242.830000,24283,9713,5523,181,6,0,0,0.02222197,0.26221820,0.89405958,1.06010177,1.08294398,1.09386358,1.09386358
2025/10/21,14:36:59,243.690000,24369,9747,5677,181,6,0,0,0.02230108,0.26315153,0.91259252,1.07911972,1.10234498,1.11326458,1.11326458
2025/10/21,14:37:00,245.290000,24529,9811,6045,184,6,0,0,0.02244699,0.26487325,0.95631991,1.12504519,1.14788740,1.16208597,1.16208597
2025/10/21,14:37:01,246.710000,24671,9868,6399,186,6,0,0,0.02257723,0.26641002,0.99845247,1.16911595,1.19183168,1.20603025,1.20603025
2025/10/21,14:37:02,247.950000,24795,9918,6688,187,6,0,0,0.02269040,0.26774563,1.03283038,1.20485187,1.22756760,1.24176617,1.24176617
2025/10/21,14:37:03,248.020000,24802,9921,6749,186,6,0,0,0.02269719,0.26782573,1.03982182,1.21064727,1.23361595,1.24561823,1.24561823
2025/10/21,14:37:04,247.780000,24778,9911,6746,184,6,0,0,0.02267505,0.26756452,1.03923748,1.20851183,1.23186357,1.24278317,1.24278317
2025/10/21,14:37:05,246.960000,24696,9878,6645,182,6,0,0,0.02259953,0.26667315,1.02678934,1.19376952,1.21763079,1.22855039,1.22855039
2025/10/21,14:37:06,246.100000,24610,9844,6550,179,6,0,0,0.02252155,0.26575318,1.01496710,1.17965219,1.20389651,1.21481611,1.21481611
2025/10/21,14:37:07,245.310000,24531,9812,6464,177,6,0,0,0.02244867,0.26489326,1.00427931,1.16683129,1.19158876,1.20250836,1.20250836
2025/10/21,14:37:08,243.850000,24385,9754,6179,173,6,0,0,0.02231520,0.26331834,0.97009445,1.12886613,1.15413313,1.16177375,1.16177375
2025/10/21,14:37:09,242.100000,24210,9684,5845,169,7,0,0,0.02215501,0.26142790,0.93008827,1.08481976,1.11097934,1.11750635,1.11750635
2025/10/21,14:37:10,240.140000,24014,9605,5494,164,7,0,0,0.02197581,0.25931339,0.88780611,1.03820732,1.06487644,1.07140345,1.07140345
2025/10/21,14:37:11,238.030000,23803,9521,5148,159,7,0,0,0.02178295,0.25703777,0.84590409,0.99171605,1.01915127,1.02567828,1.02567828
2025/10/21,14:37:12,235.940000,23594,9437,4837,154,7,0,0,0.02159108,0.25477359,0.80811745,0.94979313,0.97786798,0.97786798,0.97786798
2025/10/21,14:37:13,233.860000,23386,9354,4557,150,7,0,0,0.02140090,0.25252943,0.77380062,0.91150109,0.94008547,0.94008547,0.94008547
2025/10/21,14:37:14,231.820000,23182,9273,4302,146,8,0,0,0.02121466,0.25033199,0.74245080,0.87637097,0.90546488,0.90546488,0.90546488
2025/10/21,14:37:15,229.850000,22985,9194,4067,142,8,0,0,0.02103401,0.24820032,0.71343303,0.84357198,0.87304894,0.87304894,0.87304894
2025/10/21,14:37:16,228.720000,22872,9148,3962,139,8,0,0,0.02093069,0.24698102,0.70022882,0.82762063,0.85735417,0.85735417,0.85735417
2025/10/21,14:37:17,227.850000,22785,9114,3906,136,8,0,0,0.02085142,0.24604578,0.69292350,0.81821514,0.84833173,0.84833173,0.84833173
2025/10/21,14:37:18,227.580000,22758,9103,3954,135,8,0,0,0.02082599,0.24574550,0.69812891,0.82228948,0.85240607,0.85240607,0.85240607
2025/10/21,14:37:19,228.230000,22823,9129,4153,135,8,0,0,0.02088626,0.24645670,0.72151316,0.84567373,0.87579032,0.87579032,0.87579032
2025/10/21,14:37:20,228.930000,22893,9157,4336,135,8,0,0,0.02095024,0.24721173,0.74321647,0.86737704,0.89749363,0.89749363,0.89749363
2025/10/21,14:37:21,229.630000,22963,9185,4502,135,8,0,0,0.02101407,0.24796488,0.76297499,0.88713556,0.91725215,0.91725215,0.91725215
2025/10/21,14:37:22,230.350000,23035,9214,4655,135,8,0,0,0.02108032,0.24874661,0.78124720,0.90550477,0.93562136,0.93562136,0.93562136
2025/10/21,14:37:23,231.500000,23150,9260,4844,136,8,0,0,0.02118493,0.24998115,0.80408040,0.92888703,0.95849409,0.95849409,0.95849409
2025/10/21,14:37:24,232.200000,23220,9288,4956,136,8,0,0,0.02124940,0.25074191,0.81769045,0.94278809,0.97239515,0.97239515,0.97239515
2025/10/21,14:37:25,232.700000,23270,9308,5026,136,8,0,0,0.02129513,0.25128150,0.82622001,0.95112364,0.98085718,0.98085718,0.98085718
2025/10/21,14:37:26,232.620000,23262,9304,4991,135,8,0,0,0.02128721,0.25118809,0.82213156,0.94622716,0.97634375,0.97634375,0.97634375
2025/10/21,14:37:27,231.650000,23165,9266,4813,130,8,0,0,0.02119908,0.25014800,0.80068457,0.92035289,0.95046948,0.95046948,0.95046948
2025/10/21,14:37:28,231.330000,23133,9253,4746,127,8,0,0,0.02116990,0.24980384,0.79267357,0.90949774,0.93897470,0.93897470,0.93897470
2025/10/21,14:37:29,231.250000,23125,9250,4716,125,8,0,0,0.02116182,0.24970850,0.78922956,0.90375956,0.93323652,0.93323652,0.93323652
2025/10/21,14:37:30,231.200000,23120,9248,4688,122,8,0,0,0.02115788,0.24966181,0.78594332,0.89837224,0.92784920,0.92784920,0.92784920
2025/10/21,14:37:31,231.140000,23114,9245,4580,119,7,0,0,0.02115245,0.24959792,0.77357140,0.88254305,0.90806301,0.90806301,0.90806301
2025/10/21,14:37:32,230.680000,23068,9227,4404,113,6,0,0,0.02111021,0.24909933,0.75287992,0.85706832,0.88156921,0.88156921,0.88156921
2025/10/21,14:37:33,230.550000,23055,9222,4318,111,6,0,0,0.02109858,0.24896206,0.74291477,0.84480900,0.86930989,0.86930989,0.86930989
2025/10/21,14:37:34,231.310000,23131,9252,4446,128,7,0,0,0.02116780,0.24977904,0.75841906,0.87559921,0.90303443,0.90303443,0.90303443
2025/10/21,14:37:35,232.420000,23242,9297,4638,143,8,0,0,0.02126970,0.25098122,0.78153891,0.91290593,0.94276594,0.94384862,0.94384862
2025/10/21,14:37:36,233.010000,23301,9320,4737,154,8,0,0,0.02132292,0.25160946,0.79350567,0.93459935,0.96407631,0.97060332,0.97060332
2025/10/21,14:37:37,234.030000,23403,9361,4908,165,7,0,0,0.02141680,0.25271723,0.81415607,0.96520335,0.99404430,1.00057131,1.00057131
2025/10/21,14:37:38,235.090000,23509,9403,5080,175,7,0,0,0.02151385,0.25386220,0.83495267,0.99546946,1.02367079,1.03019780,1.03019780
2025/10/21,14:37:39,235.730000,23573,9429,5282,186,7,0,0,0.02157250,0.25455433,0.85875411,1.02922450,1.05678620,1.06442682,1.06442682
2025/10/21,14:37:40,236.470000,23647,9459,5510,196,7,0,0,0.02164004,0.25535132,0.88568194,1.06591193,1.09296410,1.10388370,1.10388370
2025/10/21,14:37:41,237.770000,23777,9510,5810,208,7,0,0,0.02175881,0.25675274,0.92141818,1.11205383,1.13859647,1.14951607,1.14951607
2025/10/21,14:37:42,238.410000,23841,9536,5928,210,7,0,0,0.02181762,0.25744676,0.93561188,1.12779863,1.15421479,1.16513439,1.16513439
2025/10/21,14:37:43,239.210000,23921,9568,6057,209,7,0,0,0.02189024,0.25830380,0.95115211,1.14243382,1.16884998,1.17976958,1.17976958
2025/10/21,14:37:44,240.470000,24047,9619,6248,209,7,0,0,0.02200610,0.25967089,0.97443686,1.16581557,1.19235821,1.20108151,1.20108151
2025/10/21,14:37:45,241.130000,24113,9645,6322,208,7,0,0,0.02206598,0.26037732,0.98356541,1.17420106,1.20100027,1.20752728,1.20752728
2025/10/21,14:37:46,241.680000,24168,9667,6392,207,7,0,0,0.02211694,0.26097886,0.99216092,1.18205350,1.20885271,1.21537972,1.21537972
2025/10/21,14:37:47,241.990000,24199,9679,6407,206,7,0,0,0.02214532,0.26131350,0.99422045,1.18281999,1.21000225,1.21652926,1.21652926
2025/10/21,14:37:48,242.090000,24209,9683,6378,203,7,0,0,0.02215394,0.26141549,0.99097778,1.17757415,1.20488289,1.21140990,1.21140990
2025/10/21,14:37:49,241.810000,24181,9672,6256,200,7,0,0,0.02212883,0.26111901,0.97674949,1.16030771,1.18812598,1.19465299,1.19465299
2025/10/21,14:37:50,241.760000,24176,9670,6170,197,7,0,0,0.02212415,0.26106373,0.96687034,1.14794039,1.17601524,1.18254225,1.18254225
2025/10/21,14:37:51,242.050000,24205,9682,6154,195,7,0,0,0.02215065,0.26137642,0.96534513,1.14457308,1.17277441,1.17930142,1.17930142
2025/10/21,14:37:52,241.780000,24178,9671,6054,192,7,0,0,0.02212599,0.26108563,0.95361081,1.12980061,1.15838499,1.15838499,1.15838499
2025/10/21,14:37:53,241.340000,24134,9653,5984,189,7,0,0,0.02208592,0.26061278,0.94514798,1.11901158,1.14772244,1.14772244,1.14772244
2025/10/21,14:37:54,240.980000,24098,9639,5956,188,7,0,0,0.02205295,0.26022380,0.94151946,1.11363795,1.14247890,1.14247890,1.14247890
2025/10/21,14:37:55,241.030000,24103,9641,6021,187,7,0,0,0.02205725,0.26027435,0.94901861,1.12087813,1.14971908,1.14971908,1.14971908
2025/10/21,14:37:56,241.460000,24146,9658,6175,189,7,0,0,0.02209619,0.26073387,0.96707773,1.14013329,1.16884415,1.17209219,1.17209219
2025/10/21,14:37:57,241.520000,24152,9661,6279,190,7,0,0,0.02210224,0.26080534,0.97902910,1.15298970,1.18170056,1.18822757,1.18822757
2025/10/21,14:37:58,241.130000,24113,9645,6297,189,7,0,0,0.02206598,0.26037732,0.98075811,1.15462171,1.18333257,1.18985958,1.18985958
2025/10/21,14:37:59,239.820000,23982,9593,6146,188,7,0,0,0.02194679,0.25897113,0.96207545,1.13429094,1.16300180,1.16952881,1.16952881
2025/10/21,14:38:00,238.450000,23845,9538,5992,186,7,0,0,0.02182150,0.25749252,0.94289211,1.11371756,1.14255851,1.14908552,1.14908552
2025/10/21,14:38:01,237.270000,23727,9491,5832,190,7,0,0,0.02171356,0.25621885,0.92336857,1.09771626,1.12642712,1.13295413,1.13295413
2025/10/21,14:38:02,236.030000,23603,9441,5640,194,7,0,0,0.02159987,0.25487748,0.90010942,1.07820630,1.10691716,1.11344417,1.11344417
2025/10/21,14:38:03,234.390000,23439,9375,5376,197,8,0,0,0.02145002,0.25310908,0.86810624,1.04878829,1.07788220,1.08440921,1.08440921
2025/10/21,14:38:04,232.360000,23236,9294,5038,198,8,0,0,0.02126378,0.25091161,0.82725177,1.00877388,1.03786779,1.04439480,1.04439480
2025/10/21,14:38:05,230.400000,23040,9216,4732,203,8,0,0,0.02108436,0.24879426,0.79014922,0.97609861,1.00519252,1.01171953,1.01171953
2025/10/21,14:38:06,229.490000,22949,9179,4624,213,7,0,0,0.02100105,0.24781137,0.77674928,0.97187718,1.00071813,1.00724514,1.00724514
2025/10/21,14:38:07,228.960000,22896,9158,4585,224,7,0,0,0.02095241,0.24723744,0.77174817,0.97692667,1.00525447,1.01178148,1.01178148
2025/10/21,14:38:08,228.530000,22853,9141,4567,234,7,0,0,0.02091292,0.24677130,0.76923001,0.98378011,1.01159838,1.01812539,1.01812539
2025/10/21,14:38:09,228.330000,22833,9133,4591,240,7,0,0,0.02089505,0.24656059,0.77172170,0.99153914,1.01897436,1.02550137,1.02550137
2025/10/21,14:38:10,228.460000,22846,9138,4745,245,7,0,0,0.02090710,0.24670265,0.78946337,1.01387007,1.04105233,1.04869295,1.04869295
2025/10/21,14:38:11,228.750000,22875,9150,4939,251,7,0,0,0.02093376,0.24701725,0.81201888,1.04195190,1.06862102,1.07954062,1.07954062
2025/10/21,14:38:12,229.350000,22935,9174,5177,263,7,0,0,0.02098870,0.24766552,0.83988051,1.08076825,1.10654478,1.11746438,1.11746438
2025/10/21,14:38:13,230.140000,23014,9205,5439,273,6,0,0,0.02106061,0.24851400,0.87074564,1.12074692,1.14563087,1.15655047,1.15655047
2025/10/21,14:38:14,230.210000,23021,9208,5572,278,6,0,0,0.02106730,0.24859310,0.88594018,1.14117677,1.16567766,1.17659726,1.17659726
2025/10/21,14:38:15,230.270000,23027,9210,5706,284,6,0,0,0.02107256,0.24865507,0.90133561,1.16200152,1.18586279,1.20006136,1.20006136
2025/10/21,14:38:16,230.720000,23072,9229,5909,293,6,0,0,0.02111383,0.24914221,0.92503717,1.19326551,1.21649077,1.23068934,1.23068934
2025/10/21,14:38:17,231.160000,23116,9246,6095,301,6,0,0,0.02115384,0.24961414,0.94688963,1.22238848,1.24497411,1.25917268,1.25917268
2025/10/21,14:38:18,231.240000,23124,9249,6125,306,6,0,0,0.02116101,0.24969897,0.95032313,1.23099325,1.25319583,1.26739440,1.26739440
2025/10/21,14:38:19,231.240000,23124,9249,6112,311,6,0,0,0.02116166,0.24970661,0.94892500,1.23353739,1.25535692,1.26955549,1.26955549
2025/10/21,14:38:20,231.210000,23121,9248,6085,310,6,0,0,0.02115869,0.24967134,0.94575919,1.23001652,1.25196614,1.26616471,1.26616471
2025/10/21,14:38:21,231.200000,23120,9248,6140,309,6,0,0,0.02115746,0.24965702,0.95200595,1.23497023,1.25717281,1.27137138,1.27137138
2025/10/21,14:38:22,231.320000,23132,9253,6264,308,6,0,0,0.02116903,0.24979336,0.96639735,1.24832757,1.27066024,1.28485881,1.28485881
2025/10/21,14:38:23,231.320000,23132,9253,6349,306,6,0,0,0.02116903,0.24979336,0.97611610,1.25630121,1.27901694,1.28993654,1.28993654
2025/10/21,14:38:24,230.830000,23083,9233,6326,301,6,0,0,0.02112369,0.24925854,0.97287888,1.24883071,1.27205597,1.28297557,1.28297557
2025/10/21,14:38:25,230.030000,23003,9201,6245,295,6,0,0,0.02105026,0.24839197,0.96272981,1.23309035,1.25695162,1.26787122,1.26787122
2025/10/21,14:38:26,229.230000,22923,9169,6170,289,6,0,0,0.02097739,0.24753206,0.95333867,1.21852886,1.24277318,1.25369278,1.25369278
2025/10/21,14:38:27,228.350000,22835,9134,6090,283,6,0,0,0.02089725,0.24658636,0.94321547,1.20307334,1.22795729,1.23887689,1.23887689
2025/10/21,14:38:28,227.220000,22722,9088,5967,276,6,0,0,0.02079335,0.24536036,0.92795266,1.18134715,1.20661415,1.21314116,1.21314116
2025/10/21,14:38:29,225.690000,22569,9027,5704,268,7,0,0,0.02065332,0.24370819,0.89617472,1.14174872,1.16778182,1.17430883,1.17430883
2025/10/21,14:38:30,223.970000,22397,8958,5366,258,7,0,0,0.02049578,0.24184920,0.85565873,1.09260420,1.11927332,1.12580033,1.12580033
2025/10/21,14:38:31,222.050000,22205,8882,5016,249,7,0,0,0.02032055,0.23978141,0.81353229,1.04162320,1.06905842,1.07558543,1.07558543
2025/10/21,14:38:32,220.520000,22052,8821,4743,240,7,0,0,0.02018062,0.23813023,0.78067282,1.00103933,1.02911418,1.02911418,1.02911418
2025/10/21,14:38:33,219.600000,21960,8784,4561,233,7,0,0,0.02009660,0.23713877,0.75895122,0.97295134,1.00140924,1.00140924,1.00140924
2025/10/21,14:38:34,218.990000,21899,8759,4443,228,7,0,0,0.02003995,0.23647046,0.74467823,0.95373403,0.98244489,0.98244489,0.98244489
2025/10/21,14:38:35,218.490000,21849,8739,4364,224,8,0,0,0.01999480,0.23593755,0.73518195,0.94036045,0.96945436,0.96945436,0.96945436
2025/10/21,14:38:36,218.110000,21811,8724,4325,220,8,0,0,0.01996013,0.23552856,0.73034578,0.93258313,0.96167704,0.96167704,0.96167704
2025/10/21,14:38:37,218.010000,21801,8720,4307,218,8,0,0,0.01995027,0.23541226,0.72807245,0.92791863,0.95714263,0.95714263,0.95714263
2025/10/21,14:38:38,218.820000,21882,8752,4351,217,8,0,0,0.02002453,0.23628839,0.73402202,0.93267216,0.96227922,0.96227922,0.96227922
2025/10/21,14:38:39,220.410000,22041,8816,4489,218,8,0,0,0.02017002,0.23800534,0.75150468,0.95115686,0.98050734,0.98050734,0.98050734
2025/10/21,14:38:40,221.720000,22172,8869,4590,218,8,0,0,0.02029050,0.23942678,0.76447877,0.96487402,0.99396793,0.99396793,0.99396793
2025/10/21,14:38:41,222.720000,22272,8909,4656,219,8,0,0,0.02038196,0.24050595,0.77311566,0.97405997,1.00315388,1.00315388,1.00315388
2025/10/21,14:38:42,223.500000,22350,8940,4685,219,8,0,0,0.02045273,0.24134108,0.77729946,0.97785668,1.00733364,1.00733364,1.00733364
2025/10/21,14:38:43,224.120000,22412,8965,4682,217,8,0,0,0.02051009,0.24201796,0.77765321,0.97711139,1.00671845,1.00671845,1.00671845
2025/10/21,14:38:44,224.630000,22463,8985,4647,216,8,0,0,0.02055663,0.24256708,0.77420729,0.97201736,1.00162442,1.00162442,1.00162442
2025/10/21,14:38:45,224.780000,22478,8991,4586,213,8,0,0,0.02056994,0.24272436,0.76734410,0.96295609,0.99256315,0.99256315,0.99256315
2025/10/21,14:38:46,223.740000,22374,8949,4428,209,8,0,0,0.02047525,0.24160704,0.74819503,0.93973572,0.96985231,0.96985231,0.96985231
2025/10/21,14:38:47,221.930000,22193,8877,4189,202,8,0,0,0.02030973,0.23965367,0.71881418,0.90411751,0.93448706,0.93448706,0.93448706
2025/10/21,14:38:48,220.420000,22042,8816,3999,196,8,0,0,0.02017115,0.23801867,0.69547553,0.87560852,0.90508548,0.90508548,0.90508548
2025/10/21,14:38:49,219.280000,21928,8771,3860,192,7,0,0,0.02006645,0.23678315,0.67836929,0.85455909,0.88007905,0.88007905,0.88007905
2025/10/21,14:38:50,218.450000,21845,8738,3765,189,6,0,0,0.01999131,0.23589656,0.66657631,0.83982587,0.86432676,0.86432676,0.86432676
2025/10/21,14:38:51,217.750000,21775,8710,3692,186,6,0,0,0.01992684,0.23513580,0.65750245,0.82816593,0.85266682,0.85266682,0.85266682
2025/10/21,14:38:52,217.100000,21710,8684,3631,183,6,0,0,0.01986738,0.23443414,0.64978032,0.81814963,0.84265052,0.84265052,0.84265052
2025/10/21,14:38:53,216.780000,21678,8671,3616,184,6,0,0,0.01983781,0.23408522,0.64770663,0.81678697,0.83937260,0.83937260,0.83937260
2025/10/21,14:38:54,216.960000,21696,8678,3664,193,8,0,0,0.01985445,0.23428161,0.65340871,0.83069755,0.86119719,0.86119719,0.86119719
2025/10/21,14:38:55,217.360000,21736,8694,3732,203,8,0,0,0.01989113,0.23471443,0.66161326,0.84782163,0.87768164,0.88092968,0.88092968
2025/10/21,14:38:56,217.530000,21753,8701,3768,212,8,0,0,0.01990642,0.23489462,0.66589751,0.86002337,0.88937385,0.89590086,0.89590086
2025/10/21,14:38:57,217.050000,21705,8682,3728,218,8,0,0,0.01986253,0.23437693,0.66084763,0.86079081,0.88988472,0.89641173,0.89641173
2025/10/21,14:38:58,216.190000,21619,8647,3647,223,7,0,0,0.01978426,0.23345316,0.65063724,0.85497476,0.88368562,0.89021263,0.89021263
2025/10/21,14:38:59,215.250000,21525,8610,3563,227,7,0,0,0.01969836,0.23243976,0.64001421,0.84822995,0.87668785,0.88321486,0.88321486
2025/10/21,14:39:00,214.270000,21427,8571,3482,231,7,0,0,0.01960868,0.23138154,0.62977438,0.84148033,0.86968166,0.87620867,0.87620867
2025/10/21,14:39:01,213.020000,21302,8521,3373,232,7,0,0,0.01949422,0.23003068,0.61590147,0.82825348,0.85645481,0.86298182,0.86298182
2025/10/21,14:39:02,211.510000,21151,8460,3226,224,7,0,0,0.01935558,0.22839475,0.59742132,0.80305188,0.83176274,0.83828975,0.83828975
2025/10/21,14:39:03,210.380000,21038,8415,3128,217,8,0,0,0.01925239,0.22717734,0.58505114,0.78379828,0.81289219,0.81941920,0.81941920
2025/10/21,14:39:04,209.490000,20949,8379,3042,210,8,0,0,0.01917095,0.22621636,0.57423804,0.76652179,0.79612885,0.79937689,0.79937689
2025/10/21,14:39:05,208.610000,20861,8344,2967,203,8,0,0,0.01909016,0.22526304,0.56473335,0.75094172,0.78105831,0.78105831,0.78105831
2025/10/21,14:39:06,207.780000,20778,8311,2907,197,8,0,0,0.01901470,0.22437262,0.55696384,0.73764589,0.76801544,0.76801544,0.76801544
2025/10/21,14:39:07,207.670000,20767,8307,3010,194,8,0,0,0.01900462,0.22425346,0.56855484,0.74610174,0.77557870,0.77557870,0.77557870
2025/10/21,14:39:08,208.740000,20874,8349,3376,193,8,0,0,0.01910196,0.22540223,0.61159615,0.78833592,0.81781288,0.81781288,0.81781288
2025/10/21,14:39:09,209.950000,20995,8398,3705,192,8,0,0,0.01921339,0.22671690,0.65059432,0.82704309,0.85652005,0.85652005,0.85652005
2025/10/21,14:39:10,210.930000,21093,8437,3988,192,8,0,0,0.01930264,0.22777030,0.68403952,0.85984131,0.89008438,0.89008438,0.89008438
2025/10/21,14:39:11,211.280000,21128,8451,4170,190,8,0,0,0.01933490,0.22815071,0.70515419,0.87950188,0.90974495,0.90974495,0.90974495
2025/10/21,14:39:12,211.280000,21128,8451,4290,188,8,0,0,0.01933490,0.22815071,0.71886387,0.89146645,0.92094341,0.92094341,0.92094341
2025/10/21,14:39:13,211.860000,21186,8474,4448,187,8,0,0,0.01938812,0.22877893,0.73763296,0.90929848,0.93954155,0.93954155,0.93954155
2025/10/21,14:39:14,212.670000,21267,8506,4618,186,8,0,0,0.01946180,0.22964837,0.75794002,0.92905647,0.95917306,0.96025574,0.96025574
2025/10/21,14:39:15,213.030000,21303,8521,4723,185,8,0,0,0.01949525,0.23004308,0.77031952,0.93994893,0.97019200,0.97019200,0.97019200
2025/10/21,14:39:16,212.240000,21224,8489,4568,181,8,0,0,0.01942264,0.22918604,0.75175387,0.91763500,0.94813464,0.94813464,0.94813464
2025/10/21,14:39:17,211.390000,21139,8455,4390,179,8,0,0,0.01934482,0.22826796,0.73042877,0.89456480,0.92404176,0.92948609,0.92948609
2025/10/21,14:39:18,210.750000,21075,8430,4248,178,7,0,0,0.01928616,0.22757582,0.71353867,0.87702863,0.90510348,0.91163049,0.91163049
2025/10/21,14:39:19,210.130000,21013,8405,4123,177,7,0,0,0.01922922,0.22690374,0.69850653,0.86115551,0.88795472,0.89448173,0.89448173
2025/10/21,14:39:20,209.470000,20947,8379,4007,177,7,0,0,0.01916944,0.22619827,0.68462864,0.84663156,0.87253457,0.87906158,0.87906158
2025/10/21,14:39:21,208.270000,20827,8331,3853,175,6,0,0,0.01905946,0.22490076,0.66573152,0.82624831,0.85113226,0.85765927,0.85765927
2025/10/21,14:39:22,206.930000,20693,8277,3692,173,6,0,0,0.01893634,0.22344787,0.64581452,0.80448920,0.82860704,0.83513405,0.83513405
2025/10/21,14:39:23,205.410000,20541,8216,3512,171,6,0,0,0.01879721,0.22180624,0.62354775,0.78012135,0.80359957,0.81012658,0.81012658
2025/10/21,14:39:24,204.290000,20429,8171,3391,169,6,0,0,0.01869541,0.22060502,0.60852784,0.76390631,0.78649194,0.79301895,0.79301895
2025/10/21,14:39:25,203.760000,20376,8150,3346,168,6,0,0,0.01864671,0.22003017,0.60276642,0.75665785,0.77937358,0.78590059,0.78590059
2025/10/21,14:39:26,203.920000,20392,8157,3367,167,6,0,0,0.01866164,0.22020652,0.60542693,0.75860732,0.78132305,0.78785006,0.78785006
2025/10/21,14:39:27,204.230000,20423,8169,3401,166,6,0,0,0.01868969,0.22053736,0.60964770,0.76234308,0.78518529,0.79171230,0.79171230
2025/10/21,14:39:28,204.610000,20461,8184,3440,166,6,0,0,0.01872434,0.22094633,0.61448385,0.76682417,0.79004943,0.79657644,0.79657644
2025/10/21,14:39:29,205.260000,20526,8210,3512,166,6,0,0,0.01878390,0.22164896,0.62339047,0.77598977,0.79883198,0.80535899,0.80535899
2025/10/21,14:39:30,206.920000,20692,8276,3705,174,6,0,0,0.01893579,0.22344122,0.64731864,0.80673639,0.82893897,0.83766227,0.83766227
2025/10/21,14:39:31,208.690000,20869,8347,3903,184,5,0,0,0.01909792,0.22535456,0.67180002,0.84097736,0.86241384,0.87333344,0.87333344
2025/10/21,14:39:32,210.050000,21005,8402,4039,193,5,0,0,0.01922201,0.22681887,0.68881191,0.86619775,0.88712469,0.89804429,0.89804429
2025/10/21,14:39:33,210.940000,21094,8437,4116,201,5,0,0,0.01930371,0.22778271,0.69863012,0.88299638,0.90392332,0.91484292,0.91484292
2025/10/21,14:39:34,211.190000,21119,8447,4134,208,5,0,0,0.01932624,0.22804868,0.70094811,0.89138976,0.91231670,0.92323630,0.92323630
2025/10/21,14:39:35,211.520000,21152,8460,4165,215,5,0,0,0.01935639,0.22840431,0.70486654,0.90177158,0.92269852,0.93361812,0.93361812
2025/10/21,14:39:36,211.770000,21177,8471,4184,221,5,0,0,0.01937982,0.22868077,0.70730403,0.90999345,0.93092039,0.94183999,0.94183999
2025/10/21,14:39:37,211.730000,21173,8469,4167,226,5,0,0,0.01937616,0.22863785,0.70531409,0.91288376,0.93406728,0.94498688,0.94498688
2025/10/21,14:39:38,210.550000,21055,8422,4010,224,6,0,0,0.01926816,0.22736325,0.68611675,0.89139134,0.91334096,0.92426056,0.92426056
2025/10/21,14:39:39,209.170000,20917,8366,3838,218,6,0,0,0.01914155,0.22586937,0.66497124,0.86481742,0.88765963,0.89638293,0.89638293
2025/10/21,14:39:40,207.780000,20778,8311,3682,212,6,0,0,0.01901496,0.22437550,0.64555463,0.84003555,0.86364386,0.87017087,0.87017087
2025/10/21,14:39:41,206.160000,20616,8246,3506,205,6,0,0,0.01886614,0.22261944,0.62371468,0.81212022,0.83662111,0.84314812,0.84314812
2025/10/21,14:39:42,204.810000,20481,8192,3348,199,7,0,0,0.01874260,0.22116179,0.60422517,0.78684633,0.81223981,0.81876682,0.81876682
2025/10/21,14:39:43,203.600000,20360,8144,3198,193,7,0,0,0.01863223,0.21985952,0.58575143,0.76258821,0.78874779,0.79419212,0.79419212
2025/10/21,14:39:44,203.010000,20301,8120,3068,188,7,0,0,0.01857772,0.21921605,0.57021076,0.74252234,0.76932155,0.76932155,0.76932155
2025/10/21,14:39:45,202.610000,20261,8104,2945,183,7,0,0,0.01854143,0.21878797,0.55565287,0.72402218,0.75133092,0.75133092,0.75133092
2025/10/21,14:39:46,202.220000,20222,8088,2834,179,7,0,0,0.01850549,0.21836375,0.54258937,0.70727446,0.73509273,0.73509273,0.73509273
2025/10/21,14:39:47,201.990000,20199,8079,2759,176,7,0,0,0.01848422,0.21811299,0.53378724,0.69533810,0.72353943,0.72353943,0.72353943
2025/10/21,14:39:48,202.100000,20210,8084,2748,174,7,0,0,0.01849450,0.21823408,0.53260357,0.69250632,0.72070765,0.72070765,0.72070765
2025/10/21,14:39:49,202.530000,20253,8101,2787,173,7,0,0,0.01853377,0.21869741,0.53753045,0.69639913,0.72460046,0.72460046,0.72460046
2025/10/21,14:39:50,202.460000,20246,8098,2771,171,7,0,0,0.01852746,0.21862306,0.53559796,0.69291462,0.72149900,0.72149900,0.72149900
2025/10/21,14:39:51,202.670000,20267,8107,2819,170,7,0,0,0.01854692,0.21885281,0.54140215,0.69762069,0.72633155,0.72633155,0.72633155
2025/10/21,14:39:52,202.980000,20298,8119,2910,169,7,0,0,0.01857513,0.21918551,0.55214836,0.70762383,0.73633469,0.73633469,0.73633469
2025/10/21,14:39:53,203.100000,20310,8124,2972,168,7,0,0,0.01858667,0.21932183,0.55934953,0.71388702,0.74259788,0.74259788,0.74259788
2025/10/21,14:39:54,203.230000,20323,8129,3027,167,7,0,0,0.01859814,0.21945721,0.56580661,0.71953698,0.74837793,0.74837793,0.74837793
2025/10/21,14:39:55,203.240000,20324,8129,3060,166,8,0,0,0.01859937,0.21947153,0.56953711,0.72207143,0.75116534,0.75116534,0.75116534
2025/10/21,14:39:56,203.210000,20321,8128,3081,165,8,0,0,0.01859646,0.21943722,0.57191845,0.72315973,0.75225364,0.75225364,0.75225364
2025/10/21,14:39:57,202.910000,20291,8116,3058,163,8,0,0,0.01856899,0.21911308,0.56899290,0.71829507,0.74777203,0.74777203,0.74777203
2025/10/21,14:39:58,202.610000,20261,8104,3040,161,8,0,0,0.01854185,0.21879276,0.56662868,0.71428275,0.74388981,0.74388981,0.74388981
2025/10/21,14:39:59,202.110000,20211,8084,3008,161,8,0,0,0.01849554,0.21824647,0.56236209,0.71011316,0.73972022,0.73972022,0.73972022
2025/10/21,14:40:00,201.890000,20189,8075,3047,162,8,0,0,0.01847550,0.21801004,0.56658922,0.71569830,0.74530536,0.74530536,0.74530536
2025/10/21,14:40:01,202.610000,20261,8104,3332,167,8,0,0,0.01854126,0.21878607,0.60001155,0.75290093,0.78250799,0.78359067,0.78359067
2025/10/21,14:40:02,204.520000,20452,8180,3735,173,8,0,0,0.01871603,0.22084814,0.64817923,0.80695091,0.83617491,0.84270192,0.84270192
2025/10/21,14:40:03,207.420000,20742,8296,4272,183,7,0,0,0.01898135,0.22397891,0.71264405,0.88043135,0.90901573,0.91554274,0.91554274
2025/10/21,14:40:04,210.000000,21000,8400,4731,191,7,0,0,0.01921797,0.22677122,0.76802117,0.94356490,0.97176623,0.98268583,0.98268583
2025/10/21,14:40:05,212.800000,21280,8512,5274,200,7,0,0,0.01947353,0.22978663,0.83312202,1.01693922,1.04463101,1.05555061,1.05555061
2025/10/21,14:40:06,215.840000,21584,8633,5868,210,7,0,0,0.01975249,0.23307850,0.90433216,1.09651891,1.12370117,1.13570345,1.13570345
2025/10/21,14:40:07,219.140000,21914,8765,6487,216,7,0,0,0.02005443,0.23664114,0.97872559,1.17708473,1.20388394,1.21808251,1.21808251
2025/10/21,14:40:08,221.540000,22154,8861,6959,220,7,0,0,0.02027353,0.23922657,1.03530148,1.23715083,1.26356699,1.27776556,1.27776556
2025/10/21,14:40:09,222.950000,22295,8918,7161,221,7,0,0,0.02040254,0.24074905,1.05992926,1.26242467,1.28884083,1.30303940,1.30303940
2025/10/21,14:40:10,223.150000,22315,8926,7159,219,7,0,0,0.02042064,0.24096259,1.05992868,1.26067899,1.28747820,1.29948048,1.29948048
2025/10/21,14:40:11,222.540000,22254,8901,7025,214,7,0,0,0.02036554,0.24031243,1.04394506,1.24036509,1.26754735,1.27846695,1.27846695
2025/10/21,14:40:12,222.380000,22238,8895,6983,211,7,0,0,0.02035084,0.24013890,1.03891210,1.23213292,1.25944166,1.27036126,1.27036126
2025/10/21,14:40:13,223.510000,22351,8940,7079,210,7,0,0,0.02045435,0.24136014,1.05114873,1.24333548,1.27102727,1.28194687,1.28194687
2025/10/21,14:40:14,224.920000,22492,8996,7156,209,7,0,0,0.02058264,0.24287404,1.06140799,1.25268970,1.28050797,1.28814859,1.28814859
2025/10/21,14:40:15,226.040000,22604,9041,7266,208,7,0,0,0.02068525,0.24408479,1.07525391,1.26614762,1.29396589,1.30049290,1.30049290
2025/10/21,14:40:16,227.680000,22768,9107,7531,209,7,0,0,0.02083552,0.24585799,1.10736700,1.29945675,1.32727502,1.33380203,1.33380203
2025/10/21,14:40:17,229.750000,22975,9190,7881,212,7,0,0,0.02102528,0.24809735,1.14955589,1.34403681,1.37159851,1.38032181,1.38032181
2025/10/21,14:40:18,232.840000,23284,9313,8444,217,7,0,0,0.02130741,0.25142641,1.21734954,1.41671072,1.44389298,1.45481258,1.45481258
2025/10/21,14:40:19,237.310000,23731,9492,9119,225,7,0,0,0.02171686,0.25625792,1.29938594,1.50540451,1.53207363,1.54299323,1.54299323
2025/10/21,14:40:20,241.430000,24143,9657,9500,231,7,0,0,0.02209367,0.26070429,1.34743750,1.55914345,1.58555961,1.59647921,1.59647921
2025/10/21,14:40:21,243.930000,24393,9757,9701,233,7,0,0,0.02232225,0.26340130,1.37311068,1.58701380,1.61342996,1.62434956,1.62434956
2025/10/21,14:40:22,245.810000,24581,9832,9831,235,7,0,0,0.02249434,0.26543192,1.38999812,1.60512931,1.63116241,1.64208201,1.64208201
2025/10/21,14:40:23,247.310000,24731,9892,9869,234,7,0,0,0.02263168,0.26705259,1.39590460,1.61093970,1.63735586,1.64827546,1.64827546
2025/10/21,14:40:24,248.440000,24844,9937,9840,233,7,0,0,0.02273564,0.26827952,1.39381923,1.60765829,1.63407445,1.64499405,1.64499405
2025/10/21,14:40:25,249.180000,24918,9967,9764,231,7,0,0,0.02280344,0.26907938,1.38598686,1.59759581,1.62439502,1.63203564,1.63203564
2025/10/21,14:40:26,249.280000,24928,9971,9614,227,7,0,0,0.02281265,0.26918804,1.36889580,1.57682053,1.60387270,1.61039971,1.61039971
2025/10/21,14:40:27,248.090000,24809,9923,9340,221,7,0,0,0.02270284,0.26789246,1.33633943,1.53893184,1.56636706,1.57509036,1.57509036
2025/10/21,14:40:28,247.620000,24762,9904,9220,218,7,0,0,0.02266028,0.26739006,1.32200610,1.52194928,1.54913154,1.57205342,1.57205342
2025/10/21,14:40:29,247.440000,24744,9897,9147,216,7,1,0,0.02264370,0.26719460,1.31346528,1.51163042,1.53842963,1.57118843,1.57118843
2025/10/21,14:40:30,247.260000,24726,9890,9082,214,7,1,0,0.02262755,0.26700394,1.30590277,1.50251680,1.52893296,1.56933239,1.56933239
2025/10/21,14:40:31,247.010000,24701,9880,9010,213,7,1,0,0.02260412,0.26672748,1.29739396,1.49235989,1.51839299,1.56315408,1.56315408
2025/10/21,14:40:32,246.940000,24694,9877,8948,211,7,1,0,0.02259781,0.26665312,1.29017800,1.48339882,1.50930183,1.55845551,1.55845551
2025/10/21,14:40:33,247.720000,24772,9908,9033,211,6,1,0,0.02266923,0.26749587,1.30073550,1.49450538,1.51977238,1.57437039,1.57437039
2025/10/21,14:40:34,248.400000,24840,9936,9109,212,6,1,0,0.02273122,0.26822709,1.31015546,1.50428132,1.52916527,1.58595957,1.58595957
2025/10/21,14:40:35,248.850000,24885,9954,9129,211,6,1,0,0.02277307,0.26872092,1.31293557,1.50651237,1.53101326,1.58889025,1.58889025
2025/10/21,14:40:36,248.750000,24875,9950,9042,209,6,1,0,0.02276376,0.26861127,1.30293754,1.49421925,1.51910320,1.57481482,1.57481482
2025/10/21,14:40:37,248.470000,24847,9939,8939,206,7,1,0,0.02273839,0.26831192,1.29086329,1.47946283,1.50485631,1.55617535,1.55617535
2025/10/21,14:40:38,248.310000,24831,9932,8805,203,7,1,0,0.02272362,0.26813749,1.27530691,1.46161228,1.48738881,1.53434619,1.53434619
2025/10/21,14:40:39,248.180000,24818,9927,8679,201,7,1,0,0.02271199,0.26800019,1.26080955,1.44481984,1.47085294,1.51453135,1.51453135
2025/10/21,14:40:40,248.210000,24821,9928,8616,198,7,1,0,0.02271409,0.26802500,1.25359977,1.43567186,1.46208802,1.50357013,1.50357013
2025/10/21,14:40:41,247.520000,24752,9901,8314,194,7,1,0,0.02265114,0.26728232,1.21830425,1.39649813,1.42329734,1.46041780,1.46041780
2025/10/21,14:40:42,246.530000,24653,9861,7952,190,7,1,0,0.02256091,0.26621746,1.17588410,1.34984470,1.37715344,1.41099492,1.41099492
2025/10/21,14:40:43,245.490000,24549,9819,7606,185,7,0,0,0.02246493,0.26508490,1.13512503,1.30485144,1.33266971,1.36323222,1.36323222
2025/10/21,14:40:44,244.660000,24466,9786,7327,181,7,0,0,0.02238905,0.26418968,1.10237526,1.26832045,1.29652178,1.32491893,1.32491893
2025/10/21,14:40:45,243.940000,24394,9757,7088,177,7,0,0,0.02232370,0.26341846,1.07417656,1.23672854,1.26518644,1.29138730,1.29138730
2025/10/21,14:40:46,243.720000,24372,9749,6923,174,7,0,0,0.02230383,0.26318393,1.05515479,1.21521860,1.24392946,1.26685134,1.26685134
2025/10/21,14:40:47,243.880000,24388,9755,6821,172,8,0,0,0.02231789,0.26334982,1.04365902,1.20133166,1.23042557,1.25334745,1.25334745
2025/10/21,14:40:48,244.460000,24446,9778,6784,171,8,0,0,0.02237089,0.26397522,1.03996624,1.19653984,1.22563375,1.24419398,1.24419398
2025/10/21,14:40:49,245.870000,24587,9834,7013,171,8,0,0,0.02249983,0.26549674,1.06772772,1.22504438,1.25413829,1.27378120,1.27378120
2025/10/21,14:40:50,248.200000,24820,9928,7480,174,7,0,0,0.02271296,0.26801164,1.12368771,1.28329946,1.31201032,1.33493220,1.33493220
2025/10/21,14:40:51,250.940000,25094,10037,7992,177,7,0,0,0.02296390,0.27097272,1.18517555,1.34746947,1.37618033,1.39910221,1.39910221
2025/10/21,14:40:52,253.580000,25358,10143,8439,179,7,0,0,0.02320546,0.27382319,1.23920506,1.40369615,1.43189748,1.45481936,1.45481936
2025/10/21,14:40:53,256.350000,25635,10254,8886,182,7,0,0,0.02345899,0.27681475,1.29327067,1.46015385,1.48835518,1.51127706,1.51127706
2025/10/21,14:40:54,258.500000,25850,10340,9077,184,7,0,0,0.02365635,0.27914375,1.31741245,1.48584673,1.51404806,1.53696994,1.53696994
2025/10/21,14:40:55,260.230000,26023,10409,9207,185,7,0,0,0.02381447,0.28100944,1.33419558,1.50376093,1.53183578,1.55367498,1.55367498
2025/10/21,14:40:56,261.150000,26115,10446,9266,186,7,0,0,0.02389840,0.28199995,1.34192781,1.51239820,1.53779168,1.56507522,1.56507522
2025/10/21,14:40:57,261.100000,26110,10444,9171,185,6,0,0,0.02389371,0.28194463,1.33095809,1.50068450,1.52314365,1.55370616,1.55370616
2025/10/21,14:40:58,260.270000,26027,10410,8956,182,5,1,0,0.02381770,0.28104756,1.30554195,1.47297419,1.49288207,1.52564087,1.52564087
2025/10/21,14:40:59,259.170000,25917,10366,8527,180,4,1,0,0.02371710,0.27986066,1.25528453,1.42013160,1.43812422,1.47307932,1.47307932
2025/10/21,14:41:00,258.050000,25805,10322,8063,177,4,1,0,0.02361482,0.27865372,1.20095553,1.36315245,1.37922981,1.41635027,1.41635027
2025/10/21,14:41:01,256.820000,25682,10272,7599,173,5,1,0,0.02350187,0.27732095,1.14660581,1.30576458,1.32656504,1.36479911,1.36479911
2025/10/21,14:41:02,255.890000,25589,10235,7237,171,7,1,0,0.02341720,0.27632185,1.10414230,1.26107187,1.28710497,1.32750440,1.32750440
2025/10/21,14:41:03,255.500000,25550,10220,7010,170,8,1,0,0.02338165,0.27590239,1.07780613,1.23353966,1.26544142,1.30803715,1.30803715
2025/10/21,14:41:04,255.260000,25526,10210,6814,168,8,1,0,0.02335961,0.27564215,1.05508684,1.20897827,1.23896476,1.27936419,1.27936419
2025/10/21,14:41:05,255.080000,25508,10203,6643,166,7,1,0,0.02334313,0.27544767,1.03534985,1.18739917,1.21419838,1.25243245,1.25243245
2025/10/21,14:41:06,254.730000,25473,10189,6471,163,6,1,0,0.02331114,0.27507014,1.01532069,1.16526984,1.18951416,1.22555194,1.22555194
2025/10/21,14:41:07,254.170000,25417,10166,6309,161,5,1,0,0.02325934,0.27445904,0.99613647,1.14404951,1.16535951,1.20031461,1.20031461
2025/10/21,14:41:08,253.890000,25389,10155,6262,160,5,1,0,0.02323381,0.27415779,0.99043853,1.13696153,1.15635626,1.19019774,1.19019774
2025/10/21,14:41:09,253.940000,25394,10157,6352,160,5,1,0,0.02323859,0.27421406,1.00085993,1.14738293,1.16550203,1.19826083,1.19826083
2025/10/21,14:41:10,253.950000,25395,10158,6441,161,4,1,0,0.02323995,0.27423025,1.01102713,1.15903717,1.17562406,1.20730018,1.20730018
2025/10/21,14:41:11,254.070000,25407,10162,6550,173,4,1,0,0.02325038,0.27435322,1.02356714,1.18224182,1.19844565,1.23012177,1.23012177
2025/10/21,14:41:12,253.900000,25390,10156,6598,185,4,0,0,0.02323542,0.27417685,1.02889647,1.19871988,1.21543686,1.24491669,1.24491669
2025/10/21,14:41:13,253.600000,25360,10144,6623,196,4,0,0,0.02320773,0.27384987,1.03148590,1.21161889,1.22897188,1.25736903,1.25736903
2025/10/21,14:41:14,253.330000,25333,10133,6702,208,4,0,0,0.02318258,0.27355336,1.04014876,1.23113947,1.24874903,1.27603257,1.27603257
2025/10/21,14:41:15,253.020000,25302,10121,6775,219,4,0,0,0.02315489,0.27322641,1.04824392,1.24954421,1.26753683,1.29482037,1.29482037
2025/10/21,14:41:16,252.370000,25237,10094,6745,230,5,0,0,0.02309452,0.27251422,1.04407806,1.25458797,1.27283716,1.29903802,1.29903802
2025/10/21,14:41:17,251.670000,25167,10066,6623,238,5,0,0,0.02303086,0.27176300,1.02939903,1.24802043,1.26690563,1.28982751,1.28982751
2025/10/21,14:41:18,250.700000,25070,10028,6446,245,5,0,0,0.02294247,0.27072005,1.00805419,1.23229891,1.25195022,1.27378942,1.27378942
2025/10/21,14:41:19,249.200000,24920,9968,6151,239,5,0,0,0.02280496,0.26909748,0.97274305,1.19172043,1.21252089,1.23108112,1.23108112
2025/10/21,14:41:20,248.370000,24837,9934,5859,232,6,0,0,0.02272863,0.26819658,0.93847684,1.15082885,1.17252190,1.18780315,1.18780315
2025/10/21,14:41:21,247.580000,24758,9903,5597,225,6,0,0,0.02265673,0.26734812,0.90761162,1.11363019,1.13634592,1.15054449,1.15054449
2025/10/21,14:41:22,246.840000,24684,9873,5316,217,6,0,0,0.02258902,0.26654921,0.87463491,1.07409309,1.09782788,1.10874748,1.10874748
2025/10/21,14:41:23,246.660000,24666,9866,5108,211,6,0,0,0.02257222,0.26635093,0.85068095,1.04461281,1.06911370,1.08003330,1.08003330
2025/10/21,14:41:24,246.240000,24624,9849,4884,205,6,0,0,0.02253415,0.26590190,0.82464245,1.01304799,1.03831499,1.04703829,1.04703829
2025/10/21,14:41:25,246.120000,24612,9845,4728,201,7,0,0,0.02252332,0.26577415,0.80659185,0.99060214,1.01650515,1.02303216,1.02303216
2025/10/21,14:41:26,246.280000,24628,9851,4623,197,7,0,0,0.02253803,0.26594766,0.79478057,0.97520364,1.00148970,1.00801671,1.00801671
2025/10/21,14:41:27,246.340000,24634,9853,4528,193,7,0,0,0.02254336,0.26601058,0.78404211,0.96103994,0.98770906,0.99423607,0.99423607
2025/10/21,14:41:28,245.790000,24579,9831,4467,190,7,0,0,0.02249256,0.26541095,0.77642613,0.95067682,0.97747603,0.98400304,0.98400304
2025/10/21,14:41:29,246.070000,24607,9842,4508,189,7,0,0,0.02251809,0.26571219,0.78136856,0.95461812,0.98180038,0.98832739,0.98832739
2025/10/21,14:41:30,246.550000,24655,9862,4562,188,7,0,0,0.02256243,0.26623556,0.78815701,0.96082457,0.98813331,0.99466032,0.99466032
2025/10/21,14:41:31,246.650000,24665,9866,4583,187,7,0,0,0.02257196,0.26634805,0.79064466,0.96231018,0.98961892,0.99614593,0.99614593
2025/10/21,14:41:32,246.960000,24696,9878,4630,186,7,0,0,0.02259975,0.26667599,0.79636929,0.96738874,0.99469748,1.00122449,1.00122449
2025/10/21,14:41:33,246.580000,24658,9863,4577,184,7,0,0,0.02256517,0.26626798,0.78980921,0.95908356,0.98664526,0.99317227,0.99317227
2025/10/21,14:41:34,246.170000,24617,9846,4525,183,7,0,0,0.02252730,0.26582087,0.78342426,0.95121156,0.97902983,0.98555684,0.98555684
2025/10/21,14:41:35,246.130000,24613,9845,4539,182,7,0,0,0.02252439,0.26578656,0.78500572,0.95198590,0.97980417,0.98633118,0.98633118
2025/10/21,14:41:36,246.820000,24682,9872,4696,183,7,0,0,0.02258692,0.26652443,0.80377945,0.97156675,0.99938502,1.00591203,1.00591203
2025/10/21,14:41:37,246.990000,24699,9879,4805,188,7,0,0,0.02260234,0.26670650,0.81637856,0.98878714,1.01558635,1.02211336,1.02211336
2025/10/21,14:41:38,247.130000,24713,9885,4915,200,6,0,0,0.02261568,0.26686381,0.82916704,1.01233726,1.03722121,1.04486183,1.04486183
2025/10/21,14:41:39,247.130000,24713,9885,4998,210,6,0,0,0.02261504,0.26685620,0.83855505,1.03129087,1.05425955,1.06517915,1.06517915
2025/10/21,14:41:40,247.290000,24729,9891,5184,221,5,0,0,0.02263023,0.26703543,0.86000580,1.06279222,1.08371916,1.09463876,1.09463876
2025/10/21,14:41:41,248.440000,24844,9937,5533,235,5,0,0,0.02273574,0.26828048,0.90120038,1.11668754,1.13531617,1.14951474,1.14951474
2025/10/21,14:41:42,249.690000,24969,9987,5881,249,4,0,0,0.02285004,0.26962943,0.94239385,1.17038776,1.18672169,1.20092026,1.20092026
2025/10/21,14:41:43,250.910000,25091,10036,6197,262,5,0,0,0.02296138,0.27094314,0.97988029,1.22041297,1.24146639,1.25894394,1.25894394
2025/10/21,14:41:44,251.650000,25165,10066,6354,273,7,0,0,0.02302876,0.27173821,0.99859821,1.24914855,1.27543461,1.29399484,1.29399484
2025/10/21,14:41:45,252.150000,25215,10086,6438,278,7,0,0,0.02307523,0.27228640,1.00875603,1.26334656,1.29129131,1.30985154,1.30985154
2025/10/21,14:41:46,252.800000,25280,10112,6538,276,7,0,0,0.02313411,0.27298138,1.02089866,1.27403509,1.30006819,1.31754574,1.31754574
2025/10/21,14:41:47,253.800000,25380,10152,6691,276,7,0,0,0.02322556,0.27406055,1.03946843,1.29250786,1.31802782,1.33222639,1.33222639
2025/10/21,14:41:48,254.600000,25460,10184,6730,275,6,0,0,0.02329870,0.27492334,1.04475840,1.29724785,1.32149217,1.33569074,1.33569074
2025/10/21,14:41:49,254.470000,25447,10179,6608,272,5,0,0,0.02328745,0.27479080,1.03069805,1.27979429,1.30136086,1.31555943,1.31555943
2025/10/21,14:41:50,254.730000,25473,10189,6577,268,5,0,0,0.02331065,0.27506442,1.02740888,1.27327388,1.29241565,1.30550061,1.30550061
2025/10/21,14:41:51,255.130000,25513,10205,6613,269,5,0,0,0.02334782,0.27550296,1.03195147,1.27855954,1.29770131,1.30862091,1.30862091
2025/10/21,14:41:52,255.820000,25582,10233,6820,278,6,0,0,0.02341074,0.27624559,1.05634066,1.31102819,1.33463650,1.34883507,1.34883507
2025/10/21,14:41:53,256.380000,25638,10255,7001,286,7,0,0,0.02346180,0.27684810,1.07767332,1.33953528,1.36684402,1.38104259,1.38104259
2025/10/21,14:41:54,256.520000,25652,10260,7106,292,8,0,0,0.02347440,0.27699682,1.08980694,1.35748530,1.38772837,1.40192694,1.40192694
2025/10/21,14:41:55,256.240000,25624,10249,7137,296,8,0,0,0.02344903,0.27669746,1.09307026,1.36469181,1.39659357,1.41079214,1.41079214
2025/10/21,14:41:56,255.670000,25567,10227,7111,299,8,0,0,0.02339733,0.27608735,1.08954774,1.36375447,1.39616576,1.41036433,1.41036433
2025/10/21,14:41:57,254.910000,25491,10196,7050,301,9,0,0,0.02332778,0.27526653,1.08170645,1.35794929,1.39112668,1.40532525,1.40532525
2025/10/21,14:41:58,253.440000,25344,10137,6847,302,8,0,0,0.02319318,0.27367828,1.05690389,1.33379279,1.36620408,1.38040265,1.38040265
2025/10/21,14:41:59,251.490000,25149,10059,6538,297,8,0,0,0.02301454,0.27157044,1.01948772,1.29165834,1.32139188,1.33339416,1.33339416
2025/10/21,14:42:00,248.600000,24860,9944,6050,284,6,0,0,0.02275019,0.26845111,0.96054403,1.22095097,1.24302707,1.25394667,1.25394667
2025/10/21,14:42:01,245.590000,24559,9823,5609,272,4,0,0,0.02247414,0.26519358,0.90686284,1.15595908,1.17203644,1.17967706,1.17967706
2025/10/21,14:42:02,242.910000,24291,9716,5245,261,4,0,0,0.02222966,0.26230879,0.86229551,1.10179412,1.11966026,1.12618727,1.12618727
2025/10/21,14:42:03,240.820000,24082,9633,4991,253,5,0,0,0.02203835,0.26005127,0.83099474,1.06341593,1.08255770,1.08908471,1.08908471
2025/10/21,14:42:04,238.800000,23880,9552,4770,246,5,0,0,0.02185301,0.25786431,0.80354144,1.02953127,1.04956563,1.05609264,1.05609264
2025/10/21,14:42:05,236.960000,23696,9478,4600,243,5,0,0,0.02168471,0.25587851,0.78211814,1.00452075,1.02544769,1.03197470,1.03197470
2025/10/21,14:42:06,235.540000,23554,9421,4496,243,5,0,0,0.02155495,0.25434745,0.76871118,0.99156677,1.01313334,1.01966035,1.01966035
2025/10/21,14:42:07,234.790000,23479,9391,4429,244,6,0,0,0.02148612,0.25353519,0.76023219,0.98399191,1.00594153,1.01246854,1.01246854
2025/10/21,14:42:08,234.410000,23441,9376,4363,245,6,0,0,0.02145148,0.25312623,0.75226551,0.97676921,0.99897179,1.00549880,1.00549880
2025/10/21,14:42:09,234.190000,23419,9367,4297,245,6,0,0,0.02143112,0.25288599,0.74446354,0.96941930,0.99213503,0.99866204,0.99866204
2025/10/21,14:42:10,233.960000,23396,9358,4229,249,6,0,0,0.02141027,0.25264003,0.73644585,0.96498882,0.98770455,0.99423156,0.99423156
2025/10/21,14:42:11,233.720000,23372,9349,4153,256,6,0,0,0.02138830,0.25238072,0.72743718,0.96179748,0.98451321,0.99104022,0.99104022
2025/10/21,14:42:12,233.960000,23396,9358,4150,265,6,0,0,0.02141001,0.25263715,0.72737048,0.97045630,0.99265888,0.99918589,0.99918589
2025/10/21,14:42:13,234.430000,23443,9377,4177,277,6,0,0,0.02145283,0.25314243,0.73101030,0.98450179,1.00632132,1.01612730,1.01612730
2025/10/21,14:42:14,234.510000,23451,9380,4157,283,5,0,0,0.02146027,0.25323014,0.72882786,0.98868573,1.00999573,1.02091533,1.02091533
2025/10/21,14:42:15,234.160000,23416,9366,4145,291,5,0,0,0.02142892,0.25286025,0.72705633,0.99363565,1.01468907,1.02560867,1.02560867
2025/10/21,14:42:16,234.300000,23430,9372,4229,301,5,0,0,0.02144097,0.25300228,0.73680810,1.01266293,1.03295386,1.04387346,1.04387346
2025/10/21,14:42:17,235.720000,23572,9428,4540,320,5,0,0,0.02157089,0.25453528,0.77386345,1.06684631,1.08598808,1.10018665,1.10018665
2025/10/21,14:42:18,237.150000,23715,9486,4836,335,5,0,0,0.02170225,0.25608538,0.80932024,1.11629597,1.13454516,1.14874373,1.14874373
2025/10/21,14:42:19,238.330000,23833,9533,5089,346,4,0,0,0.02181026,0.25735999,0.83953298,1.15672037,1.17471299,1.18891156,1.18891156
2025/10/21,14:42:20,240.070000,24007,9602,5479,358,4,0,0,0.02196909,0.25923425,0.88600219,1.21404822,1.23153131,1.24572988,1.24572988
2025/10/21,14:42:21,242.340000,24234,9693,5927,368,4,0,0,0.02217737,0.26169195,0.93974794,1.27664853,1.29374856,1.31011249,1.31011249
2025/10/21,14:42:22,245.510000,24551,9820,6537,380,4,0,0,0.02246687,0.26510779,1.01291606,1.36077229,1.37723270,1.39579293,1.39579293
2025/10/21,14:42:23,248.790000,24879,9951,7182,391,4,0,0,0.02276693,0.26864846,1.09020383,1.44882170,1.46566516,1.48422539,1.48422539
2025/10/21,14:42:24,251.470000,25147,10059,7679,399,4,0,0,0.02301286,0.27155042,1.14990365,1.51588903,1.53375517,1.55231540,1.55231540
2025/10/21,14:42:25,252.830000,25283,10113,7889,398,4,0,0,0.02313711,0.27301665,1.17544870,1.54023896,1.55657289,1.57513312,1.57513312
2025/10/21,14:42:26,253.880000,25388,10155,8026,394,4,0,0,0.02323277,0.27414541,1.19223416,1.55363121,1.57009162,1.58537287,1.58537287
2025/10/21,14:42:27,254.610000,25461,10184,8110,390,4,0,0,0.02329951,0.27493288,1.20263126,1.55969803,1.57679806,1.59099663,1.59099663
2025/10/21,14:42:28,254.390000,25439,10175,8044,383,4,0,0,0.02327953,0.27469737,1.19483815,1.54599059,1.56385673,1.57805530,1.57805530
2025/10/21,14:42:29,253.380000,25338,10135,7859,374,5,0,0,0.02318704,0.27360582,1.17258420,1.51565718,1.53466886,1.54667114,1.54667114
2025/10/21,14:42:30,251.450000,25145,10058,7485,363,5,0,0,0.02301050,0.27152276,1.12774020,1.46021351,1.48024787,1.49116747,1.49116747
2025/10/21,14:42:31,249.150000,24915,9966,7021,350,5,0,0,0.02280070,0.26904697,1.07213834,1.39284889,1.41415889,1.42507849,1.42507849
2025/10/21,14:42:32,247.210000,24721,9888,6631,338,6,0,0,0.02262270,0.26694676,1.02544730,1.33565427,1.35785685,1.36438386,1.36438386
2025/10/21,14:42:33,245.880000,24588,9835,6356,330,6,0,0,0.02250151,0.26551675,0.99259488,1.29469036,1.31778552,1.32431253,1.32431253
2025/10/21,14:42:34,244.720000,24472,9788,6119,321,6,0,0,0.02239448,0.26425360,0.96422738,1.25879337,1.28265464,1.28918165,1.28918165
2025/10/21,14:42:35,244.400000,24440,9776,5920,314,6,0,0,0.02236539,0.26391037,0.94110197,1.22884951,1.25322392,1.25975093,1.25975093
2025/10/21,14:42:36,244.140000,24414,9765,5660,304,6,0,0,0.02234219,0.26363676,0.91113485,1.18976886,1.21490577,1.22143278,1.22143278
2025/10/21,14:42:37,244.070000,24407,9762,5512,295,7,0,0,0.02233524,0.26355477,0.89409951,1.16471902,1.19062203,1.19606636,1.19606636
2025/10/21,14:42:38,244.360000,24436,9774,5489,289,7,0,0,0.02236222,0.26387318,0.89182864,1.15672783,1.18288741,1.18941442,1.18941442
2025/10/21,14:42:39,244.950000,24495,9798,5529,285,7,0,0,0.02241613,0.26450908,0.89699673,1.15795365,1.18436981,1.19089682,1.19089682
2025/10/21,14:42:40,245.230000,24523,9809,5534,280,7,0,0,0.02244189,0.26481317,0.89784208,1.15446872,1.18126793,1.18779494,1.18779494
2025/10/21,14:42:41,244.910000,24491,9796,5460,274,7,0,0,0.02241274,0.26446905,0.88907584,1.13991718,1.16696935,1.17349636,1.17349636
2025/10/21,14:42:42,244.440000,24444,9777,5385,267,7,0,0,0.02236933,0.26395708,0.87992764,1.12514566,1.15245440,1.15898141,1.15898141
2025/10/21,14:42:43,243.360000,24336,9734,5322,261,7,0,0,0.02227087,0.26279498,0.87163607,1.11113468,1.13895295,1.14547996,1.14547996
2025/10/21,14:42:44,242.490000,24249,9699,5309,255,7,0,0,0.02219072,0.26184927,0.86917959,1.10344288,1.13138763,1.13791464,1.13791464
2025/10/21,14:42:45,241.620000,24162,9664,5215,249,7,0,0,0.02211112,0.26091021,0.85744326,1.08592126,1.11412259,1.12064960,1.12064960
2025/10/21,14:42:46,240.890000,24089,9635,5074,242,7,0,0,0.02204433,0.26012183,0.84056604,1.06258065,1.09129151,1.09453955,1.09453955
2025/10/21,14:42:47,239.870000,23987,9595,4887,234,8,0,0,0.02195109,0.25902166,0.81808534,1.03273244,1.06182635,1.06182635,1.06182635
2025/10/21,14:42:48,238.820000,23882,9552,4712,226,8,0,0,0.02185479,0.25788528,0.79686508,1.00433775,1.03381471,1.03381471,1.03381471
2025/10/21,14:42:49,237.770000,23777,9511,4550,219,8,0,0,0.02175920,0.25675748,0.77727328,0.97821759,1.00795113,1.00795113,1.00795113
2025/10/21,14:42:50,236.760000,23676,9470,4406,212,8,0,0,0.02166671,0.25566593,0.75966064,0.95433556,0.98445215,0.98445215,0.98445215
2025/10/21,14:42:51,235.990000,23599,9439,4295,207,8,0,0,0.02159626,0.25483461,0.74619815,0.93589673,0.96639637,0.96639637,0.96639637
2025/10/21,14:42:52,235.570000,23557,9423,4225,203,8,0,0,0.02155802,0.25438365,0.73775722,0.92425659,0.95373355,0.95373355,0.95373355
2025/10/21,14:42:53,234.880000,23488,9395,4128,199,8,0,0,0.02149420,0.25363054,0.72587959,0.90859775,0.93807471,0.93807471,0.93807471
2025/10/21,14:42:54,234.010000,23401,9360,4033,195,7,0,0,0.02141454,0.25269055,0.71403733,0.89326528,0.91980792,0.91980792,0.91980792
2025/10/21,14:42:55,233.880000,23388,9355,4032,193,6,0,0,0.02140268,0.25255041,0.71378819,0.89107703,0.91557792,0.91557792,0.91557792
2025/10/21,14:42:56,234.960000,23496,9398,4089,192,6,0,0,0.02150173,0.25371921,0.72143608,0.89762588,0.92212677,0.92212677,0.92212677
2025/10/21,14:42:57,236.730000,23673,9469,4192,192,6,0,0,0.02166386,0.25563255,0.73522532,0.91141512,0.93591601,0.93591601,0.93591601
2025/10/21,14:42:58,238.530000,23853,9541,4291,192,7,0,0,0.02182835,0.25757352,0.74839569,0.92468249,0.95020245,0.95020245,0.95020245
2025/10/21,14:42:59,240.410000,24041,9616,4408,193,8,0,0,0.02200054,0.25960511,0.76381795,0.94046072,0.96993768,0.96993768,0.96993768
2025/10/21,14:43:00,241.650000,24165,9666,4461,192,7,0,0,0.02211429,0.26094741,0.77131621,0.94731200,0.97474722,0.97474722,0.97474722
2025/10/21,14:43:01,243.330000,24333,9733,4595,192,8,0,0,0.02226770,0.26275779,0.78845616,0.96454896,0.99402592,0.99402592,0.99402592
2025/10/21,14:43:02,245.000000,24500,9800,4730,192,8,0,0,0.02242017,0.26455676,0.80569771,0.98149950,1.01097646,1.01097646,1.01097646
2025/10/21,14:43:03,246.060000,24606,9842,4784,190,8,0,0,0.02251760,0.26570646,0.81300337,0.98751303,1.01698999,1.01698999,1.01698999
2025/10/21,14:43:04,246.450000,24645,9858,4832,189,7,0,0,0.02255299,0.26612403,0.81892663,0.99262825,1.02108615,1.02108615,1.02108615
2025/10/21,14:43:05,246.460000,24646,9858,4878,195,8,0,0,0.02255386,0.26613449,0.82411966,1.00260454,1.03259103,1.03259103,1.03259103
2025/10/21,14:43:06,246.660000,24666,9866,4960,203,7,0,0,0.02257206,0.26634902,0.83372981,1.01958220,1.04791000,1.05335433,1.05335433
2025/10/21,14:43:07,246.860000,24686,9874,5026,211,7,0,0,0.02259070,0.26656922,0.84150773,1.03498753,1.06050749,1.07031347,1.07031347
2025/10/21,14:43:08,247.400000,24740,9896,5107,219,6,0,0,0.02264015,0.26715268,0.85137770,1.05251601,1.07535822,1.08955679,1.08955679
2025/10/21,14:43:09,247.560000,24756,9902,5115,227,5,0,0,0.02265479,0.26732525,0.85241065,1.06052939,1.08094680,1.09950703,1.09950703
2025/10/21,14:43:10,247.620000,24762,9904,5097,235,5,0,0,0.02266012,0.26738815,0.85042564,1.06571880,1.08383790,1.10675978,1.10675978
2025/10/21,14:43:11,247.500000,24750,9900,5062,242,4,0,0,0.02264968,0.26726517,0.84630762,1.06787017,1.08394753,1.10906571,1.10906571
2025/10/21,14:43:12,246.840000,24684,9873,4975,247,5,0,0,0.02258876,0.26654633,0.83565190,1.06199770,1.08279816,1.11008170,1.11008170
2025/10/21,14:43:13,246.070000,24607,9843,4879,246,7,0,0,0.02251857,0.26571791,0.82381209,1.04925285,1.07502938,1.10450921,1.10450921
2025/10/21,14:43:14,245.230000,24523,9809,4769,243,8,1,0,0.02244117,0.26480460,0.81037273,1.03303432,1.06276786,1.09444398,1.09444398
2025/10/21,14:43:15,243.950000,24395,9758,4607,238,7,1,0,0.02232419,0.26342419,0.79041920,1.00829753,1.03700839,1.06976719,1.06976719
2025/10/21,14:43:16,242.500000,24250,9700,4448,233,7,1,0,0.02219217,0.26186643,0.77072046,0.98417151,1.01262941,1.04647089,1.04647089
2025/10/21,14:43:17,240.970000,24097,9638,4281,228,7,1,0,0.02205134,0.26020475,0.74994841,0.95871321,0.98665796,1.02049944,1.02049944
2025/10/21,14:43:18,239.200000,23920,9568,4094,222,7,1,0,0.02188985,0.25829904,0.72666229,0.93009569,0.95689490,0.99073638,0.99073638
2025/10/21,14:43:19,237.460000,23746,9498,3925,216,7,1,0,0.02173060,0.25642001,0.70545475,0.90371689,0.92949342,0.96553120,0.96553120
2025/10/21,14:43:20,236.260000,23626,9450,3854,212,7,1,0,0.02162065,0.25512251,0.69605827,0.89047513,0.91625166,0.95228944,0.95228944
2025/10/21,14:43:21,235.280000,23528,9411,3819,208,6,1,0,0.02153136,0.25406907,0.69100990,0.88154855,0.90439076,0.93823224,0.93823224
2025/10/21,14:43:22,234.470000,23447,9378,3811,204,5,1,0,0.02145681,0.25318915,0.68916048,0.87611191,0.89614627,0.92782239,0.92782239
2025/10/21,14:43:23,234.310000,23431,9372,3989,202,5,1,0,0.02144259,0.25302137,0.70939971,0.89470304,0.91333167,0.94500779,0.94500779
2025/10/21,14:43:24,234.600000,23460,9384,4264,201,4,0,0,0.02146899,0.25333310,0.74113385,0.92524114,0.94259413,0.97207396,0.97207396
2025/10/21,14:43:25,234.850000,23485,9394,4513,199,4,0,0,0.02149129,0.25359622,0.76990297,0.95287919,0.96895655,0.99843638,0.99843638
2025/10/21,14:43:26,235.270000,23527,9411,4772,201,4,0,0,0.02153017,0.25405479,0.79994605,0.98450631,1.00084024,1.03032007,1.03032007
2025/10/21,14:43:27,235.970000,23597,9438,5058,207,4,0,0,0.02159390,0.25480695,0.83341726,1.02330984,1.03964377,1.06912360,1.06912360
2025/10/21,14:43:28,236.160000,23616,9446,5235,212,4,0,0,0.02161128,0.25501194,0.85381114,1.04803400,1.06436793,1.09384776,1.09384776
2025/10/21,14:43:29,236.070000,23607,9443,5356,216,4,0,0,0.02160369,0.25492232,0.86765333,1.06556041,1.08227739,1.10956093,1.10956093
2025/10/21,14:43:30,235.940000,23594,9437,5460,219,4,0,0,0.02159115,0.25477455,0.87938134,1.08068163,1.09778166,1.12506520,1.12506520
2025/10/21,14:43:31,235.280000,23528,9411,5411,221,4,0,0,0.02153136,0.25406907,0.87306116,1.07620355,1.09419617,1.11820073,1.11820073
2025/10/21,14:43:32,234.570000,23457,9382,5382,224,5,0,0,0.02146592,0.25329687,0.86894029,1.07476486,1.09326701,1.11618889,1.11618889
2025/10/21,14:43:33,234.330000,23433,9373,5386,228,5,0,0,0.02144404,0.25303851,0.86911419,1.07807299,1.09708467,1.11892387,1.11892387
2025/10/21,14:43:34,234.350000,23435,9374,5384,229,5,0,0,0.02144598,0.25306140,0.86892295,1.07868979,1.09834110,1.11690133,1.11690133
2025/10/21,14:43:35,234.180000,23418,9367,5350,226,5,0,0,0.02143031,0.25287646,0.86484808,1.07177169,1.09206262,1.11062285,1.11062285
2025/10/21,14:43:36,234.540000,23454,9381,5439,224,5,0,0,0.02146343,0.25326732,0.87549896,1.08093552,1.10147941,1.12003964,1.12003964
2025/10/21,14:43:37,234.830000,23483,9393,5509,222,5,0,0,0.02149032,0.25358478,0.88380639,1.08740085,1.10845427,1.12265284,1.12265284
2025/10/21,14:43:38,234.890000,23489,9395,5533,219,5,0,0,0.02149517,0.25364198,0.88656188,1.08760319,1.10916976,1.12336833,1.12336833
2025/10/21,14:43:39,234.690000,23469,9387,5499,216,6,0,0,0.02147717,0.25342938,0.88246336,1.08027343,1.10247601,1.11667458,1.11667458
2025/10/21,14:43:40,233.820000,23382,9353,5309,210,6,0,0,0.02139767,0.25249132,0.85982164,1.05255746,1.07578272,1.08670232,1.08670232
2025/10/21,14:43:41,232.470000,23247,9298,5151,205,6,0,0,0.02127380,0.25102982,0.84032828,1.02866976,1.05253103,1.06345063,1.06345063
2025/10/21,14:43:42,230.670000,23067,9227,4983,200,6,0,0,0.02110940,0.24908980,0.81916888,1.00272710,1.02722799,1.03814759,1.03814759
2025/10/21,14:43:43,228.830000,22883,9153,4814,195,6,0,0,0.02094110,0.24710398,0.79785456,0.97708251,1.00221942,1.00874643,1.00874643
2025/10/21,14:43:44,226.580000,22658,9063,4554,189,7,0,0,0.02073492,0.24467106,0.76561900,0.93948260,0.96538561,0.97191262,0.97191262
2025/10/21,14:43:45,224.850000,22485,8994,4377,186,7,0,0,0.02057689,0.24280635,0.74356140,0.91377281,0.94018897,0.94671598,0.94671598
2025/10/21,14:43:46,223.620000,22362,8945,4259,182,7,0,0,0.02046436,0.24147835,0.72873784,0.89617008,0.92296929,0.92949630,0.92949630
2025/10/21,14:43:47,222.670000,22267,8907,4214,180,7,0,0,0.02037750,0.24045351,0.72253044,0.88802357,0.91482278,0.92134979,0.92134979
2025/10/21,14:43:48,222.120000,22212,8885,4257,179,7,0,0,0.02032702,0.23985768,0.72679404,0.89093007,0.91823881,0.92476582,0.92476582
2025/10/21,14:43:49,221.630000,22163,8865,4251,176,7,0,0,0.02028152,0.23932094,0.72561093,0.88751685,0.91482559,0.92135260,0.92135260
2025/10/21,14:43:50,221.160000,22116,8846,4239,174,7,0,0,0.02023886,0.23881758,0.72370192,0.88376573,0.91158400,0.91811101,0.91811101
2025/10/21,14:43:51,220.720000,22072,8829,4233,172,7,0,0,0.02019904,0.23834760,0.72258556,0.88054920,0.90836747,0.90836747,0.90836747
2025/10/21,14:43:52,220.610000,22061,8824,4315,171,7,0,0,0.02018828,0.23822079,0.73185037,0.88861797,0.91643624,0.91643624,0.91643624
2025/10/21,14:43:53,220.150000,22015,8806,4367,169,7,0,0,0.02014643,0.23772696,0.73729449,0.89212298,0.92032431,0.92032431,0.92032431
2025/10/21,14:43:54,219.250000,21925,8770,4375,166,7,0,0,0.02006435,0.23675837,0.73719029,0.88943361,0.91789151,0.91789151,0.91789151
2025/10/21,14:43:55,218.110000,21811,8724,4321,163,7,0,0,0.01996022,0.23552954,0.72980950,0.87911167,0.90795262,0.90795262,0.90795262
2025/10/21,14:43:56,216.610000,21661,8664,4181,159,8,0,0,0.01982294,0.23390980,0.71220581,0.85792077,0.88701468,0.88701468,0.88701468
2025/10/21,14:43:57,215.160000,21516,8606,4058,155,8,0,0,0.01968980,0.23233869,0.69659788,0.83917860,0.86878566,0.86878566,0.86878566
2025/10/21,14:43:58,214.070000,21407,8563,4003,158,8,0,0,0.01959036,0.23116516,0.68905427,0.83392916,0.86302307,0.86302307,0.86302307
2025/10/21,14:43:59,213.810000,21381,8552,4129,165,7,0,0,0.01956677,0.23088679,0.70324496,0.85474521,0.88294654,0.88839087,0.88839087
2025/10/21,14:44:00,214.410000,21441,8576,4496,176,7,0,0,0.01962106,0.23152744,0.74589117,0.90770009,0.93424273,0.94076974,0.94076974
2025/10/21,14:44:01,215.430000,21543,8617,4957,189,6,0,0,0.01971429,0.23262758,0.79968112,0.97354472,0.99830219,1.00922179,1.00922179
2025/10/21,14:44:02,216.530000,21653,8661,5401,207,6,0,0,0.01981561,0.23382306,0.85162752,1.04161710,1.06356672,1.07665168,1.07665168
2025/10/21,14:44:03,217.720000,21772,8709,5820,227,5,0,0,0.01992419,0.23510434,0.90085230,1.10926204,1.12802076,1.14330201,1.14330201
2025/10/21,14:44:04,219.090000,21909,8763,6257,247,4,0,0,0.02004964,0.23658486,0.95232435,1.17902521,1.19612524,1.21468547,1.21468547
2025/10/21,14:44:05,221.100000,22110,8844,6789,269,7,0,0,0.02023314,0.23874992,1.01538732,1.26215736,1.28870000,1.31053920,1.31053920
2025/10/21,14:44:06,223.500000,22350,8940,7275,286,9,0,0,0.02045344,0.24134965,1.07348828,1.33535024,1.36904078,1.39304534,1.39304534
2025/10/21,14:44:07,226.320000,22632,9052,7787,302,11,0,0,0.02071068,0.24438507,1.13515535,1.41175325,1.45207855,1.47936209,1.47936209
2025/10/21,14:44:08,229.530000,22953,9181,8270,324,13,0,0,0.02100454,0.24785236,1.19380073,1.49037080,1.53860649,1.56589003,1.56589003
2025/10/21,14:44:09,232.570000,23257,9302,8635,344,15,0,0,0.02128295,0.25113758,1.23887349,1.55405772,1.60880530,1.63828513,1.63828513
2025/10/21,14:44:10,235.720000,23572,9429,8987,360,16,0,0,0.02157153,0.25454289,1.28252733,1.61241547,1.67060691,1.70008674,1.70008674
2025/10/21,14:44:11,239.070000,23907,9562,9219,373,16,0,0,0.02187773,0.25815604,1.31265495,1.65479086,1.71464099,1.74412082,1.74412082
2025/10/21,14:44:12,242.850000,24285,9714,9478,388,17,0,0,0.02222342,0.26223534,1.34639552,1.70226624,1.76441468,1.79389451,1.79389451
2025/10/21,14:44:13,246.570000,24657,9862,9773,403,17,0,0,0.02256398,0.26625369,1.38413468,1.75296421,1.81677134,1.84625117,1.84625117
2025/10/21,14:44:14,249.680000,24968,9987,10048,416,18,0,0,0.02284859,0.26961226,1.41904091,1.79986015,1.86519949,1.89467932,1.89467932
2025/10/21,14:44:15,251.480000,25148,10059,10162,422,17,0,0,0.02301357,0.27155899,1.43401869,1.82091331,1.88446387,1.91394370,1.91394370
2025/10/21,14:44:16,251.570000,25157,10063,10065,417,16,0,0,0.02302197,0.27165814,1.42302970,1.80465698,1.86335795,1.89064149,1.89064149
2025/10/21,14:44:17,251.110000,25111,10044,9918,408,14,0,0,0.02297973,0.27115955,1.40567076,1.77957455,1.83176724,1.85577180,1.85577180
2025/10/21,14:44:18,250.360000,25036,10014,9727,398,12,0,0,0.02291080,0.27034635,1.38296803,1.74756428,1.79414128,1.81598048,1.81598048
2025/10/21,14:44:19,249.290000,24929,9971,9506,386,11,0,0,0.02281304,0.26919280,1.35661277,1.71073839,1.75106369,1.76962392,1.76962392
2025/10/21,14:44:20,247.620000,24762,9904,9233,372,9,0,0,0.02265986,0.26738527,1.32348783,1.66481570,1.69850624,1.71378749,1.71378749
2025/10/21,14:44:21,245.630000,24563,9825,8845,357,7,0,0,0.02247834,0.26524314,1.27705787,1.60439287,1.63042597,1.64462454,1.64462454
2025/10/21,14:44:22,243.530000,24353,9741,8179,342,5,0,0,0.02228557,0.26296848,1.19854772,1.51188984,1.53154115,1.54246075,1.54246075
2025/10/21,14:44:23,241.740000,24174,9669,7634,329,4,0,0,0.02212179,0.26103605,1.13431584,1.43625026,1.45258419,1.46786544,1.46786544
2025/10/21,14:44:24,240.920000,24092,9636,7373,326,4,0,0,0.02204675,0.26015042,1.10351845,1.40222072,1.41944723,1.44673077,1.44673077
2025/10/21,14:44:25,240.960000,24096,9638,7451,333,4,1,0,0.02205069,0.26019713,1.11252865,1.41750030,1.43434376,1.47366051,1.47366051
2025/10/21,14:44:26,241.490000,24149,9659,7658,343,7,1,0,0.02209959,0.26077391,1.13675199,1.45074017,1.47728281,1.52860185,1.52860185
2025/10/21,14:44:27,242.070000,24207,9682,7851,352,9,1,0,0.02215226,0.26139547,1.15950946,1.48232017,1.51779588,1.57567287,1.57567287
2025/10/21,14:44:28,243.190000,24319,9727,8090,363,12,2,0,0.02225535,0.26261194,1.18804429,1.52061460,1.56464033,1.62687897,1.62687897
2025/10/21,14:44:29,244.450000,24445,9778,8336,374,15,2,0,0.02237063,0.26397234,1.21747843,1.56016432,1.61491190,1.68154313,1.68154313
2025/10/21,14:44:30,245.890000,24589,9835,8605,386,18,2,0,0.02250232,0.26552628,1.24980440,1.60373602,1.67150015,1.74141035,1.74141035
2025/10/21,14:44:31,247.030000,24703,9881,8792,396,21,2,0,0.02260654,0.26675609,1.27241474,1.63545989,1.71368569,1.78467857,1.78467857
2025/10/21,14:44:32,247.490000,24749,9899,8793,399,23,2,0,0.02264871,0.26725372,1.27302149,1.63855481,1.72495119,1.79486139,1.79486139
2025/10/21,14:44:33,247.190000,24719,9887,8498,392,24,2,0,0.02262086,0.26692483,1.23900404,1.59797697,1.68628500,1.75399891,1.75399891
2025/10/21,14:44:34,246.420000,24642,9856,8096,382,23,2,0,0.02255008,0.26608972,1.19216833,1.54186667,1.62519863,1.68855088,1.68855088
2025/10/21,14:44:35,245.710000,24571,9828,7743,372,22,1,0,0.02248529,0.26532513,1.15102196,1.49215583,1.57178736,1.63186064,1.63186064
2025/10/21,14:44:36,244.690000,24469,9787,7399,363,21,1,0,0.02239228,0.26422783,1.11062140,1.44328871,1.51947277,1.57626707,1.57626707
2025/10/21,14:44:37,243.230000,24323,9729,7004,352,19,1,0,0.02225865,0.26265102,1.06379937,1.38625502,1.45580432,1.50823697,1.50823697
2025/10/21,14:44:38,241.540000,24154,9661,6586,339,16,1,0,0.02210379,0.26082347,1.01424645,1.32490640,1.38501310,1.43197048,1.43197048
2025/10/21,14:44:39,239.870000,23987,9595,6212,327,14,1,0,0.02195116,0.25902262,0.96957954,1.26938085,1.32132058,1.36280269,1.36280269
2025/10/21,14:44:40,238.580000,23858,9543,5899,317,12,1,0,0.02183336,0.25763264,0.93244909,1.22323386,1.26776912,1.30488958,1.30488958
2025/10/21,14:44:41,238.880000,23888,9555,5871,317,11,1,0,0.02186028,0.25795012,0.92952702,1.22031179,1.26114662,1.29610172,1.29610172
2025/10/21,14:44:42,239.580000,23958,9583,5925,320,10,1,0,0.02192450,0.25870801,0.93644087,1.22952073,1.26767780,1.30151928,1.30151928
2025/10/21,14:44:43,240.270000,24027,9611,5974,322,9,1,0,0.02198768,0.25945352,0.94280120,1.23817523,1.27403399,1.30679279,1.30679279
2025/10/21,14:44:44,240.940000,24094,9637,6020,325,9,1,0,0.02204885,0.26017520,0.94881445,1.24648265,1.28017319,1.31184931,1.31184931
2025/10/21,14:44:45,241.610000,24161,9664,6064,327,8,1,0,0.02211058,0.26090357,0.95461627,1.25441758,1.28593628,1.31761240,1.31761240
2025/10/21,14:44:46,242.540000,24254,9701,6151,331,8,1,0,0.02219557,0.26190648,0.96555205,1.26868159,1.29892466,1.33060078,1.33060078
2025/10/21,14:44:47,243.760000,24376,9750,6282,336,8,1,0,0.02230690,0.26322016,0.98187606,1.28949786,1.31923140,1.35090752,1.35090752
2025/10/21,14:44:48,244.570000,24457,9783,6362,339,8,0,0,0.02238162,0.26410200,0.99182639,1.30213036,1.33109779,1.36057762,1.36057762
2025/10/21,14:44:49,243.720000,24372,9748,6161,331,6,0,0,0.02230302,0.26317440,0.96789849,1.27148101,1.29649144,1.32488859,1.32488859
2025/10/21,14:44:50,242.460000,24246,9698,5900,322,5,0,0,0.02218765,0.26181304,0.93673849,1.23185354,1.25290696,1.27802514,1.27802514
2025/10/21,14:44:51,241.120000,24112,9644,5646,313,4,0,0,0.02206533,0.26036968,0.90624788,1.19299338,1.21009341,1.23301529,1.23301529
2025/10/21,14:44:52,239.530000,23953,9581,5367,303,4,0,0,0.02191981,0.25865272,0.87257137,1.15000933,1.16710936,1.18566959,1.18566959
2025/10/21,14:44:53,237.920000,23792,9517,5111,293,5,0,0,0.02177309,0.25692145,0.84157872,1.11016212,1.12853779,1.14601534,1.14601534
2025/10/21,14:44:54,236.070000,23607,9443,4831,282,5,0,0,0.02160369,0.25492232,0.80750680,1.06642761,1.08620540,1.10040397,1.10040397
2025/10/21,14:44:55,234.040000,23404,9361,4540,271,5,0,0,0.02141777,0.25272867,0.77205684,1.02086207,1.04204559,1.05296519,1.05296519
2025/10/21,14:44:56,232.110000,23211,9284,4265,261,6,0,0,0.02124142,0.25064755,0.73855331,0.97779295,1.00012562,1.01104522,1.01104522
2025/10/21,14:44:57,230.230000,23023,9209,4023,251,6,0,0,0.02106885,0.24861123,0.70887549,0.93900159,0.96260990,0.97025052,0.97025052
2025/10/21,14:44:58,228.460000,22846,9138,3810,242,6,0,0,0.02090668,0.24669785,0.68256017,0.90431672,0.92881761,0.93534462,0.93534462
2025/10/21,14:44:59,226.840000,22684,9073,3628,234,6,0,0,0.02075909,0.24495612,0.65997917,0.87417329,0.89944029,0.90596730,0.90596730
2025/10/21,14:45:00,225.250000,22525,9010,3464,226,7,0,0,0.02061318,0.24323440,0.63947021,0.84648990,0.87264948,0.87917649,0.87917649
2025/10/21,14:45:01,223.680000,22368,8947,3315,218,7,0,0,0.02046928,0.24153651,0.62081909,0.82102033,0.84781954,0.85106758,0.85106758
2025/10/21,14:45:02,222.340000,22234,8893,3206,213,7,0,0,0.02034663,0.24008933,0.60684575,0.80181168,0.82912042,0.82912042,0.82912042
2025/10/21,14:45:03,221.730000,22173,8869,3188,214,7,0,0,0.02029105,0.23943343,0.60413782,0.80055785,0.82786659,0.83331092,0.83331092
2025/10/21,14:45:04,220.930000,22093,8837,3151,217,7,0,0,0.02021779,0.23856878,0.59904387,0.79779101,0.82509975,0.83162676,0.83162676
2025/10/21,14:45:05,220.120000,22012,8804,3093,219,7,0,0,0.02014369,0.23769455,0.59148043,0.79213374,0.81982553,0.82635254,0.82635254
2025/10/21,14:45:06,219.220000,21922,8769,3031,221,7,0,0,0.02006160,0.23672597,0.58344700,0.78584541,0.81366368,0.82019069,0.82019069
2025/10/21,14:45:07,218.190000,21819,8727,2954,222,7,0,0,0.01996740,0.23561438,0.57359818,0.77748364,0.80530191,0.81182892,0.81182892
2025/10/21,14:45:08,217.250000,21725,8690,2901,224,7,0,0,0.01988127,0.23459810,0.56644606,0.77188262,0.79970089,0.80622790,0.80622790
2025/10/21,14:45:09,216.380000,21638,8655,2860,226,7,0,0,0.01980113,0.23365240,0.56085105,0.76806475,0.79588302,0.80241003,0.80241003
2025/10/21,14:45:10,215.290000,21529,8611,2789,226,7,0,0,0.01970208,0.23248361,0.55150253,0.75907220,0.78727353,0.79380054,0.79380054
2025/10/21,14:45:11,213.630000,21363,8545,2595,220,7,0,0,0.01954987,0.23068752,0.52758265,0.72952900,0.75811338,0.76464039,0.76464039
2025/10/21,14:45:12,212.110000,21211,8484,2429,213,8,0,0,0.01941036,0.22904113,0.50697539,0.70268438,0.73177829,0.73177829,0.73177829
2025/10/21,14:45:13,211.270000,21127,8451,2355,208,8,0,0,0.01933409,0.22814118,0.49752407,0.68841778,0.71764178,0.71764178,0.71764178
2025/10/21,14:45:14,210.960000,21096,8438,2366,204,8,0,0,0.01930539,0.22780272,0.49848626,0.68569667,0.71530373,0.71530373,0.71530373
2025/10/21,14:45:15,211.650000,21165,8466,2650,203,8,0,0,0.01936857,0.22854823,0.53176495,0.71771434,0.74732140,0.74732140,0.74732140
2025/10/21,14:45:16,212.330000,21233,8493,2925,201,8,0,0,0.01943088,0.22928328,0.56391841,0.74867268,0.77827974,0.77827974,0.77827974
2025/10/21,14:45:17,212.940000,21294,8517,3162,200,8,0,0,0.01948701,0.22994581,0.59162867,0.77508989,0.80469695,0.80469695,0.80469695
2025/10/21,14:45:18,213.550000,21355,8542,3286,199,8,0,0,0.01954276,0.23060364,0.60653755,0.78880273,0.81840979,0.81840979,0.81840979
2025/10/21,14:45:19,213.910000,21391,8556,3376,197,8,0,0,0.01957588,0.23099450,0.61718842,0.79751541,0.82712247,0.82712247,0.82712247
2025/10/21,14:45:20,214.000000,21400,8560,3438,193,8,0,0,0.01958396,0.23108983,0.62440922,0.80189206,0.83149912,0.83149912,0.83149912
2025/10/21,14:45:21,213.580000,21358,8543,3468,190,8,0,0,0.01954567,0.23063795,0.62741102,0.80185571,0.83197230,0.83197230,0.83197230
2025/10/21,14:45:22,213.640000,21364,8545,3573,190,8,0,0,0.01955035,0.23069324,0.63945521,0.81389990,0.84363344,0.84363344,0.84363344
2025/10/21,14:45:23,213.590000,21359,8543,3607,191,8,0,0,0.01954641,0.23064655,0.64329445,0.81819212,0.84779918,0.84779918,0.84779918
2025/10/21,14:45:24,213.510000,21351,8540,3622,191,8,0,0,0.01953881,0.23055692,0.64493371,0.82018644,0.84979350,0.84979350,0.84979350
2025/10/21,14:45:25,213.490000,21349,8539,3640,192,8,0,0,0.01953710,0.23053690,0.64696572,0.82267143,0.85227849,0.85772282,0.85772282
2025/10/21,14:45:26,213.510000,21351,8540,3664,192,8,0,0,0.01953881,0.23055692,0.64968402,0.82597082,0.85557788,0.86210489,0.86210489
2025/10/21,14:45:27,213.530000,21353,8541,3685,193,8,0,0,0.01954033,0.23057502,0.65207728,0.82872005,0.85832711,0.86485412,0.86485412
2025/10/21,14:45:28,213.800000,21380,8552,3736,196,8,0,0,0.01956522,0.23086866,0.65830875,0.83779476,0.86727172,0.87379873,0.87379873
2025/10/21,14:45:29,214.660000,21466,8586,3862,206,8,0,0,0.01964433,0.23180199,0.67360214,0.86239568,0.89148959,0.89801660,0.89801660
2025/10/21,14:45:30,215.310000,21531,8612,3996,214,7,0,0,0.01970369,0.23250266,0.68963638,0.88560435,0.91431521,0.92084222,0.92084222
2025/10/21,14:45:31,215.440000,21544,8617,4098,219,7,0,0,0.01971565,0.23264377,0.70143915,0.90248046,0.93068179,0.93832241,0.93832241
2025/10/21,14:45:32,215.590000,21559,8623,4200,224,7,0,0,0.01972890,0.23280012,0.71325728,0.91888784,0.94696269,0.95788229,0.95788229
2025/10/21,14:45:33,215.800000,21580,8632,4289,229,7,0,0,0.01974797,0.23302511,0.72363327,0.93369111,0.96150938,0.97242898,0.97242898
2025/10/21,14:45:34,216.610000,21661,8664,4404,235,7,0,0,0.01982272,0.23390696,0.73768755,0.95288371,0.98031893,0.99123853,0.99123853
2025/10/21,14:45:35,217.900000,21790,8716,4609,243,6,0,0,0.01994100,0.23530265,0.76251579,0.98546838,1.01047881,1.03012172,1.03012172
2025/10/21,14:45:36,218.990000,21899,8759,4769,249,6,0,0,0.02003995,0.23647046,0.78203859,1.01003250,1.03223508,1.05951862,1.05951862
2025/10/21,14:45:37,219.310000,21931,8772,4817,246,5,0,0,0.02006968,0.23682129,0.78789500,1.01369082,1.03410823,1.06467074,1.06467074
2025/10/21,14:45:38,219.140000,21914,8765,4755,243,5,1,0,0.02005401,0.23663635,0.78058459,1.00314918,1.02177781,1.05673291,1.05673291
2025/10/21,14:45:39,219.220000,21922,8769,4695,240,4,1,0,0.02006170,0.23672693,0.77376383,0.99422734,1.01094432,1.04917839,1.04917839
2025/10/21,14:45:40,219.960000,21996,8798,4694,240,5,1,0,0.02012924,0.23752392,0.77445169,0.99443111,1.01472204,1.05620415,1.05620415
2025/10/21,14:45:41,220.600000,22060,8824,4688,239,6,1,0,0.02018796,0.23821698,0.77449849,0.99386387,1.01913087,1.06500557,1.06500557
2025/10/21,14:45:42,220.580000,22058,8823,4644,237,8,1,0,0.02018628,0.23819697,0.76940504,0.98708937,1.01682291,1.06378029,1.06378029
2025/10/21,14:45:43,220.100000,22010,8804,4507,233,7,1,0,0.02014152,0.23766883,0.75322020,0.96696226,0.99401443,1.03769284,1.03769284
2025/10/21,14:45:44,219.850000,21985,8794,4420,234,6,1,0,0.02011880,0.23740091,0.74301539,0.95720951,0.98145383,1.02293594,1.02293594
2025/10/21,14:45:45,219.780000,21978,8791,4366,236,6,1,0,0.02011260,0.23732753,0.73679006,0.95327926,0.97509879,1.01333286,1.01333286
2025/10/21,14:45:46,219.780000,21978,8791,4323,239,5,1,0,0.02011250,0.23732656,0.73182053,0.95079791,0.97044922,1.00756968,1.00756968
2025/10/21,14:45:47,219.200000,21920,8768,4216,240,4,1,0,0.02005911,0.23669642,0.71898747,0.93880491,0.95539180,0.98923328,0.98923328
2025/10/21,14:45:48,217.920000,21792,8716,4058,239,4,0,0,0.01994235,0.23531883,0.69957802,0.91865240,0.93587891,0.96644142,0.96644142
2025/10/21,14:45:49,216.630000,21663,8665,3911,238,5,0,0,0.01982401,0.23392221,0.68133718,0.89966849,0.91817064,0.94656779,0.94656779
2025/10/21,14:45:50,215.490000,21549,8619,3797,238,5,0,0,0.01971985,0.23269333,0.66704488,0.88527919,0.90454744,0.93183098,0.93183098
2025/10/21,14:45:51,214.560000,21456,8582,3714,239,5,0,0,0.01963496,0.23169141,0.65654234,0.87526074,0.89529510,0.91929966,0.91929966
2025/10/21,14:45:52,213.390000,21339,8535,3594,234,5,0,0,0.01952773,0.23042631,0.64156344,0.85611354,0.87704048,0.89887968,0.89887968
2025/10/21,14:45:53,212.650000,21265,8506,3501,229,5,0,0,0.01946051,0.22963312,0.63018710,0.84014794,0.86171451,0.88027474,0.88027474
2025/10/21,14:45:54,212.200000,21220,8488,3433,225,6,0,0,0.01941940,0.22914789,0.62192603,0.82820266,0.85053533,0.86909556,0.86909556
2025/10/21,14:45:55,211.970000,21197,8479,3392,222,6,0,0,0.01939798,0.22889526,0.61692308,0.82045256,0.84316829,0.85844954,0.85844954
2025/10/21,14:45:56,211.760000,21176,8470,3359,219,6,0,0,0.01937843,0.22866453,0.61291555,0.81395686,0.83718212,0.85138069,0.85138069
2025/10/21,14:45:57,211.830000,21183,8473,3355,217,6,0,0,0.01938489,0.22874082,0.61255959,0.81175879,0.83523701,0.84943558,0.84943558
2025/10/21,14:45:58,213.180000,21318,8527,3456,218,6,0,0,0.01950876,0.23020229,0.62557371,0.82551689,0.84874215,0.86294072,0.86294072
2025/10/21,14:45:59,214.800000,21480,8592,3570,219,6,0,0,0.01965684,0.23194975,0.64038459,0.84113490,0.86436016,0.87855873,0.87855873
2025/10/21,14:46:00,216.370000,21637,8655,3668,220,6,0,0,0.01980064,0.23364667,0.65331103,0.85470832,0.87793358,0.89213215,0.89213215
2025/10/21,14:46:01,217.630000,21763,8705,3741,219,6,0,0,0.01991579,0.23500521,0.66298668,0.86418996,0.88779827,0.90199684,0.90199684
2025/10/21,14:46:02,218.730000,21873,8749,3781,218,6,0,0,0.02001694,0.23619879,0.66871244,0.86871968,0.89258095,0.90677952,0.90677952
2025/10/21,14:46:03,219.550000,21955,8782,3788,216,6,0,0,0.02009191,0.23708348,0.67046152,0.86827159,0.89251591,0.90343551,0.90343551
2025/10/21,14:46:04,220.340000,22034,8813,3790,213,6,0,0,0.02016356,0.23792908,0.67152525,0.86704024,0.89154113,0.90246073,0.90246073
2025/10/21,14:46:05,220.830000,22083,8833,3768,210,6,0,0,0.02020858,0.23846010,0.66946299,0.86229581,0.88743272,0.89835232,0.89835232
2025/10/21,14:46:06,219.900000,21990,8796,3625,204,7,0,0,0.02012333,0.23745431,0.65215423,0.83946164,0.86523817,0.87504415,0.87504415
2025/10/21,14:46:07,218.490000,21849,8739,3452,198,7,0,0,0.01999416,0.23592995,0.63086912,0.81210023,0.83864287,0.84516988,0.84516988
2025/10/21,14:46:08,217.100000,21710,8684,3307,194,7,0,0,0.01986764,0.23443702,0.61274609,0.79029299,0.81747525,0.82400226,0.82400226
2025/10/21,14:46:09,215.450000,21545,8618,3162,193,7,0,0,0.01971597,0.23264757,0.59433043,0.77116721,0.79885900,0.80538601,0.80538601
2025/10/21,14:46:10,213.340000,21334,8533,2884,191,7,0,0,0.01952314,0.23037198,0.56035779,0.73561052,0.76393832,0.76938265,0.76938265
2025/10/21,14:46:11,211.720000,21172,8469,2701,192,7,0,0,0.01937552,0.22863022,0.53761126,0.71370406,0.74216196,0.75088526,0.75088526
2025/10/21,14:46:12,210.830000,21083,8433,2711,195,7,0,0,0.01929343,0.22766162,0.53775743,0.71669437,0.74489570,0.76125963,0.76125963
2025/10/21,14:46:13,211.030000,21103,8441,3044,201,7,0,0,0.01931147,0.22787425,0.57608180,0.76009209,0.78803684,0.81423770,0.81423770
2025/10/21,14:46:14,212.390000,21239,8495,3465,210,7,1,0,0.01943595,0.22934333,0.62579326,0.81807701,0.84525927,0.87801807,0.87801807
2025/10/21,14:46:15,214.360000,21436,8574,3923,225,7,1,0,0.01961670,0.23147596,0.68029658,0.88692918,0.91321524,0.95253199,0.95253199
2025/10/21,14:46:16,217.080000,21708,8683,4477,240,6,1,0,0.01986586,0.23441604,0.74650973,0.96697324,0.99211015,1.03798485,1.03798485
2025/10/21,14:46:17,219.860000,21986,8794,4987,251,6,1,0,0.02011971,0.23741143,0.80792276,1.03830784,1.06268225,1.11291861,1.11291861
2025/10/21,14:46:18,222.590000,22259,8903,5443,262,6,1,0,0.02036942,0.24035819,0.86302208,1.10290870,1.12651701,1.18111502,1.18111502
2025/10/21,14:46:19,224.820000,22482,8992,5816,269,6,1,0,0.02057382,0.24277012,0.90808594,1.15479101,1.17801627,1.23261428,1.23261428
2025/10/21,14:46:20,226.350000,22635,9054,6062,274,6,1,0,0.02071359,0.24441938,0.93791395,1.18911127,1.21233653,1.26476918,1.26476918
2025/10/21,14:46:21,226.940000,22694,9077,6129,279,6,1,0,0.02076798,0.24506100,0.94611729,1.20154789,1.22477315,1.27392683,1.27392683
2025/10/21,14:46:22,226.860000,22686,9074,6064,284,6,1,0,0.02076071,0.24497521,0.93868791,1.19899785,1.22260616,1.26848086,1.26848086
2025/10/21,14:46:23,226.690000,22669,9067,5987,284,6,1,0,0.02074520,0.24479216,0.92965049,1.19015443,1.21427227,1.25575438,1.25575438
2025/10/21,14:46:24,226.510000,22651,9060,5990,286,6,1,0,0.02072878,0.24459861,0.92978007,1.19164203,1.21588635,1.25412042,1.25412042
2025/10/21,14:46:25,226.650000,22665,9066,6050,289,6,1,0,0.02074164,0.24475020,0.93684312,1.20167734,1.22617823,1.26221601,1.26221601
2025/10/21,14:46:26,226.810000,22681,9072,6110,292,6,1,0,0.02075593,0.24491894,0.94381420,1.21139556,1.23589645,1.26973793,1.26973793
2025/10/21,14:46:27,226.960000,22696,9078,6159,295,6,1,0,0.02076959,0.24508006,0.94959002,1.21965956,1.24416045,1.27800193,1.27800193
2025/10/21,14:46:28,227.090000,22709,9083,6192,297,6,1,0,0.02078146,0.24522021,0.95351109,1.22587571,1.25063318,1.28230930,1.28230930
2025/10/21,14:46:29,227.150000,22715,9086,6209,297,6,1,0,0.02078672,0.24528217,0.95551596,1.22788058,1.25289101,1.28456713,1.28456713
2025/10/21,14:46:30,227.280000,22728,9091,6272,296,6,0,0,0.02079923,0.24542993,0.96289831,1.23387288,1.25888331,1.28836314,1.28836314
2025/10/21,14:46:31,226.970000,22697,9078,6243,292,7,0,0,0.02077024,0.24508770,0.95920741,1.22707978,1.25247326,1.28087041,1.28087041
2025/10/21,14:46:32,225.960000,22596,9038,6009,285,7,0,0,0.02067846,0.24400469,0.93134730,1.19295028,1.21885329,1.24505415,1.24505415
2025/10/21,14:46:33,224.850000,22485,8994,5763,279,7,0,0,0.02057657,0.24280252,0.90207139,1.15769599,1.18411215,1.20703403,1.20703403
2025/10/21,14:46:34,224.790000,22479,8991,5692,281,7,0,0,0.02057140,0.24274151,0.89391140,1.15118410,1.17760026,1.19832585,1.19832585
2025/10/21,14:46:35,225.440000,22544,9017,5754,286,7,0,0,0.02063096,0.24344414,0.90163037,1.16358841,1.18974799,1.20830822,1.20830822
2025/10/21,14:46:36,227.510000,22751,9100,6098,297,6,0,0,0.02081985,0.24567305,0.94327167,1.21518331,1.24045031,1.26337219,1.26337219
2025/10/21,14:46:37,230.240000,23024,9209,6551,309,6,0,0,0.02107014,0.24862648,0.99805453,1.28111582,1.30574319,1.32866507,1.32866507
2025/10/21,14:46:38,233.360000,23336,9334,7012,320,6,0,0,0.02135533,0.25199176,1.05411362,1.34719348,1.37118484,1.39410672,1.39410672
2025/10/21,14:46:39,236.450000,23645,9458,7424,330,6,0,0,0.02163827,0.25533035,1.10453133,1.40682081,1.43029903,1.45322091,1.45322091
2025/10/21,14:46:40,239.600000,23960,9584,7826,340,6,0,0,0.02192676,0.25873471,1.15393217,1.46533518,1.48830386,1.51122574,1.51122574
2025/10/21,14:46:41,243.130000,24313,9725,8295,349,6,0,0,0.02224921,0.26253949,1.21140027,1.53126984,1.55385547,1.57677735,1.57677735
2025/10/21,14:46:42,245.670000,24567,9827,8590,350,6,0,0,0.02248212,0.26528794,1.24783728,1.56870889,1.59142462,1.61434650,1.61434650
2025/10/21,14:46:43,247.750000,24775,9910,8790,349,6,0,0,0.02267182,0.26752638,1.27296690,1.59293347,1.61564920,1.63637479,1.63637479
2025/10/21,14:46:44,248.460000,24846,9938,8701,343,6,0,0,0.02273687,0.26829382,1.26358745,1.57747863,1.60083037,1.61939060,1.61939060
2025/10/21,14:46:45,248.360000,24836,9934,8458,334,6,0,0,0.02272837,0.26819370,1.23573672,1.54171041,1.56557168,1.58085293,1.58085293
2025/10/21,14:46:46,247.280000,24728,9891,8066,323,6,0,0,0.02262893,0.26702017,1.18964511,1.48566520,1.51042267,1.52462124,1.52462124
2025/10/21,14:46:47,246.100000,24610,9844,7694,312,7,0,0,0.02252084,0.26574461,1.14582674,1.43199023,1.45751019,1.46842979,1.46842979
2025/10/21,14:46:48,244.760000,24476,9790,7320,302,7,0,0,0.02239868,0.26430316,1.10162424,1.37886820,1.40502778,1.41594738,1.41594738
2025/10/21,14:46:49,243.180000,24318,9727,6919,297,7,0,0,0.02225413,0.26259763,1.05402723,1.32658585,1.35325497,1.36197827,1.36197827
2025/10/21,14:46:50,242.620000,24262,9705,6746,297,7,0,0,0.02220316,0.26199607,1.03366903,1.30593665,1.33273586,1.33926287,1.33926287
2025/10/21,14:46:51,242.330000,24233,9693,6636,298,7,0,0,0.02217602,0.26167577,1.02082257,1.29363925,1.32043846,1.32696547,1.32696547
2025/10/21,14:46:52,242.000000,24200,9680,6526,298,7,0,0,0.02214570,0.26131825,1.00782988,1.28093756,1.30811982,1.31464683,1.31464683
2025/10/21,14:46:53,241.700000,24170,9668,6444,298,7,0,0,0.02211849,0.26099699,0.99811700,1.27151569,1.29882443,1.30535144,1.30535144
2025/10/21,14:46:54,241.570000,24157,9663,6481,299,7,0,0,0.02210692,0.26086065,1.00218972,1.27649345,1.30380219,1.31032920,1.31032920
2025/10/21,14:46:55,241.470000,24147,9659,6529,300,7,0,0,0.02209771,0.26075197,1.00759074,1.28289559,1.31020433,1.31673134,1.31673134
2025/10/21,14:46:56,241.360000,24136,9654,6571,301,7,0,0,0.02208705,0.26062612,1.01232020,1.28791606,1.31522480,1.32175181,1.32175181
2025/10/21,14:46:57,240.780000,24078,9631,6521,295,7,0,0,0.02203415,0.26000170,1.00597608,1.27633662,1.30389832,1.31042533,1.31042533
2025/10/21,14:46:58,239.070000,23907,9563,6259,285,7,0,0,0.02187822,0.25816177,0.97411538,1.23516930,1.26324415,1.26977116,1.26977116
2025/10/21,14:46:59,236.870000,23687,9474,5917,273,7,0,0,0.02167640,0.25578034,0.93264881,1.18265009,1.21123447,1.21776148,1.21776148
2025/10/21,14:47:00,234.840000,23484,9393,5623,262,8,0,0,0.02149097,0.25359239,0.89687731,1.13692499,1.16601890,1.17254591,1.17254591
2025/10/21,14:47:01,233.410000,23341,9336,5407,253,8,0,0,0.02136025,0.25204990,0.87060974,1.10228786,1.13176482,1.13501286,1.13501286
2025/10/21,14:47:02,231.870000,23187,9274,5104,244,8,0,0,0.02121896,0.25038254,0.83428042,1.05758807,1.08744808,1.08744808,1.08744808
2025/10/21,14:47:03,230.320000,23032,9212,4817,235,8,0,0,0.02107683,0.24870559,0.79977930,1.01507246,1.04518905,1.04518905,1.04518905
2025/10/21,14:47:04,228.780000,22878,9151,4558,227,8,0,0,0.02093651,0.24704965,0.76842984,0.97635457,1.00583153,1.00583153,1.00583153
2025/10/21,14:47:05,227.270000,22727,9091,4325,219,7,0,0,0.02079820,0.24541756,0.74023478,0.94098509,0.96650505,0.96650505,0.96650505
2025/10/21,14:47:06,225.780000,22578,9031,4115,212,6,0,0,0.02066188,0.24380925,0.71454765,0.90877051,0.93327140,0.93327140,0.93327140
2025/10/21,14:47:07,224.690000,22469,8987,4012,206,6,0,0,0.02056235,0.24263474,0.70160637,0.89059391,0.91317954,0.91317954,0.91317954
2025/10/21,14:47:08,224.450000,22445,8978,4064,202,5,0,0,0.02054015,0.24237261,0.70728218,0.89303757,0.91268888,0.91268888,0.91268888
2025/10/21,14:47:09,223.960000,22396,8958,4107,199,5,0,0,0.02049474,0.24183682,0.71171072,0.89397590,0.91362721,0.91362721,0.91362721
2025/10/21,14:47:10,223.790000,22379,8951,4206,196,5,0,0,0.02047929,0.24165472,0.72275814,0.90269712,0.92324101,0.92324101,0.92324101
2025/10/21,14:47:11,223.740000,22374,8949,4314,194,6,0,0,0.02047477,0.24160133,0.73512591,0.91322279,0.93772368,0.93772368,0.93772368
2025/10/21,14:47:12,223.780000,22378,8951,4425,192,6,0,0,0.02047865,0.24164709,0.74780283,0.92434860,0.94884949,0.94884949,0.94884949
2025/10/21,14:47:13,224.460000,22446,8978,4606,192,6,0,0,0.02054053,0.24237733,0.76926322,0.94545302,0.96995391,0.96995391,0.96995391
2025/10/21,14:47:14,225.680000,22568,9027,4791,192,6,0,0,0.02065212,0.24369392,0.79174621,0.96793601,0.99243690,0.99243690,0.99243690
2025/10/21,14:47:15,227.130000,22713,9085,4890,191,6,0,0,0.02078511,0.24526312,0.80464993,0.97980566,1.00430655,1.00430655,1.00430655
2025/10/21,14:47:16,228.340000,22834,9133,4946,189,6,0,0,0.02089563,0.24656727,0.81232829,0.98612692,1.01062781,1.01062781,1.01062781
2025/10/21,14:47:17,229.530000,22953,9181,4997,188,6,0,0,0.02100525,0.24786093,0.81945078,0.99205336,1.01655425,1.01655425,1.01655425
2025/10/21,14:47:18,230.370000,23037,9214,4983,186,6,0,0,0.02108129,0.24875803,0.81872810,0.98939158,1.01389247,1.01389247,1.01389247
2025/10/21,14:47:19,231.060000,23106,9242,4950,183,6,0,0,0.02114469,0.24950638,0.81580465,0.98397995,1.00848084,1.00848084,1.00848084
2025/10/21,14:47:20,231.630000,23163,9265,4907,180,6,0,0,0.02119747,0.25012894,0.81146278,0.97705291,1.00155380,1.00155380,1.00155380
2025/10/21,14:47:21,231.590000,23159,9263,4804,177,5,0,0,0.02119365,0.25008411,0.79964717,0.96239315,0.98204446,0.98204446,0.98204446
2025/10/21,14:47:22,231.090000,23109,9243,4737,174,5,0,0,0.02114721,0.24953596,0.79143217,0.95149598,0.97114729,0.97114729,0.97114729
2025/10/21,14:47:23,229.950000,22995,9198,4661,172,5,0,0,0.02104348,0.24831188,0.78146285,0.93913549,0.95878680,0.95878680,0.95878680
2025/10/21,14:47:24,228.040000,22804,9121,4460,168,5,0,0,0.02086848,0.24624696,0.75650675,0.91059218,0.93024349,0.93024349,0.93024349
2025/10/21,14:47:25,227.100000,22710,9084,4440,166,5,0,0,0.02078252,0.24523261,0.75311725,0.90565157,0.92530288,0.92530288,0.92530288
2025/10/21,14:47:26,227.480000,22748,9099,4675,168,5,0,0,0.02081765,0.24564730,0.78041805,0.93505254,0.95661911,0.95661911,0.95661911
2025/10/21,14:47:27,228.260000,22826,9130,4967,172,6,0,0,0.02088901,0.24648909,0.81473027,0.97259691,0.99709780,0.99709780,0.99709780
2025/10/21,14:47:28,229.160000,22916,9166,5248,176,8,0,0,0.02097099,0.24745672,0.84777069,1.00886857,1.03834553,1.04487254,1.04487254
2025/10/21,14:47:29,230.030000,23003,9201,5485,178,8,0,0,0.02105026,0.24839197,0.87580617,1.03955419,1.06992374,1.07645075,1.07645075
2025/10/21,14:47:30,231.350000,23135,9254,5754,181,8,0,0,0.02117184,0.24982671,0.90801294,1.07434614,1.10446273,1.11098974,1.11098974
2025/10/21,14:47:31,233.040000,23304,9321,6061,184,8,0,0,0.02132576,0.25164284,0.94492328,1.11410062,1.14383416,1.15036117,1.15036117
2025/10/21,14:47:32,234.690000,23469,9387,6335,187,8,0,0,0.02147723,0.25343033,0.97813330,1.14989582,1.17950288,1.18602989,1.18602989
2025/10/21,14:47:33,235.080000,23508,9403,6367,187,8,0,0,0.02151256,0.25384695,0.98222172,1.15369323,1.18330029,1.18982730,1.18982730
2025/10/21,14:47:34,234.460000,23446,9378,6196,183,8,0,0,0.02145558,0.25317483,0.96189385,1.13026316,1.15987022,1.16639723,1.16639723
2025/10/21,14:47:35,233.500000,23350,9340,5972,179,8,0,0,0.02136849,0.25214714,0.93527669,1.09957378,1.12956027,1.13608728,1.13608728
2025/10/21,14:47:36,232.460000,23246,9298,5750,175,8,0,0,0.02127331,0.25102409,0.90877819,1.06913300,1.09924959,1.10469392,1.10469392
2025/10/21,14:47:37,232.270000,23227,9290,5654,173,8,0,0,0.02125554,0.25081437,0.89755707,1.05597278,1.08519678,1.09064111,1.09064111
2025/10/21,14:47:38,232.680000,23268,9307,5607,173,7,0,0,0.02129270,0.25125291,0.89270404,1.05147572,1.07801836,1.08782434,1.08782434
2025/10/21,14:47:39,233.050000,23305,9322,5554,174,6,0,0,0.02132696,0.25165711,0.88695217,1.04636992,1.07048776,1.08357272,1.08357272
2025/10/21,14:47:40,233.520000,23352,9340,5523,175,6,0,0,0.02136988,0.25216338,0.88400476,1.04435957,1.06617910,1.08146035,1.08146035
2025/10/21,14:47:41,234.150000,23415,9366,5528,176,5,0,0,0.02142779,0.25284689,0.88522953,1.04658638,1.06611121,1.08467144,1.08467144
2025/10/21,14:47:42,235.110000,23511,9404,5597,177,4,0,0,0.02151569,0.25388413,0.89414763,1.05650652,1.07385951,1.09458510,1.09458510
2025/10/21,14:47:43,236.050000,23605,9442,5658,178,4,0,0,0.02160133,0.25489465,0.90217861,1.06547457,1.08282756,1.10574944,1.10574944
2025/10/21,14:47:44,237.120000,23712,9484,5732,179,6,0,0,0.02169909,0.25604820,0.91175427,1.07605136,1.09812746,1.12213202,1.12213202
2025/10/21,14:47:45,237.850000,23785,9514,5779,179,6,0,0,0.02176624,0.25684042,0.91794318,1.08224027,1.10623163,1.13023619,1.13023619
2025/10/21,14:47:46,237.710000,23771,9508,5768,176,5,0,0,0.02175299,0.25668409,0.91649021,1.07839613,1.09868706,1.12052626,1.12052626
2025/10/21,14:47:47,237.250000,23725,9490,5725,174,4,0,0,0.02171153,0.25619500,0.91103668,1.07029245,1.08662638,1.10518661,1.10518661
2025/10/21,14:47:48,237.300000,23730,9492,5825,172,4,0,0,0.02171583,0.25624555,0.92253076,1.08020340,1.09692038,1.11328431,1.11328431
2025/10/21,14:47:49,237.500000,23750,9500,5939,170,4,0,0,0.02173376,0.25645719,0.93580983,1.09218943,1.10967252,1.12387109,1.12387109
2025/10/21,14:47:50,237.050000,23705,9482,5922,168,5,0,0,0.02169295,0.25597574,0.93338147,1.08791896,1.10629463,1.12049320,1.12049320
2025/10/21,14:47:51,236.960000,23696,9478,5973,168,5,0,0,0.02168480,0.25587946,0.93911802,1.09349445,1.11250613,1.12450841,1.12450841
2025/10/21,14:47:52,237.470000,23747,9498,6125,170,5,0,0,0.02173108,0.25642573,0.95704989,1.11307443,1.13234268,1.14326228,1.14326228
2025/10/21,14:47:53,237.600000,23760,9504,6204,171,5,0,0,0.02174368,0.25657444,0.96626697,1.12319654,1.14297433,1.15389393,1.15389393
2025/10/21,14:47:54,238.100000,23810,9524,6313,177,5,0,0,0.02178902,0.25710927,0.97921884,1.14131876,1.16058701,1.17258929,1.17258929
2025/10/21,14:47:55,240.040000,24004,9601,6666,196,4,0,0,0.02196628,0.25920090,1.02169637,1.20137638,1.21758021,1.23286146,1.23286146
2025/10/21,14:47:56,241.860000,24186,9674,6910,215,6,0,0,0.02213342,0.26117334,1.05163354,1.24853858,1.27189032,1.29045055,1.29045055
2025/10/21,14:47:57,243.310000,24331,9732,7065,232,8,0,0,0.02226560,0.26273301,1.07090183,1.28325384,1.31349691,1.33422250,1.33422250
2025/10/21,14:47:58,244.810000,24481,9792,7217,248,10,0,0,0.02240304,0.26435464,1.08990494,1.31709081,1.35345910,1.37638098,1.37638098
2025/10/21,14:47:59,246.530000,24653,9861,7414,262,11,0,0,0.02256026,0.26620982,1.11432828,1.35447296,1.39607389,1.41899577,1.41899577
2025/10/21,14:48:00,247.660000,24766,9906,7504,273,12,0,0,0.02266368,0.26743011,1.12580858,1.37635892,1.42166028,1.44458216,1.44458216
2025/10/21,14:48:01,248.620000,24862,9944,7555,284,13,0,0,0.02275158,0.26846735,1.13267465,1.39262953,1.44086522,1.46378710,1.46378710
2025/10/21,14:48:02,249.530000,24953,9981,7669,290,13,0,0,0.02283495,0.26945117,1.14672589,1.41291812,1.46217649,1.48509837,1.48509837
2025/10/21,14:48:03,249.630000,24963,9985,7668,284,11,0,0,0.02284407,0.26955890,1.14672461,1.40748752,1.45062066,1.47026357,1.47026357
2025/10/21,14:48:04,249.410000,24941,9976,7613,277,10,0,0,0.02282413,0.26932343,1.14022806,1.39420455,1.43108237,1.44855992,1.44855992
2025/10/21,14:48:05,249.830000,24983,9993,7653,272,8,0,0,0.02286281,0.26978007,1.14521689,1.39431313,1.42647146,1.44067003,1.44067003
2025/10/21,14:48:06,250.760000,25076,10030,7758,268,7,0,0,0.02294806,0.27078585,1.15820757,1.40368456,1.43214246,1.44634103,1.44634103
2025/10/21,14:48:07,251.150000,25115,10046,7732,263,6,0,0,0.02298361,0.27120531,1.15571462,1.39715234,1.42190981,1.43282941,1.43282941
2025/10/21,14:48:08,251.360000,25136,10054,7674,259,5,0,0,0.02300290,0.27143316,1.14924514,1.38683667,1.40840324,1.41932284,1.41932284
2025/10/21,14:48:09,251.620000,25162,10065,7648,255,5,0,0,0.02302675,0.27171439,1.14661395,1.38052127,1.39889694,1.40981654,1.40981654
2025/10/21,14:48:10,251.430000,25143,10057,7515,250,4,0,0,0.02300904,0.27150559,1.13118070,1.36027273,1.37660666,1.38752626,1.38752626
2025/10/21,14:48:11,250.570000,25057,10023,7224,243,4,0,0,0.02293061,0.27057993,1.09699473,1.31985032,1.33758636,1.34522698,1.34522698
2025/10/21,14:48:12,249.540000,24954,9981,6936,236,5,0,0,0.02283592,0.26946261,1.06283923,1.27952244,1.29853412,1.30506113,1.30506113
2025/10/21,14:48:13,247.870000,24787,9915,6584,228,5,0,0,0.02268355,0.26766464,1.02076448,1.22998226,1.25039967,1.25692668,1.25692668
2025/10/21,14:48:14,245.640000,24564,9825,6184,219,6,0,0,0.02247866,0.26524695,0.97267344,1.17381175,1.19576137,1.20228838,1.20228838
2025/10/21,14:48:15,243.640000,24364,9745,5870,212,6,0,0,0.02229598,0.26309146,0.93455924,1.12887910,1.15184778,1.15729211,1.15729211
2025/10/21,14:48:16,242.130000,24213,9685,5670,206,6,0,0,0.02215792,0.26146221,0.91003881,1.09918741,1.12304868,1.12304868,1.12304868
2025/10/21,14:48:17,240.760000,24076,9630,5490,201,6,0,0,0.02203237,0.25998073,0.88804120,1.07269847,1.09719936,1.09719936,1.09719936
2025/10/21,14:48:18,239.500000,23950,9580,5288,197,6,0,0,0.02191739,0.25862411,0.86357927,1.04416432,1.06930123,1.06930123,1.06930123
2025/10/21,14:48:19,238.250000,23825,9530,5102,193,7,0,0,0.02180250,0.25726847,0.84095223,1.01785306,1.04337302,1.04337302,1.04337302
2025/10/21,14:48:20,237.180000,23718,9487,4968,190,7,0,0,0.02170500,0.25611781,0.82446800,0.99907466,1.02497767,1.02497767,1.02497767
2025/10/21,14:48:21,236.390000,23639,9455,4892,190,7,0,0,0.02163251,0.25526265,0.81486759,0.98911828,1.01502129,1.01502129,1.01502129
2025/10/21,14:48:22,235.850000,23585,9434,4863,190,7,0,0,0.02158333,0.25468208,0.81093836,0.98554502,1.01144803,1.01144803,1.01144803
2025/10/21,14:48:23,235.170000,23517,9407,4806,190,7,0,0,0.02152118,0.25394894,0.80372601,0.97823567,1.00439525,1.01092226,1.01092226
2025/10/21,14:48:24,234.040000,23404,9361,4670,189,7,0,0,0.02141729,0.25272295,0.78695244,0.96010500,0.98664764,0.99317465,0.99317465
2025/10/21,14:48:25,232.790000,23279,9311,4525,187,7,0,0,0.02130314,0.25137591,0.76897930,0.94054781,0.96734702,0.97387403,0.97387403
2025/10/21,14:48:26,231.640000,23164,9265,4397,186,7,0,0,0.02119763,0.25013086,0.75315606,0.92343245,0.95074119,0.95726820,0.95726820
2025/10/21,14:48:27,230.840000,23084,9233,4330,185,7,0,0,0.02112492,0.24927284,0.74463131,0.91474572,0.94205446,0.94858147,0.94858147
2025/10/21,14:48:28,229.930000,22993,9197,4243,184,7,0,0,0.02104122,0.24828518,0.73371078,0.90233906,0.92990076,0.93642777,0.93642777
2025/10/21,14:48:29,228.760000,22876,9150,4119,181,7,0,0,0.02093415,0.24702199,0.71819253,0.88387966,0.91169793,0.91169793,0.91169793
2025/10/21,14:48:30,227.360000,22736,9094,3968,177,7,0,0,0.02080585,0.24550811,0.69940217,0.86150209,0.88970342,0.88970342,0.88970342
2025/10/21,14:48:31,226.120000,22612,9044,3833,173,7,0,0,0.02069252,0.24417058,0.68262618,0.84130086,0.87001172,0.87001172,0.87001172
2025/10/21,14:48:32,225.350000,22535,9014,3743,170,7,0,0,0.02062278,0.24334785,0.67154333,0.82792293,0.85663379,0.85663379,0.85663379
2025/10/21,14:48:33,224.550000,22455,8982,3658,168,8,0,0,0.02054952,0.24248318,0.66095990,0.81478635,0.84388026,0.84388026,0.84388026
2025/10/21,14:48:34,223.430000,22343,8937,3534,164,8,0,0,0.02044643,0.24126673,0.64560152,0.79609973,0.82545021,0.82545021,0.82545021
2025/10/21,14:48:35,222.080000,22208,8883,3381,160,8,0,0,0.02032272,0.23980715,0.62664734,0.77317034,0.80290388,0.80290388,0.80290388
2025/10/21,14:48:36,221.180000,22118,8847,3293,157,8,0,0,0.02024080,0.23884047,0.61553377,0.75921353,0.78933012,0.78933012,0.78933012
2025/10/21,14:48:37,220.880000,22088,8835,3371,155,8,0,0,0.02021333,0.23851634,0.62416901,0.76645873,0.79657532,0.79657532,0.79657532
2025/10/21,14:48:38,221.170000,22117,8847,3545,157,7,0,0,0.02023992,0.23882998,0.64435241,0.78841926,0.81713012,0.82037816,0.82037816
2025/10/21,14:48:39,221.450000,22145,8858,3728,160,7,0,0,0.02026552,0.23913218,0.66560288,0.81277286,0.83944198,0.84596899,0.84596899
2025/10/21,14:48:40,221.440000,22144,8857,3886,163,6,0,0,0.02026481,0.23912362,0.68362618,0.83347833,0.85823580,0.86804178,0.86804178
2025/10/21,14:48:41,221.940000,22194,8877,4106,168,6,0,0,0.02031037,0.23966131,0.70932120,0.86314765,0.88586338,0.89678298,0.89678298
2025/10/21,14:48:42,222.530000,22253,8901,4317,172,5,0,0,0.02036402,0.24029433,0.73414204,0.89191168,0.91245557,0.92665414,0.92665414
2025/10/21,14:48:43,223.250000,22325,8930,4540,177,5,0,0,0.02042985,0.24107127,0.76039944,0.92249936,0.94112799,0.95532656,0.95532656
2025/10/21,14:48:44,223.640000,22364,8945,4706,180,4,0,0,0.02046556,0.24149264,0.77982618,0.94531931,0.96228925,0.97976680,0.97976680
2025/10/21,14:48:45,223.490000,22349,8939,4707,183,4,0,0,0.02045192,0.24133155,0.77977409,0.94740033,0.96500989,0.98357012,0.98357012
2025/10/21,14:48:46,223.060000,22306,8922,4644,182,4,0,0,0.02041233,0.24086441,0.77207248,0.93940772,0.95727386,0.97475141,0.97475141
2025/10/21,14:48:47,222.580000,22258,8903,4564,180,4,0,0,0.02036893,0.24035246,0.76248804,0.92798117,0.94405853,0.95825710,0.95825710
2025/10/21,14:48:48,222.800000,22280,8912,4571,180,4,0,0,0.02038929,0.24059269,0.76348365,0.92823371,0.94482060,0.95901917,0.95901917
2025/10/21,14:48:49,222.730000,22273,8909,4525,178,4,0,0,0.02038299,0.24051832,0.75812171,0.92106170,0.93841469,0.95261326,0.95261326
2025/10/21,14:48:50,223.150000,22315,8926,4593,177,4,0,0,0.02042057,0.24096165,0.76633677,0.92898575,0.94659531,0.95751491,0.95751491
2025/10/21,14:48:51,224.020000,22402,8960,4846,178,4,0,0,0.02050056,0.24190545,0.79621882,0.95970878,0.97757492,0.98849452,0.98849452
2025/10/21,14:48:52,224.950000,22495,8998,5106,182,4,0,0,0.02058620,0.24291600,0.82703201,0.99436725,1.01185034,1.02385262,1.02385262
2025/10/21,14:48:53,226.670000,22667,9067,5514,199,5,0,0,0.02074316,0.24476830,0.87553117,1.05789335,1.07703512,1.09123369,1.09123369
2025/10/21,14:48:54,228.140000,22814,9125,5859,214,6,0,0,0.02087786,0.24635754,0.91663780,1.11305783,1.13806826,1.15554581,1.15554581
2025/10/21,14:48:55,229.340000,22934,9173,6139,228,8,0,0,0.02098741,0.24765027,0.94989420,1.15911198,1.18909847,1.20765870,1.20765870
2025/10/21,14:48:56,229.650000,22965,9186,6290,240,9,0,0,0.02101617,0.24798966,0.96751006,1.18758648,1.22102045,1.23958068,1.23958068
2025/10/21,14:48:57,229.750000,22975,9190,6398,251,9,0,0,0.02102474,0.24809071,0.97991915,1.20975516,1.24561392,1.26417415,1.26417415
2025/10/21,14:48:58,229.270000,22927,9170,6370,259,10,0,0,0.02098095,0.24757401,0.97627191,1.21376644,1.25141037,1.26997060,1.26997060
2025/10/21,14:48:59,228.080000,22808,9123,6118,265,10,0,0,0.02087178,0.24628601,0.94615478,1.18888463,1.22652856,1.24508879,1.24508879
2025/10/21,14:49:00,226.650000,22665,9066,5835,266,9,0,0,0.02074171,0.24475116,0.91222401,1.15624690,1.19172261,1.20920016,1.20920016
2025/10/21,14:49:01,224.480000,22448,8979,5421,256,7,0,0,0.02054306,0.24240692,0.86258653,1.09720489,1.12514964,1.13934821,1.13934821
2025/10/21,14:49:02,222.370000,22237,8895,5064,246,5,0,0,0.02034980,0.24012652,0.81938309,1.04498491,1.06655148,1.07747108,1.07747108
2025/10/21,14:49:03,220.400000,22040,8816,4760,237,4,0,0,0.02016931,0.23799677,0.78248627,0.99981554,1.01589290,1.02569888,1.02569888
2025/10/21,14:49:04,219.180000,21918,8767,4599,230,4,0,0,0.02005814,0.23668498,0.76281549,0.97368137,0.99129093,0.99781794,0.99781794
2025/10/21,14:49:05,218.100000,21810,8724,4472,223,5,0,0,0.01995851,0.23550950,0.74706594,0.95188847,0.97090015,0.97742716,0.97742716
2025/10/21,14:49:06,217.090000,21709,8683,4366,217,5,0,0,0.01986609,0.23441889,0.73388142,0.93324260,0.95327696,0.95980397,0.95980397
2025/10/21,14:49:07,216.510000,21651,8660,4321,213,5,0,0,0.01981341,0.23379731,0.72807727,0.92339917,0.94432611,0.95085312,0.95085312
2025/10/21,14:49:08,216.360000,21636,8654,4322,210,5,0,0,0.01979984,0.23363715,0.72802211,0.92040286,0.94171286,0.94823987,0.94823987
2025/10/21,14:49:09,217.830000,21783,8713,4526,210,5,0,0,0.01993421,0.23522256,0.75293095,0.94531170,0.96662170,0.97314871,0.97314871
2025/10/21,14:49:10,220.000000,22000,8800,4801,211,5,0,0,0.02013238,0.23756108,0.78680101,0.98066790,1.00197790,1.00850491,1.00850491
2025/10/21,14:49:11,222.170000,22217,8887,5066,214,5,0,0,0.02033138,0.23990916,0.81937986,1.01534783,1.03435951,1.05072344,1.05072344
2025/10/21,14:49:12,224.190000,22419,8967,5295,217,4,0,0,0.02051597,0.24208751,0.84779806,1.04661017,1.06281400,1.09121115,1.09121115
2025/10/21,14:49:13,226.300000,22630,9052,5527,221,6,1,0,0.02070971,0.24437362,0.87664726,1.07978965,1.10339796,1.13943574,1.13943574
2025/10/21,14:49:14,228.650000,22865,9146,5794,233,8,1,0,0.02092446,0.24690761,0.90973915,1.12357821,1.15547997,1.19807570,1.19807570
2025/10/21,14:49:15,230.900000,23090,9236,6064,246,11,1,0,0.02113047,0.24933860,0.94305130,1.16875012,1.20856588,1.25660594,1.25660594
2025/10/21,14:49:16,232.810000,23281,9312,6288,258,12,1,0,0.02130460,0.25139306,0.97069534,1.20764081,1.25447438,1.30798971,1.30798971
2025/10/21,14:49:17,233.010000,23301,9320,6267,266,14,1,0,0.02132357,0.25161708,0.96854420,1.21247009,1.26351363,1.31922525,1.31922525
2025/10/21,14:49:18,232.670000,23267,9307,6173,272,15,1,0,0.02129264,0.25125198,0.95738183,1.20683404,1.26132505,1.31811935,1.31811935
2025/10/21,14:49:19,232.320000,23232,9292,6075,277,14,1,0,0.02126016,0.25086872,0.94576905,1.20000360,1.25219629,1.30790791,1.30790791
2025/10/21,14:49:20,232.050000,23205,9282,6011,281,13,1,0,0.02123567,0.25057986,0.93824560,1.19626137,1.24398753,1.29642018,1.29642018
2025/10/21,14:49:21,232.630000,23263,9305,6120,286,12,1,0,0.02128844,0.25120239,0.95128517,1.21353422,1.25806948,1.30722316,1.30722316
2025/10/21,14:49:22,233.690000,23369,9347,6313,286,11,1,0,0.02138529,0.25234544,0.97445501,1.23670406,1.27907110,1.33039014,1.33039014
2025/10/21,14:49:23,234.420000,23442,9376,6416,283,11,1,0,0.02145228,0.25313577,0.98712524,1.24653105,1.28659977,1.34011510,1.34011510
2025/10/21,14:49:24,235.240000,23524,9409,6525,280,10,1,0,0.02152710,0.25401856,1.00042507,1.25743880,1.29508273,1.34968074,1.34968074
2025/10/21,14:49:25,236.640000,23664,9465,6743,287,10,1,0,0.02165530,0.25553148,1.02688131,1.28968033,1.32732426,1.38303588,1.38303588
2025/10/21,14:49:26,238.150000,23815,9526,6976,301,10,1,0,0.02179345,0.25716170,1.05517951,1.33096937,1.36963598,1.42643028,1.42643028
2025/10/21,14:49:27,239.650000,23965,9586,7193,315,11,1,0,0.02193073,0.25878142,1.08163343,1.37077010,1.41135197,1.47031164,1.47031164
2025/10/21,14:49:28,240.870000,24087,9634,7341,331,11,1,0,0.02204239,0.26009894,1.09979517,1.40273071,1.44484117,1.50491445,1.50491445
2025/10/21,14:49:29,241.220000,24122,9649,7309,343,11,1,0,0.02207503,0.26048409,1.09650852,1.41120774,1.45383135,1.51390463,1.51390463
2025/10/21,14:49:30,240.770000,24077,9631,7119,353,11,1,0,0.02203373,0.25999691,1.07431769,1.39741941,1.43825424,1.49613123,1.49613123
2025/10/21,14:49:31,240.290000,24029,9611,6940,361,10,1,0,0.02198906,0.25946972,1.05338360,1.38401480,1.42268141,1.47839303,1.47839303
2025/10/21,14:49:32,239.610000,23961,9584,6741,368,10,1,0,0.02192734,0.25874139,1.02987309,1.36677368,1.40339854,1.45799655,1.45799655
2025/10/21,14:49:33,238.450000,23845,9538,6460,366,9,1,0,0.02182108,0.25748773,0.99644164,1.33175910,1.36595917,1.41619553,1.41619553
2025/10/21,14:49:34,237.990000,23799,9519,6290,361,10,1,0,0.02177875,0.25698818,0.97650858,1.30704278,1.34366764,1.39390400,1.39390400
2025/10/21,14:49:35,238.040000,23804,9521,6197,356,11,1,0,0.02178359,0.25704538,0.96598253,1.29228346,1.33209922,1.38341826,1.38341826
2025/10/21,14:49:36,237.670000,23767,9507,6034,349,11,1,0,0.02174982,0.25664690,0.94690192,1.26686849,1.30846942,1.35978846,1.35978846
2025/10/21,14:49:37,237.070000,23707,9483,5841,341,11,1,0,0.02169514,0.25600151,0.92412474,1.23662679,1.27950336,1.33082240,1.33082240
2025/10/21,14:49:38,236.480000,23648,9459,5665,333,12,1,0,0.02164092,0.25536179,0.90340114,1.20898683,1.25237293,1.30369197,1.30369197
2025/10/21,14:49:39,235.890000,23589,9435,5508,326,12,1,0,0.02158727,0.25472877,0.88484126,1.18399650,1.22827880,1.27743248,1.27743248
2025/10/21,14:49:40,235.500000,23550,9420,5441,320,12,1,0,0.02155108,0.25430168,0.87674744,1.17047336,1.21577472,1.26601108,1.26601108
2025/10/21,14:49:41,236.440000,23644,9457,5770,320,13,1,0,0.02163752,0.25532175,0.91534600,1.20832886,1.25656455,1.30788359,1.30788359
2025/10/21,14:49:42,236.950000,23695,9478,6021,315,12,1,0,0.02168416,0.25587185,0.94461611,1.23365578,1.27870418,1.32674424,1.32674424
2025/10/21,14:49:43,237.220000,23722,9488,6236,311,11,1,0,0.02170846,0.25615877,0.96952310,1.25449146,1.29583582,1.33951423,1.33951423
2025/10/21,14:49:44,237.780000,23778,9511,6497,308,10,1,0,0.02176000,0.25676700,0.99993397,1.28244619,1.32136576,1.36396149,1.36396149
2025/10/21,14:49:45,238.380000,23838,9535,6742,306,10,1,0,0.02181510,0.25741719,1.02865790,1.30884301,1.34572083,1.38612026,1.38612026
2025/10/21,14:49:46,239.130000,23913,9565,6995,304,9,1,0,0.02188339,0.25822278,1.05840174,1.33713275,1.37209893,1.41033300,1.41033300
2025/10/21,14:49:47,240.100000,24010,9604,7270,304,9,1,0,0.02197178,0.25926573,1.09086298,1.36920598,1.40391558,1.44214965,1.44214965
2025/10/21,14:49:48,240.860000,24086,9634,7443,302,9,1,0,0.02204213,0.26009606,1.11145407,1.38850403,1.42168142,1.45991549,1.45991549
2025/10/21,14:49:49,240.510000,24051,9620,7225,296,8,1,0,0.02200975,0.25971380,1.08623761,1.35795525,1.38768879,1.42264389,1.42264389
2025/10/21,14:49:50,239.990000,23999,9599,6955,290,7,1,0,0.02196231,0.25915417,1.05479683,1.32034208,1.34586204,1.37862084,1.37862084
2025/10/21,14:49:51,239.340000,23934,9573,6686,283,5,0,0,0.02190246,0.25844776,1.02331838,1.28243319,1.30399976,1.33347959,1.33347959
2025/10/21,14:49:52,238.830000,23883,9553,6455,276,5,0,0,0.02185592,0.25789864,0.99631529,1.24970978,1.26782888,1.29511242,1.29511242
2025/10/21,14:49:53,238.330000,23833,9533,6245,271,4,0,0,0.02180993,0.25735618,0.97169402,1.21975619,1.23609012,1.26120830,1.26120830
2025/10/21,14:49:54,238.040000,23804,9521,6073,265,4,0,0,0.02178369,0.25704634,0.95172854,1.19491137,1.21226436,1.23518624,1.23518624
2025/10/21,14:49:55,238.570000,23857,9542,6001,262,4,0,0,0.02183175,0.25761359,0.94409181,1.18452749,1.20201058,1.22601514,1.22601514
2025/10/21,14:49:56,239.630000,23963,9585,6000,261,4,0,0,0.02192879,0.25875855,0.94512765,1.18446429,1.20233043,1.23181026,1.23181026
2025/10/21,14:49:57,240.400000,24040,9616,5971,259,6,1,0,0.02199989,0.25959750,0.94262193,1.18047244,1.20382418,1.23877928,1.23877928
2025/10/21,14:49:58,240.660000,24066,9626,5894,257,7,1,0,0.02202381,0.25987969,0.93415488,1.16971030,1.19765505,1.23588912,1.23588912
2025/10/21,14:49:59,240.640000,24064,9625,5774,253,8,1,0,0.02202112,0.25984819,0.92030458,1.15253177,1.18379751,1.22419694,1.22419694
2025/10/21,14:50:00,240.170000,24017,9606,5590,248,9,1,0,0.02197840,0.25934390,0.89885201,1.12619894,1.15988948,1.20137159,1.20137159
2025/10/21,14:50:01,239.660000,23966,9586,5414,243,9,1,0,0.02193219,0.25879860,0.87811382,1.10077541,1.13625112,1.17884685,1.17884685
2025/10/21,14:50:02,238.810000,23881,9552,5206,237,10,1,0,0.02185382,0.25787386,0.85343340,1.07085967,1.10722796,1.14982369,1.14982369
2025/10/21,14:50:03,237.140000,23714,9485,4916,230,10,1,0,0.02170135,0.25607490,0.81848725,1.02909416,1.06571902,1.10939743,1.10939743
2025/10/21,14:50:04,236.320000,23632,9452,4708,225,8,1,0,0.02162599,0.25518544,0.79373310,0.99991273,1.03117847,1.07049522,1.07049522
2025/10/21,14:50:05,237.530000,23753,9501,4750,228,7,1,0,0.02173732,0.25649915,0.79990613,1.00931791,1.03687961,1.07291739,1.07291739
2025/10/21,14:50:06,239.240000,23924,9569,4894,233,7,1,0,0.02189341,0.25834100,0.81816007,1.03216019,1.05768015,1.09152163,1.09152163
2025/10/21,14:50:07,241.910000,24191,9676,5213,241,6,1,0,0.02213821,0.26122959,0.85754451,1.07826699,1.10276788,1.13660936,1.13660936
2025/10/21,14:50:08,245.740000,24574,9829,5740,252,7,1,0,0.02248794,0.26535659,0.92192305,1.15285719,1.17939983,1.21543761,1.21543761
2025/10/21,14:50:09,249.840000,24984,9993,6304,264,8,1,0,0.02286313,0.26978387,0.99092405,1.23329884,1.26226627,1.29938673,1.29938673
2025/10/21,14:50:10,253.900000,25390,10156,6814,276,8,1,0,0.02323487,0.27417019,1.05361488,1.30675131,1.33750391,1.37573798,1.37573798
2025/10/21,14:50:11,257.800000,25780,10312,7300,287,8,1,0,0.02359187,0.27838298,1.11343802,1.37623704,1.40864833,1.44688240,1.44688240
2025/10/21,14:50:12,260.520000,26052,10420,7702,293,8,1,0,0.02384055,0.28131734,1.16236886,1.43079029,1.46269205,1.50092612,1.50092612
2025/10/21,14:50:13,261.120000,26112,10445,7830,291,8,1,0,0.02389581,0.28196944,1.17759915,1.44398539,1.47320939,1.50924717,1.50924717
2025/10/21,14:50:14,261.160000,26116,10446,7838,287,7,1,0,0.02389979,0.28201616,1.17861938,1.44161241,1.46789847,1.50065727,1.50065727
2025/10/21,14:50:15,260.150000,26015,10406,7655,281,6,0,0,0.02380720,0.28092363,1.15657858,1.41375428,1.43608695,1.46664946,1.46664946
2025/10/21,14:50:16,257.960000,25796,10318,7252,270,4,0,0,0.02360619,0.27855172,1.10810106,1.35580817,1.37239506,1.39967860,1.39967860
2025/10/21,14:50:17,255.470000,25547,10219,6799,259,4,0,0,0.02337907,0.27587189,1.05359181,1.29069834,1.30856448,1.33040368,1.33040368
2025/10/21,14:50:18,252.930000,25293,10117,6398,248,5,0,0,0.02314607,0.27312246,1.00495090,1.23223377,1.25188508,1.26936263,1.26936263
2025/10/21,14:50:19,250.230000,25023,10009,5987,238,5,0,0,0.02289942,0.27021193,0.95507026,1.17314260,1.19432612,1.20852469,1.20852469
2025/10/21,14:50:20,247.300000,24730,9892,5535,228,6,0,0,0.02263087,0.26704304,0.90018107,1.10913987,1.13172550,1.14264510,1.14264510
2025/10/21,14:50:21,244.480000,24448,9779,5153,219,6,0,0,0.02237266,0.26399619,0.85350877,1.05455008,1.07777534,1.08869494,1.08869494
2025/10/21,14:50:22,242.060000,24206,9682,4874,213,6,0,0,0.02215152,0.26138688,0.81893980,1.01406770,1.03729296,1.05149153,1.05149153
2025/10/21,14:50:23,239.980000,23998,9599,4657,207,6,0,0,0.02196101,0.25913891,0.79185763,0.98204122,1.00488343,1.02344366,1.02344366
2025/10/21,14:50:24,237.950000,23795,9518,4462,202,6,0,0,0.02177561,0.25695102,0.76742482,0.95282515,0.97554088,0.99846276,0.99846276
2025/10/21,14:50:25,235.920000,23592,9436,4287,198,6,0,0,0.02158921,0.25475166,0.74514169,0.92637280,0.94857538,0.97369356,0.97369356
2025/10/21,14:50:26,234.190000,23419,9367,4161,194,6,0,0,0.02143160,0.25289171,0.72892168,0.90656558,0.92851520,0.95579874,0.95579874
2025/10/21,14:50:27,233.370000,23337,9335,4221,192,5,0,0,0.02135653,0.25200606,0.73483837,0.91128714,0.93221408,0.96277659,0.96277659
2025/10/21,14:50:28,232.830000,23283,9313,4327,192,5,1,0,0.02130692,0.25142068,0.74645602,0.92235481,0.94238917,0.97623065,0.97623065
2025/10/21,14:50:29,232.220000,23222,9289,4398,191,5,1,0,0.02125128,0.25076388,0.75389820,0.92869887,0.94835018,0.98330528,0.98330528
2025/10/21,14:50:30,231.570000,23157,9262,4447,189,5,1,0,0.02119139,0.25005741,0.75880644,0.93176500,0.95167288,0.98551436,0.98551436
2025/10/21,14:50:31,230.760000,23076,9230,4470,186,5,1,0,0.02111755,0.24918608,0.76052439,0.93144684,0.95186425,0.98570573,0.98570573
2025/10/21,14:50:32,229.940000,22994,9197,4488,184,5,1,0,0.02104267,0.24830235,0.76169268,0.93061105,0.95141151,0.98308763,0.98308763
2025/10/21,14:50:33,229.160000,22916,9166,4506,182,5,1,0,0.02097125,0.24745960,0.76290184,0.92997810,0.95090504,0.98258116,0.98258116
2025/10/21,14:50:34,228.390000,22839,9135,4496,180,5,0,0,0.02090086,0.24662923,0.76099296,0.92574302,0.94717950,0.97774201,0.97774201
2025/10/21,14:50:35,227.480000,22748,9099,4365,176,6,0,0,0.02081684,0.24563774,0.74499114,0.90644500,0.92864758,0.95704473,0.95704473
2025/10/21,14:50:36,226.720000,22672,9068,4245,173,6,0,0,0.02074736,0.24481789,0.73045761,0.88887332,0.91171553,0.93899907,0.93899907
2025/10/21,14:50:37,226.150000,22615,9046,4166,171,6,0,0,0.02069527,0.24420301,0.72077424,0.87770381,0.90118203,0.92410391,0.92410391
2025/10/21,14:50:38,225.620000,22562,9024,4094,176,6,0,0,0.02064669,0.24363003,0.71199328,0.87354414,0.89715245,0.92007433,0.92007433
2025/10/21,14:50:39,225.340000,22534,9013,4062,183,6,0,0,0.02062142,0.24333164,0.70802309,0.87574633,0.89935464,0.92227652,0.92227652
2025/10/21,14:50:40,225.470000,22547,9019,4092,191,6,0,0,0.02063361,0.24347560,0.71162472,0.88687745,0.91048576,0.92904599,0.92904599
2025/10/21,14:50:41,225.590000,22559,9023,4120,199,6,0,0,0.02064459,0.24360522,0.71488488,0.89705306,0.92066137,0.93922160,0.93922160
2025/10/21,14:50:42,225.540000,22554,9021,4134,206,6,0,0,0.02064000,0.24355092,0.71645035,0.90524389,0.92846915,0.94702938,0.94702938
2025/10/21,14:50:43,225.160000,22516,9006,4130,213,6,0,0,0.02060468,0.24313429,0.71560147,0.91092337,0.93414863,0.95270886,0.95270886
2025/10/21,14:50:44,224.720000,22472,8989,4117,220,6,0,0,0.02056477,0.24266335,0.71361988,0.91530817,0.93853343,0.95709366,0.95709366
2025/10/21,14:50:45,224.180000,22418,8967,4087,225,6,0,0,0.02051517,0.24207799,0.70957673,0.91614436,0.93936962,0.95792985,0.95792985
2025/10/21,14:50:46,223.590000,22359,8943,4044,224,6,0,0,0.02046104,0.24143925,0.70407867,0.90951523,0.93312354,0.95168377,0.95168377
2025/10/21,14:50:47,223.090000,22309,8923,4007,222,6,0,0,0.02041595,0.24090730,0.69933767,0.90293213,0.92679340,0.94315733,0.94315733
2025/10/21,14:50:48,222.290000,22229,8891,3926,218,6,0,0,0.02034269,0.24004262,0.68918637,0.88958162,0.91382594,0.92802451,0.92802451
2025/10/21,14:50:49,221.510000,22151,8860,3853,215,6,0,0,0.02027127,0.23919988,0.67992152,0.87744059,0.90206796,0.91626653,0.91626653
2025/10/21,14:50:50,220.700000,22070,8828,3781,212,6,0,0,0.02019694,0.23832282,0.67083647,0.86551139,0.89064830,0.90265058,0.90265058
2025/10/21,14:50:51,219.580000,21958,8783,3675,208,7,0,0,0.02009473,0.23711684,0.65754058,0.84827323,0.87379319,0.88471279,0.88471279
2025/10/21,14:50:52,218.180000,21818,8727,3541,203,7,0,0,0.01996620,0.23560008,0.64069025,0.82654264,0.85270222,0.86362182,0.86362182
2025/10/21,14:50:53,216.700000,21670,8668,3406,198,7,0,0,0.01983086,0.23400323,0.62365083,0.80488194,0.83155106,0.84027436,0.84027436
2025/10/21,14:50:54,215.220000,21522,8608,3276,192,7,0,0,0.01969490,0.23239877,0.60714505,0.78369082,0.81087308,0.81740009,0.81740009
2025/10/21,14:50:55,213.570000,21357,8543,3110,187,7,0,0,0.01954463,0.23062557,0.58645535,0.75766880,0.78548707,0.79201408,0.79201408
2025/10/21,14:50:56,212.110000,21211,8484,2909,182,7,0,0,0.01941091,0.22904779,0.56182477,0.72861094,0.75681227,0.76333928,0.76333928
2025/10/21,14:50:57,211.040000,21104,8441,2732,177,7,0,0,0.01931324,0.22789522,0.54040668,0.70305566,0.73176652,0.73829353,0.73829353
2025/10/21,14:50:58,210.490000,21049,8419,2571,173,8,0,0,0.01926218,0.22729271,0.52140068,0.68055945,0.70965336,0.70965336,0.70965336
2025/10/21,14:50:59,210.530000,21053,8421,2548,175,8,0,0,0.01926661,0.22734512,0.51884768,0.67965456,0.70874847,0.70874847,0.70874847
2025/10/21,14:51:00,211.030000,21103,8441,2603,179,8,0,0,0.01931218,0.22788280,0.52570695,0.69039204,0.71948595,0.72601296,0.72601296
2025/10/21,14:51:01,212.290000,21229,8491,2854,185,8,0,0,0.01942755,0.22924418,0.55569957,0.72507092,0.75416483,0.76069184,0.76069184
2025/10/21,14:51:02,213.620000,21362,8545,3120,189,8,0,0,0.01954932,0.23068086,0.58762553,0.76142416,0.79051807,0.79704508,0.79704508
2025/10/21,14:51:03,214.950000,21495,8598,3293,194,7,0,0,0.01967083,0.23211468,0.60880798,0.78709886,0.81593981,0.82246682,0.82246682
2025/10/21,14:51:04,216.040000,21604,8641,3418,198,8,0,0,0.01977059,0.23329204,0.62434540,0.80622349,0.83531740,0.84184441,0.84184441
2025/10/21,14:51:05,216.750000,21675,8670,3529,202,8,0,0,0.01983548,0.23405759,0.63774211,0.82304544,0.85213935,0.85866636,0.85866636
2025/10/21,14:51:06,217.000000,21700,8680,3638,206,8,0,0,0.01985817,0.23432545,0.65053614,0.83923268,0.86832659,0.87485360,0.87485360
2025/10/21,14:51:07,217.000000,21700,8680,3722,209,7,0,0,0.01985778,0.23432072,0.66014104,0.85168173,0.88052268,0.88704969,0.88704969
2025/10/21,14:51:08,217.120000,21712,8684,3837,217,7,0,0,0.01986893,0.23445227,0.67334001,0.87234521,0.90003700,0.90656401,0.90656401
2025/10/21,14:51:09,217.030000,21703,8681,3887,231,7,0,0,0.01986124,0.23436168,0.67896924,0.89057819,0.91609815,0.92482145,0.92482145
2025/10/21,14:51:10,216.870000,21687,8675,3912,246,6,0,0,0.01984647,0.23418725,0.68171123,0.90731305,0.93104784,0.94196744,0.94196744
2025/10/21,14:51:11,216.480000,21648,8659,3895,259,6,0,0,0.01981108,0.23376968,0.67935075,0.91674828,0.93882438,0.94974398,0.94974398
2025/10/21,14:51:12,216.330000,21633,8653,3918,273,5,0,0,0.01979719,0.23360572,0.68177596,0.93222930,0.95252023,0.96671880,0.96671880
2025/10/21,14:51:13,216.610000,21661,8664,4001,289,5,0,0,0.01982223,0.23390123,0.69157621,0.95686340,0.97523907,0.98943764,0.98943764
2025/10/21,14:51:14,217.100000,21710,8684,4100,306,4,0,0,0.01986770,0.23443794,0.70345145,0.98383056,1.00041745,1.01461602,1.01461602
2025/10/21,14:51:15,217.370000,21737,8695,4156,317,5,0,0,0.01989252,0.23473064,0.71011435,1.00044706,1.01933226,1.03353083,1.03353083
2025/10/21,14:51:16,217.060000,21706,8682,4121,320,5,0,0,0.01986344,0.23438745,0.70577612,0.99875898,1.01790075,1.03209932,1.03209932
2025/10/21,14:51:17,216.310000,21631,8652,4047,315,4,0,0,0.01979499,0.23357995,0.69654651,0.98548918,1.00182311,1.01602168,1.01602168
2025/10/21,14:51:18,216.230000,21623,8649,4088,311,4,0,0,0.01978788,0.23349604,0.70110390,0.98581329,1.00253027,1.01672884,1.01672884
2025/10/21,14:51:19,216.470000,21647,8659,4165,307,4,0,0,0.01980995,0.23375632,0.71021855,0.99150270,1.00885569,1.01977529,1.01977529
2025/10/21,14:51:20,216.750000,21675,8670,4232,303,4,0,0,0.01983532,0.23405567,0.71818462,0.99571958,1.01371220,1.02463180,1.02463180
2025/10/21,14:51:21,217.170000,21717,8686,4319,300,5,0,0,0.01987336,0.23450468,0.72856651,1.00371030,1.02221245,1.03313205,1.03313205
2025/10/21,14:51:22,217.740000,21774,8709,4428,298,5,0,0,0.01992603,0.23512627,0.74171426,1.01511295,1.03412463,1.04504423,1.04504423
2025/10/21,14:51:23,218.940000,21894,8757,4626,300,5,0,0,0.02003552,0.23641805,0.76557409,1.04052388,1.05940908,1.07032868,1.07032868
2025/10/21,14:51:24,220.160000,22016,8806,4813,302,5,0,0,0.02014782,0.23774317,0.78827974,1.06507164,1.08370027,1.09461987,1.09461987
2025/10/21,14:51:25,221.280000,22128,8851,4964,304,5,0,0,0.02024946,0.23894248,0.80675141,1.08509441,1.10372304,1.11464264,1.11464264
2025/10/21,14:51:26,222.130000,22213,8885,5027,305,5,0,0,0.02032741,0.23986244,0.81490596,1.09408903,1.11310071,1.12402031,1.12402031
2025/10/21,14:51:27,223.250000,22325,8930,5112,307,5,0,0,0.02042979,0.24107034,0.82583261,1.10705179,1.12606347,1.13478677,1.13478677
2025/10/21,14:51:28,224.890000,22489,8995,5259,312,5,0,0,0.02058028,0.24284638,0.84445287,1.13071336,1.14934199,1.16026159,1.16026159
2025/10/21,14:51:29,226.000000,22600,9040,5312,315,5,0,0,0.02068144,0.24403997,0.85169342,1.14018403,1.15919571,1.17011531,1.17011531
2025/10/21,14:51:30,226.660000,22666,9066,5293,314,5,0,0,0.02074219,0.24475688,0.85025330,1.13845290,1.15797773,1.16889733,1.16889733
2025/10/21,14:51:31,226.560000,22656,9062,5157,310,5,0,0,0.02073324,0.24465108,0.83459592,1.11846524,1.13900913,1.14773243,1.14773243
2025/10/21,14:51:32,226.510000,22651,9060,5131,305,5,0,0,0.02072855,0.24459576,0.83151906,1.11115511,1.13246511,1.13899212,1.13899212
2025/10/21,14:51:33,226.570000,22657,9063,5253,301,6,0,0,0.02073405,0.24466061,0.84562084,1.12166967,1.14374577,1.15027278,1.15027278
2025/10/21,14:51:34,225.990000,22599,9039,5307,296,6,0,0,0.02068121,0.24403712,0.85115343,1.12232201,1.14516422,1.15169123,1.15169123
2025/10/21,14:51:35,224.820000,22482,8992,5292,289,6,0,0,0.02057382,0.24277012,0.84815753,1.11299175,1.13672654,1.14325355,1.14325355
2025/10/21,14:51:36,223.030000,22303,8921,5184,277,6,0,0,0.02041007,0.24083772,0.83380809,1.08794564,1.11270311,1.11923012,1.11923012
2025/10/21,14:51:37,221.810000,22181,8872,5130,267,7,0,0,0.02029816,0.23951733,0.82633163,1.07135656,1.09700661,1.10353362,1.10353362
2025/10/21,14:51:38,220.630000,22063,8825,5085,258,7,0,0,0.02019016,0.23824273,0.81998358,1.05634704,1.08263310,1.08807743,1.08807743
2025/10/21,14:51:39,219.460000,21946,8778,5046,249,7,0,0,0.02008325,0.23698145,0.81418600,1.04256700,1.06961917,1.06961917,1.06961917
2025/10/21,14:51:40,218.340000,21834,8733,4915,241,7,0,0,0.01998081,0.23577262,0.79807585,1.01870133,1.04626303,1.04626303,1.04626303
2025/10/21,14:51:41,218.660000,21866,8746,4797,236,7,0,0,0.02000973,0.23611392,0.78492159,1.00131379,1.02913206,1.02913206,1.02913206
2025/10/21,14:51:42,220.100000,22010,8804,4861,235,7,0,0,0.02014184,0.23767263,0.79371490,1.00884609,1.03666436,1.03666436,1.03666436
2025/10/21,14:51:43,221.570000,22157,8863,4924,233,7,0,0,0.02027660,0.23926280,0.80253954,1.01637860,1.04419687,1.04419687,1.04419687
2025/10/21,14:51:44,223.110000,22311,8924,5007,232,7,0,0,0.02041734,0.24092351,0.81370088,1.02650587,1.05470720,1.05470720,1.05470720
2025/10/21,14:51:45,225.150000,22515,9006,5214,232,7,0,0,0.02060381,0.24312383,0.83954787,1.05199688,1.08019821,1.08019821,1.08019821
2025/10/21,14:51:46,227.310000,22731,9092,5428,231,7,0,0,0.02080149,0.24545663,0.86639163,1.07848558,1.10630385,1.10630385,1.10630385
2025/10/21,14:51:47,229.390000,22939,9175,5622,231,7,0,0,0.02099226,0.24770748,0.89077839,1.10267834,1.13049661,1.13049661,1.13049661
2025/10/21,14:51:48,231.320000,23132,9252,5792,231,7,0,0,0.02116838,0.24978575,0.91239917,1.12391112,1.15172939,1.15172939,1.15172939
2025/10/21,14:51:49,231.870000,23187,9274,5825,227,7,0,0,0.02121864,0.25037871,0.91666392,1.12478266,1.15298399,1.15298399,1.15298399
2025/10/21,14:51:50,231.900000,23190,9276,5766,222,7,0,0,0.02122138,0.25041112,0.91000312,1.11333952,1.14192390,1.14192390,1.14192390
2025/10/21,14:51:51,231.930000,23193,9277,5711,217,7,0,0,0.02122413,0.25044355,0.90377046,1.10277566,1.13161661,1.13161661,1.13161661
2025/10/21,14:51:52,231.920000,23192,9276,5657,212,8,0,0,0.02122322,0.25043303,0.89760787,1.09237979,1.12147370,1.12147370,1.12147370
2025/10/21,14:51:53,231.700000,23170,9268,5583,208,8,0,0,0.02120361,0.25020140,0.88884512,1.07983583,1.10905983,1.10905983,1.10905983
2025/10/21,14:51:54,232.330000,23233,9293,5679,207,8,0,0,0.02126129,0.25088209,0.90054121,1.09078885,1.12001285,1.12001285,1.12001285
2025/10/21,14:51:55,234.480000,23448,9379,6042,210,8,0,0,0.02145826,0.25320632,0.94432573,1.13735255,1.16644646,1.16644646,1.16644646
2025/10/21,14:51:56,237.370000,23737,9494,6523,215,7,0,0,0.02172229,0.25632181,1.00251020,1.19957721,1.22828807,1.23481508,1.23481508
2025/10/21,14:51:57,240.000000,24000,9600,6928,219,7,0,0,0.02196311,0.25916369,1.05167581,1.25223303,1.28043436,1.28696137,1.28696137
2025/10/21,14:51:58,242.300000,24230,9692,7285,222,7,0,0,0.02217350,0.26164620,1.09497235,1.29840575,1.32648060,1.33300761,1.33300761
2025/10/21,14:51:59,245.240000,24524,9809,7772,227,7,0,0,0.02244221,0.26481700,1.15385850,1.36168623,1.38937802,1.39590503,1.39590503
2025/10/21,14:52:00,248.100000,24810,9924,8218,231,7,0,0,0.02270397,0.26790579,1.20791221,1.41971516,1.44702390,1.45355091,1.45355091
2025/10/21,14:52:01,250.540000,25054,10021,8573,235,7,0,0,0.02292744,0.27054274,1.25125819,1.46645435,1.49350652,1.50003353,1.50003353
2025/10/21,14:52:02,252.340000,25234,10093,8793,236,7,0,0,0.02309252,0.27249043,1.27825820,1.49494141,1.52174062,1.52826763,1.52826763
2025/10/21,14:52:03,253.370000,25337,10135,8877,235,7,0,0,0.02318662,0.27360103,1.28908355,1.50482877,1.53201103,1.53853804,1.53853804
2025/10/21,14:52:04,253.790000,25379,10151,8833,233,7,0,0,0.02322502,0.27405390,1.28446286,1.49791391,1.52522265,1.53174966,1.53174966
2025/10/21,14:52:05,254.460000,25446,10178,8849,231,7,0,0,0.02328609,0.27477462,1.28701748,1.49911143,1.52642017,1.53294718,1.53294718
2025/10/21,14:52:06,254.970000,25497,10199,8824,230,7,0,0,0.02333312,0.27532947,1.28465992,1.49536383,1.52279905,1.52932606,1.52932606
2025/10/21,14:52:07,254.780000,25478,10191,8631,226,7,0,0,0.02331541,0.27512067,1.26242433,1.47009100,1.49790927,1.50443628,1.50443628
2025/10/21,14:52:08,254.390000,25439,10175,8407,223,7,0,0,0.02327947,0.27469645,1.23640653,1.44058299,1.46878432,1.46878432,1.46878432
2025/10/21,14:52:09,253.480000,25348,10139,8100,218,7,0,0,0.02319641,0.27371640,1.20022726,1.39978244,1.42824034,1.42824034,1.42824034
2025/10/21,14:52:10,252.550000,25255,10102,7861,213,7,0,0,0.02311165,0.27271634,1.17190884,1.36687477,1.39558563,1.39558563,1.39558563
2025/10/21,14:52:11,251.090000,25109,10043,7537,208,7,0,0,0.02297795,0.27113857,1.13329384,1.32428455,1.35312550,1.35312550,1.35312550
2025/10/21,14:52:12,249.810000,24981,9992,7277,213,7,0,0,0.02286097,0.26975816,1.10221992,1.29754182,1.32459399,1.33003832,1.33003832
2025/10/21,14:52:13,248.370000,24837,9935,7000,218,6,0,0,0.02272934,0.26820515,1.06892136,1.26912260,1.29438960,1.30091661,1.30091661
2025/10/21,14:52:14,247.430000,24743,9897,6845,229,6,0,0,0.02264267,0.26718223,1.05018972,1.25985956,1.28346787,1.28999488,1.28999488
2025/10/21,14:52:15,247.250000,24725,9890,6863,243,5,0,0,0.02262667,0.26699347,1.05205298,1.27445559,1.29576559,1.30448889,1.30448889
2025/10/21,14:52:16,247.320000,24732,9893,6929,256,5,0,0,0.02263297,0.26706784,1.05968908,1.29485741,1.31412566,1.32504526,1.32504526
2025/10/21,14:52:17,247.530000,24753,9901,7016,272,4,0,0,0.02265211,0.26729376,1.06984788,1.31920309,1.33642960,1.34734920,1.34734920
2025/10/21,14:52:18,248.200000,24820,9928,7138,294,5,0,0,0.02271296,0.26801164,1.08449356,1.35391703,1.37305880,1.38725737,1.38725737
2025/10/21,14:52:19,249.850000,24985,9994,7508,318,7,0,0,0.02286394,0.26979340,1.12860412,1.42019693,1.44623003,1.46042860,1.46042860
2025/10/21,14:52:20,251.560000,25156,10062,7943,334,7,0,0,0.02302045,0.27164004,1.18022817,1.48639586,1.51434061,1.53290084,1.53290084
2025/10/21,14:52:21,253.180000,25318,10127,8320,347,7,0,0,0.02316917,0.27339511,1.22517231,1.54349077,1.57194867,1.59050890,1.59050890
2025/10/21,14:52:22,254.140000,25414,10165,8525,354,7,0,0,0.02325733,0.27443523,1.24964498,1.57394274,1.60214407,1.62070430,1.62070430
2025/10/21,14:52:23,254.360000,25436,10174,8565,356,7,0,0,0.02327727,0.27467067,1.25441261,1.58090754,1.60745018,1.62601041,1.62601041
2025/10/21,14:52:24,254.960000,25496,10198,8672,359,6,0,0,0.02333198,0.27531610,1.26726107,1.59624417,1.62125460,1.63981483,1.63981483
2025/10/21,14:52:25,255.750000,25575,10230,8806,361,6,0,0,0.02340395,0.27616552,1.28344394,1.61397814,1.63796950,1.65544705,1.65544705
2025/10/21,14:52:26,255.730000,25573,10229,8758,354,5,0,0,0.02340282,0.27615216,1.27792489,1.60231874,1.62311920,1.63731777,1.63731777
2025/10/21,14:52:27,255.000000,25500,10200,8470,344,4,0,0,0.02333560,0.27535900,1.24419866,1.55918888,1.57577577,1.58997434,1.58997434
2025/10/21,14:52:28,254.980000,25498,10199,8197,335,4,0,0,0.02333360,0.27533518,1.21296644,1.52039423,1.53749426,1.54841386,1.54841386
2025/10/21,14:52:29,255.780000,25578,10231,8063,330,4,0,0,0.02340696,0.27620080,1.19850261,1.50114806,1.51914068,1.53006028,1.53006028
2025/10/21,14:52:30,256.890000,25689,10275,7994,326,5,0,0,0.02350827,0.27739629,1.19181324,1.49096848,1.50947063,1.52039023,1.52039023
2025/10/21,14:52:31,257.950000,25795,10318,7927,323,5,0,0,0.02360554,0.27854411,1.18529422,1.48121731,1.50035908,1.51016506,1.51016506
2025/10/21,14:52:32,258.380000,25838,10335,7741,318,5,0,0,0.02364455,0.27900455,1.16448325,1.45562400,1.47540179,1.48192880,1.48192880
2025/10/21,14:52:33,258.610000,25861,10344,7529,312,5,0,0,0.02366630,0.27926103,1.14055191,1.42681240,1.44722981,1.45375682,1.45375682
2025/10/21,14:52:34,260.140000,26014,10406,7543,312,5,0,0,0.02380646,0.28091505,1.14372070,1.42943213,1.45035907,1.45688608,1.45688608
2025/10/21,14:52:35,262.200000,26220,10488,7705,314,5,0,0,0.02399438,0.28313252,1.16450717,1.45196371,1.47263408,1.47916109,1.47916109
2025/10/21,14:52:36,264.510000,26451,10580,8067,317,5,0,0,0.02420583,0.28562740,1.20835734,1.49914211,1.51955952,1.52720014,1.52720014
2025/10/21,14:52:37,266.720000,26672,10668,8456,320,5,0,0,0.02440797,0.28801267,1.25533756,1.54896648,1.56938389,1.58030349,1.58030349
2025/10/21,14:52:38,268.910000,26891,10756,8822,323,5,0,0,0.02460839,0.29037785,1.29949017,1.59560726,1.61602467,1.62694427,1.62694427
2025/10/21,14:52:39,271.070000,27107,10843,9044,325,5,0,0,0.02480650,0.29271545,1.32727197,1.62542517,1.64584258,1.65676218,1.65676218
2025/10/21,14:52:40,273.810000,27381,10952,9271,330,5,0,0,0.02505705,0.29567177,1.35617326,1.65836574,1.67827362,1.68919322,1.68919322
2025/10/21,14:52:41,277.020000,27702,11080,9537,335,5,0,0,0.02535055,0.29913522,1.39009773,1.69707346,1.71698134,1.72790094,1.72790094
2025/10/21,14:52:42,278.980000,27898,11159,9676,335,5,0,0,0.02552974,0.30124971,1.40804256,1.71547035,1.73537823,1.74629783,1.74629783
2025/10/21,14:52:43,280.190000,28019,11207,9715,337,5,0,0,0.02564052,0.30255677,1.41386568,1.72232754,1.74261847,1.75353807,1.75353807
2025/10/21,14:52:44,280.260000,28026,11210,9588,338,5,0,0,0.02564715,0.30263493,1.39936977,1.70947974,1.73040668,1.74132628,1.74132628
2025/10/21,14:52:45,279.580000,27958,11183,9380,338,5,0,0,0.02558510,0.30190278,1.37491831,1.68457622,1.70614279,1.71706239,1.71706239
2025/10/21,14:52:46,278.710000,27871,11148,9168,337,6,0,0,0.02550528,0.30096088,1.34963097,1.65864281,1.68084539,1.69176499,1.69176499
2025/10/21,14:52:47,278.210000,27821,11128,9011,338,6,0,0,0.02545923,0.30041747,1.33114457,1.64096445,1.66368018,1.67459978,1.67459978
2025/10/21,14:52:48,277.130000,27713,11085,8694,337,6,0,0,0.02536089,0.29925724,1.29379549,1.60251633,1.62574159,1.63666119,1.63666119
2025/10/21,14:52:49,275.640000,27564,11025,8243,335,6,0,0,0.02522467,0.29764992,1.24057287,1.54774260,1.57160387,1.58252347,1.58252347
2025/10/21,14:52:50,274.210000,27421,10968,7841,334,6,0,0,0.02509363,0.29610360,1.19302995,1.49890664,1.52315096,1.53407056,1.53407056
2025/10/21,14:52:51,273.170000,27317,10926,7550,330,6,0,0,0.02499813,0.29497675,1.15864679,1.46119524,1.48595271,1.49359333,1.49359333
2025/10/21,14:52:52,272.530000,27253,10901,7355,322,6,0,0,0.02493958,0.29428561,1.13560173,1.43097576,1.45624276,1.46276977,1.46276977
2025/10/21,14:52:53,272.160000,27216,10886,7180,315,7,0,0,0.02490597,0.29388902,1.11523026,1.40381787,1.42959440,1.43612141,1.43612141
2025/10/21,14:52:54,272.040000,27204,10881,7064,309,7,0,0,0.02489504,0.29376030,1.10182011,1.38488140,1.41104098,1.41756799,1.41756799
2025/10/21,14:52:55,272.210000,27221,10888,7019,304,7,0,0,0.02491098,0.29394814,1.09682539,1.37565340,1.40206956,1.40859657,1.40859657
2025/10/21,14:52:56,273.150000,27315,10926,7096,302,7,0,0,0.02499668,0.29495961,1.10669122,1.38374118,1.41015734,1.41668435,1.41668435
2025/10/21,14:52:57,274.360000,27436,10974,7213,301,7,0,0,0.02510762,0.29626855,1.12139071,1.39734254,1.42375870,1.43028571,1.43028571
2025/10/21,14:52:58,275.860000,27586,11034,7357,301,7,0,0,0.02524439,0.29788255,1.13941680,1.41491565,1.44133181,1.44785882,1.44785882
2025/10/21,14:52:59,277.230000,27723,11089,7468,300,7,0,0,0.02537026,0.29936784,1.15364226,1.42823699,1.45503620,1.46156321,1.46156321
2025/10/21,14:53:00,278.610000,27861,11144,7589,298,7,0,0,0.02549639,0.30085600,1.16895323,1.44241598,1.46921519,1.47574220,1.47574220
2025/10/21,14:53:01,279.730000,27973,11189,7695,297,7,0,0,0.02559842,0.30206007,1.18224720,1.45480582,1.48160503,1.48813204,1.48813204
2025/10/21,14:53:02,280.490000,28049,11219,7730,296,7,0,0,0.02566806,0.30288184,1.18717302,1.45808354,1.48488275,1.49140976,1.49140976
2025/10/21,14:53:03,280.890000,28089,11235,7700,300,6,0,0,0.02570490,0.30331655,1.18415406,1.45936191,1.48437234,1.49089935,1.49089935
2025/10/21,14:53:04,280.610000,28061,11224,7568,305,6,0,0,0.02567931,0.30301438,1.16873245,1.44865858,1.47150079,1.47802780,1.47802780
2025/10/21,14:53:05,279.810000,27981,11192,7358,308,5,0,0,0.02560569,0.30214586,1.14378511,1.42620033,1.44725375,1.45378076,1.45378076
2025/10/21,14:53:06,278.540000,27854,11141,7096,309,5,0,0,0.02549009,0.30078166,1.11251327,1.39602662,1.41555145,1.42427475,1.42427475
2025/10/21,14:53:07,276.770000,27677,11070,6751,309,5,0,0,0.02532744,0.29886256,1.07107278,1.35429604,1.37254523,1.38346483,1.38346483
2025/10/21,14:53:08,274.350000,27435,10974,6291,307,4,0,0,0.02510665,0.29625711,1.01588252,1.29736067,1.31471366,1.32563326,1.32563326
2025/10/21,14:53:09,272.100000,27210,10884,5903,306,4,0,0,0.02490031,0.29382228,0.96907098,1.24974110,1.26581846,1.27782074,1.27782074
2025/10/21,14:53:10,270.060000,27006,10802,5589,306,5,0,0,0.02471417,0.29162580,0.93091579,1.21148890,1.23063067,1.24810822,1.24810822
2025/10/21,14:53:11,267.860000,26786,10714,5258,297,4,0,0,0.02451225,0.28924340,0.89074489,1.16330351,1.18014697,1.20198617,1.20198617
2025/10/21,14:53:12,265.890000,26589,10635,4986,288,4,0,0,0.02433257,0.28712317,0.85752538,1.12122853,1.13807199,1.16427285,1.16427285
2025/10/21,14:53:13,263.970000,26397,10559,4742,279,4,0,0,0.02415654,0.28504586,0.82748345,1.08291405,1.10090667,1.12930382,1.12930382
2025/10/21,14:53:14,262.360000,26236,10494,4548,271,5,0,0,0.02400902,0.28330509,0.80360677,1.05195994,1.07071866,1.10019849,1.10019849
2025/10/21,14:53:15,261.490000,26149,10459,4440,265,5,1,0,0.02392958,0.28236792,0.79025256,1.03343539,1.05244707,1.08520587,1.08520587
2025/10/21,14:53:16,261.120000,26112,10445,4387,261,5,1,0,0.02389607,0.28197232,0.78381000,1.02350261,1.04302744,1.07798254,1.07798254
2025/10/21,14:53:17,260.960000,26096,10438,4359,258,5,1,0,0.02388079,0.28179211,0.78039013,1.01704459,1.03669590,1.07273368,1.07273368
2025/10/21,14:53:18,260.680000,26068,10427,4311,255,5,1,0,0.02385551,0.28149374,0.77469107,1.00850139,1.02840927,1.06444705,1.06444705
2025/10/21,14:53:19,260.950000,26095,10438,4341,258,5,1,0,0.02388024,0.28178546,0.77833146,1.01527693,1.03556786,1.07052296,1.07052296
2025/10/21,14:53:20,261.160000,26116,10446,4359,262,5,1,0,0.02389904,0.28200756,0.78060558,1.02075026,1.04116767,1.07500915,1.07500915
2025/10/21,14:53:21,261.520000,26152,10460,4395,266,5,1,0,0.02393201,0.28239654,0.78520362,1.02912951,1.04954692,1.08338840,1.08338840
2025/10/21,14:53:22,261.880000,26188,10475,4436,271,5,1,0,0.02396507,0.28278645,0.79023883,1.03839800,1.05894189,1.09278337,1.09278337
2025/10/21,14:53:23,262.040000,26204,10481,4494,274,5,1,0,0.02398009,0.28296378,0.79700038,1.04819770,1.06912464,1.10188344,1.10188344
2025/10/21,14:53:24,261.970000,26197,10479,4540,276,5,1,0,0.02397363,0.28288752,0.80221569,1.05544820,1.07675820,1.10843432,1.10843432
2025/10/21,14:53:25,261.860000,26186,10474,4566,278,6,0,0,0.02396335,0.28276642,0.80512012,1.06000165,1.08182118,1.11130101,1.11130101
2025/10/21,14:53:26,262.100000,26210,10484,4621,280,6,0,0,0.02398501,0.28302192,0.81163670,1.06790736,1.08998346,1.11946329,1.11946329
2025/10/21,14:53:27,261.680000,26168,10467,4579,274,6,0,0,0.02394687,0.28257195,0.80643642,1.05763374,1.08047595,1.10775949,1.10775949
2025/10/21,14:53:28,261.210000,26121,10448,4537,268,6,0,0,0.02390357,0.28206096,0.80106600,1.04673700,1.07021522,1.09421978,1.09421978
2025/10/21,14:53:29,261.180000,26118,10447,4552,264,6,0,0,0.02390076,0.28202761,0.80276154,1.04474832,1.06860959,1.09153147,1.09153147
2025/10/21,14:53:30,260.950000,26095,10438,4532,259,6,0,0,0.02388007,0.28178354,0.80024732,1.03745085,1.06195174,1.08051197,1.08051197
2025/10/21,14:53:31,261.320000,26132,10453,4436,253,6,0,0,0.02391417,0.28218586,0.78963824,1.02170345,1.04658740,1.06514763,1.06514763
2025/10/21,14:53:32,262.160000,26216,10486,4341,248,7,0,0,0.02399124,0.28309533,0.77964133,1.00692420,1.03244416,1.04772541,1.04772541
2025/10/21,14:53:33,263.280000,26328,10531,4249,243,7,0,0,0.02409353,0.28430228,0.77037414,0.99277675,1.01867976,1.03287833,1.03287833
2025/10/21,14:53:34,264.160000,26416,10566,4133,237,7,0,0,0.02417374,0.28524891,0.75803934,0.97507761,1.00149377,1.01569234,1.01569234
2025/10/21,14:53:35,265.150000,26515,10606,4051,232,7,0,0,0.02426487,0.28632427,0.74972308,0.96236610,0.98916531,1.00008491,1.00008491
2025/10/21,14:53:36,266.590000,26659,10663,4028,228,7,0,0,0.02439666,0.28787918,0.74868470,0.95799948,0.98505165,0.99597125,0.99597125
2025/10/21,14:53:37,267.640000,26764,10705,3939,223,7,0,0,0.02449254,0.28901078,0.73966530,0.94384176,0.97127698,0.98219658,0.98219658
2025/10/21,14:53:38,268.600000,26860,10744,3855,217,7,0,0,0.02458060,0.29004991,0.73109468,0.93029388,0.95823863,0.96696193,0.96696193
2025/10/21,14:53:39,268.520000,26852,10741,3786,213,7,0,0,0.02457327,0.28996317,0.72301808,0.91872707,0.94616229,0.95268930,0.95268930
2025/10/21,14:53:40,267.770000,26777,10711,3698,210,7,0,0,0.02450427,0.28914904,0.71216207,0.90463983,0.93118247,0.93770948,0.93770948
2025/10/21,14:53:41,266.450000,26645,10658,3594,206,7,0,0,0.02438379,0.28772757,0.69886470,0.88791630,0.91381931,0.92034632,0.92034632
2025/10/21,14:53:42,264.940000,26494,10597,3487,202,6,0,0,0.02424525,0.28609264,0.68502685,0.87058915,0.89585615,0.90238316,0.90238316
2025/10/21,14:53:43,263.330000,26333,10533,3368,198,6,0,0,0.02409795,0.28435468,0.66968421,0.85156230,0.87631977,0.88284678,0.88284678
2025/10/21,14:53:44,261.020000,26102,10441,3186,193,6,0,0,0.02388693,0.28186457,0.64635484,0.82309461,0.84759550,0.85412251,0.85412251
2025/10/21,14:53:45,258.480000,25848,10339,2919,187,6,0,0,0.02365434,0.27911992,0.61301179,0.78477431,0.80901863,0.81554564,0.81554564
2025/10/21,14:53:46,256.350000,25635,10254,2724,183,6,0,0,0.02345921,0.27681759,0.58839992,0.75676923,0.78050402,0.78703103,0.78703103
2025/10/21,14:53:47,254.270000,25427,10170,2548,179,6,0,0,0.02326855,0.27456772,0.56607028,0.73027037,0.75426173,0.76078874,0.76078874
2025/10/21,14:53:48,252.160000,25216,10086,2381,174,6,0,0,0.02307562,0.27229116,0.54464697,0.70425872,0.72901619,0.73554320,0.73554320
2025/10/21,14:53:49,250.070000,25007,10003,2228,169,7,0,0,0.02288488,0.27004034,0.52492180,0.68020327,0.70572323,0.71225024,0.71225024
2025/10/21,14:53:50,248.140000,24814,9925,2119,165,7,0,0,0.02270779,0.26795063,0.51037455,0.66187480,0.68777781,0.69322214,0.69322214
2025/10/21,14:53:51,247.130000,24713,9885,2234,163,7,0,0,0.02261536,0.26686001,0.52248472,0.67204587,0.69794888,0.70447589,0.70447589
2025/10/21,14:53:52,246.570000,24657,9863,2537,162,7,0,0,0.02256430,0.26625750,0.55645930,0.70521241,0.73111542,0.73764243,0.73764243
2025/10/21,14:53:53,246.350000,24635,9854,2958,162,7,0,0,0.02254384,0.26601627,0.60437169,0.75273679,0.77863980,0.78516681,0.78516681
2025/10/21,14:53:54,246.090000,24609,9843,3289,161,7,0,0,0.02252025,0.26573792,0.64199897,0.78981501,0.81571802,0.82224503,0.82224503
2025/10/21,14:53:55,246.070000,24607,9842,3564,161,7,0,0,0.02251841,0.26571599,0.67339544,0.82130848,0.84721149,0.85373850,0.85373850
2025/10/21,14:53:56,246.220000,24622,9848,3842,162,6,0,0,0.02253198,0.26587616,0.70541028,0.85396939,0.87897982,0.88770312,0.88770312
2025/10/21,14:53:57,246.550000,24655,9862,4132,163,6,0,0,0.02256210,0.26623175,0.73891306,0.88895921,0.91218447,0.92854840,0.92854840
2025/10/21,14:53:58,246.820000,24682,9873,4411,166,5,0,0,0.02258747,0.26653108,0.77117606,0.92316132,0.94408826,0.97028912,0.97028912
2025/10/21,14:53:59,246.190000,24619,9847,4535,166,5,0,0,0.02252914,0.26584278,0.78463369,0.93687701,0.95588869,0.98645120,0.98645120
2025/10/21,14:54:00,245.210000,24521,9808,4536,165,4,1,0,0.02243962,0.26478647,0.78368250,0.93508575,0.95269531,0.98545411,0.98545411
2025/10/21,14:54:01,244.310000,24431,9772,4484,164,4,1,0,0.02235715,0.26381314,0.77677122,0.92762541,0.94382924,0.97986702,0.97986702
2025/10/21,14:54:02,243.520000,24352,9741,4425,164,5,1,0,0.02228531,0.26296560,0.76912134,0.91926449,0.93955542,0.97995485,0.97995485
2025/10/21,14:54:03,242.460000,24246,9698,4326,162,6,1,0,0.02218788,0.26181589,0.75674211,0.90585119,0.93111819,0.97479660,0.97479660
2025/10/21,14:54:04,241.230000,24123,9649,4207,161,7,1,0,0.02207535,0.26048789,0.74180944,0.88946351,0.91677225,0.96264695,0.96264695
2025/10/21,14:54:05,240.100000,24010,9604,4060,158,7,1,0,0.02197178,0.25926573,0.72374305,0.86900595,0.89529201,0.94005310,0.94005310
2025/10/21,14:54:06,240.330000,24033,9613,3897,155,6,1,0,0.02199359,0.25952313,0.70531821,0.84760793,0.87045014,0.91193225,0.91193225
2025/10/21,14:54:07,240.680000,24068,9627,3749,152,5,1,0,0.02202549,0.25989967,0.68874553,0.82828810,0.84832246,0.88763921,0.88763921
2025/10/21,14:54:08,240.890000,24089,9635,3614,149,4,1,0,0.02204481,0.26012755,0.67353083,0.81058523,0.82768526,0.86480572,0.86480572
2025/10/21,14:54:09,241.270000,24127,9650,3506,148,4,1,0,0.02207897,0.26053080,0.66162604,0.79712934,0.81346327,0.84950105,0.84950105
2025/10/21,14:54:10,241.560000,24156,9662,3414,151,4,1,0,0.02210531,0.26084157,0.65135356,0.78970101,0.80680104,0.84064252,0.84064252
2025/10/21,14:54:11,241.850000,24185,9674,3319,154,4,1,0,0.02213229,0.26115998,0.64087470,0.78235638,0.80034900,0.83202512,0.83202512
2025/10/21,14:54:12,242.160000,24216,9686,3235,157,5,0,0,0.02216034,0.26149082,0.63159590,0.77592173,0.79480693,0.82428676,0.82428676
2025/10/21,14:54:13,242.470000,24247,9698,3201,161,5,0,0,0.02218878,0.26182638,0.62804554,0.77586158,0.79512983,0.82460966,0.82460966
2025/10/21,14:54:14,242.510000,24251,9700,3356,169,4,1,0,0.02219224,0.26186737,0.64579114,0.80081364,0.81842320,0.85226468,0.85226468
2025/10/21,14:54:15,242.570000,24257,9703,3517,176,4,1,0,0.02219838,0.26193982,0.66432770,0.82597556,0.84230949,0.87942995,0.87942995
2025/10/21,14:54:16,242.730000,24273,9709,3661,183,5,1,0,0.02221302,0.26211240,0.68091637,0.84889767,0.86778287,0.90709962,0.90709962
2025/10/21,14:54:17,242.420000,24242,9696,3770,188,5,1,0,0.02218442,0.26177490,0.69310092,0.86596248,0.88752905,0.92792848,0.92792848
2025/10/21,14:54:18,242.790000,24279,9711,4013,191,6,1,0,0.02221793,0.26217053,0.72124716,0.89659689,0.92160732,0.96528573,0.96528573
2025/10/21,14:54:19,243.580000,24358,9743,4334,195,8,1,0,0.02229081,0.26303045,0.75882106,0.93785500,0.96784149,1.01371619,1.01371619
2025/10/21,14:54:20,244.700000,24470,9788,4668,199,9,1,0,0.02239341,0.26424116,0.79825652,0.98116868,1.01562171,1.06477539,1.06477539
2025/10/21,14:54:21,246.230000,24623,9849,5087,204,10,1,0,0.02253279,0.26588569,0.84784055,1.03524405,1.07416362,1.12439998,1.12439998
2025/10/21,14:54:22,247.770000,24777,9910,5566,209,12,1,0,0.02267369,0.26754831,0.90424901,1.09598370,1.14026600,1.19378133,1.19378133
2025/10/21,14:54:23,249.110000,24911,9964,6004,214,13,1,0,0.02279705,0.26900406,0.95580541,1.15167638,1.20144428,1.25715590,1.25715590
2025/10/21,14:54:24,250.390000,25039,10015,6399,218,15,1,0,0.02291348,0.27037781,1.00231526,1.20216144,1.25716198,1.31395628,1.31395628
2025/10/21,14:54:25,251.690000,25169,10067,6735,221,16,1,0,0.02303280,0.27178589,1.04216221,1.24530460,1.30426214,1.36105644,1.36105644
2025/10/21,14:54:26,252.500000,25250,10100,6903,222,16,1,0,0.02310641,0.27265440,1.06225010,1.26623256,1.32633926,1.38313356,1.38313356
2025/10/21,14:54:27,253.160000,25316,10126,7063,222,16,1,0,0.02316685,0.27336749,1.08131818,1.28500964,1.34588245,1.40267675,1.40267675
2025/10/21,14:54:28,253.830000,25383,10153,7240,222,17,1,0,0.02322889,0.27409965,1.10224323,1.30622569,1.36786460,1.42357622,1.42357622
2025/10/21,14:54:29,254.130000,25413,10165,7309,222,17,1,0,0.02325572,0.27441616,1.11054972,1.31378911,1.37542802,1.43113964,1.43113964
2025/10/21,14:54:30,253.870000,25387,10155,7235,218,15,1,0,0.02323229,0.27413969,1.10174201,1.30204026,1.35869949,1.41113214,1.41113214
2025/10/21,14:54:31,253.910000,25391,10156,7193,216,14,1,0,0.02323574,0.27418067,1.09703268,1.29484275,1.34614286,1.39310024,1.39310024
2025/10/21,14:54:32,254.200000,25420,10168,7201,213,12,1,0,0.02326234,0.27449433,1.09821073,1.29372572,1.34030272,1.38289845,1.38289845
2025/10/21,14:54:33,255.030000,25503,10201,7339,212,12,1,0,0.02333803,0.27538760,1.11486982,1.30944774,1.35347347,1.39279022,1.39279022
2025/10/21,14:54:34,256.070000,25607,10242,7530,211,11,1,0,0.02343314,0.27650968,1.13790957,1.33184143,1.37344236,1.41056282,1.41056282
2025/10/21,14:54:35,257.100000,25710,10284,7609,210,10,1,0,0.02352750,0.27762319,1.14798657,1.34065833,1.37932494,1.41536272,1.41536272
2025/10/21,14:54:36,258.080000,25808,10323,7673,209,9,1,0,0.02361734,0.27868330,1.15639027,1.34793096,1.38404629,1.41788777,1.41788777
2025/10/21,14:54:37,259.030000,25903,10361,7734,207,9,1,0,0.02370482,0.27971575,1.16443907,1.35452566,1.38821620,1.41989232,1.41989232
2025/10/21,14:54:38,260.150000,26015,10406,7826,207,8,0,0,0.02380720,0.28092363,1.17612109,1.36556070,1.39707940,1.42764191,1.42764191
2025/10/21,14:54:39,261.310000,26131,10452,7917,206,8,0,0,0.02391304,0.28217252,1.18784412,1.37683166,1.40656520,1.43604503,1.43604503
2025/10/21,14:54:40,262.570000,26257,10503,8040,206,7,0,0,0.02402863,0.28353671,1.20324523,1.39223277,1.42043410,1.44991393,1.44991393
2025/10/21,14:54:41,263.440000,26344,10537,8061,206,7,0,0,0.02410813,0.28447481,1.20655849,1.39544903,1.42199167,1.44927521,1.44927521
2025/10/21,14:54:42,264.320000,26432,10573,8125,213,7,0,0,0.02418886,0.28542720,1.21485448,1.41056347,1.43634000,1.46362354,1.46362354
2025/10/21,14:54:43,265.670000,26567,10626,8318,225,7,0,0,0.02431173,0.28687722,1.23833129,1.44460792,1.47140713,1.49869067,1.49869067
2025/10/21,14:54:44,267.050000,26705,10682,8502,236,7,0,0,0.02443851,0.28837301,1.26088035,1.47766056,1.50471273,1.53199627,1.53199627
2025/10/21,14:54:45,268.290000,26829,10731,8637,247,7,0,0,0.02455216,0.28971433,1.27766437,1.50420418,1.53125635,1.55853989,1.55853989
2025/10/21,14:54:46,268.700000,26870,10748,8572,255,7,0,0,0.02458959,0.29015576,1.27065708,1.50456440,1.53008436,1.55736790,1.55736790
2025/10/21,14:54:47,268.800000,26880,10752,8450,262,6,0,0,0.02459831,0.29025871,1.25682822,1.49681092,1.52080228,1.54372416,1.54372416
2025/10/21,14:54:48,268.590000,26859,10743,8258,267,6,0,0,0.02457899,0.29003086,1.23468259,1.47954555,1.50136508,1.52428696,1.52428696
2025/10/21,14:54:49,268.360000,26836,10734,8049,271,5,0,0,0.02455856,0.28978967,1.21047171,1.45937394,1.47876867,1.49949426,1.49949426
2025/10/21,14:54:50,267.470000,26747,10699,7695,267,4,0,0,0.02447696,0.28882679,1.16901392,1.41368288,1.42976024,1.44832047,1.44832047
2025/10/21,14:54:51,265.750000,26575,10630,7217,258,4,0,0,0.02431948,0.28696873,1.11251903,1.34897949,1.36684563,1.38104420,1.38104420
2025/10/21,14:54:52,263.640000,26364,10545,6702,248,5,0,0,0.02412639,0.28469026,1.05139478,1.27867765,1.29832896,1.31033124,1.31033124
2025/10/21,14:54:53,261.340000,26134,10453,6199,238,5,0,0,0.02391617,0.28220967,0.99136094,1.20943328,1.23061680,1.24153640,1.24153640
2025/10/21,14:54:54,259.070000,25907,10363,5753,228,6,0,0,0.02370831,0.27975675,0.93783798,1.14705576,1.16964139,1.17728201,1.17728201
2025/10/21,14:54:55,257.180000,25718,10287,5474,220,6,0,0,0.02353548,0.27771754,0.90394411,1.10598746,1.12959577,1.13612278,1.13612278
2025/10/21,14:54:56,255.780000,25578,10231,5382,215,6,0,0,0.02340735,0.27620556,0.89184898,1.08875402,1.11312843,1.11965544,1.11965544
2025/10/21,14:54:57,254.260000,25426,10170,5317,209,6,0,0,0.02326758,0.27455630,0.88275112,1.07484087,1.09997778,1.10650479,1.10650479
2025/10/21,14:54:58,252.800000,25280,10112,5280,205,7,0,0,0.02313437,0.27298426,0.87696591,1.06482238,1.09047243,1.09699944,1.09699944
2025/10/21,14:54:59,251.880000,25188,10075,5329,202,7,0,0,0.02305051,0.27199469,0.88159116,1.06660349,1.09250650,1.09903351,1.09903351
2025/10/21,14:55:00,251.660000,25166,10066,5482,200,7,0,0,0.02302998,0.27175253,0.89884360,1.08246680,1.10862638,1.11515339,1.11515339
2025/10/21,14:55:01,251.520000,25152,10060,5627,199,7,0,0,0.02301680,0.27159713,0.91531430,1.09783846,1.12425462,1.13078163,1.13078163
2025/10/21,14:55:02,251.360000,25136,10054,5752,198,7,0,0,0.02300274,0.27143124,0.92940346,1.11073157,1.13714773,1.14367474,1.14367474
2025/10/21,14:55:03,251.020000,25102,10041,5774,196,7,0,0,0.02297188,0.27106708,0.93152347,1.11110648,1.13764912,1.14417613,1.14417613
2025/10/21,14:55:04,250.690000,25069,10027,5714,193,7,0,0,0.02294095,0.27070195,0.92435600,1.10174184,1.12854105,1.13506806,1.13506806
2025/10/21,14:55:05,250.620000,25062,10024,5689,192,7,0,0,0.02293481,0.27062949,0.92136712,1.09765392,1.12445313,1.13098014,1.13098014
2025/10/21,14:55:06,251.160000,25116,10046,5783,193,7,0,0,0.02298393,0.27120914,0.93274404,1.11012988,1.13692909,1.14345610,1.14345610
2025/10/21,14:55:07,252.370000,25237,10094,6084,198,7,0,0,0.02309462,0.27251521,0.96849406,1.15037215,1.17691479,1.18344180,1.18344180
2025/10/21,14:55:08,253.220000,25322,10128,6339,202,7,0,0,0.02317250,0.27343422,0.99856933,1.18403463,1.21045079,1.21697780,1.21697780
2025/10/21,14:55:09,254.620000,25462,10185,6706,207,7,0,0,0.02330112,0.27495193,1.04208859,1.23217518,1.25807819,1.26680149,1.26680149
2025/10/21,14:55:10,257.010000,25701,10280,7354,215,6,0,0,0.02351942,0.27752784,1.11873484,1.31580185,1.34106885,1.35198845,1.35198845
2025/10/21,14:55:11,259.750000,25975,10390,8044,222,6,0,0,0.02377068,0.28049272,1.20063350,1.40461596,1.42937343,1.44029303,1.44029303
2025/10/21,14:55:12,262.740000,26274,10509,8776,235,6,0,0,0.02404398,0.28371785,1.28764761,1.50303777,1.52498739,1.54026864,1.54026864
2025/10/21,14:55:13,266.510000,26651,10660,9322,258,4,0,0,0.02438858,0.28778385,1.35417067,1.59053413,1.60814369,1.63106557,1.63106557
2025/10/21,14:55:14,269.830000,26983,10793,9738,280,6,1,0,0.02469274,0.29137315,1.40525521,1.66217194,1.68718237,1.72322015,1.72322015
2025/10/21,14:55:15,271.950000,27195,10878,9962,297,9,1,0,0.02488648,0.29365924,1.43319951,1.70537013,1.74084584,1.78672054,1.78672054
2025/10/21,14:55:16,273.700000,27370,10948,10116,312,12,1,0,0.02504719,0.29555544,1.45275582,1.73830528,1.78335368,1.83578633,1.83578633
2025/10/21,14:55:17,274.980000,27498,10999,10198,325,14,1,0,0.02516418,0.29693589,1.46345114,1.76121634,1.81443171,1.87122601,1.87122601
2025/10/21,14:55:18,275.480000,27548,11019,10136,336,16,1,0,0.02521013,0.29747831,1.45690847,1.76462727,1.82473397,1.88369364,1.88369364
2025/10/21,14:55:19,275.510000,27551,11020,10018,345,18,1,0,0.02521265,0.29750789,1.44345050,1.75992686,1.82654184,1.88661512,1.88661512
2025/10/21,14:55:20,275.370000,27537,11015,9869,350,18,2,0,0.02519973,0.29735537,1.42620738,1.74672393,1.81282938,1.87506802,1.87506802
2025/10/21,14:55:21,274.650000,27465,10986,9626,348,17,2,0,0.02513338,0.29657264,1.39764979,1.71632423,1.77898220,1.84122084,1.84122084
2025/10/21,14:55:22,274.230000,27423,10969,9425,351,17,1,0,0.02509550,0.29612556,1.37423066,1.69584533,1.75850330,1.81746297,1.81746297
2025/10/21,14:55:23,274.160000,27416,10966,9284,356,17,1,0,0.02508943,0.29605404,1.35798543,1.68418936,1.74710391,1.80389821,1.80389821
2025/10/21,14:55:24,274.150000,27415,10966,9161,361,17,1,0,0.02508830,0.29604070,1.34391102,1.67463923,1.73869932,1.79329733,1.79329733
2025/10/21,14:55:25,274.670000,27467,10987,9157,368,18,1,0,0.02513574,0.29660031,1.34401413,1.68165779,1.74801619,1.80153152,1.80153152
2025/10/21,14:55:26,275.420000,27542,11016,9205,377,19,1,0,0.02520425,0.29740874,1.35030813,1.69587019,1.76490996,1.81622900,1.81622900
2025/10/21,14:55:27,276.560000,27656,11062,9294,388,20,1,0,0.02530886,0.29864331,1.36177446,1.71735418,1.78983781,1.84007417,1.84007417
2025/10/21,14:55:28,278.290000,27829,11131,9446,408,21,1,0,0.02546682,0.30050709,1.38106821,1.75461602,1.83233229,1.88148597,1.88148597
2025/10/21,14:55:29,280.050000,28005,11202,9611,425,22,1,0,0.02562808,0.30240994,1.40177443,1.79096322,1.87212696,1.92128064,1.92128064
2025/10/21,14:55:30,281.500000,28150,11260,9725,434,22,1,0,0.02576026,0.30396961,1.41636515,1.81376244,1.89339397,1.94143403,1.94143403
2025/10/21,14:55:31,282.540000,28254,11301,9782,440,21,1,0,0.02585582,0.30509739,1.42406502,1.82695660,1.90416334,1.95003804,1.95003804
2025/10/21,14:55:32,283.530000,28353,11341,9829,445,20,1,0,0.02594614,0.30616321,1.43044666,1.83821758,1.91325610,1.95801719,1.95801719
2025/10/21,14:55:33,283.810000,28381,11352,9744,447,19,1,0,0.02597242,0.30647307,1.42103777,1.83032777,1.90089975,1.94238186,1.94238186
2025/10/21,14:55:34,283.630000,28363,11345,9583,446,18,1,0,0.02595561,0.30627478,1.40243999,1.81105189,1.87664419,1.91596094,1.91596094
2025/10/21,14:55:35,282.960000,28296,11318,9382,442,16,1,0,0.02589421,0.30555025,1.37873941,1.78389313,1.84399983,1.88003761,1.88003761
2025/10/21,14:55:36,281.340000,28134,11253,9099,430,15,1,0,0.02574636,0.30380564,1.34464738,1.73871643,1.79563223,1.83167001,1.83167001
2025/10/21,14:55:37,279.170000,27917,11166,8633,414,14,1,0,0.02554713,0.30145471,1.28897249,1.66785262,1.72183410,1.75787188,1.75787188
2025/10/21,14:55:38,276.590000,27659,11063,7972,396,13,1,0,0.02531089,0.29866715,1.21059982,1.57299891,1.62353291,1.65957069,1.65957069
2025/10/21,14:55:39,274.370000,27437,10974,7507,380,13,1,0,0.02510817,0.29627521,1.15497681,1.50302704,1.55100977,1.58704755,1.58704755
2025/10/21,14:55:40,272.400000,27240,10896,7167,366,12,1,0,0.02492817,0.29415118,1.11398177,1.44929923,1.49562327,1.53166105,1.53166105
2025/10/21,14:55:41,270.450000,27045,10818,6861,353,12,1,0,0.02474955,0.29204336,1.07688875,1.40034553,1.44539393,1.48143171,1.48143171
2025/10/21,14:55:42,268.510000,26851,10740,6585,341,12,1,0,0.02457230,0.28995175,1.04326572,1.35541180,1.39943753,1.43547531,1.43547531
2025/10/21,14:55:43,266.580000,26658,10663,6334,329,11,1,0,0.02439575,0.28786868,1.01246253,1.31391194,1.35653555,1.39257333,1.39257333
2025/10/21,14:55:44,264.460000,26446,10578,6059,316,10,1,0,0.02420163,0.28557784,0.97864016,1.26848787,1.30485616,1.33761496,1.33761496
2025/10/21,14:55:45,262.290000,26229,10491,5796,304,8,0,0,0.02400294,0.28323356,0.94627923,1.22462223,1.25435577,1.28383560,1.28383560
2025/10/21,14:55:46,260.280000,26028,10411,5581,293,6,0,0,0.02381922,0.28106566,0.91949526,1.18781969,1.21142800,1.23871154,1.23871154
2025/10/21,14:55:47,258.180000,25818,10327,5293,282,5,0,0,0.02362629,0.27878910,0.88428552,1.14285035,1.16147898,1.18876252,1.18876252
2025/10/21,14:55:48,255.980000,25598,10239,4967,272,4,0,0,0.02342489,0.27641244,0.84465362,1.09365286,1.11036984,1.13765338,1.13765338
2025/10/21,14:55:49,255.010000,25501,10200,4883,268,4,0,0,0.02333651,0.27536950,0.83400093,1.07976893,1.09737849,1.12685832,1.12685832
2025/10/21,14:55:50,254.760000,25476,10190,4933,272,4,1,0,0.02331330,0.27509588,0.83945114,1.08870935,1.10631891,1.14016039,1.14016039
2025/10/21,14:55:51,254.500000,25450,10180,4980,275,4,1,0,0.02329020,0.27482323,0.84447006,1.09686251,1.11447207,1.15159253,1.15159253
2025/10/21,14:55:52,254.780000,25478,10191,5119,280,4,1,0,0.02331518,0.27511782,0.86074448,1.11756421,1.13517377,1.17557320,1.17557320
2025/10/21,14:55:53,255.500000,25550,10220,5329,286,4,1,0,0.02338175,0.27590336,0.88549983,1.14745787,1.16468438,1.20836279,1.20836279
2025/10/21,14:55:54,256.120000,25612,10244,5502,291,4,1,0,0.02343798,0.27656688,0.90592399,1.17231023,1.18953674,1.23429783,1.23429783
2025/10/21,14:55:55,256.730000,25673,10269,5664,294,4,1,0,0.02349437,0.27723231,0.92516253,1.19478000,1.21200651,1.25676760,1.25676760
2025/10/21,14:55:56,257.570000,25757,10303,5847,297,4,1,0,0.02357097,0.27813608,0.94701458,1.21967020,1.23702319,1.28178428,1.28178428
2025/10/21,14:55:57,257.190000,25719,10287,5806,294,5,1,0,0.02353580,0.27772135,0.94184954,1.21146701,1.22971620,1.27011563,1.27011563
2025/10/21,14:55:58,256.850000,25685,10274,5759,287,5,1,0,0.02350488,0.27735626,0.93619287,1.19908889,1.21835714,1.25547760,1.25547760
2025/10/21,14:55:59,257.380000,25738,10295,5851,283,5,1,0,0.02355342,0.27792919,0.94723994,1.20645175,1.22635963,1.26239741,1.26239741
2025/10/21,14:56:00,258.280000,25828,10331,6099,286,5,1,0,0.02363544,0.27889684,0.97660447,1.23865951,1.25856739,1.29240887,1.29240887
2025/10/21,14:56:01,259.200000,25920,10368,6375,293,5,1,0,0.02372001,0.27989497,1.00913013,1.27735847,1.29713626,1.33097774,1.33097774
2025/10/21,14:56:02,260.850000,26085,10434,6791,310,4,1,0,0.02387061,0.28167198,1.05852751,1.34229983,1.35965282,1.39460792,1.39460792
2025/10/21,14:56:03,262.430000,26243,10497,7170,328,5,1,0,0.02401516,0.28337752,1.10353124,1.40452859,1.42481952,1.46085730,1.46085730
2025/10/21,14:56:04,263.940000,26394,10557,7478,346,7,1,0,0.02415396,0.28501536,1.14047742,1.45795582,1.48500799,1.52212845,1.52212845
2025/10/21,14:56:05,265.550000,26555,10622,7766,363,9,1,0,0.02430068,0.28674663,1.17514175,1.50806804,1.54124543,1.57947950,1.57947950
2025/10/21,14:56:06,266.380000,26638,10655,7907,377,10,1,0,0.02437678,0.28764466,1.19212873,1.53730279,1.57469376,1.61292783,1.61292783
2025/10/21,14:56:07,266.380000,26638,10655,7980,388,11,1,0,0.02437678,0.28764466,1.20044184,1.55637754,1.59772190,1.63375968,1.63375968
2025/10/21,14:56:08,266.050000,26605,10642,7905,394,12,1,0,0.02434728,0.28729668,1.19156263,1.55247467,1.59675697,1.63171207,1.63171207
2025/10/21,14:56:09,265.910000,26591,10636,7844,398,12,1,0,0.02433435,0.28714415,1.18439363,1.54918389,1.59576089,1.62960237,1.62960237
2025/10/21,14:56:10,265.930000,26593,10637,7803,398,12,1,0,0.02433606,0.28716417,1.17976834,1.54465560,1.58995696,1.62163308,1.62163308
2025/10/21,14:56:11,265.810000,26581,10632,7731,395,11,0,0,0.02432459,0.28702881,1.17142900,1.53353708,1.57539459,1.60487442,1.60487442
2025/10/21,14:56:12,265.390000,26539,10615,7643,392,10,0,0,0.02428636,0.28657787,1.16082705,1.51999398,1.55891355,1.58731070,1.58731070
2025/10/21,14:56:13,264.870000,26487,10595,7554,389,10,0,0,0.02423927,0.28602207,1.15012025,1.50644304,1.54281133,1.57009487,1.57009487
2025/10/21,14:56:14,264.380000,26438,10575,7472,386,9,0,0,0.02419361,0.28548344,1.14019011,1.49357266,1.52726320,1.55346406,1.55346406
2025/10/21,14:56:15,264.370000,26437,10575,7427,382,8,0,0,0.02419345,0.28548153,1.13511476,1.48500710,1.51627284,1.53919472,1.53919472
2025/10/21,14:56:16,264.150000,26415,10566,7333,377,7,0,0,0.02417319,0.28524226,1.12407410,1.46908618,1.49728751,1.52020939,1.52020939
2025/10/21,14:56:17,263.260000,26326,10530,7105,367,6,0,0,0.02409133,0.28427650,1.09698162,1.43349421,1.45773853,1.47629876,1.47629876
2025/10/21,14:56:18,261.450000,26145,10458,6711,352,4,0,0,0.02392554,0.28232024,1.04999827,1.37255092,1.39041706,1.40569831,1.40569831
2025/10/21,14:56:19,259.630000,25963,10385,6348,337,4,0,0,0.02375921,0.28035734,1.00657096,1.31548580,1.33283879,1.34592375,1.34592375
2025/10/21,14:56:20,257.830000,25783,10313,6025,323,5,0,0,0.02359488,0.27841826,0.96759477,1.26390587,1.28279107,1.29371067,1.29371067
2025/10/21,14:56:21,256.060000,25606,10242,5732,310,5,0,0,0.02343265,0.27650395,0.93221002,1.21653141,1.23682234,1.24554564,1.24554564
2025/10/21,14:56:22,254.560000,25456,10182,5511,299,5,0,0,0.02329553,0.27488613,0.90532175,1.17926950,1.20083607,1.20736308,1.20736308
2025/10/21,14:56:23,253.490000,25349,10139,5359,290,6,0,0,0.02319738,0.27372784,0.88678198,1.15216618,1.17475181,1.18127882,1.18127882
2025/10/21,14:56:24,252.700000,25270,10108,5225,282,6,0,0,0.02312483,0.27287174,0.87059243,1.12870520,1.15205694,1.15858395,1.15858395
2025/10/21,14:56:25,252.090000,25209,10083,5122,274,6,0,0,0.02306973,0.27222158,0.85817149,1.10956281,1.13342408,1.13995109,1.13995109
2025/10/21,14:56:26,251.500000,25150,10060,5030,268,6,0,0,0.02301518,0.27157804,0.84694869,1.09226371,1.11676460,1.12329161,1.12329161
2025/10/21,14:56:27,251.070000,25107,10042,4974,264,6,0,0,0.02297592,0.27111473,0.84011530,1.08239309,1.10740352,1.11393053,1.11393053
2025/10/21,14:56:28,250.890000,25089,10035,4968,266,6,0,0,0.02295986,0.27092504,0.83927523,1.08300712,1.10801755,1.11454456,1.11454456
2025/10/21,14:56:29,250.710000,25071,10028,4963,267,6,0,0,0.02294338,0.27073057,0.83843449,1.08355551,1.10869242,1.11521943,1.11521943
2025/10/21,14:56:30,250.280000,25028,10011,4915,268,7,0,0,0.02290363,0.27026152,0.83245574,1.07832074,1.10384070,1.11036771,1.11036771
2025/10/21,14:56:31,248.910000,24891,9956,4717,266,7,0,0,0.02277798,0.26877905,0.80840923,1.05214112,1.07804413,1.08457114,1.08457114
2025/10/21,14:56:32,246.920000,24692,9877,4467,262,7,0,0,0.02259652,0.26663787,0.77765305,1.01799173,1.04453437,1.05106138,1.05106138
2025/10/21,14:56:33,245.030000,24503,9801,4258,259,7,0,0,0.02242340,0.26459487,0.75164024,0.98939375,1.01631944,1.02284645,1.02284645
2025/10/21,14:56:34,243.320000,24332,9733,4090,257,7,0,0,0.02226715,0.26275114,0.73068213,0.96659353,0.99390227,1.00042928,1.00042928
2025/10/21,14:56:35,241.510000,24151,9660,3917,253,7,0,0,0.02210159,0.26079773,0.70886297,0.94054109,0.96823288,0.97367721,0.97367721
2025/10/21,14:56:36,239.800000,23980,9592,3758,245,7,0,0,0.02194502,0.25895016,0.68887453,0.91357223,0.94177356,0.94177356,0.94177356
2025/10/21,14:56:37,238.680000,23868,9547,3683,240,7,0,0,0.02184186,0.25773276,0.67901689,0.89948040,0.92768173,0.92768173,0.92768173
2025/10/21,14:56:38,237.730000,23773,9509,3641,237,7,0,0,0.02175548,0.25671364,0.67324746,0.89057673,0.91916111,0.91916111,0.91916111
2025/10/21,14:56:39,236.840000,23684,9473,3605,234,7,0,0,0.02167414,0.25575364,0.66818341,0.88257153,0.91128239,0.91128239,0.91128239
2025/10/21,14:56:40,236.250000,23625,9450,3605,232,7,0,0,0.02161975,0.25511202,0.66754179,0.88044378,0.90915464,0.90915464,0.90915464
2025/10/21,14:56:41,235.470000,23547,9419,3581,230,7,0,0,0.02154865,0.25427308,0.66389544,0.87469635,0.90340721,0.90340721,0.90340721
2025/10/21,14:56:42,234.960000,23496,9398,3585,233,7,0,0,0.02150147,0.25371633,0.66387995,0.87788007,0.90620787,0.91165220,0.91165220
2025/10/21,14:56:43,235.130000,23513,9405,3666,241,7,0,0,0.02151740,0.25390415,0.67324526,0.89461381,0.92217551,0.92870252,0.92870252
2025/10/21,14:56:44,235.170000,23517,9406,3717,248,7,0,0,0.02152070,0.25394323,0.67911729,0.90685222,0.93390439,0.94043140,0.94043140
2025/10/21,14:56:45,234.900000,23490,9396,3737,254,7,0,0,0.02149614,0.25365340,0.68120261,0.91446386,0.94113298,0.94765999,0.94765999
2025/10/21,14:56:46,234.850000,23485,9394,3848,262,7,0,0,0.02149139,0.25359719,0.69377757,0.93366419,0.95982377,0.97074337,0.97074337
2025/10/21,14:56:47,235.090000,23509,9403,4073,270,7,0,0,0.02151385,0.25386220,0.71985029,0.96755740,0.99307736,1.00399696,1.00399696
2025/10/21,14:56:48,235.550000,23555,9422,4339,282,6,0,0,0.02155609,0.25436080,0.75069279,1.00951660,1.03440055,1.04532015,1.04532015
2025/10/21,14:56:49,236.920000,23692,9476,4748,297,6,0,0,0.02168083,0.25583275,0.79902561,1.07168123,1.09567259,1.10987116,1.10987116
2025/10/21,14:56:50,238.200000,23820,9528,5132,307,6,0,0,0.02179791,0.25721415,0.84424657,1.12553072,1.14913903,1.16333760,1.16333760
2025/10/21,14:56:51,238.780000,23878,9551,5408,311,6,0,0,0.02185130,0.25784429,0.87651325,1.16186870,1.18547701,1.19967558,1.19967558
2025/10/21,14:56:52,239.340000,23934,9573,5672,316,6,0,0,0.02190262,0.25844968,0.90724441,1.19718912,1.22079743,1.23499600,1.23499600
2025/10/21,14:56:53,240.360000,24036,9614,6011,328,6,0,0,0.02199592,0.25955076,0.94710749,1.24745786,1.27068312,1.28488169,1.28488169
2025/10/21,14:56:54,241.270000,24127,9650,6256,339,6,0,0,0.02207881,0.26052888,0.97615936,1.28656033,1.30952901,1.32372758,1.32372758
2025/10/21,14:56:55,242.230000,24223,9689,6399,349,6,0,0,0.02216664,0.26156517,0.99350262,1.31308210,1.33579783,1.34999640,1.34999640
2025/10/21,14:56:56,243.110000,24311,9724,6432,353,6,0,0,0.02224744,0.26251852,0.99834189,1.32170167,1.34441740,1.35861597,1.35861597
2025/10/21,14:56:57,243.090000,24309,9723,6295,354,6,0,0,0.02224588,0.26250038,0.98255804,1.30656480,1.32953348,1.34373205,1.34373205
2025/10/21,14:56:58,243.040000,24304,9721,6163,358,6,0,0,0.02224130,0.26244606,0.96738828,1.29543431,1.31865957,1.33285814,1.33285814
2025/10/21,14:56:59,243.000000,24300,9720,6045,363,6,0,0,0.02223742,0.26240030,0.95384696,1.28606221,1.30928747,1.32348604,1.32348604
2025/10/21,14:57:00,242.790000,24279,9711,5900,365,6,0,0,0.02221803,0.26217149,0.93709694,1.27150936,1.29486110,1.30905967,1.30905967
2025/10/21,14:57:01,241.880000,24188,9675,5633,359,6,0,0,0.02213465,0.26118764,0.90555519,1.23453829,1.25852965,1.27161461,1.27161461
2025/10/21,14:57:02,241.150000,24115,9646,5389,353,6,0,0,0.02206792,0.26040021,0.87690802,1.20026780,1.22489517,1.23581477,1.23581477
2025/10/21,14:57:03,240.660000,24066,9626,5185,348,6,0,0,0.02202332,0.25987396,0.85305834,1.17192678,1.19706369,1.20798329,1.20798329
2025/10/21,14:57:04,239.690000,23969,9587,5001,343,7,0,0,0.02193477,0.25882910,0.83096021,1.14549746,1.17101742,1.18193702,1.18193702
2025/10/21,14:57:05,238.740000,23874,9549,4835,338,7,0,0,0.02184800,0.25780521,0.81093095,1.12104092,1.14707402,1.15799362,1.15799362
2025/10/21,14:57:06,237.840000,23784,9513,4677,331,7,0,0,0.02176550,0.25683185,0.79181672,1.09501124,1.12142740,1.12795441,1.12795441
2025/10/21,14:57:07,237.170000,23717,9487,4561,324,7,0,0,0.02170410,0.25610730,0.77781062,1.07502675,1.10182596,1.10835297,1.10835297
2025/10/21,14:57:08,236.520000,23652,9460,4458,318,7,0,0,0.02164431,0.25540184,0.76533850,1.05702831,1.08421057,1.09073758,1.09073758
2025/10/21,14:57:09,235.850000,23585,9434,4356,312,7,0,0,0.02158349,0.25468400,0.75295889,1.03931638,1.06675160,1.07327861,1.07327861
2025/10/21,14:57:10,234.750000,23475,9390,4215,305,7,0,0,0.02148224,0.25348943,0.73567548,1.01495555,1.04277382,1.04930083,1.04930083
2025/10/21,14:57:11,233.010000,23301,9320,4022,295,7,0,0,0.02132373,0.25161900,0.71177815,0.98213869,1.01034002,1.01686703,1.01686703
2025/10/21,14:57:12,231.350000,23135,9254,3848,286,7,0,0,0.02117178,0.24982579,0.69000617,0.95186813,0.98057899,0.98602332,0.98602332
2025/10/21,14:57:13,229.650000,22965,9186,3683,277,8,0,0,0.02101607,0.24798867,0.66927280,0.92276429,0.95185820,0.95185820,0.95185820
2025/10/21,14:57:14,227.810000,22781,9112,3503,266,8,0,0,0.02084732,0.24599718,0.64676929,0.89088918,0.92036614,0.92036614,0.92036614
2025/10/21,14:57:15,226.010000,22601,9040,3337,257,8,0,0,0.02068305,0.24405902,0.62582576,0.86118718,0.89104719,0.89104719,0.89104719
2025/10/21,14:57:16,224.330000,22433,8973,3196,248,8,0,0,0.02052884,0.24223914,0.60780792,0.83515485,0.86527144,0.86527144,0.86527144
2025/10/21,14:57:17,222.940000,22294,8917,3053,241,8,0,0,0.02040167,0.24073857,0.59006089,0.81097737,0.84045433,0.84045433,0.84045433
2025/10/21,14:57:18,221.810000,22181,8872,2941,236,8,0,0,0.02029858,0.23952212,0.57601539,0.79205162,0.82152858,0.82152858,0.82152858
2025/10/21,14:57:19,221.050000,22105,8842,2928,232,8,0,0,0.02022894,0.23870033,0.57370709,0.78635011,0.81582707,0.81582707,0.81582707
2025/10/21,14:57:20,221.150000,22115,8846,3213,233,8,0,0,0.02023799,0.23880712,0.60642793,0.81978198,0.84925894,0.84925894,0.84925894
2025/10/21,14:57:21,221.630000,22163,8865,3459,239,8,0,0,0.02028161,0.23932192,0.63501647,0.85438185,0.88449844,0.88449844,0.88449844
2025/10/21,14:57:22,221.930000,22193,8877,3666,245,8,0,0,0.02030924,0.23964795,0.65898906,0.88358976,0.91357625,0.91682429,0.91682429
2025/10/21,14:57:23,222.090000,22209,8883,3864,249,8,0,0,0.02032395,0.23982145,0.68183973,0.91047970,0.94008676,0.94661377,0.94661377
2025/10/21,14:57:24,222.640000,22264,8905,4161,255,8,0,0,0.02037410,0.24041347,0.71644344,0.95005975,0.97953671,0.98606372,0.98606372
2025/10/21,14:57:25,223.160000,22316,8926,4453,260,8,0,0,0.02042203,0.24097880,0.75037409,0.98867666,1.01777057,1.02429758,1.02429758
2025/10/21,14:57:26,224.010000,22401,8960,4853,267,7,0,0,0.02050014,0.24190068,0.79707844,1.04184440,1.07055526,1.07708227,1.07708227
2025/10/21,14:57:27,225.030000,22503,9001,5319,274,7,0,0,0.02059266,0.24299226,0.85140109,1.10305047,1.13125180,1.14105778,1.14105778
2025/10/21,14:57:28,225.760000,22576,9030,5695,280,7,0,0,0.02066020,0.24378924,0.89528226,1.15164992,1.17946819,1.19038779,1.19038779
2025/10/21,14:57:29,227.230000,22723,9089,6224,282,7,0,0,0.02079438,0.24537273,0.95733141,1.21589624,1.24333146,1.25425106,1.25425106
2025/10/21,14:57:30,229.110000,22911,9164,6780,285,7,0,0,0.02096673,0.24740621,1.02296510,1.28437408,1.31155634,1.32247594,1.32247594
2025/10/21,14:57:31,231.140000,23114,9245,7303,289,7,0,0,0.02115229,0.24959601,1.08497418,1.34980840,1.37660761,1.38752721,1.38752721
2025/10/21,14:57:32,232.650000,23265,9306,7645,291,7,0,0,0.02129038,0.25122528,1.12569259,1.39227191,1.41907112,1.42999072,1.42999072
2025/10/21,14:57:33,233.880000,23388,9355,7901,291,7,0,0,0.02140323,0.25255709,1.15639490,1.42352420,1.44994036,1.46085996,1.46085996
2025/10/21,14:57:34,234.520000,23452,9380,7970,288,7,0,0,0.02146124,0.25324156,1.16496011,1.42931024,1.45610945,1.46702905,1.46702905
2025/10/21,14:57:35,234.620000,23462,9385,7876,283,7,0,0,0.02147109,0.25335788,1.15427916,1.41413703,1.44106272,1.45198232,1.45198232
2025/10/21,14:57:36,234.510000,23451,9380,7700,278,7,0,0,0.02146027,0.25323014,1.13406765,1.38849621,1.41580495,1.42452825,1.42452825
2025/10/21,14:57:37,234.340000,23434,9373,7461,272,7,0,0,0.02144492,0.25304900,1.10645903,1.35581424,1.38363251,1.39015952,1.39015952
2025/10/21,14:57:38,233.780000,23378,9351,7170,266,7,0,0,0.02139411,0.25244936,1.07260308,1.31617300,1.34437433,1.35090134,1.35090134
2025/10/21,14:57:39,232.900000,23290,9316,6846,259,7,0,0,0.02131332,0.25149602,1.03461251,1.27171904,1.30017694,1.30670395,1.30670395
2025/10/21,14:57:40,232.030000,23203,9281,6554,252,7,0,0,0.02123350,0.25055412,1.00030530,1.23133644,1.26017739,1.26670440,1.26670440
2025/10/21,14:57:41,231.380000,23138,9255,6334,247,8,0,0,0.02117436,0.24985629,0.97445014,1.20050494,1.22959885,1.23504318,1.23504318
2025/10/21,14:57:42,231.120000,23112,9244,6208,243,8,0,0,0.02115029,0.24957219,0.95969697,1.18245556,1.21180604,1.21180604,1.21180604
2025/10/21,14:57:43,231.010000,23101,9240,6123,240,8,0,0,0.02114033,0.24945490,0.94986093,1.17022744,1.19983450,1.19983450,1.19983450
2025/10/21,14:57:44,230.700000,23070,9228,6011,237,8,0,0,0.02111189,0.24911935,0.93678509,1.15401736,1.18362442,1.18362442,1.18362442
2025/10/21,14:57:45,229.550000,22955,9182,5770,231,8,0,0,0.02100648,0.24787526,0.90789951,1.12015452,1.15014101,1.15014101,1.15014101
2025/10/21,14:57:46,228.350000,22835,9134,5539,226,8,0,0,0.02089708,0.24658443,0.88025971,1.08773238,1.11784897,1.11784897,1.11784897
2025/10/21,14:57:47,227.180000,22718,9087,5335,221,8,0,0,0.02078947,0.24531460,0.85556133,1.05834775,1.08782471,1.08782471,1.08782471
2025/10/21,14:57:48,226.010000,22601,9040,5149,216,8,0,0,0.02068305,0.24405902,0.83303435,1.03139349,1.06087045,1.06087045,1.06087045
2025/10/21,14:57:49,224.990000,22499,8999,4966,211,7,0,0,0.02058949,0.24295506,0.81109124,1.00502310,1.03156574,1.03156574,1.03156574
2025/10/21,14:57:50,224.490000,22449,8979,4835,208,6,0,0,0.02054409,0.24241929,0.79554503,0.98598668,1.01048757,1.01048757,1.01048757
2025/10/21,14:57:51,224.790000,22479,8991,4832,207,6,0,0,0.02057123,0.24273961,0.79554221,0.98498182,1.00948271,1.00948271,1.00948271
2025/10/21,14:57:52,225.690000,22569,9027,4884,206,6,0,0,0.02065332,0.24370819,0.80244874,0.99179134,1.01629223,1.01629223,1.01629223
2025/10/21,14:57:53,226.520000,22652,9061,4910,206,6,0,0,0.02072975,0.24461005,0.80626702,0.99506056,1.01956145,1.01956145,1.01956145
2025/10/21,14:57:54,227.340000,22734,9093,4932,205,6,0,0,0.02080482,0.24549573,0.80963698,0.99788146,1.02238235,1.02238235,1.02238235
2025/10/21,14:57:55,228.150000,22815,9126,4950,205,6,0,0,0.02087850,0.24636518,0.81266345,1.00045495,1.02495584,1.02495584,1.02495584
2025/10/21,14:57:56,228.980000,22898,9159,4976,204,6,0,0,0.02095412,0.24725748,0.81647217,1.00368258,1.02818347,1.02818347,1.02818347
2025/10/21,14:57:57,230.460000,23046,9218,5182,206,6,0,0,0.02109034,0.24886483,0.84161708,1.03021662,1.05471751,1.05471751,1.05471751
2025/10/21,14:57:58,232.050000,23205,9282,5443,207,6,0,0,0.02123534,0.25057605,0.87323994,1.06332653,1.08782742,1.08782742,1.08782742
2025/10/21,14:57:59,232.790000,23279,9311,5552,206,6,0,0,0.02130298,0.25137400,0.88645493,1.07544247,1.09994336,1.09994336,1.09994336
2025/10/21,14:58:00,233.190000,23319,9327,5644,205,7,0,0,0.02134005,0.25181156,0.89747575,1.08542923,1.11388713,1.12261043,1.12261043
2025/10/21,14:58:01,233.700000,23370,9348,5762,205,8,0,0,0.02138626,0.25235686,0.91151661,1.09921111,1.12919760,1.15431578,1.15431578
2025/10/21,14:58:02,234.520000,23452,9380,5930,206,8,1,0,0.02146140,0.25324348,0.93162272,1.12096532,1.15031580,1.18415728,1.18415728
2025/10/21,14:58:03,235.980000,23598,9439,6217,213,7,1,0,0.02159470,0.25481647,0.96601977,1.16153476,1.18884350,1.23360459,1.23360459
2025/10/21,14:58:04,237.530000,23753,9501,6501,220,6,1,0,0.02173651,0.25648962,1.00019384,1.20233419,1.22734462,1.28194263,1.28194263
2025/10/21,14:58:05,238.030000,23803,9521,6549,225,6,1,0,0.02178263,0.25703394,1.00613886,1.21231849,1.23516070,1.29412037,1.29412037
2025/10/21,14:58:06,237.800000,23780,9512,6458,228,5,2,0,0.02176130,0.25678226,0.99552204,1.20438384,1.22531078,1.28754942,1.28754942
2025/10/21,14:58:07,237.760000,23776,9510,6408,231,5,2,0,0.02175774,0.25674031,0.98975627,1.20146222,1.22060399,1.28612160,1.28612160
2025/10/21,14:58:08,237.540000,23754,9501,6330,233,4,2,0,0.02173813,0.25650868,0.98056127,1.19465839,1.21214148,1.27985539,1.27985539
2025/10/21,14:58:09,238.000000,23800,9520,6376,246,4,2,0,0.02177965,0.25699869,0.98634285,1.21158961,1.22792354,1.29563745,1.29563745
2025/10/21,14:58:10,238.420000,23842,9537,6410,259,5,2,0,0.02181850,0.25745723,0.99068732,1.22853783,1.24959125,1.31730516,1.31730516
2025/10/21,14:58:11,238.500000,23850,9540,6365,275,6,2,0,0.02182554,0.25754017,0.98569681,1.23744319,1.25926272,1.32478033,1.32478033
2025/10/21,14:58:12,238.480000,23848,9539,6302,289,5,2,0,0.02182367,0.25751824,0.97844029,1.24372748,1.26427137,1.32762362,1.32762362
2025/10/21,14:58:13,238.470000,23847,9538,6242,303,5,1,0,0.02182254,0.25750490,0.97151561,1.24921255,1.26835432,1.32951028,1.32951028
2025/10/21,14:58:14,238.180000,23818,9527,6139,315,4,1,0,0.02179678,0.25720079,0.95944472,1.24809638,1.26570594,1.32466561,1.32466561
2025/10/21,14:58:15,237.600000,23760,9504,5997,325,4,1,0,0.02174368,0.25657444,0.94262041,1.24067661,1.25675397,1.31354827,1.31354827
2025/10/21,14:58:16,237.150000,23715,9486,5863,335,4,1,0,0.02170258,0.25608920,0.92680160,1.23358333,1.25030031,1.30489832,1.30489832
2025/10/21,14:58:17,236.210000,23621,9448,5624,335,4,1,0,0.02161571,0.25506435,0.89845839,1.20533712,1.22332974,1.27248342,1.27248342
2025/10/21,14:58:18,235.110000,23511,9404,5375,332,5,1,0,0.02151514,0.25387745,0.86876549,1.17270307,1.19184484,1.23552325,1.23552325
2025/10/21,14:58:19,233.770000,23377,9350,5096,321,5,1,0,0.02139256,0.25243123,0.83535960,1.12953758,1.14982851,1.18806258,1.18806258
2025/10/21,14:58:20,232.910000,23291,9316,4933,315,5,1,0,0.02131381,0.25150175,0.81585701,1.10460567,1.12591567,1.16087077,1.16087077
2025/10/21,14:58:21,232.680000,23268,9307,5051,316,6,1,0,0.02129296,0.25125578,0.82910671,1.11914842,1.14096795,1.17372675,1.17372675
2025/10/21,14:58:22,232.780000,23278,9311,5277,319,6,1,0,0.02130272,0.25137112,0.85502964,1.14746252,1.16941214,1.20108826,1.20108826
2025/10/21,14:58:23,233.310000,23331,9332,5606,323,6,1,0,0.02135097,0.25194028,0.89328229,1.18920538,1.21140796,1.24308408,1.24308408
2025/10/21,14:58:24,233.440000,23344,9337,5866,325,6,0,0,0.02136293,0.25208137,0.92311690,1.22136710,1.24356968,1.27304951,1.27304951
2025/10/21,14:58:25,233.110000,23311,9324,6045,326,6,0,0,0.02133213,0.25171815,0.94326981,1.24187507,1.26459080,1.29407063,1.29407063
2025/10/21,14:58:26,233.020000,23302,9320,6260,327,6,0,0,0.02132399,0.25162188,0.96768450,1.26748581,1.29071107,1.31799461,1.31799461
2025/10/21,14:58:27,234.130000,23413,9365,6674,332,6,0,0,0.02142553,0.25282019,1.01628505,1.32061064,1.34370580,1.37098934,1.37098934
2025/10/21,14:58:28,235.470000,23547,9419,7114,335,6,0,0,0.02154865,0.25427308,1.06805672,1.37522645,1.39806866,1.42535220,1.42535220
2025/10/21,14:58:29,236.590000,23659,9463,7376,333,6,0,0,0.02165119,0.25548287,1.09928315,1.40470778,1.42793304,1.45521658,1.45521658
2025/10/21,14:58:30,237.500000,23750,9500,7530,331,6,0,0,0.02173425,0.25646292,1.11786281,1.42134833,1.44457359,1.46857815,1.46857815
2025/10/21,14:58:31,238.000000,23800,9520,7546,328,6,0,0,0.02178004,0.25700343,1.12024122,1.42059159,1.44419990,1.46712178,1.46712178
2025/10/21,14:58:32,238.960000,23896,9558,7624,326,6,0,0,0.02186804,0.25804164,1.13013380,1.42883607,1.45244438,1.47536626,1.47536626
2025/10/21,14:58:33,240.300000,24030,9612,7820,326,6,0,0,0.02199036,0.25948498,1.15403618,1.45264144,1.47624975,1.49917163,1.49917163
2025/10/21,14:58:34,241.800000,24180,9672,8130,327,6,0,0,0.02212754,0.26110376,1.19106829,1.49032053,1.51392884,1.53685072,1.53685072
2025/10/21,14:58:35,242.220000,24222,9688,8217,324,6,0,0,0.02216574,0.26155468,1.20145610,1.49841326,1.52214805,1.54070828,1.54070828
2025/10/21,14:58:36,242.360000,24236,9694,8217,320,6,0,0,0.02217883,0.26170912,1.20161054,1.49498049,1.51909833,1.53765856,1.53765856
2025/10/21,14:58:37,242.870000,24287,9714,8270,317,6,0,0,0.02222546,0.26225920,1.20820757,1.49834628,1.52284717,1.54140740,1.54140740
2025/10/21,14:58:38,244.330000,24433,9773,8544,323,6,0,0,0.02235941,0.26383983,1.24120661,1.53732370,1.55978285,1.57834308,1.57834308
2025/10/21,14:58:39,245.890000,24589,9835,8829,334,5,0,0,0.02250177,0.26551961,1.27549644,1.58182611,1.60135094,1.61991117,1.61991117
2025/10/21,14:58:40,246.960000,24696,9878,8977,343,4,0,0,0.02260008,0.26667980,1.29352098,1.60805823,1.62477521,1.64333544,1.64333544
2025/10/21,14:58:41,247.900000,24790,9916,9044,351,5,0,0,0.02268581,0.26769131,1.30224783,1.62395950,1.64361081,1.66325372,1.66325372
2025/10/21,14:58:42,249.750000,24975,9990,9185,360,7,0,0,0.02285483,0.26968571,1.32029870,1.65047784,1.67753001,1.70045189,1.70045189
2025/10/21,14:58:43,252.780000,25278,10111,9411,372,9,0,0,0.02313210,0.27295755,1.34951963,1.69046041,1.72542659,1.74834847,1.74834847
2025/10/21,14:58:44,255.410000,25541,10216,9579,382,11,0,0,0.02337335,0.27580421,1.37150892,1.72146532,1.76306625,1.78598813,1.78598813
2025/10/21,14:58:45,257.250000,25725,10290,9637,389,12,0,0,0.02354178,0.27779191,1.38018594,1.73621864,1.78305221,1.80597409,1.80597409
2025/10/21,14:58:46,258.690000,25869,10347,9670,388,12,0,0,0.02367315,0.27934203,1.38550886,1.74137958,1.78795658,1.81087846,1.81087846
2025/10/21,14:58:47,260.540000,26054,10421,9779,389,12,0,0,0.02384265,0.28134215,1.39996640,1.75599910,1.79976825,1.82049384,1.82049384
2025/10/21,14:58:48,262.510000,26251,10500,9898,390,11,0,0,0.02402249,0.28346426,1.41563257,1.77269934,1.81430027,1.83286050,1.83286050
2025/10/21,14:58:49,264.190000,26419,10567,9963,390,10,0,0,0.02417658,0.28528229,1.42487906,1.78210689,1.82128303,1.83984326,1.83984326
2025/10/21,14:58:50,264.550000,26455,10582,9861,387,9,0,0,0.02420912,0.28566647,1.41366209,1.76804668,1.80390544,1.82246567,1.82246567
2025/10/21,14:58:51,263.810000,26381,10552,9701,382,8,0,0,0.02414216,0.28487617,1.39458555,1.74438089,1.77539006,1.79286761,1.79286761
2025/10/21,14:58:52,263.660000,26366,10546,9620,378,7,0,0,0.02412768,0.28470551,1.38510002,1.73156621,1.75951096,1.77370953,1.77370953
2025/10/21,14:58:53,263.710000,26371,10548,9568,375,6,0,0,0.02413302,0.28476844,1.37921699,1.72329201,1.74830244,1.76250101,1.76250101
2025/10/21,14:58:54,263.060000,26306,10522,9399,368,5,0,0,0.02407355,0.28406677,1.35925545,1.69689911,1.71795253,1.73215110,1.73215110
2025/10/21,14:58:55,262.310000,26231,10492,9241,359,4,0,0,0.02400449,0.28325169,1.34026714,1.66889518,1.68599521,1.69908017,1.69908017
2025/10/21,14:58:56,262.160000,26216,10486,9197,352,4,0,0,0.02399066,0.28308865,1.33513165,1.65784536,1.67430577,1.68522537,1.68522537
2025/10/21,14:58:57,262.110000,26211,10484,9172,347,4,0,0,0.02398630,0.28303717,1.33222427,1.64979967,1.66702618,1.67794578,1.67794578
2025/10/21,14:58:58,262.160000,26216,10486,9152,341,4,0,0,0.02399108,0.28309344,1.32993375,1.64262981,1.66049595,1.67141555,1.67141555
2025/10/21,14:58:59,262.230000,26223,10489,9123,336,5,0,0,0.02399696,0.28316301,1.32674753,1.63446633,1.65309496,1.66401456,1.66401456
2025/10/21,14:59:00,261.590000,26159,10463,9024,329,5,0,0,0.02393912,0.28248042,1.31469004,1.61613945,1.63540770,1.64632730,1.64632730
2025/10/21,14:59:01,260.740000,26074,10429,8898,322,5,0,0,0.02386059,0.28155377,1.29941545,1.59453050,1.61469134,1.62561094,1.62561094
2025/10/21,14:59:02,259.890000,25989,10395,8706,315,5,0,0,0.02378303,0.28063857,1.27646935,1.56560602,1.58627639,1.59719599,1.59719599
2025/10/21,14:59:03,258.610000,25861,10344,8359,308,5,0,0,0.02366630,0.27926103,1.23546541,1.51733065,1.53889722,1.54542423,1.54542423
2025/10/21,14:59:04,256.910000,25691,10276,7884,302,6,0,0,0.02351069,0.27742487,1.17931566,1.45655962,1.47914525,1.48567226,1.48567226
2025/10/21,14:59:05,255.230000,25523,10209,7452,299,6,0,0,0.02335629,0.27560305,1.12804357,1.40244430,1.42579604,1.43232305,1.43232305
2025/10/21,14:59:06,253.290000,25329,10131,7001,295,6,0,0,0.02317871,0.27350761,1.07433283,1.34504934,1.36916718,1.37569419,1.37569419
2025/10/21,14:59:07,251.060000,25106,10042,6523,290,6,0,0,0.02297472,0.27110046,1.01728885,1.28331911,1.30820306,1.31473007,1.31473007
2025/10/21,14:59:08,248.850000,24885,9954,6091,286,7,0,0,0.02277307,0.26872092,0.96545515,1.22725213,1.25290218,1.25942919,1.25942919
2025/10/21,14:59:09,246.670000,24667,9867,5701,281,7,0,0,0.02257341,0.26636521,0.91850449,1.17613225,1.20241831,1.20894532,1.20894532
2025/10/21,14:59:10,244.510000,24451,9780,5351,277,7,0,0,0.02237606,0.26403623,0.87611686,1.12989935,1.15669856,1.16214289,1.16214289
2025/10/21,14:59:11,242.430000,24243,9697,5040,273,7,0,0,0.02218507,0.26178254,0.83834083,1.08834211,1.11565085,1.11673353,1.11673353
2025/10/21,14:59:12,240.200000,24020,9608,4720,264,7,0,0,0.02198121,0.25937725,0.79933056,1.04096228,1.06776149,1.07428850,1.07428850
2025/10/21,14:59:13,238.190000,23819,9527,4457,254,7,0,0,0.02179775,0.25721223,0.76703977,1.00010702,1.02614012,1.03486342,1.03486342
2025/10/21,14:59:14,236.310000,23631,9452,4235,246,6,0,0,0.02162486,0.25517211,0.73962420,0.96506496,0.99020187,1.00220415,1.00220415
2025/10/21,14:59:15,234.440000,23444,9377,4037,238,6,0,0,0.02145374,0.25315292,0.71493195,0.93300429,0.95737870,0.97157727,0.97157727
2025/10/21,14:59:16,232.850000,23285,9314,3888,232,6,0,0,0.02130838,0.25143786,0.69626355,0.90897154,0.93219680,0.94967435,0.94967435
2025/10/21,14:59:17,232.160000,23216,9286,3843,229,5,0,0,0.02124562,0.25069714,0.69034026,0.90059211,0.92151905,0.94444093,0.94444093
2025/10/21,14:59:18,231.580000,23158,9263,3810,227,5,0,0,0.02119278,0.25007365,0.68593597,0.89434571,0.91335739,0.94064093,0.94064093
2025/10/21,14:59:19,231.030000,23103,9241,3791,225,4,0,0,0.02114188,0.24947303,0.68317832,0.88955195,0.90690494,0.93638477,0.93638477
2025/10/21,14:59:20,230.860000,23086,9234,3862,224,4,0,0,0.02112686,0.24929573,0.69109588,0.89627438,0.91273479,0.94221462,0.94221462
2025/10/21,14:59:21,230.480000,23048,9219,3893,221,4,0,0,0.02109202,0.24888482,0.69424777,0.89713119,0.91346512,0.94294495,0.94294495
2025/10/21,14:59:22,230.030000,23003,9201,3915,219,4,0,0,0.02105098,0.24840052,0.69624763,0.89673988,0.91294371,0.94242354,0.94242354
2025/10/21,14:59:23,229.940000,22994,9197,4043,217,4,0,0,0.02104274,0.24830328,0.71083770,0.91019888,0.92704234,0.95652217,0.95652217
2025/10/21,14:59:24,229.710000,22971,9188,4161,215,4,0,0,0.02102134,0.24805067,0.72408064,0.92153474,0.93837820,0.96677535,0.96677535
2025/10/21,14:59:25,228.590000,22859,9143,4180,210,4,0,0,0.02091929,0.24684658,0.72503759,0.91777341,0.93461687,0.96190041,0.96190041
2025/10/21,14:59:26,227.390000,22739,9095,4191,205,4,0,0,0.02080918,0.24554721,0.72492585,0.91326733,0.93125995,0.95418183,0.95418183
2025/10/21,14:59:27,226.130000,22613,9045,4183,201,5,0,0,0.02069414,0.24418965,0.72270379,0.90671408,0.92572576,0.94645135,0.94645135
2025/10/21,14:59:28,224.470000,22447,8979,4079,195,5,0,0,0.02054209,0.24239547,0.70902982,0.88786976,0.90790412,0.92646435,0.92646435
2025/10/21,14:59:29,223.010000,22301,8920,4008,190,5,0,0,0.02040787,0.24081195,0.69935132,0.87386098,0.89478792,0.91006917,0.91006917
2025/10/21,14:59:30,222.170000,22217,8886,4028,187,5,0,0,0.02033122,0.23990727,0.70071279,0.87266931,0.89397931,0.90817788,0.90817788
2025/10/21,14:59:31,222.210000,22221,8888,4135,190,5,0,0,0.02033484,0.23995015,0.71295870,0.88720939,0.90851939,0.92271796,0.92271796
2025/10/21,14:59:32,222.280000,22228,8891,4222,194,5,0,0,0.02034114,0.24002449,0.72296581,0.90060971,0.92191971,0.93611828,0.93611828
2025/10/21,14:59:33,222.370000,22237,8895,4305,197,5,0,0,0.02034996,0.24012844,0.73257050,0.91364055,0.93495055,0.94914912,0.94914912
2025/10/21,14:59:34,222.540000,22254,8901,4391,201,5,0,0,0.02036564,0.24031339,0.74258321,0.92685247,0.94816247,0.96236104,0.96236104
2025/10/21,14:59:35,222.720000,22272,8909,4470,204,5,0,0,0.02038186,0.24050499,0.75184330,0.93924680,0.96055680,0.97475537,0.97475537
2025/10/21,14:59:36,223.080000,22308,8923,4575,208,5,0,0,0.02041492,0.24089492,0.76421802,0.95540273,0.97671273,0.99091130,0.99091130
2025/10/21,14:59:37,223.280000,22328,8931,4646,212,5,0,0,0.02043269,0.24110465,0.77252673,0.96665259,0.98796259,1.00216116,1.00216116
2025/10/21,14:59:38,222.840000,22284,8913,4619,213,6,0,0,0.02039236,0.24062892,0.76902958,0.96464157,0.98646110,1.00065967,1.00065967
2025/10/21,14:59:39,221.180000,22118,8847,4397,208,6,0,0,0.02024096,0.23884236,0.74186756,0.93276127,0.95547700,0.96639660,0.96639660
2025/10/21,14:59:40,219.490000,21949,8779,4183,202,6,0,0,0.02008594,0.23701293,0.71552707,0.90092740,0.92453571,0.93545531,0.93545531
2025/10/21,14:59:41,218.060000,21806,8722,4027,197,6,0,0,0.01995528,0.23547136,0.69616776,0.87694681,0.90132122,0.91112720,0.91112720
2025/10/21,14:59:42,216.760000,21676,8670,3909,193,6,0,0,0.01983668,0.23407186,0.68127271,0.85836755,0.88325150,0.88977851,0.88977851
2025/10/21,14:59:43,215.820000,21582,8632,3857,191,6,0,0,0.01974984,0.23304704,0.67430994,0.84936867,0.87450558,0.88103259,0.88103259
2025/10/21,14:59:44,214.870000,21487,8594,3803,189,7,0,0,0.01966307,0.23202316,0.66713010,0.84044372,0.86596368,0.87249069,0.87249069
2025/10/21,14:59:45,213.970000,21397,8558,3760,187,7,0,0,0.01958089,0.23105360,0.66119210,0.83285762,0.85850767,0.86723097,0.86723097
2025/10/21,14:59:46,214.120000,21412,8564,3879,190,6,0,0,0.01959424,0.23121092,0.67495409,0.84965776,0.87466819,0.89759007,0.89759007
2025/10/21,14:59:47,214.810000,21481,8592,4075,197,6,1,0,0.01965764,0.23195927,0.69816549,0.87894454,0.90293590,0.93569470,0.93569470
2025/10/21,14:59:48,215.490000,21549,8619,4256,203,6,1,0,0.01972011,0.23269621,0.71952345,0.90582882,0.92905408,0.96945351,0.96945351
2025/10/21,14:59:49,216.060000,21606,8642,4442,209,6,1,0,0.01977198,0.23330825,0.74140690,0.93278561,0.95524476,1.00220214,1.00220214
2025/10/21,14:59:50,216.750000,21675,8670,4737,214,5,1,0,0.01983522,0.23405471,0.77595092,0.97266195,0.99422852,1.04554756,1.04554756
2025/10/21,14:59:51,217.090000,21709,8683,4952,218,5,1,0,0.01986683,0.23442748,0.80094388,1.00104812,1.02235812,1.07695613,1.07695613
2025/10/21,14:59:52,217.160000,21716,8686,5105,221,5,1,0,0.01987313,0.23450183,0.81850872,1.02090713,1.04183407,1.09754569,1.09754569
2025/10/21,14:59:53,217.090000,21709,8683,5225,223,5,1,0,0.01986689,0.23442841,0.83214910,1.03638962,1.05731656,1.11302818,1.11302818
2025/10/21,14:59:54,216.000000,21600,8640,5174,219,5,1,0,0.01976655,0.23324436,0.82513610,1.02627441,1.04771089,1.10014354,1.10014354
2025/10/21,14:59:55,214.560000,21456,8582,5061,213,6,1,0,0.01963486,0.23169042,0.81062386,1.00613885,1.02872448,1.07459918,1.07459918
2025/10/21,14:59:56,213.300000,21330,8532,4978,208,6,1,0,0.01951933,0.23032715,0.79975585,0.99064956,1.01412778,1.05452721,1.05452721
2025/10/21,14:59:57,211.970000,21197,8478,4838,202,6,1,0,0.01939766,0.22889143,0.78234030,0.96809569,0.99234001,1.02729511,1.02729511
2025/10/21,14:59:58,211.870000,21187,8475,4551,196,6,1,0,0.01938893,0.22878846,0.74941327,0.92899628,0.95413319,0.98580931,0.98580931
2025/10/21,14:59:59,212.210000,21221,8488,4284,189,7,0,0,0.01941989,0.22915362,0.71922052,0.89301915,0.91917873,0.94646227,0.94646227
2025/10/21,15:00:00,212.490000,21249,8499,4043,183,7,0,0,0.01944532,0.22945390,0.69198832,0.86016362,0.88696283,0.91096739,0.91096739
2025/10/21,15:00:01,212.920000,21292,8516,3844,178,7,0,0,0.01948452,0.22991629,0.66966442,0.83321844,0.86065366,0.88029657,0.88029657
2025/10/21,15:00:02,213.780000,21378,8551,3725,175,7,0,0,0.01956321,0.23084483,0.65698828,0.81734309,0.84516136,0.86372159,0.86372159
2025/10/21,15:00:03,214.600000,21460,8584,3610,171,7,0,0,0.01963858,0.23173429,0.64470532,0.80192590,0.83012723,0.84649116,0.84649116
2025/10/21,15:00:04,215.130000,21513,8605,3474,167,7,0,0,0.01968689,0.23230438,0.62972783,0.78326419,0.81172209,0.82592066,0.82592066
2025/10/21,15:00:05,215.540000,21554,8621,3352,164,7,0,0,0.01972480,0.23275153,0.61624717,0.76639032,0.79523127,0.80831623,0.80831623
2025/10/21,15:00:06,214.430000,21443,8577,3243,160,8,0,0,0.01962332,0.23155411,0.60252358,0.74953158,0.77862549,0.78954509,0.78954509
2025/10/21,15:00:07,212.910000,21291,8516,3136,157,8,0,0,0.01948355,0.22990485,0.58870767,0.73258144,0.76205840,0.77297800,0.77297800
2025/10/21,15:00:08,212.050000,21205,8482,3109,154,8,0,0,0.01940567,0.22898584,0.58462986,0.72637052,0.75597758,0.76689718,0.76689718
2025/10/21,15:00:09,211.460000,21146,8458,3131,152,8,0,0,0.01935154,0.22834710,0.58659253,0.72632911,0.75606265,0.76698225,0.76698225
2025/10/21,15:00:10,210.640000,21064,8425,3089,149,8,0,0,0.01927614,0.22745761,0.58087186,0.71766820,0.74778479,0.75542541,0.75542541
2025/10/21,15:00:11,210.650000,21065,8426,3173,147,8,0,0,0.01927705,0.22746813,0.59044763,0.72575693,0.75587352,0.76240053,0.76240053
2025/10/21,15:00:12,211.670000,21167,8466,3337,148,8,0,0,0.01937044,0.22857016,0.61033690,0.74609917,0.77621576,0.78274277,0.78274277
2025/10/21,15:00:13,213.120000,21312,8524,3618,150,8,0,0,0.01950294,0.23013363,0.64407817,0.78142358,0.81141007,0.82121605,0.82121605
2025/10/21,15:00:14,214.880000,21488,8595,4005,152,8,0,0,0.01966378,0.23203172,0.69013896,0.83003751,0.85964457,0.87056417,0.87056417
2025/10/21,15:00:15,216.800000,21680,8672,4424,156,8,0,0,0.01984001,0.23411097,0.74015759,0.88293232,0.91215632,0.92307592,0.92307592
2025/10/21,15:00:16,218.110000,21811,8724,4730,158,8,0,0,0.01996006,0.23552763,0.77655945,0.92127328,0.95036719,0.96128679,0.96128679
2025/10/21,15:00:17,219.230000,21923,8769,4982,160,8,0,0,0.02006202,0.23673074,0.80659169,0.95330869,0.98227612,0.99319572,0.99319572
2025/10/21,15:00:18,220.740000,22074,8829,5245,162,7,0,0,0.02020024,0.23836189,0.83834861,0.98700472,1.01571558,1.02663518,1.02663518
2025/10/21,15:00:19,221.280000,22128,8851,5388,162,7,0,0,0.02024952,0.23894343,0.85534224,1.00428935,1.03300021,1.04391981,1.04391981
2025/10/21,15:00:20,220.960000,22096,8838,5433,165,7,0,0,0.02022076,0.23860404,0.86008029,1.01158054,1.03965539,1.05057499,1.05057499
2025/10/21,15:00:21,220.470000,22047,8818,5383,173,7,0,0,0.02017536,0.23806827,0.85382070,1.01249538,1.03903802,1.04995762,1.04995762
2025/10/21,15:00:22,219.780000,21978,8791,5231,180,6,0,0,0.02011266,0.23732845,0.83569540,1.00083347,1.02584390,1.03676350,1.03676350
2025/10/21,15:00:23,219.210000,21921,8768,5072,187,6,0,0,0.02006024,0.23670976,0.81693985,0.98889637,1.01237459,1.02329419,1.02329419
2025/10/21,15:00:24,218.900000,21890,8756,4975,196,6,0,0,0.02003219,0.23637894,0.80548451,0.98497052,1.00692014,1.01783974,1.01783974
2025/10/21,15:00:25,218.470000,21847,8739,4886,203,5,0,0,0.01999277,0.23591371,0.79487239,0.98146876,1.00188617,1.01280577,1.01280577
2025/10/21,15:00:26,217.540000,21754,8701,4769,210,5,0,0,0.01990745,0.23490699,0.78047512,0.97350194,0.99251362,1.00343322,1.00343322
2025/10/21,15:00:27,217.150000,21715,8686,4842,220,4,0,0,0.01987152,0.23448278,0.78836390,0.98976119,1.00724428,1.02144285,1.02144285
2025/10/21,15:00:28,217.050000,21705,8682,4983,226,4,0,0,0.01986318,0.23438457,0.80435464,1.01127825,1.02786514,1.04206371,1.04206371
2025/10/21,15:00:29,217.100000,21710,8684,5141,231,4,0,0,0.01986715,0.23443129,0.82254223,1.03434518,1.05106216,1.06526073,1.06526073
2025/10/21,15:00:30,217.070000,21707,8683,5277,237,4,0,0,0.01986495,0.23440554,0.83806406,1.05565139,1.07236837,1.08656694,1.08656694
2025/10/21,15:00:31,216.800000,21680,8672,5356,242,4,0,0,0.01984023,0.23411381,0.84684482,1.06876334,1.08573328,1.09993185,1.09993185
2025/10/21,15:00:32,216.750000,21675,8670,5521,247,4,0,0,0.01983571,0.23406044,0.86557869,1.09227955,1.10950606,1.12370463,1.12370463
2025/10/21,15:00:33,216.820000,21682,8672,5722,252,4,0,0,0.01984169,0.23413098,0.88864953,1.12016568,1.13764877,1.15184734,1.15184734
2025/10/21,15:00:34,217.060000,21706,8682,5936,258,4,0,0,0.01986327,0.23438553,0.91341103,1.15016250,1.16777206,1.18197063,1.18197063
2025/10/21,15:00:35,216.790000,21679,8671,5968,262,4,0,0,0.01983894,0.23409856,0.91679586,1.15668248,1.17467510,1.18887367,1.18887367
2025/10/21,15:00:36,216.430000,21643,8657,5960,264,5,0,0,0.01980607,0.23371056,0.91554347,1.15798232,1.17661095,1.19189220,1.19189220
2025/10/21,15:00:37,216.010000,21601,8640,5943,263,5,0,0,0.01976784,0.23325961,0.91314950,1.15432825,1.17244735,1.19536923,1.19536923
2025/10/21,15:00:38,215.560000,21556,8622,5920,260,4,0,0,0.01972625,0.23276866,0.90996026,1.14826283,1.16625545,1.19465260,1.19465260
2025/10/21,15:00:39,215.430000,21543,8617,5958,258,4,1,0,0.01971420,0.23262660,0.91413627,1.15098474,1.16833773,1.20109653,1.20109653
2025/10/21,15:00:40,215.180000,21518,8607,5922,257,4,1,0,0.01969200,0.23236447,0.90977020,1.14503553,1.16187899,1.20011306,1.20011306
2025/10/21,15:00:41,214.750000,21475,8590,5817,254,4,1,0,0.01965231,0.23189634,0.89731716,1.13048141,1.14694182,1.18842393,1.18842393
2025/10/21,15:00:42,214.290000,21429,8571,5710,251,4,1,0,0.01960991,0.23139586,0.88461777,1.11484087,1.13117480,1.17485321,1.17485321
2025/10/21,15:00:43,214.460000,21446,8578,5723,249,4,1,0,0.01962542,0.23157892,0.88620248,1.11448739,1.13082132,1.17777870,1.17777870
2025/10/21,15:00:44,214.340000,21434,8573,5674,245,4,1,0,0.01961482,0.23145399,0.88057185,1.10543061,1.12176454,1.16980460,1.16980460
2025/10/21,15:00:45,213.940000,21394,8557,5563,240,4,1,0,0.01957792,0.23101834,0.86739591,1.08747233,1.10431579,1.14907688,1.14907688
2025/10/21,15:00:46,213.560000,21356,8542,5467,236,4,1,0,0.01954350,0.23061221,0.85597439,1.07236659,1.09010263,1.13158474,1.13158474
2025/10/21,15:00:47,213.390000,21339,8535,5415,239,4,1,0,0.01952815,0.23043110,0.84985533,1.06922071,1.08657370,1.12480777,1.12480777
2025/10/21,15:00:48,213.110000,21311,8524,5349,245,4,1,0,0.01950262,0.23012983,0.84199645,1.06685521,1.08382515,1.11878025,1.11878025
2025/10/21,15:00:49,213.300000,21330,8532,5340,254,4,1,0,0.01951981,0.23033287,0.84122598,1.07429323,1.09049706,1.12433854,1.12433854
2025/10/21,15:00:50,214.160000,21416,8566,5390,265,5,1,0,0.01959867,0.23126333,0.84788026,1.09116009,1.10978872,1.14254752,1.14254752
2025/10/21,15:00:51,214.410000,21441,8576,5319,275,5,1,0,0.01962080,0.23152456,0.83993339,1.09213183,1.11318525,1.14486137,1.14486137
2025/10/21,15:00:52,215.010000,21501,8600,5320,287,6,1,0,0.01967639,0.23218045,0.84080741,1.10360643,1.12759779,1.15927391,1.15927391
2025/10/21,15:00:53,216.410000,21641,8656,5459,302,8,1,0,0.01980430,0.23368959,0.85818738,1.13523734,1.16446134,1.19613746,1.19613746
2025/10/21,15:00:54,218.200000,21820,8728,5630,318,9,1,0,0.01996788,0.23562010,0.87966452,1.17080527,1.20500534,1.23668146,1.23668146
2025/10/21,15:00:55,219.940000,21994,8797,5879,327,9,1,0,0.02012730,0.23750103,0.91005133,1.20940057,1.24436675,1.27604287,1.27604287
2025/10/21,15:00:56,221.670000,22167,8867,6168,332,9,1,0,0.02028604,0.23937433,0.94496281,1.24880339,1.28466215,1.31633827,1.31633827
2025/10/21,15:00:57,223.560000,22356,8942,6443,334,9,1,0,0.02045855,0.24140973,0.97842062,1.28465329,1.32051205,1.35218817,1.35218817
2025/10/21,15:00:58,224.690000,22469,8987,6607,334,9,1,0,0.02056212,0.24263189,0.99843002,1.30411271,1.33856574,1.37024186,1.37024186
2025/10/21,15:00:59,225.850000,22585,9034,6801,333,9,0,0,0.02066796,0.24388076,1.02181480,1.32678645,1.35996384,1.38944367,1.38944367
2025/10/21,15:01:00,227.070000,22707,9083,7062,333,8,0,0,0.02077977,0.24520018,1.05304587,1.35827650,1.38979520,1.41927503,1.41927503
2025/10/21,15:01:01,228.450000,22845,9138,7343,336,8,0,0,0.02090636,0.24669405,1.08671353,1.39452933,1.42426287,1.45154641,1.45154641
2025/10/21,15:01:02,229.760000,22976,9190,7599,338,7,0,0,0.02102561,0.24810119,1.11738605,1.42730202,1.45461076,1.48189430,1.48189430
2025/10/21,15:01:03,231.000000,23100,9240,7749,345,6,0,0,0.02113930,0.24944253,1.13589475,1.45198402,1.47725102,1.50125558,1.50125558
2025/10/21,15:01:04,232.120000,23212,9284,7812,352,6,0,0,0.02124174,0.25065136,1.14422905,1.46723377,1.49032893,1.51325081,1.51325081
2025/10/21,15:01:05,232.820000,23282,9312,7798,358,5,0,0,0.02130579,0.25140735,1.14336526,1.47179930,1.49285272,1.51577460,1.51577460
2025/10/21,15:01:06,233.730000,23373,9349,7777,364,5,0,0,0.02138878,0.25238644,1.14196920,1.47528258,1.49467731,1.51323754,1.51323754
2025/10/21,15:01:07,235.330000,23533,9413,7814,372,5,0,0,0.02153582,0.25412152,1.14791733,1.48869614,1.50681524,1.52537547,1.52537547
2025/10/21,15:01:08,236.710000,23671,9468,7725,377,4,0,0,0.02166160,0.25560585,1.13925066,1.48487678,1.50197681,1.52053704,1.52053704
2025/10/21,15:01:09,237.320000,23732,9492,7506,376,4,0,0,0.02171744,0.25626461,1.11485721,1.45967529,1.47626218,1.49482241,1.49482241
2025/10/21,15:01:10,237.670000,23767,9506,7277,375,4,0,0,0.02174944,0.25664214,1.08910390,1.43233885,1.44969184,1.46605577,1.46605577
2025/10/21,15:01:11,237.510000,23751,9500,6953,366,5,0,0,0.02173506,0.25647245,1.05179197,1.38685045,1.40535260,1.41955117,1.41955117
2025/10/21,15:01:12,237.210000,23721,9488,6629,355,5,0,0,0.02170781,0.25615116,1.01443357,1.33973246,1.35938377,1.37138605,1.37138605
2025/10/21,15:01:13,236.820000,23682,9473,6385,346,5,0,0,0.02167210,0.25572978,0.98615246,1.30363086,1.32417475,1.33509435,1.33509435
2025/10/21,15:01:14,236.080000,23608,9443,6164,338,5,0,0,0.02160385,0.25492423,0.96008057,1.27028754,1.29159754,1.30251714,1.30251714
2025/10/21,15:01:15,234.500000,23450,9380,5852,328,6,0,0,0.02145923,0.25321776,0.92263351,1.22298388,1.24518646,1.25499244,1.25499244
2025/10/21,15:01:16,232.720000,23272,9308,5557,317,6,0,0,0.02129642,0.25129675,0.88702406,1.17725977,1.20048503,1.20701204,1.20701204
2025/10/21,15:01:17,231.570000,23157,9263,5453,308,6,0,0,0.02119188,0.25006314,0.87380554,1.15573576,1.17959703,1.18612404,1.18612404
2025/10/21,15:01:18,231.840000,23184,9273,5608,302,6,0,0,0.02121605,0.25034820,0.89190834,1.16840924,1.19278365,1.19931066,1.19931066
2025/10/21,15:01:19,232.260000,23226,9290,5775,297,6,0,0,0.02125441,0.25080103,0.91136242,1.18327406,1.20790143,1.21442844,1.21442844
2025/10/21,15:01:20,232.650000,23265,9306,5914,292,6,0,0,0.02129022,0.25122337,0.92776871,1.19509201,1.22010244,1.22662945,1.22662945
2025/10/21,15:01:21,232.880000,23288,9315,5993,285,7,0,0,0.02131155,0.25147505,0.93697976,1.19838874,1.22390870,1.23043571,1.23043571
2025/10/21,15:01:22,233.090000,23309,9323,6058,279,7,0,0,0.02133029,0.25169622,0.94465353,1.20043919,1.22634220,1.23286921,1.23286921
2025/10/21,15:01:23,233.530000,23353,9341,6182,274,7,0,0,0.02137123,0.25217955,0.95938792,1.21068224,1.23671534,1.24324235,1.24324235
2025/10/21,15:01:24,234.350000,23435,9374,6387,271,7,0,0,0.02144550,0.25305569,0.98369649,1.23185566,1.25827182,1.26479883,1.26479883
2025/10/21,15:01:25,234.730000,23473,9389,6458,270,7,0,0,0.02148111,0.25347609,0.99221587,1.23992298,1.26633914,1.27286615,1.27286615
2025/10/21,15:01:26,233.780000,23378,9351,6288,269,7,0,0,0.02139369,0.25244457,0.97174685,1.21870998,1.24537910,1.25190611,1.25190611
2025/10/21,15:01:27,232.670000,23267,9306,6111,268,7,0,0,0.02129216,0.25124626,0.95025053,1.19637359,1.22317280,1.22969981,1.22969981
2025/10/21,15:01:28,231.650000,23165,9266,5970,268,7,0,0,0.02119899,0.25014704,0.93306247,1.17863647,1.20594521,1.21247222,1.21247222
2025/10/21,15:01:29,231.430000,23143,9257,5997,272,7,0,0,0.02117840,0.24990396,0.93594993,1.18540214,1.21245431,1.21898132,1.21898132
2025/10/21,15:01:30,232.440000,23244,9297,6264,281,7,0,0,0.02127115,0.25099839,0.96760238,1.22561815,1.25216079,1.26088409,1.26088409
2025/10/21,15:01:31,234.000000,23400,9360,6601,293,7,0,0,0.02141431,0.25268771,1.00773046,1.27631386,1.30234696,1.31326656,1.31326656
2025/10/21,15:01:32,235.220000,23522,9409,6803,302,7,0,0,0.02152580,0.25400330,1.03215547,1.30930243,1.33495248,1.34587208,1.34587208
2025/10/21,15:01:33,236.450000,23645,9458,6944,306,7,0,0,0.02163817,0.25532939,1.04967540,1.33040957,1.35592953,1.36684913,1.36684913
2025/10/21,15:01:34,237.570000,23757,9502,7043,307,7,0,0,0.02174055,0.25653727,1.06222192,1.34360307,1.36912303,1.38004263,1.38004263
2025/10/21,15:01:35,239.050000,23905,9562,7216,310,7,0,0,0.02187612,0.25813696,1.08358225,1.36728960,1.39280956,1.40372916,1.40372916
2025/10/21,15:01:36,240.960000,24096,9638,7489,314,6,0,0,0.02205111,0.26020190,1.11685148,1.40440502,1.42954193,1.44046153,1.44046153
2025/10/21,15:01:37,243.320000,24332,9732,7899,318,6,0,0,0.02226634,0.26274158,1.16625214,1.45729589,1.48230632,1.49322592,1.49322592
2025/10/21,15:01:38,244.680000,24468,9787,8084,317,6,0,0,0.02239083,0.26421066,1.18899263,1.47922834,1.50436525,1.51528485,1.51528485
2025/10/21,15:01:39,245.230000,24523,9809,8091,313,7,0,0,0.02244134,0.26480652,1.19034387,1.47679837,1.50231833,1.51323793,1.51323793
2025/10/21,15:01:40,245.950000,24595,9838,8107,309,7,0,0,0.02250733,0.26558538,1.19296063,1.47582791,1.50173092,1.51265052,1.51265052
2025/10/21,15:01:41,246.410000,24641,9856,8087,305,7,0,0,0.02254998,0.26608873,1.19119795,1.47067202,1.49657503,1.50749463,1.50749463
2025/10/21,15:01:42,247.150000,24715,9886,8118,302,7,0,0,0.02261769,0.26688764,1.19555954,1.47260950,1.49889556,1.50981516,1.50981516
2025/10/21,15:01:43,247.740000,24774,9909,8105,299,7,0,0,0.02267166,0.26752446,1.19468159,1.46853234,1.49494850,1.50586810,1.50586810
2025/10/21,15:01:44,248.070000,24807,9923,8014,294,7,0,0,0.02270181,0.26788009,1.18456720,1.45444365,1.48124286,1.48996616,1.48996616
2025/10/21,15:01:45,247.340000,24734,9893,7650,287,7,0,0,0.02263459,0.26708691,1.14220060,1.40490262,1.43208488,1.43861189,1.43861189
2025/10/21,15:01:46,246.740000,24674,9869,7376,280,7,0,0,0.02257988,0.26644148,1.11013276,1.36685548,1.39467375,1.40120076,1.40120076
2025/10/21,15:01:47,246.410000,24641,9856,7231,275,7,0,0,0.02254992,0.26608780,1.09325798,1.34539237,1.37321064,1.37973765,1.37973765
2025/10/21,15:01:48,245.810000,24581,9832,7078,270,7,0,0,0.02249505,0.26544047,1.07512005,1.32263315,1.35083448,1.35736149,1.35736149
2025/10/21,15:01:49,245.170000,24517,9807,6956,266,7,0,0,0.02243649,0.26474932,1.06050110,1.30423299,1.33243432,1.33896133,1.33896133
2025/10/21,15:01:50,244.400000,24440,9776,6829,262,7,0,0,0.02236546,0.26391133,1.04508492,1.28487454,1.31333244,1.31985945,1.31985945
2025/10/21,15:01:51,243.660000,24366,9746,6721,258,7,0,0,0.02229759,0.26311051,1.03197606,1.26833952,1.29641437,1.31061294,1.31061294
2025/10/21,15:01:52,242.780000,24278,9711,6593,254,7,0,0,0.02221696,0.26215908,1.01633744,1.24904963,1.27661133,1.30061589,1.30061589
2025/10/21,15:01:53,242.480000,24248,9699,6654,257,7,0,0,0.02219007,0.26184163,1.02304046,1.25840188,1.28507100,1.31563351,1.31563351
2025/10/21,15:01:54,242.510000,24251,9700,6845,264,6,1,0,0.02219266,0.26187214,1.04487963,1.28725442,1.31086273,1.35126216,1.35126216
2025/10/21,15:01:55,242.350000,24235,9694,6938,271,5,1,0,0.02217828,0.26170245,1.05529308,1.30374325,1.32390409,1.37194415,1.37194415
2025/10/21,15:01:56,242.280000,24228,9691,7030,278,4,1,0,0.02217188,0.26162714,1.06580103,1.32097265,1.33819916,1.39279717,1.39279717
2025/10/21,15:01:57,243.030000,24303,9721,7150,292,5,1,0,0.02224049,0.26243653,1.08032410,1.34790546,1.36947203,1.42626633,1.42626633
2025/10/21,15:01:58,243.750000,24375,9750,7220,305,8,1,0,0.02230632,0.26321347,1.08909102,1.36872707,1.39846061,1.45742028,1.45742028
2025/10/21,15:01:59,244.180000,24418,9767,7232,316,9,1,0,0.02234558,0.26367679,1.09095598,1.38035162,1.41506122,1.47402089,1.47402089
2025/10/21,15:02:00,244.430000,24443,9777,7217,325,10,1,0,0.02236879,0.26395042,1.08950072,1.38781498,1.42673455,1.48461154,1.48461154
2025/10/21,15:02:01,243.920000,24392,9756,6996,327,11,1,0,0.02232134,0.26339080,1.06367476,1.36337907,1.40447047,1.46126477,1.46126477
2025/10/21,15:02:02,242.800000,24280,9712,6560,322,10,1,0,0.02221916,0.26218485,1.01258641,1.30779846,1.34416675,1.39659940,1.39659940
2025/10/21,15:02:03,242.290000,24229,9691,6257,318,8,1,0,0.02217295,0.26163955,0.97737904,1.26916585,1.29966549,1.34554019,1.34554019
2025/10/21,15:02:04,241.900000,24190,9676,6007,314,7,1,0,0.02213649,0.26120957,0.94833405,1.23653365,1.26231018,1.30270961,1.30270961
2025/10/21,15:02:05,240.770000,24077,9631,5767,305,5,1,0,0.02203366,0.25999598,0.91969698,1.19907405,1.21987451,1.25699497,1.25699497
2025/10/21,15:02:06,239.520000,23952,9580,5558,299,4,1,0,0.02191894,0.25864224,0.89447855,1.16813530,1.18472219,1.21748099,1.21748099
2025/10/21,15:02:07,238.370000,23837,9535,5383,295,4,0,0,0.02181423,0.25740671,0.87315914,1.14351968,1.16061971,1.19118222,1.19118222
2025/10/21,15:02:08,237.790000,23779,9511,5322,293,4,0,0,0.02176107,0.25677941,0.86562050,1.13430091,1.15229353,1.18177336,1.18177336
2025/10/21,15:02:09,237.800000,23780,9512,5352,293,5,0,0,0.02176156,0.25678514,0.86897489,1.13749332,1.15612195,1.18340549,1.18340549
2025/10/21,15:02:10,238.290000,23829,9531,5430,294,5,0,0,0.02180686,0.25731995,0.87847307,1.14809054,1.16710222,1.19438576,1.19438576
2025/10/21,15:02:11,238.350000,23835,9534,5430,294,5,0,0,0.02181155,0.25737524,0.87852836,1.14824283,1.16776766,1.19505120,1.19505120
2025/10/21,15:02:12,238.860000,23886,9554,5501,295,5,0,0,0.02185883,0.25793296,0.88718106,1.15780057,1.17770845,1.20171301,1.20171301
2025/10/21,15:02:13,239.160000,23916,9566,5522,295,5,0,0,0.02188652,0.25825993,0.88988719,1.16024773,1.18079162,1.20371350,1.20371350
2025/10/21,15:02:14,239.370000,23937,9575,5519,291,5,0,0,0.02190553,0.25848399,0.88978412,1.15636344,1.17754696,1.19827255,1.19827255
2025/10/21,15:02:15,239.690000,23969,9587,5524,285,6,0,0,0.02193451,0.25882622,0.89077661,1.15192753,1.17362058,1.19218081,1.19218081
2025/10/21,15:02:16,240.570000,24057,9622,5664,282,6,0,0,0.02201482,0.25977384,0.90770406,1.16636589,1.18818542,1.20674565,1.20674565
2025/10/21,15:02:17,241.320000,24132,9652,5834,280,6,0,0,0.02208359,0.26058515,0.92795300,1.18503170,1.20710780,1.22566803,1.22566803
2025/10/21,15:02:18,241.450000,24145,9658,5916,277,6,0,0,0.02209610,0.26073289,0.93749224,1.19162979,1.21396246,1.23252269,1.23252269
2025/10/21,15:02:19,241.350000,24135,9654,5950,273,6,0,0,0.02208640,0.26061850,0.94126378,1.19191112,1.21462685,1.23099078,1.23099078
2025/10/21,15:02:20,240.680000,24068,9627,5883,268,6,0,0,0.02202526,0.25989683,0.93287938,1.17893838,1.20216364,1.21636221,1.21636221
2025/10/21,15:02:21,240.960000,24096,9638,6006,267,6,0,0,0.02205095,0.26019998,0.94721946,1.19198542,1.21521068,1.22940925,1.22940925
2025/10/21,15:02:22,242.000000,24200,9680,6281,268,6,0,0,0.02214603,0.26132206,0.97986895,1.22534594,1.24857120,1.26276977,1.26276977
2025/10/21,15:02:23,243.160000,24316,9726,6567,270,6,0,0,0.02225245,0.26257761,1.01373444,1.26089157,1.28411683,1.29831540,1.29831540
2025/10/21,15:02:24,243.520000,24352,9740,6658,268,6,0,0,0.02228476,0.26295895,1.02458991,1.27035791,1.29358317,1.30778174,1.30778174
2025/10/21,15:02:25,243.440000,24344,9737,6615,264,6,0,0,0.02227756,0.26287409,1.01953661,1.26197546,1.28571025,1.29990882,1.29990882
2025/10/21,15:02:26,243.580000,24358,9743,6609,262,6,0,0,0.02229048,0.26302663,1.01904289,1.25909057,1.28320841,1.29740698,1.29740698
2025/10/21,15:02:27,244.050000,24405,9762,6657,260,6,0,0,0.02233395,0.26353952,1.02506148,1.26375205,1.28786989,1.29878949,1.29878949
2025/10/21,15:02:28,244.650000,24465,9786,6713,259,6,0,0,0.02238818,0.26417923,1.03207127,1.26972777,1.29410218,1.30502178,1.30502178
2025/10/21,15:02:29,244.700000,24470,9788,6583,255,6,0,0,0.02239335,0.26424024,1.01723096,1.25149425,1.27599514,1.28691474,1.28691474
2025/10/21,15:02:30,244.280000,24428,9771,6347,250,6,0,0,0.02235424,0.26377882,0.98977431,1.21944835,1.24292657,1.25929050,1.25929050
2025/10/21,15:02:31,244.800000,24480,9792,6326,249,5,0,0,0.02240214,0.26434413,0.98796447,1.21605538,1.23736538,1.26248356,1.26248356
2025/10/21,15:02:32,245.320000,24532,9813,6302,246,5,0,0,0.02244996,0.26490851,0.98583056,1.21172339,1.23137470,1.26085453,1.26085453
2025/10/21,15:02:33,245.840000,24584,9833,6281,244,4,1,0,0.02249724,0.26546623,0.98401312,1.20806384,1.22567340,1.25951488,1.25951488
2025/10/21,15:02:34,246.200000,24620,9848,6261,242,5,1,0,0.02253027,0.26585614,0.98202788,1.20423649,1.22337826,1.26161233,1.26161233
2025/10/21,15:02:35,246.410000,24641,9856,6297,240,7,1,0,0.02254944,0.26608209,0.98646288,1.20682939,1.23362860,1.27730701,1.27730701
2025/10/21,15:02:36,246.400000,24640,9856,6326,238,9,1,0,0.02254885,0.26607539,0.98969573,1.20802704,1.24171758,1.28867496,1.28867496
2025/10/21,15:02:37,245.930000,24593,9837,6342,236,10,1,0,0.02250555,0.26556440,0.99102264,1.20715587,1.24531294,1.29446662,1.29446662
2025/10/21,15:02:38,245.180000,24518,9807,6309,232,10,1,0,0.02243665,0.26475123,0.98642866,1.19933065,1.23799726,1.28715094,1.28715094
2025/10/21,15:02:39,243.180000,24318,9727,6031,225,9,1,0,0.02225413,0.26259763,0.95252952,1.15861215,1.19383128,1.23750969,1.23750969
2025/10/21,15:02:40,240.930000,24093,9637,5720,217,8,1,0,0.02204837,0.26016948,0.91446991,1.11366911,1.14582744,1.18622687,1.18622687
2025/10/21,15:02:41,239.590000,23959,9583,5579,212,8,1,0,0.02192579,0.25872326,0.89693473,1.09160965,1.12236225,1.16167900,1.16167900
2025/10/21,15:02:42,238.960000,23896,9558,5539,210,7,1,0,0.02186810,0.25804257,0.89171785,1.08474467,1.11268942,1.14980988,1.14980988
2025/10/21,15:02:43,238.890000,23889,9555,5506,214,7,1,0,0.02186125,0.25796157,0.88786005,1.08428008,1.11031318,1.14635096,1.14635096
2025/10/21,15:02:44,239.510000,23951,9580,5561,219,6,1,0,0.02191797,0.25863079,0.89479024,1.09592855,1.12119555,1.15723333,1.15723333
2025/10/21,15:02:45,241.270000,24127,9650,5785,226,7,1,0,0.02207897,0.26053080,0.92227983,1.12975250,1.15552903,1.19156681,1.19156681
2025/10/21,15:02:46,243.480000,24348,9739,6051,234,7,1,0,0.02228111,0.26291604,0.95511797,1.16950609,1.19630530,1.23234308,1.23234308
2025/10/21,15:02:47,245.640000,24564,9825,6293,241,7,1,0,0.02247953,0.26525743,0.98510097,1.20611445,1.23342319,1.27165726,1.27165726
2025/10/21,15:02:48,248.410000,24841,9936,6608,249,8,1,0,0.02273267,0.26824425,1.02415150,1.25288847,1.28236543,1.32059950,1.32059950
2025/10/21,15:02:49,251.520000,25152,10061,6955,259,8,1,0,0.02301728,0.27160285,1.06724551,1.30483704,1.33584621,1.37408028,1.37408028
2025/10/21,15:02:50,254.090000,25409,10163,7187,265,8,1,0,0.02325281,0.27438184,1.09647847,1.33985530,1.37086447,1.40909854,1.40909854
2025/10/21,15:02:51,255.910000,25591,10236,7285,265,8,1,0,0.02341898,0.27634283,1.10966898,1.35268983,1.38216679,1.41820457,1.41820457
2025/10/21,15:02:52,257.120000,25712,10285,7288,263,7,1,0,0.02353009,0.27765370,1.11130298,1.35254670,1.38010840,1.41394988,1.41394988
2025/10/21,15:02:53,257.860000,25786,10314,7214,261,6,1,0,0.02359747,0.27844877,1.10367594,1.34291558,1.36818258,1.40094138,1.40094138
2025/10/21,15:02:54,258.670000,25867,10347,7199,261,6,1,0,0.02367179,0.27932584,1.10282823,1.34187386,1.36548217,1.39715829,1.39715829
2025/10/21,15:02:55,259.790000,25979,10391,7243,262,6,0,0,0.02377375,0.28052895,1.10910478,1.34915246,1.37224762,1.40281013,1.40281013
2025/10/21,15:02:56,260.570000,26057,10422,7245,262,5,0,0,0.02384533,0.28137361,1.11016357,1.35040525,1.37197182,1.40145165,1.40145165
2025/10/21,15:02:57,260.100000,26010,10404,7043,258,5,0,0,0.02380203,0.28086262,1.08654727,1.32339574,1.34151484,1.36879838,1.36879838
2025/10/21,15:02:58,259.380000,25938,10375,6821,254,4,0,0,0.02373633,0.28008753,1.06039673,1.29336698,1.30970091,1.33370547,1.33370547
2025/10/21,15:02:59,258.700000,25870,10348,6638,250,4,0,0,0.02367422,0.27935444,1.03871536,1.26800140,1.28548449,1.30840637,1.30840637
2025/10/21,15:03:00,258.150000,25815,10326,6554,247,5,0,0,0.02362364,0.27875764,1.02850882,1.25466062,1.27290981,1.29147004,1.29147004
2025/10/21,15:03:01,257.500000,25750,10300,6458,243,5,0,0,0.02356418,0.27805601,1.01679579,1.23955438,1.25882263,1.27738286,1.27738286
2025/10/21,15:03:02,256.610000,25661,10264,6367,238,5,0,0,0.02348323,0.27710075,1.00547552,1.22345086,1.24361170,1.25781027,1.25781027
2025/10/21,15:03:03,255.880000,25588,10235,6361,233,5,0,0,0.02341640,0.27631233,1.00392760,1.21766966,1.23859660,1.25496053,1.25496053
2025/10/21,15:03:04,255.610000,25561,10224,6453,230,5,0,0,0.02339112,0.27601396,1.01421249,1.22536938,1.24667938,1.27179756,1.27179756
2025/10/21,15:03:05,256.960000,25696,10278,6875,231,5,1,0,0.02351512,0.27747731,1.06394247,1.27574542,1.29667236,1.33051384,1.33051384
2025/10/21,15:03:06,258.740000,25874,10349,7368,233,5,1,0,0.02367777,0.27939638,1.12222315,1.33577121,1.35631510,1.39671453,1.39671453
2025/10/21,15:03:07,260.510000,26051,10420,7808,235,5,1,0,0.02384016,0.28131260,1.17445815,1.39004231,1.41020315,1.45607785,1.45607785
2025/10/21,15:03:08,262.040000,26204,10481,8109,236,5,1,0,0.02397961,0.28295806,1.21054744,1.42732765,1.44723553,1.49747189,1.49747189
2025/10/21,15:03:09,262.980000,26298,10519,8303,236,5,1,0,0.02406622,0.28398003,1.23370532,1.45058161,1.47048949,1.52400482,1.52400482
2025/10/21,15:03:10,263.620000,26362,10544,8365,236,5,1,0,0.02412413,0.28466356,1.24151432,1.45755055,1.47745843,1.53205644,1.53205644
2025/10/21,15:03:11,263.790000,26379,10551,8286,233,5,1,0,0.02414029,0.28485423,1.23263650,1.44637856,1.46653940,1.52113741,1.52113741
2025/10/21,15:03:12,263.220000,26322,10528,8060,228,5,1,0,0.02408755,0.28423171,1.20620638,1.41542416,1.43635110,1.48767014,1.48767014
2025/10/21,15:03:13,261.000000,26100,10440,7512,220,6,1,0,0.02388450,0.28183597,1.14107883,1.34292818,1.36513076,1.40989185,1.40989185
2025/10/21,15:03:14,258.360000,25836,10334,6907,211,6,1,0,0.02364287,0.27898454,1.06912150,1.26289138,1.28649969,1.32473376,1.32473376
2025/10/21,15:03:15,255.700000,25570,10228,6352,203,6,1,0,0.02339943,0.27611213,1.00275800,1.18861039,1.21323776,1.24599656,1.24599656
2025/10/21,15:03:16,253.070000,25307,10122,5851,195,7,0,0,0.02315860,0.27327024,0.94258099,1.12106587,1.14684240,1.17523955,1.17523955
2025/10/21,15:03:17,250.460000,25046,10018,5399,187,7,0,0,0.02292050,0.27046076,0.88804709,1.05961560,1.08628472,1.11028928,1.11028928
2025/10/21,15:03:18,248.040000,24804,9921,5009,180,7,0,0,0.02269874,0.26784386,0.84083936,1.00588043,1.03331565,1.05187588,1.05187588
2025/10/21,15:03:19,246.560000,24656,9862,4764,174,7,0,0,0.02256317,0.26624416,0.81127091,0.97133472,0.99940957,1.01360814,1.01360814
2025/10/21,15:03:20,245.220000,24522,9809,4564,170,7,0,0,0.02244075,0.26479983,0.78693541,0.94250697,0.97109135,0.98417631,0.98417631
2025/10/21,15:03:21,244.270000,24427,9770,4454,166,7,0,0,0.02235327,0.26376738,0.77327179,0.92541811,0.95425906,0.96517866,0.96517866
2025/10/21,15:03:22,244.080000,24408,9763,4431,167,7,0,0,0.02233621,0.26356622,0.77047735,0.92365774,0.95211564,0.96303524,0.96303524
2025/10/21,15:03:23,244.540000,24454,9781,4466,174,7,0,0,0.02237822,0.26406194,0.77496800,0.93503181,0.96221407,0.97313367,0.97313367
2025/10/21,15:03:24,244.900000,24490,9796,4497,181,7,0,0,0.02241160,0.26445568,0.77892453,0.94535473,0.97125774,0.98545631,0.98545631
2025/10/21,15:03:25,245.240000,24524,9809,4527,188,6,0,0,0.02244253,0.26482081,0.78263833,0.95504691,0.97993086,0.99412943,0.99412943
2025/10/21,15:03:26,245.600000,24560,9824,4561,195,6,0,0,0.02247566,0.26521168,0.78702413,0.96560601,0.98934080,1.00353937,1.00353937
2025/10/21,15:03:27,245.420000,24542,9816,4544,201,6,0,0,0.02245885,0.26501337,0.78477379,0.96943106,0.99214679,1.00634536,1.00634536
2025/10/21,15:03:28,245.740000,24574,9829,4606,210,5,0,0,0.02248794,0.26535659,0.79224248,0.98507530,1.00638530,1.02058387,1.02058387
2025/10/21,15:03:29,246.170000,24617,9846,4689,223,5,0,0,0.02252752,0.26582371,0.80221434,1.00674586,1.02652365,1.04072222,1.04072222
2025/10/21,15:03:30,246.470000,24647,9859,4889,235,5,0,0,0.02255525,0.26615073,0.82543254,1.04072570,1.05935433,1.07899724,1.07899724
2025/10/21,15:03:31,246.680000,24668,9867,5140,243,4,0,0,0.02257416,0.26637380,0.85437562,1.07703721,1.09477325,1.12533576,1.12533576
2025/10/21,15:03:32,247.050000,24705,9882,5382,251,4,1,0,0.02260815,0.26677514,0.88241856,1.11215757,1.12912751,1.16516529,1.16516529
2025/10/21,15:03:33,247.730000,24773,9909,5657,259,4,1,0,0.02267004,0.26750540,0.91468024,1.15253075,1.16886468,1.21146041,1.21146041
2025/10/21,15:03:34,248.270000,24827,9930,5888,267,5,1,0,0.02271974,0.26809173,0.94161154,1.18663647,1.20501214,1.25196952,1.25196952
2025/10/21,15:03:35,248.610000,24861,9944,6056,274,5,1,0,0.02275132,0.26846447,0.96120366,1.21204500,1.23207936,1.28339840,1.28339840
2025/10/21,15:03:36,248.860000,24886,9954,6166,278,5,1,0,0.02277387,0.26873044,0.97410491,1.22927653,1.24982042,1.30441843,1.30441843
2025/10/21,15:03:37,248.660000,24866,9946,6171,277,5,1,0,0.02275529,0.26851118,0.97442290,1.22856045,1.24821176,1.30280977,1.30280977
2025/10/21,15:03:38,247.850000,24785,9914,5988,272,4,1,0,0.02268119,0.26763695,0.95260440,1.20195961,1.21956917,1.27416718,1.27416718
2025/10/21,15:03:39,246.930000,24693,9877,5775,266,4,1,0,0.02259717,0.26664549,0.92731600,1.17124189,1.18795887,1.23819523,1.23819523
2025/10/21,15:03:40,247.340000,24734,9893,5841,264,4,1,0,0.02263449,0.26708594,0.93520917,1.17764802,1.19487453,1.24183191,1.24183191
2025/10/21,15:03:41,248.350000,24835,9934,6036,264,4,1,0,0.02272740,0.26818226,0.95865541,1.20038322,1.21786631,1.26262740,1.26262740
2025/10/21,15:03:42,249.410000,24941,9976,6226,263,4,1,0,0.02282445,0.26932723,0.98150404,1.22239178,1.24012782,1.28272355,1.28272355
2025/10/21,15:03:43,250.360000,25036,10014,6397,262,5,1,0,0.02291129,0.27035208,1.00207140,1.24231308,1.26043218,1.30083161,1.30083161
2025/10/21,15:03:44,251.240000,25124,10049,6636,262,5,1,0,0.02299120,0.27129493,1.03044173,1.27032835,1.28844745,1.32776420,1.32776420
2025/10/21,15:03:45,252.840000,25284,10113,7049,264,5,1,0,0.02313783,0.27302522,1.07935614,1.32108395,1.33920305,1.37743712,1.37743712
2025/10/21,15:03:46,255.050000,25505,10202,7516,267,5,1,0,0.02334055,0.27541717,1.13519729,1.38006025,1.39817935,1.43641342,1.43641342
2025/10/21,15:03:47,256.890000,25689,10275,7872,269,5,1,0,0.02350882,0.27740294,1.17789208,1.42411214,1.44223124,1.48046531,1.48046531
2025/10/21,15:03:48,257.560000,25756,10302,7977,266,5,1,0,0.02356958,0.27811986,1.19059379,1.43471368,1.45334231,1.48829741,1.48829741
2025/10/21,15:03:49,257.540000,25754,10301,7926,263,5,1,0,0.02356822,0.27810368,1.18474879,1.42583053,1.44509878,1.47785758,1.47785758
2025/10/21,15:03:50,257.420000,25742,10296,7857,260,5,1,0,0.02355665,0.27796734,1.17672759,1.41477210,1.43467998,1.46635610,1.46635610
2025/10/21,15:03:51,257.480000,25748,10299,7815,256,5,0,0,0.02356295,0.27804168,1.17205162,1.40721995,1.42776384,1.45724367,1.45724367
2025/10/21,15:03:52,258.260000,25826,10330,7794,254,5,0,0,0.02363421,0.27888254,1.17040820,1.40357245,1.42462587,1.45190941,1.45190941
2025/10/21,15:03:53,258.510000,25851,10340,7613,250,6,0,0,0.02365677,0.27914852,1.14994403,1.37952107,1.40121412,1.42741498,1.42741498
2025/10/21,15:03:54,258.140000,25814,10325,7354,245,6,0,0,0.02362306,0.27875096,1.11995796,1.34475266,1.36733829,1.39026017,1.39026017
2025/10/21,15:03:55,257.800000,25780,10312,7121,240,6,0,0,0.02359229,0.27838775,1.09292665,1.31329316,1.33651842,1.35616133,1.35616133
2025/10/21,15:03:56,257.270000,25727,10291,6862,235,6,0,0,0.02354382,0.27781575,1.06277026,1.27796642,1.30182769,1.31930524,1.31930524
2025/10/21,15:03:57,256.550000,25655,10262,6584,229,6,0,0,0.02347763,0.27703496,1.03013480,1.24028965,1.26504712,1.27924569,1.27924569
2025/10/21,15:03:58,256.130000,25613,10245,6369,229,6,0,0,0.02343927,0.27658213,1.00517091,1.21542276,1.24068976,1.25488833,1.25488833
2025/10/21,15:03:59,255.500000,25550,10220,6146,231,7,0,0,0.02338127,0.27589764,0.97900196,1.19044985,1.21622638,1.22714598,1.22714598
2025/10/21,15:04:00,253.690000,25369,10147,5792,230,7,0,0,0.02321587,0.27394614,0.93645455,1.14696446,1.17338062,1.18430022,1.18430022
2025/10/21,15:04:01,251.910000,25191,10076,5469,232,7,0,0,0.02305283,0.27202231,0.89760262,1.11069861,1.13749782,1.14841742,1.14841742
2025/10/21,15:04:02,250.270000,25027,10010,5198,238,7,0,0,0.02290272,0.27025100,0.86484115,1.08291349,1.11022223,1.11674924,1.11674924
2025/10/21,15:04:03,248.530000,24853,9941,4935,242,7,0,0,0.02274356,0.26837293,0.83294631,1.05525192,1.08281362,1.08934063,1.08934063
2025/10/21,15:04:04,246.810000,24681,9872,4701,247,7,0,0,0.02258660,0.26652062,0.80431290,1.03075570,1.05857397,1.06510098,1.06510098
2025/10/21,15:04:05,245.420000,24542,9817,4533,253,7,0,0,0.02245911,0.26501625,0.78358903,1.01526715,1.04308542,1.04961243,1.04961243
2025/10/21,15:04:06,244.430000,24443,9777,4444,256,7,0,0,0.02236830,0.26394471,0.77226148,1.00671878,1.03492011,1.04144712,1.04144712
2025/10/21,15:04:07,244.610000,24461,9784,4571,261,7,0,0,0.02238527,0.26414491,0.78703587,1.02608150,1.05389977,1.06042678,1.06042678
2025/10/21,15:04:08,245.710000,24571,9828,4874,267,7,0,0,0.02248577,0.26533085,0.82288377,1.06800479,1.09544001,1.10196702,1.10196702
2025/10/21,15:04:09,246.630000,24663,9865,5126,270,7,0,0,0.02257002,0.26632516,0.85270720,1.09996133,1.12727007,1.13379708,1.13379708
2025/10/21,15:04:10,247.370000,24737,9895,5325,269,7,0,0,0.02263756,0.26712214,0.87628636,1.12289443,1.15020317,1.15673018,1.15673018
2025/10/21,15:04:11,248.180000,24818,9927,5513,269,7,0,0,0.02271167,0.26799639,0.89865014,1.14487020,1.17217894,1.17870595,1.17870595
2025/10/21,15:04:12,249.550000,24955,9982,5765,270,7,0,0,0.02283663,0.26947118,0.92895406,1.17637016,1.20367890,1.21348488,1.21348488
2025/10/21,15:04:13,251.070000,25107,10043,6029,271,7,0,0,0.02297624,0.27111855,0.96083632,1.20973855,1.23666424,1.24758384,1.24758384
2025/10/21,15:04:14,252.840000,25284,10113,6348,273,7,0,0,0.02313815,0.27302903,0.99924265,1.24953493,1.27633414,1.28397476,1.28397476
2025/10/21,15:04:15,254.060000,25406,10162,6564,272,7,0,0,0.02324925,0.27433989,1.02517359,1.27472280,1.30152201,1.31244161,1.31244161
2025/10/21,15:04:16,254.820000,25482,10192,6673,271,7,0,0,0.02331890,0.27516166,1.03851751,1.28677368,1.31331632,1.33843450,1.33843450
2025/10/21,15:04:17,256.420000,25642,10257,6956,272,7,1,0,0.02346568,0.27689386,1.07264564,1.32200085,1.34790386,1.38285896,1.38285896
2025/10/21,15:04:18,258.730000,25873,10349,7376,276,6,1,0,0.02367664,0.27938305,1.12318333,1.37631976,1.40145667,1.44513508,1.44513508
2025/10/21,15:04:19,260.950000,26095,10438,7747,280,6,1,0,0.02388030,0.28178639,1.16802048,1.42464712,1.44902153,1.50034057,1.50034057
2025/10/21,15:04:20,262.650000,26265,10506,8012,281,6,1,0,0.02403607,0.28362443,1.20009341,1.45801218,1.48187345,1.53758507,1.53758507
2025/10/21,15:04:21,264.830000,26483,10593,8347,283,6,1,0,0.02423562,0.28597916,1.24078189,1.50018770,1.52353944,1.58141643,1.58141643
2025/10/21,15:04:22,266.350000,26635,10654,8544,282,6,1,0,0.02437468,0.28761988,1.26498666,1.52355149,1.54664665,1.60671993,1.60671993
2025/10/21,15:04:23,267.520000,26752,10700,8754,281,6,1,0,0.02448123,0.28887731,1.29021790,1.54768460,1.57040033,1.63155629,1.63155629
2025/10/21,15:04:24,268.250000,26825,10730,8867,279,6,1,0,0.02454829,0.28966858,1.30396347,1.55929706,1.58252232,1.64148199,1.64148199
2025/10/21,15:04:25,268.050000,26805,10722,8764,274,6,1,0,0.02452987,0.28945122,1.29197933,1.54291767,1.56652598,1.62332028,1.62332028
2025/10/21,15:04:26,267.440000,26744,10697,8585,271,6,1,0,0.02447444,0.28879724,1.27080933,1.51906550,1.54330982,1.59462886,1.59462886
2025/10/21,15:04:27,266.930000,26693,10677,8446,269,6,1,0,0.02442742,0.28824238,1.25437964,1.50134277,1.52597014,1.57184484,1.57184484
2025/10/21,15:04:28,266.310000,26631,10652,8301,268,6,1,0,0.02437087,0.28757505,1.23708621,1.48266021,1.50779712,1.54927923,1.54927923
2025/10/21,15:04:29,264.700000,26470,10588,7990,265,7,1,0,0.02422302,0.28583044,1.19981514,1.44235099,1.46787095,1.50499141,1.50499141
2025/10/21,15:04:30,262.810000,26281,10512,7634,261,7,1,0,0.02405038,0.28379319,1.15707298,1.39611861,1.42227819,1.45611967,1.45611967
2025/10/21,15:04:31,260.590000,26059,10423,7138,255,7,0,0,0.02384750,0.28139933,1.09788125,1.33204754,1.35871666,1.38819649,1.38819649
2025/10/21,15:04:32,258.520000,25852,10340,6692,251,7,0,0,0.02365774,0.27915996,1.04467685,1.27489995,1.30220869,1.32949223,1.32949223
2025/10/21,15:04:33,256.970000,25697,10279,6380,253,7,0,0,0.02351609,0.27748876,1.00726517,1.23923338,1.26654212,1.29054668,1.29054668
2025/10/21,15:04:34,255.470000,25547,10218,6085,256,7,0,0,0.02337842,0.27586425,0.97195210,1.20640940,1.23371814,1.25555734,1.25555734
2025/10/21,15:04:35,254.140000,25414,10165,5848,260,7,0,0,0.02325659,0.27442664,0.94341026,1.18171283,1.20902157,1.22758180,1.22758180
2025/10/21,15:04:36,252.910000,25291,10116,5649,264,7,0,0,0.02314397,0.27309768,0.91929912,1.16173797,1.18904671,1.20760694,1.20760694
2025/10/21,15:04:37,252.320000,25232,10092,5567,271,7,0,0,0.02309032,0.27246466,0.90927449,1.15817672,1.18548546,1.20404569,1.20404569
2025/10/21,15:04:38,251.930000,25193,10077,5506,279,7,0,0,0.02305503,0.27204808,0.90194656,1.15747416,1.18427337,1.20283360,1.20283360
2025/10/21,15:04:39,251.660000,25166,10066,5469,286,7,0,0,0.02302989,0.27175158,0.89733189,1.15948393,1.18628314,1.20484337,1.20484337
2025/10/21,15:04:40,251.770000,25177,10070,5495,295,7,0,0,0.02304000,0.27187074,0.90047246,1.17089797,1.19731413,1.21587436,1.21587436
2025/10/21,15:04:41,251.700000,25170,10068,5473,298,7,0,0,0.02303377,0.27179733,0.89791489,1.17137764,1.19779380,1.21635403,1.21635403
2025/10/21,15:04:42,252.360000,25236,10094,5595,300,7,0,0,0.02309404,0.27250853,0.91255790,1.18770169,1.21411785,1.23267808,1.23267808
2025/10/21,15:04:43,253.640000,25364,10145,5876,302,7,0,0,0.02321128,0.27389182,0.94600998,1.22244590,1.24847900,1.26703923,1.26703923
2025/10/21,15:04:44,255.280000,25528,10211,6197,304,7,0,0,0.02336146,0.27566406,0.98460121,1.26323522,1.28913823,1.30769846,1.30769846
2025/10/21,15:04:45,257.130000,25713,10285,6580,306,7,0,0,0.02353063,0.27766034,1.03032793,1.31080404,1.33670705,1.35526728,1.35526728
2025/10/21,15:04:46,259.000000,25900,10360,6946,308,7,0,0,0.02370127,0.27967380,1.07423794,1.35645916,1.38210921,1.40066944,1.40066944
2025/10/21,15:04:47,261.480000,26148,10459,7367,311,7,0,0,0.02392861,0.28235647,1.12507824,1.41023969,1.43575965,1.45431988,1.45431988
2025/10/21,15:04:48,263.970000,26397,10559,7743,313,7,0,0,0.02415677,0.28504871,1.17074554,1.45774910,1.48326906,1.50182929,1.50182929
2025/10/21,15:04:49,266.280000,26628,10651,8072,316,7,0,0,0.02436789,0.28753978,1.21092010,1.50060583,1.52599931,1.54455954,1.54455954
2025/10/21,15:04:50,268.110000,26811,10724,8295,323,6,0,0,0.02453578,0.28952082,1.23838160,1.53469270,1.55970313,1.57826336,1.57826336
2025/10/21,15:04:51,269.110000,26911,10764,8290,328,6,0,0,0.02462649,0.29059142,1.23891495,1.53926532,1.56427575,1.58175330,1.58175330
2025/10/21,15:04:52,269.890000,26989,10795,8239,331,6,0,0,0.02469849,0.29144084,1.23393154,1.53751406,1.56252449,1.57672306,1.57672306
2025/10/21,15:04:53,270.580000,27058,10823,8143,335,6,0,0,0.02476119,0.29218063,1.22365993,1.53108772,1.55609815,1.57029672,1.57029672
2025/10/21,15:04:54,271.650000,27165,10866,8143,347,6,0,0,0.02485895,0.29333418,1.22481348,1.54313194,1.56699321,1.58227446,1.58227446
2025/10/21,15:04:55,272.430000,27243,10897,8141,367,6,0,0,0.02493075,0.29418168,1.22544286,1.56214945,1.58396898,1.60252921,1.60252921
2025/10/21,15:04:56,272.720000,27272,10908,8075,387,5,0,0,0.02495709,0.29449248,1.21819593,1.57258052,1.59223183,1.61079206,1.61079206
2025/10/21,15:04:57,272.920000,27292,10916,7995,404,4,0,0,0.02497535,0.29470793,1.20923389,1.57916246,1.59651545,1.61724104,1.61724104
2025/10/21,15:04:58,272.770000,27277,10911,7849,414,5,0,0,0.02496178,0.29454777,1.19244363,1.57158274,1.59314931,1.61607119,1.61607119
2025/10/21,15:04:59,272.760000,27276,10910,7803,424,8,0,0,0.02496129,0.29454204,1.18714621,1.57578594,1.60653854,1.63165672,1.63165672
2025/10/21,15:05:00,272.900000,27290,10916,7880,435,11,0,0,0.02497357,0.29468695,1.19604048,1.59453681,1.63460553,1.66188907,1.66188907
2025/10/21,15:05:01,272.580000,27258,10903,7877,443,13,0,0,0.02494481,0.29434757,1.19537797,1.60156576,1.65005802,1.67845517,1.67845517
2025/10/21,15:05:02,271.660000,27166,10866,7751,444,14,0,0,0.02486056,0.29335323,1.18001957,1.58643339,1.63862608,1.66810591,1.66810591
2025/10/21,15:05:03,270.570000,27057,10823,7555,434,14,0,0,0.02476061,0.29217395,1.15638125,1.55419857,1.60639126,1.63367480,1.63367480
2025/10/21,15:05:04,270.290000,27029,10811,7386,423,14,0,0,0.02473517,0.29187366,1.13675246,1.52435812,1.57655081,1.60383435,1.60383435
2025/10/21,15:05:05,270.420000,27042,10817,7296,414,14,0,0,0.02474681,0.29201094,1.12663373,1.50606293,1.55710647,1.58439001,1.58439001
2025/10/21,15:05:06,270.600000,27060,10824,7219,405,12,0,0,0.02476287,0.29220065,1.11796907,1.48864071,1.53470818,1.55763006,1.55763006
2025/10/21,15:05:07,270.770000,27077,10831,7087,396,11,0,0,0.02477880,0.29238847,1.10304157,1.46553674,1.50713767,1.52786326,1.52786326
2025/10/21,15:05:08,271.090000,27109,10843,6909,388,10,0,0,0.02480805,0.29273358,1.08308466,1.43847038,1.47611431,1.49467454,1.49467454
2025/10/21,15:05:09,271.410000,27141,10856,6765,382,9,0,0,0.02483762,0.29308250,1.06691249,1.41661083,1.45055433,1.46911456,1.46911456
2025/10/21,15:05:10,271.810000,27181,10872,6652,377,8,0,0,0.02487388,0.29351052,1.05438621,1.39946327,1.43047244,1.44683637,1.44683637
2025/10/21,15:05:11,271.910000,27191,10876,6533,372,7,0,0,0.02488318,0.29362019,1.04099621,1.38148401,1.40994191,1.42414048,1.42414048
2025/10/21,15:05:12,271.350000,27135,10854,6437,368,7,0,0,0.02483148,0.29301004,1.02937467,1.36617826,1.39246432,1.40666289,1.40666289
2025/10/21,15:05:13,270.550000,27055,10822,6310,363,6,0,0,0.02475860,0.29215012,1.01393656,1.34615181,1.36976012,1.38395869,1.38395869
2025/10/21,15:05:14,269.930000,26993,10797,6186,357,5,0,0,0.02470156,0.29147707,0.99911757,1.32654957,1.34785957,1.36205814,1.36205814
2025/10/21,15:05:15,269.800000,26980,10792,6154,353,5,0,0,0.02468999,0.29134073,0.99530944,1.31886322,1.33800499,1.35220356,1.35220356
2025/10/21,15:05:16,269.820000,26982,10793,6170,348,4,0,0,0.02469219,0.29136650,0.99717311,1.31594455,1.33253144,1.34345104,1.34345104
2025/10/21,15:05:17,269.840000,26984,10793,6167,341,4,0,0,0.02469332,0.29137983,0.99686331,1.30972042,1.32643740,1.33735700,1.33735700
2025/10/21,15:05:18,270.120000,27012,10804,6212,336,4,0,0,0.02471908,0.29168393,1.00224085,1.31060571,1.32795870,1.33887830,1.33887830
2025/10/21,15:05:19,270.680000,27068,10827,6306,334,4,0,0,0.02477046,0.29229027,1.01364457,1.31932726,1.33668025,1.35415780,1.35415780
2025/10/21,15:05:20,271.130000,27113,10845,6374,330,4,0,0,0.02481215,0.29278218,1.02191222,1.32475168,1.34197819,1.36926173,1.36926173
2025/10/21,15:05:21,271.310000,27131,10852,6395,326,4,1,0,0.02482857,0.29297573,1.02448092,1.32353916,1.34076567,1.37352447,1.37352447
2025/10/21,15:05:22,270.990000,27099,10839,6361,321,4,1,0,0.02479900,0.29262681,1.02024208,1.31442006,1.33177305,1.36781083,1.36781083
2025/10/21,15:05:23,269.970000,26997,10798,6213,314,4,1,0,0.02470518,0.29151995,1.00218599,1.29003053,1.30776657,1.34600064,1.34600064
2025/10/21,15:05:24,268.350000,26835,10734,5948,306,5,1,0,0.02455695,0.28977061,0.97020176,1.25048387,1.26873306,1.30913249,1.30913249
2025/10/21,15:05:25,266.720000,26672,10669,5691,298,5,1,0,0.02440845,0.28801836,0.93907912,1.21208980,1.23084852,1.27452693,1.27452693
2025/10/21,15:05:26,264.770000,26477,10590,5392,288,5,1,0,0.02422958,0.28590769,0.90273863,1.16718576,1.18658049,1.23134158,1.23134158
2025/10/21,15:05:27,262.540000,26254,10501,5069,278,5,1,0,0.02402605,0.28350621,0.86340905,1.11819358,1.13873747,1.18021958,1.18021958
2025/10/21,15:05:28,260.200000,26020,10408,4752,267,6,1,0,0.02381124,0.28097130,0.82459641,1.06945937,1.09140899,1.12744677,1.12744677
2025/10/21,15:05:29,257.880000,25788,10315,4468,257,6,1,0,0.02359915,0.27846878,0.78959296,1.02514838,1.04824354,1.08100234,1.08100234
2025/10/21,15:05:30,255.610000,25561,10224,4233,247,6,0,0,0.02339128,0.27601584,0.76025380,0.98695466,1.01107250,1.03946965,1.03946965
2025/10/21,15:05:31,253.690000,25369,10147,4159,240,6,0,0,0.02321587,0.27394614,0.74976199,0.96967643,0.99456038,1.02184392,1.02184392
2025/10/21,15:05:32,251.750000,25175,10070,4098,233,7,0,0,0.02303839,0.27185169,0.74064707,0.95400112,0.97952108,1.00352564,1.00352564
2025/10/21,15:05:33,249.540000,24954,9981,4004,225,7,0,0,0.02283641,0.26946834,0.72746645,0.93354908,0.95970866,0.97935157,0.97935157
2025/10/21,15:05:34,247.380000,24738,9895,3915,217,7,0,0,0.02263821,0.26712979,0.71497690,0.91417610,0.94110179,0.95746572,0.95746572
2025/10/21,15:05:35,245.590000,24559,9823,3889,215,7,0,0,0.02247420,0.26519451,0.71012921,0.90709922,0.93440796,0.94860653,0.94860653
2025/10/21,15:05:36,243.990000,24399,9759,3890,215,7,0,0,0.02232839,0.26347375,0.70851356,0.90603263,0.93372442,0.94792299,0.94792299
2025/10/21,15:05:37,242.590000,24259,9703,3915,217,7,0,0,0.02219977,0.26195604,0.70980315,0.90855029,0.93636856,0.95056713,0.95056713
2025/10/21,15:05:38,241.440000,24144,9657,3950,219,7,0,0,0.02209442,0.26071290,0.71255505,0.91330536,0.94112363,0.95532220,0.95532220
2025/10/21,15:05:39,240.020000,24002,9601,3849,220,7,0,0,0.02196483,0.25918374,0.69947313,0.90087042,0.92907175,0.93999135,0.93999135
2025/10/21,15:05:40,239.310000,23931,9572,3820,223,7,0,0,0.02189971,0.25841534,0.69546518,0.89964164,0.92784297,0.93876257,0.93876257
2025/10/21,15:05:41,238.970000,23897,9558,3829,226,7,0,0,0.02186859,0.25804829,0.69607164,0.90354431,0.93174564,0.94266524,0.94266524
2025/10/21,15:05:42,238.900000,23890,9556,3870,231,7,0,0,0.02186238,0.25797490,0.70063956,0.91215151,0.94035284,0.95455141,0.95455141
2025/10/21,15:05:43,239.260000,23926,9570,3945,233,7,0,0,0.02189509,0.25836098,0.70966588,0.92311693,0.95093520,0.96513377,0.96513377
2025/10/21,15:05:44,239.750000,23975,9590,4030,233,7,0,0,0.02194043,0.25889583,0.71991548,0.93381860,0.96163687,0.97583544,0.97583544
2025/10/21,15:05:45,240.140000,24014,9605,4091,233,7,0,0,0.02197572,0.25931241,0.72735241,0.94099747,0.96881574,0.98301431,0.98301431
2025/10/21,15:05:46,240.570000,24057,9623,4159,233,7,0,0,0.02201556,0.25978244,0.73559829,0.94914635,0.97696462,0.99116319,0.99116319
2025/10/21,15:05:47,241.710000,24171,9668,4446,236,7,0,0,0.02211904,0.26100365,0.76964367,0.98603587,1.01347109,1.02766966,1.02766966
2025/10/21,15:05:48,242.650000,24265,9706,4763,239,7,0,0,0.02220591,0.26202849,0.80684123,1.02562460,1.05293334,1.06713191,1.06713191
2025/10/21,15:05:49,244.240000,24424,9769,5216,243,7,0,0,0.02235117,0.26374260,0.86038477,1.08285236,1.10977805,1.12397662,1.12397662
2025/10/21,15:05:50,245.790000,24579,9831,5644,246,7,0,0,0.02249320,0.26541855,0.91108274,1.13658756,1.16338677,1.17758534,1.17758534
2025/10/21,15:05:51,246.560000,24656,9862,5941,246,7,0,0,0.02256366,0.26624989,0.94581665,1.17161247,1.19828159,1.21248016,1.21248016
2025/10/21,15:05:52,247.290000,24729,9891,6221,247,7,0,0,0.02262974,0.26702970,0.97866513,1.20481693,1.23135957,1.24555814,1.24555814
2025/10/21,15:05:53,248.630000,24863,9945,6666,252,7,0,0,0.02275293,0.26848352,1.03097899,1.26184907,1.28800865,1.30220722,1.30220722
2025/10/21,15:05:54,250.230000,25023,10009,7228,264,6,0,0,0.02289900,0.27020716,1.09705410,1.33949295,1.36475995,1.38112388,1.38112388
2025/10/21,15:05:55,251.080000,25108,10043,7505,274,6,0,0,0.02297689,0.27112617,1.12960964,1.38070996,1.40533733,1.42389756,1.42389756
2025/10/21,15:05:56,251.580000,25158,10063,7638,281,6,0,0,0.02302229,0.27166195,1.14537388,1.40264658,1.42689090,1.44217215,1.44217215
2025/10/21,15:05:57,251.390000,25139,10055,7580,285,6,0,0,0.02300542,0.27146271,1.13858642,1.39983434,1.42395218,1.43815075,1.43815075
2025/10/21,15:05:58,250.970000,25097,10039,7482,289,6,0,0,0.02296713,0.27101084,1.12690503,1.39154616,1.41566400,1.42986257,1.42986257
2025/10/21,15:05:59,250.840000,25084,10033,7454,293,6,0,0,0.02295507,0.27086876,1.12352341,1.39249482,1.41635609,1.43055466,1.43055466
2025/10/21,15:06:00,250.480000,25048,10019,7381,297,6,0,0,0.02292227,0.27048170,1.11482324,1.38699386,1.41060217,1.42480074,1.42480074
2025/10/21,15:06:01,249.440000,24944,9977,7116,295,6,0,0,0.02282662,0.26935298,1.08335063,1.35406714,1.37805850,1.39225707,1.39225707
2025/10/21,15:06:02,248.590000,24859,9943,6812,287,6,0,0,0.02274922,0.26843966,1.04767034,1.31046936,1.33535331,1.34627291,1.34627291
2025/10/21,15:06:03,248.380000,24838,9935,6661,281,6,0,0,0.02272992,0.26821183,1.03016604,1.28734174,1.31260874,1.32352834,1.32352834
2025/10/21,15:06:04,247.990000,24799,9919,6516,275,7,0,0,0.02269421,0.26779046,1.01311446,1.26505484,1.29083137,1.30175097,1.30175097
2025/10/21,15:06:05,247.550000,24755,9902,6414,270,7,0,0,0.02265382,0.26731380,1.00097614,1.24868325,1.27471635,1.28563595,1.28563595
2025/10/21,15:06:06,247.110000,24711,9884,6323,266,7,0,0,0.02261333,0.26683616,0.99013337,1.23396226,1.26037842,1.26801904,1.26801904
2025/10/21,15:06:07,246.610000,24661,9864,6224,262,7,0,0,0.02256760,0.26629657,0.97825525,1.21804487,1.24471399,1.25124100,1.25124100
2025/10/21,15:06:08,246.320000,24632,9852,6175,260,7,0,0,0.02254094,0.26598197,0.97232583,1.21101640,1.23730246,1.24494308,1.24494308
2025/10/21,15:06:09,246.730000,24673,9869,6259,267,6,0,0,0.02257868,0.26642719,0.98238080,1.22759882,1.25171666,1.26263626,1.26263626
2025/10/21,15:06:10,247.600000,24760,9904,6404,276,6,0,0,0.02265873,0.26737193,0.99995564,1.25254209,1.27461819,1.28553779,1.28553779
2025/10/21,15:06:11,248.460000,24846,9938,6509,283,5,0,0,0.02273736,0.26829955,1.01286816,1.27233803,1.29224591,1.30316551,1.30316551
2025/10/21,15:06:12,249.410000,24941,9976,6617,290,4,0,0,0.02282413,0.26932343,1.02620408,1.29233134,1.31032396,1.32452253,1.32452253
2025/10/21,15:06:13,250.060000,25006,10002,6655,296,4,0,0,0.02288398,0.27002983,1.03133766,1.30231223,1.31864616,1.33284473,1.33284473
2025/10/21,15:06:14,250.670000,25067,10026,6680,301,5,0,0,0.02293917,0.27068097,1.03479621,1.31039207,1.32953384,1.34373241,1.34373241
2025/10/21,15:06:15,251.130000,25113,10045,6673,305,6,0,0,0.02298190,0.27118529,1.03454114,1.31427419,1.33711640,1.35131497,1.35131497
2025/10/21,15:06:16,251.620000,25162,10065,6676,307,6,0,0,0.02302633,0.27170962,1.03539261,1.31696685,1.34223385,1.35643242,1.35643242
2025/10/21,15:06:17,251.410000,25141,10056,6550,301,6,0,0,0.02300710,0.27148272,1.02080165,1.29675348,1.31857301,1.33057529,1.33057529
2025/10/21,15:06:18,249.980000,24998,9999,6222,292,4,0,0,0.02287600,0.26993547,0.98168003,1.24906739,1.26642038,1.27733998,1.27733998
2025/10/21,15:06:19,247.970000,24797,9919,5826,281,4,0,0,0.02269244,0.26776949,0.93427283,1.19154553,1.20889852,1.21870450,1.21870450
2025/10/21,15:06:20,246.000000,24600,9840,5448,270,5,0,0,0.02251195,0.26563973,0.88884488,1.13616398,1.15517566,1.16170267,1.16170267
2025/10/21,15:06:21,244.050000,24405,9762,5105,259,5,0,0,0.02233405,0.26354049,0.84754738,1.08539789,1.10581530,1.11234231,1.11234231
2025/10/21,15:06:22,242.180000,24218,9687,4805,250,6,0,0,0.02216283,0.26152034,0.81119240,1.04057544,1.06226849,1.06879550,1.06879550
2025/10/21,15:06:23,240.560000,24056,9622,4561,242,6,0,0,0.02201434,0.25976812,0.78158057,1.00359518,1.02618081,1.03162514,1.03162514
2025/10/21,15:06:24,238.750000,23875,9550,4297,233,6,0,0,0.02184871,0.25781378,0.74939133,0.96348845,0.98722324,0.98722324,0.98722324
2025/10/21,15:06:25,237.430000,23743,9497,4154,227,6,0,0,0.02172795,0.25638855,0.73155413,0.94002884,0.96452973,0.96452973,0.96452973
2025/10/21,15:06:26,237.800000,23780,9512,4428,227,6,0,0,0.02176130,0.25678226,0.76337025,0.97177999,0.99615440,0.99940244,0.99940244
2025/10/21,15:06:27,239.520000,23952,9581,4933,231,6,0,0,0.02191932,0.25864699,0.82300225,1.03480520,1.05853999,1.06945959,1.06945959
2025/10/21,15:06:28,242.380000,24238,9695,5719,238,6,0,0,0.02218044,0.26172818,0.91591948,1.13454088,1.15661698,1.18609681,1.18609681
2025/10/21,15:06:29,245.850000,24585,9834,6652,248,5,1,0,0.02249812,0.26547670,1.02645740,1.25344927,1.27374020,1.31413963,1.31413963
2025/10/21,15:06:30,250.720000,25072,10028,7830,260,5,1,0,0.02294376,0.27073530,1.16636501,1.40466758,1.42291677,1.47423581,1.47423581
2025/10/21,15:06:31,255.930000,25593,10237,9026,273,4,1,0,0.02342043,0.27635999,1.30879986,1.55880114,1.57513507,1.63301206,1.63301206
2025/10/21,15:06:32,261.630000,26163,10465,9779,287,5,1,0,0.02394203,0.28251475,1.40113900,1.66422811,1.68579468,1.74695064,1.74695064
2025/10/21,15:06:33,267.010000,26701,10680,10470,299,7,2,0,0.02443447,0.28832536,1.48593177,1.76033250,1.78687514,1.85131007,1.85131007
2025/10/21,15:06:34,270.990000,27099,10839,10980,307,8,2,0,0.02479858,0.29262202,1.54863807,1.82976025,1.85898425,1.92561548,1.92561548
2025/10/21,15:06:35,273.810000,27381,10952,11377,311,8,2,0,0.02505689,0.29566985,1.59700386,1.88226231,1.91327148,1.98098539,1.98098539
2025/10/21,15:06:36,275.830000,27583,11033,11655,314,8,2,0,0.02524190,0.29785300,1.63107793,1.91863147,1.94887454,2.01439215,2.01439215
2025/10/21,15:06:37,277.230000,27723,11089,11803,314,8,2,0,0.02536978,0.29936212,1.64950402,1.93744465,1.96666865,2.02890729,2.02890729
2025/10/21,15:06:38,277.470000,27747,11099,11845,312,7,1,0,0.02539207,0.29962523,1.65450944,1.94051187,1.96705451,2.02601418,2.02601418
2025/10/21,15:06:39,277.120000,27712,11085,11770,308,6,1,0,0.02536002,0.29924678,1.64555938,1.92797460,1.95132634,2.00703796,2.00703796
2025/10/21,15:06:40,276.520000,27652,11060,11589,302,5,1,0,0.02530450,0.29859183,1.62421466,1.90145862,1.92174955,1.97306859,1.97306859
2025/10/21,15:06:41,276.870000,27687,11074,11493,299,4,1,0,0.02533675,0.29897221,1.61362402,1.88747477,1.90482776,1.95178514,1.95178514
2025/10/21,15:06:42,277.030000,27703,11081,11323,294,4,1,0,0.02535194,0.29915143,1.59436974,1.86379321,1.88038010,1.92297583,1.92297583
2025/10/21,15:06:43,276.960000,27696,11078,11112,288,4,1,0,0.02534547,0.29907516,1.57012178,1.83447191,1.85208147,1.89139822,1.89139822
2025/10/21,15:06:44,276.880000,27688,11075,10895,282,5,1,0,0.02533746,0.29898078,1.54527807,1.80374590,1.82237453,1.85732963,1.85732963
2025/10/21,15:06:45,277.060000,27706,11082,10730,276,5,1,0,0.02535410,0.29917716,1.52661446,1.78000895,1.79966026,1.83241906,1.83241906
2025/10/21,15:06:46,277.350000,27735,11094,10532,271,5,0,0,0.02538070,0.29949084,1.50424297,1.75230514,1.77284903,1.80232886,1.80232886
2025/10/21,15:06:47,277.850000,27785,11114,10356,266,5,0,0,0.02542665,0.30003327,1.48460863,1.72808154,1.74939154,1.77667508,1.77667508
2025/10/21,15:06:48,278.530000,27853,11141,10244,262,6,0,0,0.02548864,0.30076449,1.47259556,1.71274024,1.73468986,1.76197340,1.76197340
2025/10/21,15:06:49,278.190000,27819,11127,10037,256,6,0,0,0.02545800,0.30040317,1.44851493,1.68368326,1.70626889,1.72919077,1.72919077
2025/10/21,15:06:50,277.720000,27772,11109,9833,251,6,0,0,0.02541479,0.29989313,1.42463308,1.65475918,1.67811092,1.69883651,1.69883651
2025/10/21,15:06:51,277.230000,27723,11089,9642,246,6,0,0,0.02537020,0.29936691,1.40233046,1.62777122,1.65163249,1.67019272,1.67019272
2025/10/21,15:06:52,276.540000,27654,11061,9437,241,6,0,0,0.02530708,0.29862233,1.37815332,1.59887580,1.62337669,1.64085424,1.64085424
2025/10/21,15:06:53,275.590000,27559,11023,9215,235,6,0,0,0.02521960,0.29758988,1.35168891,1.56743413,1.59257104,1.60676961,1.60676961
2025/10/21,15:06:54,274.330000,27433,10973,8986,230,7,0,0,0.02510455,0.29623232,1.32409951,1.53460942,1.56025947,1.57445804,1.57445804
2025/10/21,15:06:55,273.180000,27318,10927,8660,224,7,0,0,0.02499904,0.29498727,1.28563559,1.49081409,1.51697367,1.52789327,1.52789327
2025/10/21,15:06:56,272.350000,27235,10894,8328,218,7,0,0,0.02492358,0.29409685,1.24673855,1.44703680,1.47370592,1.48462552,1.48462552
2025/10/21,15:06:57,272.060000,27206,10882,8111,215,7,0,0,0.02489666,0.29377937,1.22158688,1.41839491,1.44544708,1.45636668,1.45636668
2025/10/21,15:06:58,271.770000,27177,10870,7913,211,7,0,0,0.02487010,0.29346575,1.19859609,1.39188188,1.41919062,1.42791392,1.42791392
2025/10/21,15:06:59,271.430000,27143,10857,7724,207,7,0,0,0.02483907,0.29309966,1.17663546,1.36672205,1.39454032,1.40106733,1.40106733
2025/10/21,15:07:00,270.980000,27098,10839,7520,203,7,0,0,0.02479803,0.29261537,1.15282774,1.33932711,1.36727186,1.37379887,1.37379887
2025/10/21,15:07:01,271.500000,27150,10860,7510,201,7,0,0,0.02484560,0.29317686,1.15220159,1.33676185,1.36496318,1.37149019,1.37149019
2025/10/21,15:07:02,273.040000,27304,10921,7630,200,7,0,0,0.02498682,0.29484328,1.16769082,1.35160411,1.37980544,1.38633245,1.38633245
2025/10/21,15:07:03,274.950000,27495,10998,7798,201,7,0,0,0.02516085,0.29689678,1.18896370,1.37297399,1.40117532,1.40770233,1.40770233
2025/10/21,15:07:04,276.060000,27606,11042,7811,199,7,0,0,0.02526329,0.29810561,1.19157429,1.37419545,1.40239678,1.40892379,1.40892379
2025/10/21,15:07:05,276.760000,27676,11070,7785,197,7,0,0,0.02532689,0.29885591,1.18941218,1.36973917,1.39832355,1.40485056,1.40485056
2025/10/21,15:07:06,278.400000,27840,11136,8034,196,7,0,0,0.02547723,0.30063006,1.21969232,1.39956633,1.42776766,1.43429467,1.43429467
2025/10/21,15:07:07,280.230000,28023,11209,8311,196,7,0,0,0.02564440,0.30260253,1.25330121,1.43353120,1.46173253,1.46825954,1.46825954
2025/10/21,15:07:08,281.900000,28190,11276,8539,196,7,0,0,0.02579716,0.30440527,1.28112579,1.46106477,1.48926610,1.49579311,1.49579311
2025/10/21,15:07:09,282.950000,28295,11318,8671,195,7,0,0,0.02589356,0.30554260,1.29737845,1.47670340,1.50490473,1.51143174,1.51143174
2025/10/21,15:07:10,283.230000,28323,11329,8741,194,7,0,0,0.02591867,0.30583908,1.30566490,1.48376178,1.51196311,1.51849012,1.51849012
2025/10/21,15:07:11,283.230000,28323,11329,8809,194,7,0,0,0.02591909,0.30584387,1.31355455,1.49148945,1.51969078,1.52621779,1.52621779
2025/10/21,15:07:12,283.840000,28384,11353,8974,195,7,0,0,0.02597516,0.30650548,1.33300340,1.51203734,1.54023867,1.54676568,1.54676568
2025/10/21,15:07:13,284.200000,28420,11368,9028,196,7,0,0,0.02600771,0.30688967,1.33955979,1.51914280,1.54696107,1.55348808,1.55348808
2025/10/21,15:07:14,283.860000,28386,11354,8960,195,7,0,0,0.02597668,0.30652358,1.33141785,1.51009582,1.53829715,1.54482416,1.54482416
2025/10/21,15:07:15,283.770000,28377,11351,8910,194,7,0,0,0.02596844,0.30642634,1.32558066,1.50387154,1.53207287,1.53859988,1.53859988
2025/10/21,15:07:16,283.900000,28390,11356,8876,194,7,0,0,0.02598066,0.30657030,1.32183870,1.50022658,1.52842791,1.53495492,1.53495492
2025/10/21,15:07:17,283.800000,28380,11352,8776,194,7,0,0,0.02597103,0.30645685,1.31038661,1.48832151,1.51652284,1.52304985,1.52304985
2025/10/21,15:07:18,283.280000,28328,11331,8582,193,7,0,0,0.02592394,0.30590108,1.28759004,1.46423281,1.49243414,1.49896115,1.49896115
2025/10/21,15:07:19,282.430000,28243,11297,8346,190,7,0,0,0.02584606,0.30498205,1.25967578,1.43373247,1.46219037,1.46871738,1.46871738
2025/10/21,15:07:20,281.170000,28117,11247,8087,186,7,0,0,0.02573091,0.30362353,1.22873275,1.39975220,1.42846306,1.43499007,1.43499007
2025/10/21,15:07:21,279.900000,27990,11196,7849,183,8,0,0,0.02561403,0.30224406,1.20003480,1.36830711,1.39727454,1.40380155,1.40380155
2025/10/21,15:07:22,278.370000,27837,11134,7582,180,8,0,0,0.02547400,0.30059192,1.16792976,1.33306783,1.36216174,1.36868875,1.36868875
2025/10/21,15:07:23,276.450000,27645,11058,7257,176,8,0,0,0.02529836,0.29851937,1.12860597,1.28996282,1.31943978,1.32596679,1.32596679
2025/10/21,15:07:24,275.370000,27537,11015,6969,172,8,0,0,0.02519973,0.29735537,1.09450879,1.25218143,1.28178849,1.28831550,1.28831550
2025/10/21,15:07:25,274.870000,27487,10995,6762,168,8,0,0,0.02515439,0.29682052,1.07032738,1.22470381,1.25482040,1.25806844,1.25806844
2025/10/21,15:07:26,274.420000,27442,10976,6597,165,8,0,0,0.02511270,0.29632861,1.05093922,1.20253648,1.23265307,1.23265307,1.23265307
2025/10/21,15:07:27,273.770000,27377,10950,6374,162,8,0,0,0.02505317,0.29562601,1.02475605,1.17305710,1.20330017,1.20330017,1.20330017
2025/10/21,15:07:28,273.210000,27321,10928,6136,158,8,0,0,0.02500169,0.29501870,0.99693538,1.14200427,1.17148123,1.17148123,1.17148123
2025/10/21,15:07:29,273.430000,27343,10937,6106,157,8,0,0,0.02502237,0.29526277,0.99372578,1.13750255,1.16697951,1.16697951,1.16697951
2025/10/21,15:07:30,274.220000,27422,10969,6189,156,8,0,0,0.02509486,0.29611792,1.00408156,1.14750235,1.17774542,1.18099346,1.18099346
2025/10/21,15:07:31,275.220000,27522,11008,6321,157,7,0,0,0.02518583,0.29719137,1.02027445,1.16434130,1.19241615,1.20441843,1.20441843
2025/10/21,15:07:32,275.220000,27522,11008,6404,158,7,0,0,0.02518573,0.29719041,1.02977412,1.17464901,1.20055202,1.21911225,1.21911225
2025/10/21,15:07:33,274.480000,27448,10979,6392,158,6,0,0,0.02511861,0.29639821,1.02758027,1.17245516,1.19631643,1.22032099,1.22032099
2025/10/21,15:07:34,273.710000,27371,10948,6360,158,6,0,0,0.02504806,0.29556592,1.02307618,1.16795107,1.19015365,1.21743719,1.21743719
2025/10/21,15:07:35,273.000000,27300,10920,6330,158,5,0,0,0.02498240,0.29479088,1.01884347,1.16371836,1.18451882,1.21399865,1.21399865
2025/10/21,15:07:36,272.460000,27246,10898,6290,158,5,1,0,0.02493302,0.29420838,1.01372878,1.15834561,1.17761386,1.20928998,1.20928998
2025/10/21,15:07:37,271.320000,27132,10852,6087,156,4,1,0,0.02482905,0.29298145,0.98928343,1.13251022,1.15050284,1.18434432,1.18434432
2025/10/21,15:07:38,269.710000,26971,10788,5817,156,4,1,0,0.02468169,0.29124257,0.95666339,1.09979318,1.11701969,1.15086117,1.15086117
2025/10/21,15:07:39,268.170000,26817,10727,5573,161,4,1,0,0.02454085,0.28958087,0.92714608,1.07515612,1.09314874,1.12482486,1.12482486
2025/10/21,15:07:40,266.540000,26654,10661,5330,166,5,0,0,0.02439139,0.28781720,0.89752268,1.05021806,1.06935983,1.09883966,1.09883966
2025/10/21,15:07:41,264.900000,26490,10596,5103,171,5,0,0,0.02424186,0.28605258,0.86984546,1.02687204,1.04703288,1.07431642,1.07431642
2025/10/21,15:07:42,263.300000,26330,10532,4897,176,5,0,0,0.02409521,0.28432226,0.84446846,1.00563131,1.02668473,1.05068929,1.05068929
2025/10/21,15:07:43,261.750000,26175,10470,4747,180,6,0,0,0.02395350,0.28265011,0.82562484,0.99085991,1.01255296,1.03547484,1.03547484
2025/10/21,15:07:44,260.000000,26000,10400,4656,185,6,0,0,0.02379314,0.28075776,0.81336747,0.98309388,1.00555303,1.02627862,1.02627862
2025/10/21,15:07:45,258.220000,25822,10329,4575,190,6,0,0,0.02363043,0.27883774,0.80216084,0.97612144,0.99909012,1.01765035,1.01765035
2025/10/21,15:07:46,256.400000,25640,10256,4484,192,6,0,0,0.02346384,0.27687196,0.78983004,0.96572883,0.98933714,1.00681469,1.00681469
2025/10/21,15:07:47,254.400000,25440,10176,4355,187,6,0,0,0.02328034,0.27470690,0.77287278,0.94428024,0.96878113,0.98297970,0.98297970
2025/10/21,15:07:48,253.000000,25300,10120,4296,183,6,0,0,0.02315269,0.27320064,0.76467319,0.93255749,0.95756792,0.97176649,0.97176649
2025/10/21,15:07:49,251.820000,25182,10072,4271,180,7,0,0,0.02304420,0.27192031,0.76047645,0.92561452,0.95113448,0.96205408,0.96205408
2025/10/21,15:07:50,250.940000,25094,10037,4298,178,7,0,0,0.02296428,0.27097745,0.76266413,0.92586309,0.95138305,0.96230265,0.96230265
2025/10/21,15:07:51,250.290000,25029,10011,4331,176,7,0,0,0.02290492,0.27027677,0.76574425,0.92755317,0.95332970,0.96424930,0.96424930
2025/10/21,15:07:52,249.690000,24969,9987,4296,174,7,0,0,0.02284972,0.26962562,0.76109817,0.92116198,0.94706499,0.95798459,0.95798459
2025/10/21,15:07:53,249.420000,24942,9976,4296,173,7,0,0,0.02282477,0.26933106,0.76080361,0.91976929,0.94567230,0.95659190,0.95659190
2025/10/21,15:07:54,249.540000,24954,9981,4354,173,7,0,0,0.02283608,0.26946453,0.76752129,0.92638997,0.95229298,0.96321258,0.96321258
2025/10/21,15:07:55,250.040000,25004,10001,4473,175,6,0,0,0.02288149,0.27000031,0.78166175,0.94227554,0.96651986,0.98399741,0.98399741
2025/10/21,15:07:56,250.060000,25006,10002,4535,177,6,0,0,0.02288365,0.27002602,0.78881693,0.95091685,0.97350248,0.99750704,0.99750704
2025/10/21,15:07:57,250.380000,25038,10015,4647,184,5,0,0,0.02291274,0.27036922,0.80200943,0.97118677,0.99173066,1.01901420,1.01901420
2025/10/21,15:07:58,251.090000,25109,10043,4827,194,5,0,0,0.02297828,0.27114241,0.82329463,1.00113253,1.01976116,1.05032367,1.05032367
2025/10/21,15:07:59,251.560000,25156,10062,4949,202,4,1,0,0.02302116,0.27164861,0.83784177,1.02324210,1.04034213,1.07310093,1.07310093
2025/10/21,15:08:00,251.680000,25168,10067,5016,209,4,1,0,0.02303183,0.27177444,0.84552532,1.03745401,1.05378794,1.08762942,1.08762942
2025/10/21,15:08:01,251.340000,25134,10053,5018,215,5,1,0,0.02300106,0.27141123,0.84548524,1.04239028,1.06153205,1.09756983,1.09756983
2025/10/21,15:08:02,250.600000,25060,10024,4962,219,5,1,0,0.02293320,0.27061044,0.83820536,1.03905267,1.06010609,1.09614387,1.09614387
2025/10/21,15:08:03,249.500000,24950,9980,4851,221,5,1,0,0.02283227,0.26941970,0.82437933,1.02726275,1.04538185,1.07814065,1.07814065
2025/10/21,15:08:04,248.650000,24865,9946,4784,224,4,0,0,0.02275497,0.26850738,0.81580429,1.02098279,1.03718662,1.06774913,1.06774913
2025/10/21,15:08:05,247.440000,24744,9897,4652,220,4,0,0,0.02264412,0.26719939,0.79937685,1.00077414,1.01825723,1.04665438,1.04665438
2025/10/21,15:08:06,245.540000,24554,9821,4409,213,5,0,0,0.02247026,0.26514782,0.76957467,0.96479957,0.98381125,1.00781581,1.00781581
2025/10/21,15:08:07,243.860000,24386,9754,4216,207,5,0,0,0.02231617,0.26332979,0.74562084,0.93561042,0.95577126,0.97649685,0.97649685
2025/10/21,15:08:08,242.620000,24262,9705,4103,206,5,0,0,0.02220316,0.26199607,0.73133271,0.92038431,0.94118477,0.95974500,0.95974500
2025/10/21,15:08:09,241.690000,24169,9667,4043,208,5,0,0,0.02211801,0.26099128,0.72352570,0.91441941,0.93572941,0.95428964,0.95428964
2025/10/21,15:08:10,241.350000,24135,9654,4069,213,5,0,0,0.02208650,0.26061947,0.72606619,0.92112912,0.94243912,0.96099935,0.96099935
2025/10/21,15:08:11,241.080000,24108,9643,4118,217,5,0,0,0.02206145,0.26032392,0.73138545,0.93084363,0.95215363,0.97071386,0.97071386
2025/10/21,15:08:12,240.540000,24054,9621,4146,221,5,0,0,0.02201217,0.25974238,0.73404346,0.93708885,0.95839885,0.97695908,0.97695908
2025/10/21,15:08:13,239.920000,23992,9596,4159,225,5,0,0,0.02195536,0.25907218,0.73488803,0.94106766,0.96263423,0.98119446,0.98119446
2025/10/21,15:08:14,240.150000,24015,9606,4260,230,6,0,0,0.02197669,0.25932386,0.74669236,0.95720227,0.97889532,0.99745555,0.99745555
2025/10/21,15:08:15,240.890000,24089,9635,4418,239,5,0,0,0.02204433,0.26012183,0.76552219,0.98449957,1.00580957,1.02436980,1.02436980
2025/10/21,15:08:16,241.340000,24134,9653,4522,245,5,0,0,0.02208569,0.26060993,0.77788607,1.00268077,1.02399077,1.04255100,1.04255100
2025/10/21,15:08:17,242.490000,24249,9699,4753,252,5,0,0,0.02219072,0.26184927,0.80557938,1.03644946,1.05775946,1.07631969,1.07631969
2025/10/21,15:08:18,243.970000,24397,9758,5051,259,5,0,0,0.02232587,0.26344418,0.84129511,1.07888664,1.10019664,1.11875687,1.11875687
2025/10/21,15:08:19,245.350000,24535,9814,5299,266,5,0,0,0.02245265,0.26493999,0.87108279,1.11455570,1.13586570,1.15334325,1.15334325
2025/10/21,15:08:20,246.880000,24688,9875,5537,271,5,0,0,0.02259242,0.26658927,0.89994142,1.14864965,1.16995965,1.18415822,1.18415822
2025/10/21,15:08:21,249.740000,24974,9989,6033,280,5,0,0,0.02285434,0.26967998,0.95983000,1.21645664,1.23738358,1.25486113,1.25486113
2025/10/21,15:08:22,252.090000,25209,10083,6468,288,5,0,0,0.02306931,0.27221678,1.01214420,1.27594435,1.29636176,1.31383931,1.31383931
2025/10/21,15:08:23,253.910000,25391,10156,6808,290,5,0,0,0.02323600,0.27418353,1.05298196,1.31917419,1.33959160,1.35379017,1.35379017
2025/10/21,15:08:24,255.950000,25595,10238,7172,293,5,0,0,0.02342279,0.27638765,1.09675550,1.36507993,1.38549734,1.39969591,1.39969591
2025/10/21,15:08:25,257.170000,25717,10286,7355,292,5,0,0,0.02353380,0.27769753,1.11901365,1.38669201,1.40749247,1.42169104,1.42169104
2025/10/21,15:08:26,257.440000,25744,10297,7350,288,5,0,0,0.02355891,0.27799401,1.11877287,1.38241196,1.40397853,1.41706349,1.41706349
2025/10/21,15:08:27,257.760000,25776,10310,7374,283,6,0,0,0.02358848,0.27834295,1.12182010,1.38128997,1.40336607,1.41428567,1.41428567
2025/10/21,15:08:28,258.050000,25805,10322,7410,279,6,0,0,0.02361492,0.27865469,1.12634090,1.38196550,1.40455113,1.41547073,1.41547073
2025/10/21,15:08:29,256.960000,25696,10278,7161,271,6,0,0,0.02351506,0.27747636,1.09665657,1.34555880,1.36903702,1.37776032,1.37776032
2025/10/21,15:08:30,255.510000,25551,10220,6859,263,6,0,0,0.02338230,0.27591001,1.06053727,1.30187799,1.32612231,1.33264932,1.33264932
2025/10/21,15:08:31,253.820000,25382,10153,6536,254,6,0,0,0.02322783,0.27408725,1.02178640,1.25511263,1.28024954,1.28677655,1.28677655
2025/10/21,15:08:32,251.760000,25176,10070,6165,245,7,0,0,0.02303887,0.27185741,0.97712276,1.20162646,1.22752947,1.23405648,1.23405648
2025/10/21,15:08:33,249.530000,24953,9981,5795,235,7,0,0,0.02283469,0.26944829,0.93238896,1.14768212,1.17448133,1.17556401,1.17556401
2025/10/21,15:08:34,247.370000,24737,9895,5472,226,7,0,0,0.02263782,0.26712502,0.89302846,1.10030713,1.12786883,1.12786883,1.12786883
2025/10/21,15:08:35,245.880000,24588,9835,5258,224,7,0,0,0.02250103,0.26551103,0.86701252,1.07219102,1.10000929,1.10000929,1.10000929
2025/10/21,15:08:36,244.960000,24496,9798,5100,224,7,0,0,0.02241726,0.26452242,0.84788305,1.05351361,1.08171494,1.08171494,1.08171494
2025/10/21,15:08:37,244.090000,24409,9763,4961,225,7,0,0,0.02233686,0.26357384,0.83105964,1.03714227,1.06547007,1.06547007,1.06547007
2025/10/21,15:08:38,243.500000,24350,9740,4896,227,7,0,0,0.02228321,0.26294082,0.82297801,1.03090274,1.05961360,1.06286164,1.06286164
2025/10/21,15:08:39,243.180000,24318,9727,4890,229,7,0,0,0.02225380,0.26259381,0.82198062,1.03229744,1.06075534,1.06728235,1.06728235
2025/10/21,15:08:40,243.320000,24332,9733,4960,233,7,0,0,0.02226721,0.26275206,0.83013285,1.04342285,1.07162418,1.07815119,1.07815119
2025/10/21,15:08:41,243.590000,24359,9743,5045,236,7,0,0,0.02229139,0.26303713,0.84013267,1.05645990,1.08466123,1.09118824,1.09118824
2025/10/21,15:08:42,243.940000,24394,9757,5133,239,7,0,0,0.02232370,0.26341846,0.85055589,1.06953327,1.09773460,1.10426161,1.10426161
2025/10/21,15:08:43,243.510000,24351,9740,5092,235,7,0,0,0.02228444,0.26295514,0.84545126,1.06129348,1.08975138,1.09627839,1.09627839
2025/10/21,15:08:44,242.300000,24230,9692,4950,229,7,0,0,0.02217375,0.26164907,0.82794734,1.03819919,1.06691005,1.07343706,1.07343706
2025/10/21,15:08:45,241.080000,24108,9643,4822,223,8,0,0,0.02206136,0.26032296,0.81193804,1.01682554,1.04591945,1.05244646,1.05244646
2025/10/21,15:08:46,239.580000,23958,9583,4646,217,8,0,0,0.02192492,0.25871280,0.79013488,0.98888202,1.01835898,1.02160702,1.02160702
2025/10/21,15:08:47,237.850000,23785,9514,4435,209,8,0,0,0.02176624,0.25684042,0.76418380,0.95601549,0.98574903,0.98574903,0.98574903
2025/10/21,15:08:48,235.670000,23567,9427,4169,202,8,0,0,0.02156685,0.25448761,0.73138197,0.91629730,0.94641389,0.94641389,0.94641389
2025/10/21,15:08:49,233.430000,23343,9337,3913,194,8,0,0,0.02136212,0.25207183,0.69970493,0.87773683,0.90721379,0.90721379,0.90721379
2025/10/21,15:08:50,231.840000,23184,9273,3763,188,7,0,0,0.02121628,0.25035105,0.68081668,0.85332226,0.87884222,0.87884222,0.87884222
2025/10/21,15:08:51,230.790000,23079,9231,3702,184,6,0,0,0.02111981,0.24921278,0.67265794,0.84118922,0.86569011,0.86569011,0.86569011
2025/10/21,15:08:52,229.760000,22976,9190,3650,180,6,0,0,0.02102619,0.24810787,0.66561520,0.83065627,0.85515716,0.85515716,0.85515716
2025/10/21,15:08:53,228.760000,22876,9150,3599,176,6,0,0,0.02093415,0.24702199,0.65869637,0.82050529,0.84411360,0.84411360,0.84411360
2025/10/21,15:08:54,227.860000,22786,9114,3571,177,8,0,0,0.02085191,0.24605151,0.65459535,0.81734133,0.84784097,0.84784097,0.84784097
2025/10/21,15:08:55,227.310000,22731,9092,3589,181,8,0,0,0.02080159,0.24545759,0.65605346,0.82209565,0.85131965,0.85131965,0.85131965
2025/10/21,15:08:56,226.870000,22687,9074,3623,185,7,0,0,0.02076142,0.24498378,0.65946557,0.82909498,0.85729631,0.85729631,0.85729631
2025/10/21,15:08:57,226.590000,22659,9063,3669,190,7,0,0,0.02073566,0.24467966,0.66445302,0.83889771,0.86607997,0.87152430,0.87152430
2025/10/21,15:08:58,225.920000,22592,9037,3661,198,7,0,0,0.02067475,0.24396086,0.66276483,0.84473992,0.87064293,0.87716994,0.87716994
2025/10/21,15:08:59,224.750000,22475,8990,3578,205,6,0,0,0.02056784,0.24269958,0.65199881,0.83979031,0.86467426,0.87120127,0.87120127
2025/10/21,15:09:00,223.730000,22373,8949,3516,211,6,0,0,0.02047406,0.24159276,0.64387552,0.83774241,0.86147720,0.86800421,0.86800421
2025/10/21,15:09:01,223.150000,22315,8926,3502,219,6,0,0,0.02042096,0.24096639,0.64162938,0.84237969,0.86496532,0.87149233,0.87149233
2025/10/21,15:09:02,222.510000,22251,8900,3478,222,6,0,0,0.02036208,0.24027143,0.63812713,0.84156053,0.86427626,0.87080327,0.87080327
2025/10/21,15:09:03,221.530000,22153,8861,3411,222,6,0,0,0.02027256,0.23921513,0.62940398,0.83274038,0.85558259,0.86210960,0.86210960
2025/10/21,15:09:04,220.450000,22045,8818,3333,221,6,0,0,0.02017432,0.23805589,0.61939038,0.82237080,0.84559606,0.85212307,0.85212307
2025/10/21,15:09:05,219.370000,21937,8775,3261,220,6,0,0,0.02007550,0.23688994,0.60991144,0.81169582,0.83543061,0.84195762,0.84195762
2025/10/21,15:09:06,218.190000,21819,8727,3173,215,6,0,0,0.01996701,0.23560961,0.59858911,0.79594621,0.82019053,0.82671754,0.82671754
2025/10/21,15:09:07,217.000000,21700,8680,3044,211,6,0,0,0.01985810,0.23432452,0.58253207,0.77575289,0.80051036,0.80703737,0.80703737
2025/10/21,15:09:08,215.670000,21567,8627,2891,206,6,0,0,0.01973675,0.23289260,0.56362568,0.75232222,0.77758922,0.78411623,0.78411623
2025/10/21,15:09:09,213.940000,21394,8557,2685,200,7,0,0,0.01957798,0.23101929,0.53813806,0.72121128,0.74711429,0.75255862,0.75255862
2025/10/21,15:09:10,212.490000,21249,8499,2553,195,7,0,0,0.01944542,0.22945486,0.52151892,0.70074687,0.72652340,0.73416402,0.73416402
2025/10/21,15:09:11,211.270000,21127,8450,2476,195,6,0,0,0.01933344,0.22813354,0.51145636,0.69019930,0.71533621,0.72625581,0.72625581
2025/10/21,15:09:12,210.170000,21017,8406,2429,196,6,0,0,0.01923294,0.22694761,0.50488187,0.68427087,0.70864528,0.72284385,0.72284385
2025/10/21,15:09:13,209.020000,20902,8360,2372,196,6,0,0,0.01912781,0.22570728,0.49713408,0.67681409,0.70067536,0.71923559,0.71923559
2025/10/21,15:09:14,207.620000,20762,8305,2275,195,6,0,0,0.01900010,0.22420009,0.48447011,0.66360105,0.68720936,0.70793495,0.70793495
2025/10/21,15:09:15,206.730000,20673,8269,2220,195,6,0,0,0.01891840,0.22323625,0.47718857,0.65586654,0.67896170,0.70188358,0.70188358
2025/10/21,15:09:16,206.830000,20683,8273,2429,198,6,0,0,0.01892793,0.22334874,0.50128300,0.68316109,0.70536367,0.73156453,0.73156453
2025/10/21,15:09:17,207.190000,20719,8287,2696,203,5,0,0,0.01896051,0.22373296,0.53215649,0.71826786,0.73957786,0.76797501,0.76797501
2025/10/21,15:09:18,207.550000,20755,8302,2949,207,5,0,0,0.01899331,0.22411999,0.56154228,0.75133786,0.77226480,0.80174463,0.80174463
2025/10/21,15:09:19,207.720000,20772,8308,3138,207,5,0,0,0.01900898,0.22430493,0.58329362,0.77354126,0.79472478,0.82312193,0.82312193
2025/10/21,15:09:20,207.780000,20778,8311,3233,207,5,0,0,0.01901480,0.22437359,0.59426055,0.78379716,0.80510716,0.83239070,0.83239070
2025/10/21,15:09:21,207.750000,20775,8310,3299,205,6,0,0,0.01901163,0.22433639,0.60178507,0.79028761,0.81198066,0.83926420,0.83926420
2025/10/21,15:09:22,207.730000,20773,8309,3361,204,6,0,0,0.01900963,0.22431258,0.60877761,0.79627811,0.81809764,0.84321582,0.84321582
2025/10/21,15:09:23,207.220000,20722,8289,3398,203,6,0,0,0.01896342,0.22376727,0.61255048,0.79875885,0.82096143,0.84388331,0.84388331
2025/10/21,15:09:24,205.970000,20597,8238,3340,199,6,0,0,0.01884843,0.22241064,0.60450051,0.78702467,0.80986688,0.83059247,0.83059247
2025/10/21,15:09:25,204.780000,20478,8191,3316,195,6,0,0,0.01873969,0.22112745,0.60051904,0.77919701,0.80280532,0.82136555,0.82136555
2025/10/21,15:09:26,203.710000,20371,8148,3314,191,6,0,0,0.01864170,0.21997108,0.59903954,0.77438927,0.79850711,0.81270568,0.81270568
2025/10/21,15:09:27,203.720000,20372,8148,3441,191,6,0,0,0.01864258,0.21998154,0.61362407,0.78887680,0.81299464,0.82827589,0.82827589
2025/10/21,15:09:28,204.090000,20409,8163,3615,192,6,0,0,0.01867693,0.22038673,0.63389902,0.81044479,0.83316052,0.85716508,0.85716508
2025/10/21,15:09:29,204.540000,20454,8181,3787,194,5,0,0,0.01871846,0.22087676,0.65414980,0.83244068,0.85336762,0.88284745,0.88284745
2025/10/21,15:09:30,205.510000,20551,8220,4050,198,5,1,0,0.01880717,0.22192351,0.68521320,0.86683232,0.88584400,0.91968548,0.91968548
2025/10/21,15:09:31,207.080000,20708,8283,4411,203,4,1,0,0.01895039,0.22361375,0.72825873,0.91456410,0.93128108,0.96951515,0.96951515
2025/10/21,15:09:32,208.670000,20867,8347,4711,208,5,1,0,0.01909624,0.22533455,0.76420935,0.95465100,0.97519489,1.01779062,1.01779062
2025/10/21,15:09:33,210.960000,21096,8438,5050,214,7,1,0,0.01930533,0.22780180,0.80554761,1.00187064,1.02892281,1.07696287,1.07696287
2025/10/21,15:09:34,213.010000,21301,8520,5332,219,9,1,0,0.01949347,0.23002210,0.83994570,1.04098701,1.07416440,1.12548344,1.12548344
2025/10/21,15:09:35,213.960000,21396,8558,5451,221,10,1,0,0.01957976,0.23104026,0.85456854,1.05696695,1.09410135,1.14869936,1.14869936
2025/10/21,15:09:36,214.720000,21472,8589,5520,221,10,1,0,0.01964973,0.23186584,0.86327497,1.06567338,1.10229824,1.15473089,1.15473089
2025/10/21,15:09:37,216.230000,21623,8649,5674,223,10,1,0,0.01978820,0.23349987,0.88250861,1.08674913,1.12311742,1.17227110,1.17227110
2025/10/21,15:09:38,217.330000,21733,8693,5722,223,9,1,0,0.01988832,0.23468108,0.88919963,1.09382815,1.12879433,1.17683439,1.17683439
2025/10/21,15:09:39,217.810000,21781,8712,5641,222,8,1,0,0.01993211,0.23519777,0.88053471,1.08377410,1.11618539,1.15986380,1.15986380
2025/10/21,15:09:40,218.010000,21801,8720,5533,219,8,1,0,0.01995053,0.23541514,0.86833504,1.06963533,1.09936887,1.14085098,1.14085098
2025/10/21,15:09:41,217.180000,21718,8687,5291,214,6,1,0,0.01987458,0.23451899,0.83979728,1.03641131,1.06116878,1.09828924,1.09828924
2025/10/21,15:09:42,216.170000,21617,8646,5038,209,5,1,0,0.01978206,0.23342742,0.80976758,1.00121127,1.02086258,1.05362138,1.05362138
2025/10/21,15:09:43,215.170000,21517,8606,4812,204,4,0,0,0.01969038,0.23234540,0.78277285,0.96953028,0.98586421,1.01534404,1.01534404
2025/10/21,15:09:44,213.980000,21398,8559,4584,198,4,0,0,0.01958163,0.23106220,0.75546793,0.93708705,0.95482309,0.98210663,0.98210663
2025/10/21,15:09:45,212.050000,21205,8482,4286,191,5,0,0,0.01940541,0.22898296,0.71926799,0.89442372,0.91381845,0.93674033,0.93674033
2025/10/21,15:09:46,210.350000,21035,8414,4039,185,5,0,0,0.01924997,0.22714873,0.68925090,0.85888031,0.87968077,0.89824100,0.89824100
2025/10/21,15:09:47,209.060000,20906,8362,3863,180,6,0,0,0.01913195,0.22575592,0.66766519,0.83306132,0.85501094,0.87029219,0.87029219
2025/10/21,15:09:48,208.150000,20815,8326,3749,178,6,0,0,0.01904847,0.22477110,0.65361696,0.81691292,0.83949855,0.85369712,0.85369712
2025/10/21,15:09:49,207.440000,20744,8297,3676,181,6,0,0,0.01898361,0.22400560,0.64453435,0.81047954,0.83357470,0.84777327,0.84777327
2025/10/21,15:09:50,207.470000,20747,8298,3738,186,6,0,0,0.01898588,0.22403229,0.65169051,0.82225698,0.84548224,0.85968081,0.85968081
2025/10/21,15:09:51,207.780000,20778,8311,3843,191,6,0,0,0.01901464,0.22437167,0.66401479,0.83926752,0.86261926,0.87681783,0.87681783
2025/10/21,15:09:52,208.410000,20841,8336,4025,196,6,0,0,0.01907206,0.22504948,0.68553187,0.86556785,0.88917616,0.90337473,0.90337473
2025/10/21,15:09:53,209.270000,20927,8370,4233,202,6,0,0,0.01915069,0.22597709,0.71021505,0.89551838,0.91912669,0.93332526,0.93332526
2025/10/21,15:09:54,210.010000,21001,8400,4427,207,6,0,0,0.01921894,0.22678264,0.73315651,0.92340415,0.94701246,0.96121103,0.96121103
2025/10/21,15:09:55,210.490000,21049,8419,4579,212,6,0,0,0.01926209,0.22729173,0.75115620,0.94537906,0.96898737,0.97990697,0.97990697
2025/10/21,15:09:56,211.060000,21106,8442,4756,216,6,0,0,0.01931454,0.22791048,0.77196784,0.96987492,0.99386628,1.00478588,1.00478588
2025/10/21,15:09:57,212.080000,21208,8483,5018,217,6,0,0,0.01940842,0.22901824,0.80309225,1.00238846,1.02650630,1.03742590,1.03742590
2025/10/21,15:09:58,212.440000,21244,8497,5144,217,6,0,0,0.01944057,0.22939768,0.81783175,1.01657889,1.04069673,1.05161633,1.05161633
2025/10/21,15:09:59,212.490000,21249,8499,5206,216,6,0,0,0.01944548,0.22945581,0.82501535,1.02292243,1.04716675,1.05808635,1.05808635
2025/10/21,15:10:00,212.520000,21252,8501,5229,215,6,0,0,0.01944872,0.22949394,0.82764676,1.02526283,1.04976372,1.06068332,1.06068332
2025/10/21,15:10:01,212.840000,21284,8513,5312,217,6,0,0,0.01947748,0.22983333,0.83748678,1.03623392,1.06073481,1.07165441,1.07165441
2025/10/21,15:10:02,213.010000,21301,8520,5364,217,6,0,0,0.01949283,0.23001447,0.84360587,1.04296705,1.06746794,1.07838754,1.07838754
2025/10/21,15:10:03,213.040000,21304,8521,5384,217,6,0,0,0.01949600,0.23005166,0.84591321,1.04537139,1.06987228,1.08079188,1.08079188
2025/10/21,15:10:04,212.600000,21260,8504,5318,216,6,0,0,0.01945576,0.22957691,0.83788074,1.03588482,1.06076877,1.07168837,1.07168837
2025/10/21,15:10:05,211.660000,21166,8466,5197,212,7,0,0,0.01936980,0.22856256,0.82304358,1.01736344,1.04275692,1.05367652,1.05367652
2025/10/21,15:10:06,211.040000,21104,8441,5173,209,7,0,0,0.01931250,0.22788662,0.81966936,1.01150105,1.03740406,1.04832366,1.04832366
2025/10/21,15:10:07,210.510000,21051,8420,5169,207,7,0,0,0.01926461,0.22732130,0.81867179,1.00820840,1.03424150,1.04296480,1.04296480
2025/10/21,15:10:08,209.690000,20969,8387,5112,203,7,0,0,0.01918954,0.22643565,0.81119792,0.99760029,1.02414293,1.03066994,1.03066994
2025/10/21,15:10:09,208.810000,20881,8352,5053,199,7,0,0,0.01910907,0.22548611,0.80355516,0.98598231,1.01252495,1.02016557,1.02016557
2025/10/21,15:10:10,208.450000,20845,8338,5099,197,6,0,0,0.01907588,0.22509431,0.80834581,0.98876888,1.01377931,1.02469891,1.02469891
2025/10/21,15:10:11,208.160000,20816,8326,5155,196,6,0,0,0.01904912,0.22477874,0.81450945,0.99409246,1.01757068,1.03176925,1.03176925
2025/10/21,15:10:12,208.360000,20836,8334,5300,202,5,0,0,0.01906731,0.22499326,0.83124506,1.01680736,1.03811736,1.05559491,1.05559491
2025/10/21,15:10:13,208.690000,20869,8347,5408,210,5,0,0,0.01909818,0.22535744,0.84402640,1.03676222,1.05590399,1.07662958,1.07662958
2025/10/21,15:10:14,208.800000,20880,8352,5464,217,4,0,0,0.01910826,0.22547658,0.85051563,1.04971483,1.06694134,1.08986322,1.08986322
2025/10/21,15:10:15,209.990000,20999,8399,5780,227,5,0,0,0.01921668,0.22675595,0.88796772,1.09589245,1.11503422,1.14231776,1.14231776
2025/10/21,15:10:16,212.080000,21208,8483,6224,238,7,0,0,0.01940809,0.22901443,0.94097311,1.15904545,1.18558809,1.21398524,1.21398524
2025/10/21,15:10:17,213.710000,21371,8548,6529,247,8,0,0,0.01955675,0.23076857,0.97760734,1.20395314,1.23470574,1.26418557,1.26418557
2025/10/21,15:10:18,215.110000,21511,8604,6779,255,8,0,0,0.01968489,0.23228056,1.00773032,1.24144364,1.27334540,1.30282523,1.30282523
2025/10/21,15:10:19,216.810000,21681,8672,7084,263,9,0,0,0.01984130,0.23412622,1.04445207,1.28579279,1.31897018,1.34845001,1.34845001
2025/10/21,15:10:20,218.020000,21802,8720,7270,263,8,0,0,0.01995134,0.23542467,1.06702192,1.30855664,1.34045840,1.36885555,1.36885555
2025/10/21,15:10:21,219.150000,21915,8766,7434,262,8,0,0,0.02005465,0.23664398,1.08703248,1.32766216,1.35790523,1.38518877,1.38518877
2025/10/21,15:10:22,220.640000,22064,8825,7628,262,8,0,0,0.02019161,0.23825989,1.11078430,1.35141398,1.38063798,1.40792152,1.40792152
2025/10/21,15:10:23,221.540000,22154,8861,7629,260,7,0,0,0.02027328,0.23922370,1.11196223,1.35055580,1.37735501,1.40135957,1.40135957
2025/10/21,15:10:24,221.890000,22189,8875,7611,257,6,0,0,0.02030543,0.23960312,1.11018051,1.34618891,1.37068980,1.39361168,1.39361168
2025/10/21,15:10:25,222.440000,22244,8897,7671,256,6,0,0,0.02035610,0.24020089,1.11768973,1.35230809,1.37515030,1.39587589,1.39587589
2025/10/21,15:10:26,223.020000,22302,8921,7742,255,5,0,0,0.02040917,0.24082721,1.12641504,1.35993527,1.38098869,1.39954892,1.39954892
2025/10/21,15:10:27,223.450000,22345,8938,7770,253,5,0,0,0.02044827,0.24128864,1.13011601,1.36208422,1.38071285,1.39927308,1.39927308
2025/10/21,15:10:28,223.870000,22387,8955,7794,251,4,0,0,0.02048705,0.24174624,1.13327190,1.36365698,1.38075701,1.39931724,1.39931724
2025/10/21,15:10:29,224.050000,22405,8962,7764,249,4,0,0,0.02050369,0.24194263,1.13001462,1.35800853,1.37446894,1.38866751,1.38866751
2025/10/21,15:10:30,223.700000,22370,8948,7634,245,4,0,0,0.02047138,0.24156129,1.11484108,1.33934478,1.35669777,1.37089634,1.37089634
2025/10/21,15:10:31,222.770000,22277,8910,7407,240,5,0,0,0.02038583,0.24055170,1.08780565,1.30788207,1.32613126,1.34032983,1.34032983
2025/10/21,15:10:32,221.450000,22145,8858,7064,234,5,0,0,0.02026536,0.23913027,1.04719008,1.26193418,1.28132891,1.29224851,1.29224851
2025/10/21,15:10:33,219.840000,21984,8793,6662,227,5,0,0,0.02011825,0.23739426,0.99945748,1.20793219,1.22860256,1.23952216,1.23952216
2025/10/21,15:10:34,217.820000,21782,8713,6187,219,6,0,0,0.01993340,0.23521302,0.94296265,1.14345490,1.16553100,1.17317162,1.17317162
2025/10/21,15:10:35,215.830000,21583,8633,5743,210,6,0,0,0.01975097,0.23306040,0.89005911,1.08289193,1.10611719,1.11264420,1.11264420
2025/10/21,15:10:36,214.040000,21404,8561,5375,203,6,0,0,0.01958761,0.23113274,0.84602078,1.03242315,1.05679756,1.06332457,1.06332457
2025/10/21,15:10:37,212.570000,21257,8502,5090,197,6,0,0,0.01945243,0.22953780,0.81181591,0.99278896,1.01792587,1.02445288,1.02445288
2025/10/21,15:10:38,211.440000,21144,8457,4889,193,7,0,0,0.01934912,0.22831849,0.78760030,0.96443708,0.99008713,0.99116981,0.99116981
2025/10/21,15:10:39,210.600000,21060,8424,4739,189,7,0,0,0.01927253,0.22741474,0.76952508,0.94312970,0.96928928,0.96928928,0.96928928
2025/10/21,15:10:40,210.240000,21024,8409,4640,186,7,0,0,0.01923940,0.22702387,0.75779969,0.92881914,0.95523530,0.95523530,0.95523530
2025/10/21,15:10:41,210.180000,21018,8407,4595,185,7,0,0,0.01923397,0.22695998,0.75265835,0.92212670,0.94866934,0.94866934,0.94866934
2025/10/21,15:10:42,210.170000,21017,8407,4563,183,7,0,0,0.01923358,0.22695521,0.74898578,0.91696708,0.94376629,0.94376629,0.94376629
2025/10/21,15:10:43,210.640000,21064,8425,4603,182,7,0,0,0.01927608,0.22745668,0.75401944,0.92090262,0.94770183,0.94770183,0.94770183
2025/10/21,15:10:44,211.200000,21120,8448,4652,181,7,0,0,0.01932737,0.22806204,0.76023950,0.92676670,0.95356591,0.95356591,0.95356591
2025/10/21,15:10:45,211.790000,21179,8471,4704,188,7,0,0,0.01938127,0.22869793,0.76681334,0.93931892,0.96483888,0.97028321,0.97028321
2025/10/21,15:10:46,212.290000,21229,8491,4737,195,6,0,0,0.01942690,0.22923653,0.77113274,0.95006968,0.97431400,0.98084101,0.98084101
2025/10/21,15:10:47,212.900000,21290,8516,4796,202,6,0,0,0.01948291,0.22989721,0.77848676,0.96414515,0.98698736,0.99351437,0.99351437
2025/10/21,15:10:48,213.060000,21306,8522,4817,209,5,0,0,0.01949784,0.23007358,0.78114729,0.97288198,0.99444855,1.00097556,1.00097556
2025/10/21,15:10:49,213.080000,21308,8523,4816,215,5,0,0,0.01949955,0.23009360,0.78105830,0.97822139,0.99876528,1.00529229,1.00529229
2025/10/21,15:10:50,213.440000,21344,8537,4862,222,5,0,0,0.01953267,0.23048447,0.78663574,0.99023020,1.00949845,1.02041805,1.02041805
2025/10/21,15:10:51,214.040000,21404,8561,4904,230,4,0,0,0.01958777,0.23113465,0.79214124,1.00339513,1.02126127,1.03218087,1.03218087
2025/10/21,15:10:52,214.600000,21460,8584,4928,237,4,0,0,0.01963819,0.23172953,0.79543852,1.01321985,1.02980674,1.04072634,1.04072634
2025/10/21,15:10:53,214.820000,21482,8592,4895,237,4,0,0,0.01965861,0.23197071,0.79189878,1.00913105,1.02610099,1.03702059,1.03702059
2025/10/21,15:10:54,214.790000,21479,8591,4825,234,4,0,0,0.01965629,0.23194309,0.78388130,0.99872240,1.01620549,1.02712509,1.02712509
2025/10/21,15:10:55,214.370000,21437,8574,4699,230,5,0,0,0.01961741,0.23148450,0.76906265,0.98002553,0.99827472,1.00591534,1.00591534
2025/10/21,15:10:56,213.930000,21393,8557,4584,226,5,0,0,0.01957695,0.23100691,0.75541264,0.96278831,0.98179999,0.98832700,0.98832700
2025/10/21,15:10:57,213.390000,21339,8535,4462,222,5,0,0,0.01952805,0.23043011,0.74090391,0.94449837,0.96427616,0.97080317,0.97080317
2025/10/21,15:10:58,212.500000,21250,8500,4303,217,5,0,0,0.01944645,0.22946724,0.72169517,0.92050728,0.94130774,0.94783475,0.94783475
2025/10/21,15:10:59,210.660000,21066,8426,4047,209,6,0,0,0.01927792,0.22747859,0.69044515,0.88208284,0.90415894,0.91068595,0.91068595
2025/10/21,15:11:00,208.930000,20893,8357,3881,202,6,0,0,0.01911989,0.22561385,0.66957515,0.85468448,0.87790974,0.88115778,0.88115778
2025/10/21,15:11:01,207.450000,20745,8298,3789,196,6,0,0,0.01898416,0.22401226,0.65749942,0.83708243,0.86132675,0.86132675,0.86132675
2025/10/21,15:11:02,205.980000,20598,8239,3707,190,6,0,0,0.01884989,0.22242782,0.64651936,0.82086705,0.84587748,0.84587748,0.84587748
2025/10/21,15:11:03,204.530000,20453,8181,3635,184,7,0,0,0.01871716,0.22086150,0.63674894,0.80602329,0.83179982,0.83179982,0.83179982
2025/10/21,15:11:04,203.330000,20333,8133,3601,180,7,0,0,0.01860745,0.21956685,0.63145936,0.79695249,0.82323855,0.82323855,0.82323855
2025/10/21,15:11:05,202.250000,20225,8090,3584,177,7,0,0,0.01850807,0.21839425,0.62834386,0.79034678,0.81714599,0.81714599,0.81714599
2025/10/21,15:11:06,201.130000,20113,8045,3565,173,7,0,0,0.01840634,0.21719399,0.62498245,0.78359216,0.81077442,0.81077442,0.81077442
2025/10/21,15:11:07,200.030000,20003,8001,3547,169,7,0,0,0.01830567,0.21600613,0.62174268,0.77721815,0.80465337,0.80465337,0.80465337
2025/10/21,15:11:08,198.610000,19861,7944,3437,165,7,0,0,0.01817554,0.21447033,0.60768072,0.75927798,0.78722273,0.78722273,0.78722273
2025/10/21,15:11:09,196.980000,19698,7879,3279,161,7,0,0,0.01802623,0.21270854,0.58778207,0.73514605,0.76360395,0.76360395,0.76360395
2025/10/21,15:11:10,195.370000,19537,7814,3122,156,7,0,0,0.01787861,0.21096678,0.56809732,0.71161511,0.74045606,0.74045606,0.74045606
2025/10/21,15:11:11,193.860000,19386,7754,2906,152,8,0,0,0.01774110,0.20934421,0.54174956,0.68164811,0.71087211,0.71087211,0.71087211
2025/10/21,15:11:12,192.290000,19229,7691,2675,148,8,0,0,0.01759681,0.20764156,0.51364556,0.64940783,0.67914137,0.67914137,0.67914137
2025/10/21,15:11:13,191.340000,19134,7653,2636,145,8,0,0,0.01751030,0.20662055,0.50816499,0.64088911,0.67100570,0.67100570,0.67100570
2025/10/21,15:11:14,190.860000,19086,7634,2704,142,8,0,0,0.01746593,0.20609715,0.51544970,0.64558865,0.67570524,0.67570524,0.67570524
2025/10/21,15:11:15,190.380000,19038,7615,2764,139,8,0,0,0.01742230,0.20558234,0.52181398,0.64965785,0.67913481,0.67913481,0.67913481
2025/10/21,15:11:16,189.940000,18994,7597,2824,137,8,0,0,0.01738239,0.20511141,0.52822214,0.65406284,0.68353980,0.68353980,0.68353980
2025/10/21,15:11:17,189.620000,18962,7584,2901,135,7,0,0,0.01735243,0.20475773,0.53660569,0.66050728,0.68794250,0.68794250,0.68794250
2025/10/21,15:11:18,190.010000,19001,7600,3104,133,6,0,0,0.01738814,0.20517910,0.56026574,0.68222823,0.70672912,0.70672912,0.70672912
2025/10/21,15:11:19,190.630000,19063,7625,3262,131,7,0,0,0.01744534,0.20585407,0.57898057,0.69961798,0.72513794,0.72513794,0.72513794
2025/10/21,15:11:20,191.730000,19173,7669,3441,131,8,0,0,0.01754601,0.20704193,0.60068446,0.72132187,0.75079883,0.75079883,0.75079883
2025/10/21,15:11:21,192.330000,19233,7693,3550,130,8,0,0,0.01760101,0.20769112,0.61385981,0.73352813,0.76300509,0.76300509,0.76300509
2025/10/21,15:11:22,192.500000,19250,7700,3597,128,8,0,0,0.01761652,0.20787417,0.61933443,0.73709567,0.76657263,0.76657263,0.76657263
2025/10/21,15:11:23,192.770000,19277,7711,3657,127,7,0,0,0.01764134,0.20816685,0.62653857,0.74316874,0.76971138,0.76971138,0.76971138
2025/10/21,15:11:24,193.560000,19356,7742,3805,128,8,0,0,0.01771292,0.20901151,0.64433246,0.76151261,0.79098957,0.79098957,0.79098957
2025/10/21,15:11:25,194.410000,19441,7776,3962,129,8,0,0,0.01779071,0.20992956,0.66317736,0.78152060,0.81099756,0.81099756,0.81099756
2025/10/21,15:11:26,194.720000,19472,7788,4055,129,8,0,0,0.01781899,0.21026323,0.67419929,0.79293054,0.82240750,0.82240750,0.82240750
2025/10/21,15:11:27,195.230000,19523,7809,4202,130,8,0,0,0.01786584,0.21081617,0.69149145,0.81096576,0.84044272,0.84044272,0.84044272
2025/10/21,15:11:28,195.160000,19516,7806,4274,129,8,0,0,0.01785938,0.21073991,0.69961918,0.81854443,0.84802139,0.84802139,0.84802139
2025/10/21,15:11:29,195.130000,19513,7805,4288,128,8,0,0,0.01785706,0.21071226,0.70121130,0.81897254,0.84844950,0.84844950,0.84844950
2025/10/21,15:11:30,195.480000,19548,7819,4350,128,8,0,0,0.01788937,0.21109359,0.70871810,0.82628533,0.85576229,0.85576229,0.85576229
2025/10/21,15:11:31,195.830000,19583,7833,4405,128,8,0,0,0.01792120,0.21146921,0.71535880,0.83312004,0.86259700,0.86259700,0.86259700
2025/10/21,15:11:32,195.850000,19585,7834,4395,128,8,0,0,0.01792266,0.21148638,0.71429346,0.83205470,0.86153166,0.86153166,0.86153166
2025/10/21,15:11:33,196.280000,19628,7851,4454,137,8,0,0,0.01796241,0.21195543,0.72145984,0.84755860,0.87703556,0.87703556,0.87703556
2025/10/21,15:11:34,196.580000,19658,7863,4482,143,8,0,0,0.01799004,0.21228145,0.72502541,0.85655349,0.88603045,0.88603045,0.88603045
2025/10/21,15:11:35,196.350000,19635,7854,4414,148,8,0,0,0.01796822,0.21202404,0.71699215,0.85285051,0.88232747,0.88232747,0.88232747
2025/10/21,15:11:36,196.960000,19696,7878,4480,154,8,0,0,0.01802446,0.21268757,0.72521340,0.86688908,0.89700567,0.90245000,0.90245000
2025/10/21,15:11:37,198.980000,19898,7959,4780,163,8,0,0,0.01820953,0.21487165,0.76162730,0.91147945,0.94133946,0.94786647,0.94786647
2025/10/21,15:11:38,200.880000,20088,8035,5037,172,8,0,0,0.01838307,0.21691941,0.79315045,0.95062909,0.98023615,0.98676316,0.98676316
2025/10/21,15:11:39,202.650000,20265,8106,5251,179,8,0,0,0.01854524,0.21883279,0.81946989,0.98415498,1.01350546,1.02003247,1.02003247
2025/10/21,15:11:40,204.420000,20442,8176,5429,186,8,0,0,0.01870673,0.22073850,0.84178262,1.01205901,1.04115292,1.04767993,1.04767993
2025/10/21,15:11:41,206.170000,20617,8246,5568,186,8,0,0,0.01886685,0.22262801,0.85954284,1.03065929,1.05975320,1.06628021,1.06628021
2025/10/21,15:11:42,207.980000,20798,8319,5711,188,8,0,0,0.01903264,0.22458427,0.87791118,1.05002967,1.07912358,1.08565059,1.08565059
2025/10/21,15:11:43,210.290000,21029,8411,5993,191,7,0,0,0.01924383,0.22707628,0.91258099,1.08802772,1.11686867,1.12339568,1.12339568
2025/10/21,15:11:44,212.000000,21200,8480,6204,194,7,0,0,0.01940073,0.22892766,0.93862019,1.11626409,1.14497495,1.15150196,1.15150196
2025/10/21,15:11:45,211.950000,21195,8478,6142,193,7,0,0,0.01939581,0.22886952,0.93143658,1.10807935,1.13679021,1.14331722,1.14331722
2025/10/21,15:11:46,211.590000,21159,8463,6038,191,8,0,0,0.01936350,0.22848819,0.91917535,1.09442808,1.12352199,1.13004900,1.13004900
2025/10/21,15:11:47,211.240000,21124,8449,5943,190,8,0,0,0.01933124,0.22810779,0.90799768,1.08195828,1.11105219,1.11757920,1.11757920
2025/10/21,15:11:48,210.700000,21070,8428,5844,188,8,0,0,0.01928212,0.22752815,0.89608352,1.06875108,1.09784499,1.10437200,1.10437200
2025/10/21,15:11:49,209.910000,20991,8396,5736,186,8,0,0,0.01920967,0.22667303,0.88280724,1.05392369,1.08301760,1.08954461,1.08954461
2025/10/21,15:11:50,209.630000,20963,8385,5725,186,8,0,0,0.01918372,0.22636700,0.88131369,1.05188016,1.08097407,1.08750108,1.08750108
2025/10/21,15:11:51,209.690000,20969,8387,5792,185,8,0,0,0.01918889,0.22642801,0.88893642,1.05875983,1.08785374,1.09438075,1.09438075
2025/10/21,15:11:52,210.210000,21021,8408,5927,185,8,0,0,0.01923714,0.22699717,0.90505316,1.07452151,1.10361542,1.11014243,1.11014243
2025/10/21,15:11:53,210.770000,21077,8431,6056,184,8,0,0,0.01928836,0.22760160,0.92034079,1.08961514,1.11870905,1.12523606,1.12523606
2025/10/21,15:11:54,211.330000,21133,8453,6172,184,8,0,0,0.01933926,0.22820219,0.93422292,1.10304429,1.13213820,1.13866521,1.13866521
2025/10/21,15:11:55,212.240000,21224,8489,6350,185,8,0,0,0.01942270,0.22918697,0.95561472,1.12508307,1.15417698,1.16070399,1.16070399
2025/10/21,15:11:56,214.170000,21417,8566,6702,187,8,0,0,0.01959925,0.23127004,0.99797456,1.16954307,1.19863698,1.20516399,1.20516399
2025/10/21,15:11:57,216.470000,21647,8659,7101,189,7,0,0,0.01980979,0.23375443,1.04602730,1.21943792,1.24814878,1.25467579,1.25467579
2025/10/21,15:11:58,218.150000,21815,8726,7352,189,7,0,0,0.01996313,0.23556386,1.07655674,1.25035537,1.27906623,1.28559324,1.28559324
2025/10/21,15:11:59,219.480000,21948,8779,7434,189,7,0,0,0.02008545,0.23700720,1.08739570,1.26035426,1.28906512,1.29559213,1.29559213
2025/10/21,15:12:00,220.610000,22061,8824,7449,188,7,0,0,0.02018886,0.23822747,1.09034086,1.26245935,1.29117021,1.29769722,1.29769722
2025/10/21,15:12:01,222.080000,22208,8883,7539,188,7,0,0,0.02032330,0.23981383,1.10218723,1.27449881,1.30282661,1.30935362,1.30935362
2025/10/21,15:12:02,224.260000,22426,8970,7781,191,7,0,0,0.02052221,0.24216096,1.13217597,1.30762270,1.33301618,1.34393578,1.34393578
2025/10/21,15:12:03,226.780000,22678,9071,8125,196,6,0,0,0.02075318,0.24488652,1.17431380,1.35370280,1.37565242,1.39093367,1.39093367
2025/10/21,15:12:04,228.370000,22837,9134,8281,198,5,0,0,0.02089870,0.24660350,1.19384451,1.37562560,1.39463728,1.41319751,1.41319751
2025/10/21,15:12:05,229.200000,22920,9168,8281,199,4,0,0,0.02097497,0.24750345,1.19474446,1.37772068,1.39443766,1.41735954,1.41735954
2025/10/21,15:12:06,230.090000,23009,9203,8295,201,5,0,0,0.02105647,0.24846536,1.19732614,1.38169240,1.40223629,1.42624085,1.42624085
2025/10/21,15:12:07,231.530000,23153,9261,8413,204,7,0,0,0.02118745,0.25001073,1.21237119,1.39922562,1.42768352,1.45496706,1.45496706
2025/10/21,15:12:08,232.730000,23273,9309,8468,206,9,0,0,0.02129788,0.25131392,1.21993546,1.40882600,1.44379218,1.47218933,1.47218933
2025/10/21,15:12:09,233.840000,23384,9353,8499,207,11,0,0,0.02139887,0.25250561,1.22468982,1.41477641,1.45561124,1.48509107,1.48509107
2025/10/21,15:12:10,235.090000,23509,9403,8554,207,10,0,0,0.02151407,0.25386504,1.23231434,1.42201292,1.46118906,1.48958621,1.48958621
2025/10/21,15:12:11,235.900000,23590,9436,8470,205,9,0,0,0.02158808,0.25473832,1.22357798,1.41191946,1.44803479,1.47531833,1.47531833
2025/10/21,15:12:12,236.750000,23675,9470,8393,204,9,0,0,0.02166532,0.25564969,1.21573999,1.40288543,1.43606282,1.46006738,1.46006738
2025/10/21,15:12:13,237.900000,23790,9516,8391,204,8,0,0,0.02177044,0.25689001,1.21676619,1.40352362,1.43478936,1.45771124,1.45771124
2025/10/21,15:12:14,238.980000,23898,9559,8378,203,8,0,0,0.02186956,0.25805974,1.21642527,1.40263364,1.43236718,1.45420638,1.45420638
2025/10/21,15:12:15,239.140000,23914,9565,8210,201,7,0,0,0.02188403,0.25823039,1.19737642,1.38138671,1.40741981,1.42598004,1.42598004
2025/10/21,15:12:16,239.190000,23919,9567,8055,198,6,0,0,0.02188846,0.25828283,1.17972025,1.36133937,1.38443453,1.40191208,1.40191208
2025/10/21,15:12:17,239.590000,23959,9583,7986,196,5,0,0,0.02192508,0.25871469,1.17226714,1.35185015,1.37265061,1.38684918,1.38684918
2025/10/21,15:12:18,239.310000,23931,9572,7776,192,4,0,0,0.02189939,0.25841154,1.14788517,1.32433394,1.34143397,1.35563254,1.35563254
2025/10/21,15:12:19,239.130000,23913,9565,7604,189,4,0,0,0.02188361,0.25822562,1.12804762,1.30155524,1.31827222,1.32919182,1.32919182
2025/10/21,15:12:20,239.370000,23937,9574,7528,186,4,0,0,0.02190520,0.25848018,1.11955694,1.29067339,1.30828295,1.31920255,1.31920255
2025/10/21,15:12:21,239.510000,23951,9580,7482,184,5,0,0,0.02191845,0.25863651,1.11453070,1.28325598,1.30188461,1.31280421,1.31280421
2025/10/21,15:12:22,240.110000,24011,9604,7595,182,5,0,0,0.02197297,0.25928001,1.12802350,1.29545574,1.31472399,1.32564359,1.32564359
2025/10/21,15:12:23,241.710000,24171,9668,7890,182,5,0,0,0.02211930,0.26100652,1.16354758,1.33097982,1.35063113,1.36155073,1.36155073
2025/10/21,15:12:24,243.630000,24363,9745,8234,183,5,0,0,0.02229559,0.26308669,1.20493112,1.37281542,1.39272330,1.40364290,1.40364290
2025/10/21,15:12:25,244.960000,24496,9798,8424,183,5,0,0,0.02241678,0.26451670,1.22817380,1.39605810,1.41634903,1.42726863,1.42726863
2025/10/21,15:12:26,246.370000,24637,9855,8628,183,5,0,0,0.02254595,0.26604109,1.25301762,1.42090192,1.44144581,1.45016911,1.45016911
2025/10/21,15:12:27,247.410000,24741,9896,8742,183,5,0,0,0.02264096,0.26716221,1.26720616,1.43473540,1.45566234,1.46218935,1.46218935
2025/10/21,15:12:28,247.810000,24781,9912,8720,181,5,0,0,0.02267806,0.26759980,1.26505046,1.43148066,1.45304723,1.45957424,1.45957424
2025/10/21,15:12:29,247.990000,24799,9919,8611,180,6,0,0,0.02269421,0.26779046,1.25282397,1.41767104,1.43962066,1.44614767,1.44614767
2025/10/21,15:12:30,247.660000,24766,9906,8346,177,6,0,0,0.02266416,0.26743582,1.22212955,1.38432647,1.40704220,1.41356921,1.41356921
2025/10/21,15:12:31,246.540000,24654,9861,7957,173,6,0,0,0.02256107,0.26621935,1.17642725,1.33510193,1.35858015,1.36510716,1.36510716
2025/10/21,15:12:32,245.670000,24567,9826,7715,170,6,0,0,0.02248157,0.26528129,1.14784358,1.30377111,1.32801543,1.33454244,1.33454244
2025/10/21,15:12:33,245.140000,24514,9805,7607,169,6,0,0,0.02243293,0.26470736,1.13485261,1.28977810,1.31440547,1.32093248,1.32093248
2025/10/21,15:12:34,244.480000,24448,9779,7481,168,6,0,0,0.02237282,0.26399808,1.11978327,1.27396570,1.29910261,1.30562962,1.30562962
2025/10/21,15:12:35,243.780000,24378,9751,7355,167,7,0,0,0.02230900,0.26324496,1.10456108,1.25790344,1.28342340,1.28995041,1.28995041
2025/10/21,15:12:36,243.090000,24309,9723,7244,166,7,0,0,0.02224588,0.26250038,1.09118533,1.24371965,1.26962266,1.27614967,1.27614967
2025/10/21,15:12:37,242.410000,24241,9696,7142,165,7,0,0,0.02218377,0.26176728,1.07879046,1.23058172,1.25699788,1.26352489,1.26352489
2025/10/21,15:12:38,242.370000,24237,9694,7171,166,7,0,0,0.02217957,0.26171769,1.08198042,1.23412674,1.26054290,1.26706991,1.26706991
2025/10/21,15:12:39,243.180000,24318,9727,7332,168,7,0,0,0.02225364,0.26259190,1.10131874,1.25540417,1.28182033,1.28834734,1.28834734
2025/10/21,15:12:40,243.550000,24355,9742,7322,169,7,0,0,0.02228783,0.26299517,1.10053437,1.25545986,1.28187602,1.28840303,1.28840303
2025/10/21,15:12:41,243.580000,24358,9743,7200,168,7,0,0,0.02229026,0.26302379,1.08663118,1.24081361,1.26748273,1.27400974,1.27400974
2025/10/21,15:12:42,243.420000,24342,9736,7042,166,7,0,0,0.02227555,0.26285026,1.06842579,1.22112117,1.24792038,1.25444739,1.25444739
2025/10/21,15:12:43,243.260000,24326,9730,6899,165,7,0,0,0.02226085,0.26267677,1.05184022,1.20308150,1.23026376,1.23679077,1.23679077
2025/10/21,15:12:44,243.100000,24310,9724,6771,163,7,0,0,0.02224630,0.26250515,1.03709052,1.18703967,1.21434841,1.22087542,1.22087542
2025/10/21,15:12:45,242.940000,24294,9717,6655,162,7,0,0,0.02223183,0.26233450,1.02364233,1.17229844,1.19973366,1.20626067,1.20626067
2025/10/21,15:12:46,242.510000,24251,9700,6489,162,7,0,0,0.02219266,0.26187214,1.00417472,1.15292783,1.18074610,1.18727311,1.18727311
2025/10/21,15:12:47,241.170000,24117,9647,6184,167,7,0,0,0.02207050,0.26043071,0.96785720,1.12139356,1.14959489,1.15612190,1.15612190
2025/10/21,15:12:48,239.400000,23940,9576,5822,172,7,0,0,0.02190827,0.25851641,0.92447849,1.08195713,1.11041503,1.11366307,1.11366307
2025/10/21,15:12:49,237.600000,23760,9504,5484,176,7,0,0,0.02174346,0.25657160,0.88387668,1.04497456,1.07381551,1.07381551,1.07381551
2025/10/21,15:12:50,235.820000,23582,9433,5180,179,8,0,0,0.02158048,0.25464869,0.84718681,1.01177490,1.04086881,1.04086881,1.04086881
2025/10/21,15:12:51,234.180000,23418,9367,4920,184,8,0,0,0.02143015,0.25287455,0.81571904,0.98425032,1.01372728,1.01372728,1.01372728
2025/10/21,15:12:52,233.250000,23325,9330,4777,194,8,0,0,0.02134506,0.25187068,0.79830320,0.97614110,1.00549158,1.00549158,1.00549158
2025/10/21,15:12:53,232.650000,23265,9306,4696,205,8,0,0,0.02129022,0.25122337,0.78847839,0.97672287,1.00581678,1.01126111,1.01126111
2025/10/21,15:12:54,231.890000,23189,9275,4637,214,8,0,0,0.02122112,0.25040825,0.78086093,0.97737796,1.00647187,1.01299888,1.01299888
2025/10/21,15:12:55,231.380000,23138,9255,4669,217,8,0,0,0.02117404,0.24985248,0.78397296,0.98333414,1.01242805,1.01895506,1.01895506
2025/10/21,15:12:56,231.670000,23167,9266,4811,223,8,0,0,0.02120060,0.25016610,0.80048454,1.00472506,1.03381897,1.04034598,1.04034598
2025/10/21,15:12:57,232.180000,23218,9287,4981,229,7,0,0,0.02124772,0.25072192,0.82047787,1.03043871,1.05927966,1.06580667,1.06580667
2025/10/21,15:12:58,233.070000,23307,9323,5208,240,7,0,0,0.02132906,0.25168192,0.84745959,1.06792310,1.09638100,1.10402162,1.10402162
2025/10/21,15:12:59,234.040000,23404,9361,5436,252,7,0,0,0.02141787,0.25272964,0.87452914,1.10539922,1.13347407,1.14439367,1.14439367
2025/10/21,15:13:00,234.970000,23497,9398,5669,258,7,0,0,0.02150260,0.25372969,0.90220117,1.13914664,1.16696491,1.17788451,1.17788451
2025/10/21,15:13:01,236.310000,23631,9452,5921,264,7,0,0,0.02162573,0.25518256,0.93248329,1.17476108,1.20232278,1.21324238,1.21324238
2025/10/21,15:13:02,238.420000,23842,9536,6192,272,7,0,0,0.02181827,0.25745438,0.96574526,1.21484150,1.24215024,1.25306984,1.25306984
2025/10/21,15:13:03,239.960000,23996,9598,6296,277,7,0,0,0.02195966,0.25912273,0.97928940,1.23316889,1.26047763,1.27139723,1.27139723
2025/10/21,15:13:04,240.730000,24073,9629,6288,279,7,0,0,0.02203017,0.25995498,0.97925726,1.23504292,1.26235166,1.27327126,1.27327126
2025/10/21,15:13:05,241.610000,24161,9664,6322,281,7,0,0,0.02211032,0.26090069,0.98408878,1.24210455,1.26941329,1.28033289,1.28033289
2025/10/21,15:13:06,242.290000,24229,9691,6329,279,7,0,0,0.02217253,0.26163475,0.98558234,1.24146500,1.26877374,1.27969334,1.27969334
2025/10/21,15:13:07,242.930000,24293,9717,6327,276,7,0,0,0.02223070,0.26232117,0.98605063,1.23918706,1.26662228,1.27754188,1.27754188
2025/10/21,15:13:08,243.310000,24331,9732,6288,275,7,0,0,0.02226576,0.26273490,0.98203718,1.23452663,1.26234490,1.27326450,1.27326450
2025/10/21,15:13:09,243.300000,24330,9732,6230,277,7,0,0,0.02226489,0.26272444,0.97533339,1.22956794,1.25738621,1.26830581,1.26830581
2025/10/21,15:13:10,242.770000,24277,9711,6155,280,7,0,0,0.02221664,0.26215528,0.96623311,1.22285975,1.25029497,1.26121457,1.26121457
2025/10/21,15:13:11,242.290000,24229,9691,6096,283,7,0,0,0.02217278,0.26163762,0.95902212,1.21803993,1.24534867,1.25626827,1.25626827
2025/10/21,15:13:12,241.950000,24195,9678,6054,285,7,0,0,0.02214176,0.26127154,0.95379672,1.21539970,1.24270844,1.25362804,1.25362804
2025/10/21,15:13:13,241.870000,24187,9674,6000,289,7,0,0,0.02213368,0.26117622,0.94754532,1.21244451,1.23962677,1.25054637,1.25054637
2025/10/21,15:13:14,241.940000,24194,9677,5963,298,7,0,0,0.02214086,0.26126105,0.94342110,1.21652878,1.24319790,1.25411750,1.25411750
2025/10/21,15:13:15,241.910000,24191,9676,5910,307,7,0,0,0.02213779,0.26122483,0.93733792,1.21836310,1.24452268,1.25544228,1.25544228
2025/10/21,15:13:16,241.650000,24165,9666,5811,312,7,0,0,0.02211436,0.26094834,0.92572290,1.21153133,1.23718138,1.24810098,1.24810098
2025/10/21,15:13:17,242.270000,24227,9690,5818,318,6,0,0,0.02217026,0.26160805,0.92713788,1.21827863,1.24328906,1.25748763,1.25748763
2025/10/21,15:13:18,243.780000,24378,9751,5960,325,6,0,0,0.02230851,0.26323924,0.94496703,1.24302323,1.26739764,1.28159621,1.28159621
2025/10/21,15:13:19,245.630000,24563,9825,6152,334,6,0,0,0.02247808,0.26524026,0.96899484,1.27506553,1.29867384,1.31287241,1.31287241
2025/10/21,15:13:20,247.370000,24737,9895,6335,342,6,0,0,0.02263766,0.26712313,0.99182610,1.30516822,1.32813690,1.34233547,1.34233547
2025/10/21,15:13:21,248.780000,24878,9951,6553,347,6,0,0,0.02276660,0.26864465,1.01829082,1.33667426,1.35925989,1.37345846,1.37345846
2025/10/21,15:13:22,250.160000,25016,10006,6765,348,6,0,0,0.02289296,0.27013567,1.04396566,1.36283410,1.38554983,1.39974840,1.39974840
2025/10/21,15:13:23,251.590000,25159,10063,6970,348,6,0,0,0.02302401,0.27168200,1.06894443,1.38787693,1.41059266,1.42479123,1.42479123
2025/10/21,15:13:24,253.310000,25331,10132,7222,349,6,0,0,0.02318097,0.27353430,1.09962586,1.41985140,1.44256713,1.45676570,1.45676570
2025/10/21,15:13:25,254.990000,25499,10199,7541,350,6,0,0,0.02333431,0.27534373,1.13793126,1.45844781,1.48116354,1.49424850,1.49424850
2025/10/21,15:13:26,255.990000,25599,10239,7760,347,6,0,0,0.02342641,0.27643053,1.16407038,1.48245382,1.50554898,1.51646858,1.51646858
2025/10/21,15:13:27,257.080000,25708,10283,7992,346,6,0,0,0.02352611,0.27760697,1.19180980,1.50844813,1.53167339,1.54259299,1.54259299
2025/10/21,15:13:28,258.940000,25894,10357,8361,346,6,0,0,0.02369619,0.27961375,1.23603626,1.55322365,1.57644891,1.58736851,1.58736851
2025/10/21,15:13:29,261.280000,26128,10451,8766,348,6,0,0,0.02391019,0.28213913,1.28488136,1.60400786,1.62723312,1.63815272,1.63815272
2025/10/21,15:13:30,263.420000,26342,10536,9016,349,6,0,0,0.02410587,0.28444811,1.31574484,1.63551741,1.65874267,1.66966227,1.66966227
2025/10/21,15:13:31,265.410000,26541,10616,9162,349,6,0,0,0.02428862,0.28660456,1.33464852,1.65432500,1.67767674,1.68859634,1.68859634
2025/10/21,15:13:32,266.890000,26689,10675,9243,346,6,0,0,0.02442364,0.28819761,1.34543931,1.66282070,1.68642901,1.69295602,1.69295602
2025/10/21,15:13:33,267.490000,26749,10699,9205,341,6,0,0,0.02447826,0.28884205,1.34179794,1.65404102,1.67815886,1.68468587,1.68468587
2025/10/21,15:13:34,268.660000,26866,10746,9223,336,6,0,0,0.02458522,0.29010427,1.34506369,1.65333155,1.67783244,1.68435945,1.68435945
2025/10/21,15:13:35,269.600000,26960,10784,9214,331,6,0,0,0.02467135,0.29112052,1.34510643,1.64830095,1.67318490,1.67971191,1.67971191
2025/10/21,15:13:36,269.940000,26994,10797,9142,324,6,0,0,0.02470292,0.29149326,1.33719443,1.63441056,1.65967756,1.66620457,1.66620457
2025/10/21,15:13:37,269.610000,26961,10784,8985,316,7,0,0,0.02467216,0.29113008,1.31894077,1.60878848,1.63456501,1.64000934,1.64000934
2025/10/21,15:13:38,269.150000,26915,10766,8740,309,7,0,0,0.02463021,0.29063526,1.29035608,1.57332036,1.59960642,1.59960642,1.59960642
2025/10/21,15:13:39,268.760000,26876,10750,8484,302,7,0,0,0.02459460,0.29021485,1.26067429,1.53711021,1.56377933,1.56377933,1.56377933
2025/10/21,15:13:40,268.370000,26837,10735,8253,295,7,0,0,0.02455921,0.28979731,1.23379877,1.50422428,1.53127645,1.53127645,1.53127645
2025/10/21,15:13:41,267.650000,26765,10706,7993,288,7,0,0,0.02449351,0.28902223,1.20333006,1.46722721,1.49466243,1.49466243,1.49466243
2025/10/21,15:13:42,265.660000,26566,10626,7509,278,7,0,0,0.02431124,0.28687149,1.14578722,1.40021578,1.42829063,1.42829063,1.42829063
2025/10/21,15:13:43,263.390000,26339,10535,7004,267,7,0,0,0.02410345,0.28441950,1.08556785,1.33023681,1.35869471,1.35869471,1.35869471
2025/10/21,15:13:44,260.860000,26086,10434,6483,256,8,0,0,0.02387151,0.28168250,1.02333470,1.25788900,1.28698291,1.28698291,1.28698291
2025/10/21,15:13:45,258.490000,25849,10339,6020,245,8,0,0,0.02365505,0.27912849,0.96776774,1.19272350,1.22233056,1.22233056,1.22233056
2025/10/21,15:13:46,256.470000,25647,10258,5635,236,8,0,0,0.02347004,0.27694534,0.92152690,1.13830711,1.16842370,1.16842370,1.16842370
2025/10/21,15:13:47,254.850000,25485,10194,5317,229,8,0,0,0.02332187,0.27519693,0.88339175,1.09306159,1.12343114,1.12343114,1.12343114
2025/10/21,15:13:48,253.660000,25366,10146,5075,222,8,0,0,0.02321322,0.27391471,0.85446793,1.05845039,1.08792735,1.08792735,1.08792735
2025/10/21,15:13:49,253.160000,25316,10126,4957,219,7,0,0,0.02316707,0.27337033,0.84042387,1.04091612,1.06937402,1.06937402,1.06937402
2025/10/21,15:13:50,253.170000,25317,10127,4930,217,6,0,0,0.02316836,0.27338558,0.83730870,1.03605584,1.06055673,1.06055673,1.06055673
2025/10/21,15:13:51,253.530000,25353,10141,4957,216,6,0,0,0.02320094,0.27376980,0.84082334,1.03882742,1.06332831,1.06332831,1.06332831
2025/10/21,15:13:52,254.040000,25404,10161,5004,216,6,0,0,0.02324812,0.27432655,0.84678079,1.04459086,1.06909175,1.06909175,1.06909175
2025/10/21,15:13:53,254.340000,25434,10173,5026,215,6,0,0,0.02327559,0.27465069,0.84958920,1.04675229,1.07125318,1.07125318,1.07125318
2025/10/21,15:13:54,254.380000,25438,10175,5016,214,6,0,0,0.02327882,0.27468880,0.84854468,1.04441565,1.06891654,1.06891654,1.06891654
2025/10/21,15:13:55,254.070000,25407,10163,4977,212,6,0,0,0.02325055,0.27435515,0.84367885,1.03790171,1.06240260,1.06240260,1.06240260
2025/10/21,15:13:56,253.950000,25395,10158,4956,210,6,0,0,0.02323978,0.27422832,0.84117686,1.03375162,1.05825251,1.05825251,1.05825251
2025/10/21,15:13:57,253.260000,25326,10130,4846,206,6,0,0,0.02317638,0.27347998,0.82779335,1.01694195,1.04144284,1.04144284,1.04144284
2025/10/21,15:13:58,252.060000,25206,10082,4668,201,5,0,0,0.02306673,0.27218628,0.80620164,0.99066490,1.01120879,1.01120879,1.01120879
2025/10/21,15:13:59,250.530000,25053,10021,4456,195,5,0,0,0.02292680,0.27053511,0.78025364,0.95928758,0.97893889,0.97893889,0.97893889
2025/10/21,15:14:00,249.320000,24932,9972,4291,190,5,0,0,0.02281540,0.26922047,0.76004264,0.93448733,0.95311596,0.95311596,0.95311596
2025/10/21,15:14:01,248.760000,24876,9950,4205,186,4,0,0,0.02276450,0.26861987,0.74961828,0.92063773,0.93531297,0.93531297,0.93531297
2025/10/21,15:14:02,248.110000,24811,9924,4113,183,4,0,0,0.02270488,0.26791632,0.73844060,0.90622790,0.92090314,0.92090314,0.92090314
2025/10/21,15:14:03,247.450000,24745,9898,4030,180,5,0,0,0.02264493,0.26720892,0.72822857,0.89297863,0.91352252,0.91460520,0.91460520
2025/10/21,15:14:04,246.550000,24655,9862,3944,177,8,0,0,0.02256220,0.26623271,0.71742849,0.87978738,0.90888129,0.91980089,0.91980089
2025/10/21,15:14:05,246.110000,24611,9844,3922,175,7,0,0,0.02252229,0.26576175,0.71447336,0.87547424,0.90227345,0.91975100,0.91975100
2025/10/21,15:14:06,246.000000,24600,9840,3939,174,6,0,0,0.02251250,0.26564639,0.71630091,0.87626772,0.90076861,0.92477317,0.92477317
2025/10/21,15:14:07,246.010000,24601,9840,3970,174,6,0,0,0.02251331,0.26565592,0.71976811,0.87908885,0.90129143,0.92968858,0.92968858
2025/10/21,15:14:08,246.210000,24621,9848,4025,174,5,1,0,0.02253085,0.26586282,0.72634521,0.88566595,0.90557383,0.93833263,0.93833263
2025/10/21,15:14:09,246.140000,24614,9845,4059,173,4,1,0,0.02252510,0.26579510,0.73016330,0.88932207,0.90693163,0.94405209,0.94405209
2025/10/21,15:14:10,246.290000,24629,9851,4113,173,4,1,0,0.02253884,0.26595719,0.73648147,0.89564024,0.91350638,0.95390581,0.95390581
2025/10/21,15:14:11,246.410000,24641,9856,4157,173,6,1,0,0.02254934,0.26608112,0.74167884,0.90054752,0.92262362,0.96521935,0.96521935
2025/10/21,15:14:12,246.170000,24617,9847,4147,171,5,1,0,0.02252795,0.26582849,0.74023869,0.89755535,0.91784628,0.95824571,0.95824571
2025/10/21,15:14:13,245.390000,24539,9815,4075,169,4,1,0,0.02245610,0.26498097,0.73118719,0.88627466,0.90388422,0.94211829,0.94211829
2025/10/21,15:14:14,244.290000,24429,9771,3975,166,4,1,0,0.02235537,0.26379216,0.71855073,0.87115003,0.88748396,0.92243906,0.92243906
2025/10/21,15:14:15,243.080000,24308,9723,3870,163,4,1,0,0.02224517,0.26249181,0.70515647,0.85500862,0.87236161,0.90512041,0.90512041
2025/10/21,15:14:16,241.280000,24128,9651,3699,159,5,0,0,0.02208052,0.26054892,0.68367095,0.82974189,0.84850061,0.87798044,0.87798044
2025/10/21,15:14:17,240.100000,24010,9604,3594,158,5,0,0,0.02197194,0.25926764,0.67040477,0.81573264,0.83564052,0.86292406,0.86292406
2025/10/21,15:14:18,239.820000,23982,9593,3582,161,5,0,0,0.02194679,0.25897113,0.66870261,0.81606659,0.83673696,0.86074152,0.86074152
2025/10/21,15:14:19,240.190000,24019,9607,3637,164,5,0,0,0.02198082,0.25937249,0.67547406,0.82577827,0.84708827,0.87001015,0.87001015
2025/10/21,15:14:20,240.900000,24090,9636,3729,168,5,0,0,0.02204536,0.26013420,0.68670990,0.84069833,0.86200833,0.88493021,0.88493021
2025/10/21,15:14:21,241.660000,24166,9666,3819,172,5,0,0,0.02211533,0.26095979,0.69779551,0.85527415,0.87684072,0.89976260,0.89976260
2025/10/21,15:14:22,242.910000,24291,9716,3957,177,5,0,0,0.02222934,0.26230496,0.71501150,0.87720842,0.89851842,0.92144030,0.92144030
2025/10/21,15:14:23,244.590000,24459,9783,4135,182,5,0,0,0.02238300,0.26411821,0.73712676,0.90455900,0.92574252,0.94866440,0.94866440
2025/10/21,15:14:24,246.560000,24656,9862,4336,189,5,0,0,0.02256317,0.26624416,0.76224890,0.93530446,0.95597483,0.97889671,0.97889671
2025/10/21,15:14:25,248.660000,24866,9946,4551,193,5,0,0,0.02275520,0.26851023,0.78913504,0.96613287,0.98655028,1.00947216,1.00947216
2025/10/21,15:14:26,250.000000,25000,10000,4685,194,5,0,0,0.02287810,0.26996026,0.80591864,0.98420952,1.00462693,1.02754881,1.02754881
2025/10/21,15:14:27,250.630000,25063,10025,4733,194,5,0,0,0.02293610,0.27064474,0.81210882,0.99039970,1.01094359,1.03386547,1.03386547
2025/10/21,15:14:28,250.930000,25093,10037,4735,193,5,0,0,0.02296309,0.27096316,0.81264536,0.99003120,1.01095814,1.03168373,1.03168373
2025/10/21,15:14:29,251.170000,25117,10047,4735,193,5,0,0,0.02298529,0.27122532,0.81290752,0.98980835,1.01111835,1.02967858,1.02967858
2025/10/21,15:14:30,251.400000,25140,10056,4788,200,5,0,0,0.02300656,0.27147608,0.81920524,1.00266646,1.02423303,1.04279326,1.04279326
2025/10/21,15:14:31,252.000000,25200,10080,5041,211,5,0,0,0.02306075,0.27211574,0.84877903,1.04245191,1.06376191,1.08232214,1.08232214
2025/10/21,15:14:32,252.320000,25232,10093,5246,221,5,0,0,0.02309058,0.27246754,0.87256338,1.07534980,1.09678628,1.11534651,1.11534651
2025/10/21,15:14:33,251.470000,25147,10058,5293,228,6,0,0,0.02301244,0.27154565,0.87704207,1.08616285,1.10811247,1.12447640,1.12447640
2025/10/21,15:14:34,250.320000,25032,10012,5302,234,6,0,0,0.02290718,0.27030347,0.87676940,1.09131950,1.11377865,1.12797722,1.12797722
2025/10/21,15:14:35,249.230000,24923,9969,5317,240,6,0,0,0.02280739,0.26912608,0.87732090,1.09704134,1.11988355,1.13408212,1.13408212
2025/10/21,15:14:36,248.180000,24818,9927,5335,245,6,0,0,0.02271141,0.26799351,0.87824024,1.10284094,1.12606620,1.14026477,1.14026477
2025/10/21,15:14:37,247.740000,24774,9909,5430,252,6,0,0,0.02267111,0.26751781,0.88867093,1.11954101,1.14276627,1.15696484,1.15696484
2025/10/21,15:14:38,247.030000,24703,9881,5427,250,6,0,0,0.02260599,0.26674941,0.88757540,1.11666743,1.14052870,1.15144830,1.15144830
2025/10/21,15:14:39,245.570000,24557,9822,5184,243,6,0,0,0.02247236,0.26517260,0.85814297,1.08061056,1.10523793,1.11615753,1.11615753
2025/10/21,15:14:40,244.620000,24462,9785,5090,238,6,0,0,0.02238614,0.26415537,0.84643348,1.06486179,1.08999870,1.10091830,1.10091830
2025/10/21,15:14:41,243.900000,24390,9756,5050,235,7,0,0,0.02232031,0.26337843,0.84101523,1.05614642,1.08166638,1.09258598,1.09258598
2025/10/21,15:14:42,243.470000,24347,9739,5062,232,7,0,0,0.02228056,0.26290938,0.84195183,1.05475682,1.08065983,1.09157943,1.09157943
2025/10/21,15:14:43,244.070000,24407,9762,5256,232,7,0,0,0.02233508,0.26355286,0.86483622,1.07754421,1.10344722,1.11436682,1.11436682
2025/10/21,15:14:44,245.610000,24561,9824,5590,234,7,0,0,0.02247663,0.26522313,0.90473124,1.11928134,1.14480130,1.15572090,1.15572090
2025/10/21,15:14:45,247.830000,24783,9913,6157,237,6,0,0,0.02267909,0.26761217,0.97190812,1.18959245,1.21485945,1.22577905,1.22577905
2025/10/21,15:14:46,250.820000,25082,10033,6885,242,6,0,0,0.02295330,0.27084780,1.05839148,1.28069709,1.30558104,1.31650064,1.31650064
2025/10/21,15:14:47,254.050000,25405,10162,7608,248,6,0,0,0.02324867,0.27433320,1.14458745,1.37177332,1.39601764,1.40693724,1.40693724
2025/10/21,15:14:48,256.830000,25683,10273,8152,251,6,0,0,0.02350342,0.27733908,1.20989690,1.44012000,1.46423784,1.47515744,1.47515744
2025/10/21,15:14:49,259.730000,25973,10389,8689,255,6,0,0,0.02376816,0.28046315,1.27435102,1.50777425,1.53150904,1.54242864,1.54242864
2025/10/21,15:14:50,262.880000,26288,10515,9108,259,5,0,0,0.02405652,0.28386564,1.32573739,1.56339389,1.58381130,1.60781586,1.60781586
2025/10/21,15:14:51,265.570000,26557,10622,9371,264,4,1,0,0.02430252,0.28676854,1.35870143,1.60052624,1.61660360,1.65044508,1.65044508
2025/10/21,15:14:52,267.480000,26748,10699,9551,267,7,1,0,0.02447793,0.28883824,1.38140040,1.62587535,1.65267456,1.69415667,1.69415667
2025/10/21,15:14:53,268.080000,26808,10723,9530,266,9,1,0,0.02453271,0.28948459,1.37964734,1.62312025,1.65833938,1.70637944,1.70637944
2025/10/21,15:14:54,267.660000,26766,10706,9382,262,11,1,0,0.02449399,0.28902794,1.36227372,1.60251540,1.64513901,1.69757166,1.69757166
2025/10/21,15:14:55,266.960000,26696,10678,9211,258,13,1,0,0.02442978,0.28827004,1.34191257,1.57837303,1.62660872,1.68120673,1.68120673
2025/10/21,15:14:56,266.730000,26673,10669,9110,254,15,1,0,0.02440900,0.28802504,1.33006654,1.56339277,1.61762720,1.67442150,1.67442150
2025/10/21,15:14:57,266.380000,26638,10655,8999,251,16,1,0,0.02437733,0.28765131,1.31700502,1.54674403,1.60544500,1.66223930,1.66223930
2025/10/21,15:14:58,265.520000,26552,10620,8740,245,15,1,0,0.02429809,0.28671612,1.28643694,1.51068166,1.56542924,1.62002725,1.62002725
2025/10/21,15:14:59,264.330000,26433,10573,8352,237,12,1,0,0.02418935,0.28543293,1.24077292,1.45836025,1.50519382,1.55434750,1.55434750
2025/10/21,15:15:00,263.060000,26306,10522,7972,230,10,1,0,0.02407317,0.28406202,1.19599469,1.40724858,1.44668129,1.49035970,1.49035970
2025/10/21,15:15:01,262.120000,26212,10485,7704,224,9,1,0,0.02398737,0.28304958,1.16431923,1.37014380,1.40408730,1.44232137,1.44232137
2025/10/21,15:15:02,261.920000,26192,10476,7665,221,8,1,0,0.02396878,0.28283031,1.15967278,1.36207119,1.39205768,1.42809546,1.42809546
2025/10/21,15:15:03,261.860000,26186,10474,7666,218,7,1,0,0.02396319,0.28276451,1.15971210,1.35981634,1.38801767,1.42185915,1.42185915
2025/10/21,15:15:04,261.460000,26146,10458,7593,217,8,1,0,0.02392710,0.28233838,1.15086374,1.34977194,1.38001501,1.41385649,1.41385649
2025/10/21,15:15:05,261.030000,26103,10441,7501,216,8,1,0,0.02388757,0.28187220,1.13992754,1.33783462,1.37024591,1.40300471,1.40300471
2025/10/21,15:15:06,260.700000,26070,10428,7419,215,9,1,0,0.02385736,0.28151565,1.13017537,1.32714538,1.36159841,1.39327453,1.39327453
2025/10/21,15:15:07,260.520000,26052,10421,7343,214,10,1,0,0.02384113,0.28132405,1.12123841,1.31749738,1.35412224,1.38579836,1.38579836
2025/10/21,15:15:08,260.380000,26038,10415,7246,213,10,1,0,0.02382811,0.28117054,1.11006950,1.30519740,1.34309790,1.37477402,1.37477402
2025/10/21,15:15:09,259.950000,25995,10398,7088,211,10,0,0,0.02378878,0.28070628,1.09146438,1.28494418,1.32386375,1.35334358,1.35334358
2025/10/21,15:15:10,258.800000,25880,10352,6741,207,10,0,0,0.02368382,0.27946788,1.05059958,1.24084722,1.27849115,1.30688830,1.30688830
2025/10/21,15:15:11,257.820000,25782,10312,6479,204,10,0,0,0.02359343,0.27840112,1.01951606,1.20646749,1.24283578,1.27011932,1.27011932
2025/10/21,15:15:12,257.750000,25775,10310,6464,201,9,0,0,0.02358729,0.27832866,1.01771471,1.20217797,1.23637804,1.26366158,1.26366158
2025/10/21,15:15:13,258.170000,25817,10327,6583,201,10,1,0,0.02362574,0.27878245,1.03177317,1.21578346,1.25291786,1.28459398,1.28459398
2025/10/21,15:15:14,258.720000,25872,10348,6742,200,11,1,0,0.02367574,0.27937254,1.05061325,1.23443045,1.27475575,1.31079353,1.31079353
2025/10/21,15:15:15,258.860000,25886,10354,6842,200,11,1,0,0.02368866,0.27952508,1.06220944,1.24537966,1.28774670,1.32706345,1.32706345
2025/10/21,15:15:16,259.150000,25915,10366,7090,200,12,1,0,0.02371558,0.27984256,1.09081879,1.27453899,1.31984035,1.36243608,1.36243608
2025/10/21,15:15:17,259.820000,25982,10392,7434,202,13,1,0,0.02377666,0.28056326,1.13095176,1.31635209,1.36586703,1.41174173,1.41174173
2025/10/21,15:15:18,260.580000,26058,10423,7767,204,14,1,0,0.02384614,0.28138314,1.16988738,1.35719479,1.41041016,1.45956384,1.45956384
2025/10/21,15:15:19,261.150000,26115,10446,8024,206,15,1,0,0.02389882,0.28200472,1.19987935,1.38876989,1.44517616,1.49649520,1.49649520
2025/10/21,15:15:20,261.190000,26119,10447,8186,215,15,1,0,0.02390244,0.28204760,1.21849134,1.41539638,1.47282171,1.52414075,1.52414075
2025/10/21,15:15:21,260.700000,26070,10428,8214,224,14,1,0,0.02385719,0.28151373,1.22108801,1.42607251,1.47979741,1.52675479,1.52675479
2025/10/21,15:15:22,260.250000,26025,10410,8228,231,13,1,0,0.02381648,0.28103327,1.22222732,1.43422427,1.48348264,1.52716105,1.52716105
2025/10/21,15:15:23,259.880000,25988,10395,8243,238,12,1,0,0.02378232,0.28063000,1.22355295,1.44198126,1.48702966,1.52742909,1.52742909
2025/10/21,15:15:24,259.220000,25922,10368,8108,244,11,1,0,0.02372146,0.27991214,1.20739651,1.43070416,1.47153899,1.50865945,1.50865945
2025/10/21,15:15:25,258.460000,25846,10338,7937,249,9,1,0,0.02365214,0.27909415,1.18703190,1.41492881,1.45078757,1.48574267,1.48574267
