Date,Time,PC0.1_calibrated,PC0.1,PC0.3,PC0.5,PC1.0,PC2.5,PC5.0,PC10,PM0.1,PM0.3,PM0.5,PM1.0,PM2.5,PM5.0,PM10
2025/10/04,14:33:39,363.210000,36321,14528,9171,384,6,0,0,0.03323759,0.39220190,1.44127187,1.79336138,1.81594701,1.82686661,1.82686661
2025/10/04,14:33:40,0.000000,0,14206,8355,346,6,0,0,0.03250061,0.38350555,1.33927779,1.65665918,1.68154313,1.68807014,1.68807014
2025/10/04,14:33:41,354.150000,35415,14166,8373,348,6,0,0,0.03240867,0.38242066,1.34024481,1.65946831,1.68282005,1.69373965,1.69373965
2025/10/04,14:33:42,353.300000,35330,14132,8430,355,5,0,0,0.03233153,0.38151023,1.34581359,1.67120948,1.69213642,1.70305602,1.70305602
2025/10/04,14:33:43,352.340000,35234,14093,8464,361,5,0,0,0.03224353,0.38047204,1.34866132,1.67903446,1.69817623,1.71126119,1.71126119
2025/10/04,14:33:44,351.260000,35126,14050,8516,365,4,0,0,0.03214416,0.37929944,1.35342667,1.68748403,1.70483702,1.71903559,1.71903559
2025/10/04,14:33:45,350.100000,35010,14004,8545,368,4,0,0,0.03203864,0.37805438,1.35553017,1.69288374,1.70921767,1.72341624,1.72341624
2025/10/04,14:33:46,348.980000,34898,13959,8484,371,5,0,0,0.03193549,0.37683698,1.34729642,1.68733216,1.70736652,1.72156509,1.72156509
2025/10/04,14:33:47,347.600000,34760,13904,8349,376,6,0,0,0.03180913,0.37534597,1.33036283,1.67472885,1.69922974,1.71342831,1.71342831
2025/10/04,14:33:48,345.560000,34556,13822,8085,382,8,0,0,0.03162315,0.37315137,1.29804246,1.64819286,1.67920203,1.69340060,1.69340060
2025/10/04,14:33:49,343.290000,34329,13731,7764,381,8,0,0,0.03141526,0.37069842,1.25877041,1.60753168,1.63905038,1.65324895,1.65324895
2025/10/04,14:33:50,341.230000,34123,13649,7503,376,8,0,0,0.03122646,0.36847049,1.22673984,1.57165492,1.60189799,1.61609656,1.61609656
2025/10/04,14:33:51,339.910000,33991,13596,7403,376,8,0,0,0.03110550,0.36704333,1.21386915,1.55804117,1.58854081,1.60273938,1.60273938
2025/10/04,14:33:52,339.780000,33978,13591,7499,379,9,0,0,0.03109403,0.36690795,1.22474516,1.57231039,1.60548778,1.61968635,1.61968635
2025/10/04,14:33:53,340.080000,34008,13603,7683,389,10,0,0,0.03112143,0.36723115,1.24612564,1.60264243,1.63926729,1.65346586,1.65346586
2025/10/04,14:33:54,340.640000,34064,13625,7953,402,11,0,0,0.03117223,0.36783079,1.27760644,1.64617791,1.68675978,1.70532001,1.70532001
2025/10/04,14:33:55,340.930000,34093,13637,8166,411,11,0,0,0.03119922,0.36814920,1.30221778,1.67870674,1.72030767,1.73886790,1.73886790
2025/10/04,14:33:56,341.110000,34111,13644,8336,414,11,0,0,0.03121580,0.36834464,1.32185073,1.70098984,1.74182467,1.76038490,1.76038490
2025/10/04,14:33:57,341.160000,34116,13646,8465,416,11,0,0,0.03122006,0.36839516,1.33669345,1.71796475,1.75778051,1.77634074,1.77634074
2025/10/04,14:33:58,340.870000,34087,13634,8511,416,10,0,0,0.03119324,0.36807866,1.34166864,1.72293994,1.76058387,1.77914410,1.77914410
2025/10/04,14:33:59,339.830000,33983,13593,8389,413,9,0,0,0.03109839,0.36695943,1.32661748,1.70530361,1.73950368,1.75586761,1.75586761
2025/10/04,14:34:00,337.780000,33778,13511,8057,411,8,0,0,0.03091105,0.36474865,1.28640008,1.66324410,1.69323059,1.70742916,1.70742916
2025/10/04,14:34:01,335.450000,33545,13418,7678,405,6,0,0,0.03069782,0.36223279,1.24047702,1.61134266,1.63660966,1.65080823,1.65080823
2025/10/04,14:34:02,332.560000,33256,13302,7180,394,5,0,0,0.03043299,0.35910774,1.18044898,1.54119905,1.56085036,1.57176996,1.57176996
2025/10/04,14:34:03,330.630000,33063,13225,6864,387,4,0,0,0.03025654,0.35702566,1.14219418,1.49693383,1.51326776,1.52418736,1.52418736
2025/10/04,14:34:04,329.040000,32904,13161,6627,383,4,0,0,0.03011079,0.35530583,1.11337412,1.46388050,1.48059748,1.49151708,1.49151708
2025/10/04,14:34:05,327.490000,32749,13099,6417,378,4,0,0,0.02996934,0.35363656,1.08773104,1.43429423,1.45190379,1.46282339,1.46282339
2025/10/04,14:34:06,326.370000,32637,13054,6303,375,5,0,0,0.02986664,0.35242485,1.07345591,1.41669086,1.43494005,1.44585965,1.44585965
2025/10/04,14:34:07,325.560000,32556,13022,6287,372,5,0,0,0.02979280,0.35155352,1.07074668,1.41188055,1.43050918,1.44142878,1.44142878
2025/10/04,14:34:08,325.030000,32503,13001,6397,368,5,0,0,0.02974400,0.35097771,1.08269703,1.41995360,1.43896528,1.44988488,1.44988488
2025/10/04,14:34:09,324.420000,32442,12977,6484,362,5,0,0,0.02968874,0.35032561,1.09208681,1.42420506,1.44372989,1.45464949,1.45464949
2025/10/04,14:34:10,324.200000,32420,12968,6654,359,5,0,0,0.02966783,0.35007872,1.11127755,1.44061663,1.46026794,1.47118754,1.47118754
2025/10/04,14:34:11,323.420000,32342,12936,6737,354,5,0,0,0.02959641,0.34923597,1.11993542,1.44458824,1.46462260,1.47554220,1.47554220
2025/10/04,14:34:12,322.830000,32283,12913,6836,350,5,0,0,0.02954315,0.34860769,1.13053666,1.45105321,1.47147062,1.48239022,1.48239022
2025/10/04,14:34:13,322.420000,32242,12897,6944,346,5,0,0,0.02950544,0.34816250,1.14250851,1.45979290,1.48059336,1.49151296,1.49151296
2025/10/04,14:34:14,322.100000,32210,12884,7038,344,5,0,0,0.02947554,0.34780977,1.15284805,1.46803228,1.48895922,1.49987882,1.49987882
2025/10/04,14:34:15,321.500000,32150,12860,7039,341,5,0,0,0.02942067,0.34716243,1.15230571,1.46516282,1.48621624,1.49385686,1.49385686
2025/10/04,14:34:16,320.450000,32045,12818,6867,339,5,0,0,0.02932501,0.34603367,1.13152532,1.44263733,1.46420390,1.47073091,1.47073091
2025/10/04,14:34:17,319.500000,31950,12780,6737,339,6,0,0,0.02923785,0.34500505,1.11570450,1.42600847,1.44782800,1.45435501,1.45435501
2025/10/04,14:34:18,318.680000,31868,12747,6709,339,6,0,0,0.02916337,0.34412608,1.11158599,1.42205193,1.44425451,1.45078152,1.45078152
2025/10/04,14:34:19,317.480000,31748,12699,6622,337,6,0,0,0.02905339,0.34282855,1.10035558,1.40927042,1.43185605,1.43949667,1.43949667
2025/10/04,14:34:20,315.800000,31580,12632,6479,334,6,0,0,0.02889989,0.34101724,1.08213218,1.38800887,1.41123413,1.41776114,1.41776114
2025/10/04,14:34:21,314.260000,31426,12570,6394,332,6,0,0,0.02875860,0.33934985,1.07074604,1.37523360,1.39884191,1.40864789,1.40864789
2025/10/04,14:34:22,312.440000,31244,12497,6295,330,6,0,0,0.02859201,0.33738407,1.05744173,1.36018419,1.38417555,1.39509515,1.39509515
2025/10/04,14:34:23,312.040000,31204,12481,6561,334,6,0,0,0.02855500,0.33694744,1.08745400,1.39378367,1.41751846,1.42843806,1.42843806
2025/10/04,14:34:24,312.280000,31228,12491,6982,337,6,0,0,0.02857704,0.33720769,1.13587188,1.44468972,1.46816794,1.47908754,1.47908754
2025/10/04,14:34:25,313.520000,31352,12541,7588,344,6,0,0,0.02869106,0.33855287,1.20654109,1.52198338,1.54444253,1.55864110,1.55864110
2025/10/04,14:34:26,315.110000,31511,12604,8201,353,5,0,0,0.02883606,0.34026409,1.27832760,1.60168738,1.62031601,1.65087852,1.65087852
2025/10/04,14:34:27,317.690000,31769,12707,8976,365,6,1,0,0.02907288,0.34305833,1.36978238,1.70409780,1.72591733,1.76631676,1.76631676
2025/10/04,14:34:28,320.360000,32036,12814,9379,376,9,1,0,0.02931693,0.34593835,1.41884075,1.76346483,1.79664222,1.84687858,1.84687858
2025/10/04,14:34:29,322.790000,32279,12911,9713,385,11,1,0,0.02953905,0.34855909,1.45963774,1.81237331,1.85550645,1.91121807,1.91121807
2025/10/04,14:34:30,325.290000,32529,13011,10027,393,14,1,0,0.02976807,0.35126177,1.49823039,1.85849637,1.91094564,1.96882263,1.96882263
2025/10/04,14:34:31,326.840000,32684,13073,10166,396,16,1,0,0.02990956,0.35293109,1.51584729,1.87908644,1.93919314,1.99926642,1.99926642
2025/10/04,14:34:32,327.810000,32781,13112,10200,397,18,1,0,0.02999843,0.35397976,1.52072527,1.88402848,1.95013393,2.01128989,2.01128989
2025/10/04,14:34:33,327.750000,32775,13110,10091,391,18,1,0,0.02999261,0.35391113,1.50819510,1.86626299,1.93478962,1.99594558,1.99594558
2025/10/04,14:34:34,327.050000,32705,13082,9864,380,17,1,0,0.02992917,0.35316274,1.48144524,1.82985054,1.89199898,1.94987597,1.94987597
2025/10/04,14:34:35,325.540000,32554,13021,9535,367,14,1,0,0.02979047,0.35152587,1.44225813,1.77870666,1.83217499,1.88569032,1.88569032
2025/10/04,14:34:36,324.540000,32454,12981,9299,358,12,1,0,0.02969924,0.35044954,1.41415020,1.74193817,1.78877174,1.83572912,1.83572912
2025/10/04,14:34:37,323.850000,32385,12954,9124,350,11,1,0,0.02963600,0.34970311,1.39334413,1.71431274,1.75617025,1.79876598,1.79876598
2025/10/04,14:34:38,322.950000,32295,12918,8940,343,10,1,0,0.02955375,0.34873259,1.37140109,1.68529227,1.72217009,1.76148684,1.76148684
2025/10/04,14:34:39,321.540000,32154,12861,8547,333,8,1,0,0.02942465,0.34720916,1.32490307,1.63042470,1.66232646,1.69836424,1.69836424
2025/10/04,14:34:40,319.960000,31996,12798,8158,324,7,1,0,0.02927987,0.34550080,1.27870488,1.57601802,1.60307019,1.63582899,1.63582899
2025/10/04,14:34:41,318.310000,31831,12732,7807,316,6,0,0,0.02912895,0.34371996,1.23675639,1.52615203,1.54899424,1.57955675,1.57955675
2025/10/04,14:34:42,316.340000,31634,12653,7470,307,5,0,0,0.02894933,0.34160066,1.19608921,1.47785745,1.49674265,1.52513980,1.52513980
2025/10/04,14:34:43,314.380000,31438,12575,7122,299,4,0,0,0.02876942,0.33947759,1.15412562,1.42787937,1.44421330,1.47041416,1.47041416
2025/10/04,14:34:44,312.560000,31256,12502,6763,290,4,0,0,0.02860274,0.33751085,1.11112672,1.37676898,1.39399549,1.41800005,1.41800005
2025/10/04,14:34:45,311.160000,31116,12446,6487,283,4,0,0,0.02847486,0.33600174,1.07808619,1.33749200,1.35382593,1.38222308,1.38222308
2025/10/04,14:34:46,310.200000,31020,12408,6418,279,5,1,0,0.02838712,0.33496641,1.06917001,1.32534367,1.34371934,1.37539546,1.37539546
2025/10/04,14:34:47,310.460000,31046,12418,6618,287,6,1,0,0.02841119,0.33525050,1.09234527,1.35514429,1.37964518,1.41568296,1.41568296
2025/10/04,14:34:48,311.030000,31103,12441,6855,296,8,1,0,0.02846297,0.33586159,1.12006072,1.39103529,1.42204446,1.46464019,1.46464019
2025/10/04,14:34:49,311.880000,31188,12475,7135,306,10,1,0,0.02854085,0.33678060,1.15293939,1.43302750,1.47067143,1.51762881,1.51762881
2025/10/04,14:34:50,312.810000,31281,12512,7403,315,12,1,0,0.02862600,0.33778542,1.18461124,1.47345691,1.51773921,1.56797557,1.56797557
2025/10/04,14:34:51,314.180000,31418,12567,7768,325,13,1,0,0.02875139,0.33926499,1.22787423,1.52612443,1.57640186,1.63099987,1.63099987
2025/10/04,14:34:52,315.320000,31532,12613,8043,334,14,1,0,0.02885594,0.34049861,1.26053027,1.56621296,1.61993786,1.67453587,1.67453587
2025/10/04,14:34:53,316.270000,31627,12650,8253,339,14,1,0,0.02894248,0.34151964,1.28552110,1.59656814,1.64876083,1.70335884,1.70335884
2025/10/04,14:34:54,317.320000,31732,12693,8337,344,13,1,0,0.02903869,0.34265506,1.29637528,1.61155951,1.66158398,1.71290302,1.71290302
2025/10/04,14:34:55,317.400000,31740,12696,8201,338,12,1,0,0.02904547,0.34273514,1.28079865,1.59100562,1.63681652,1.68377390,1.68377390
2025/10/04,14:34:56,317.330000,31733,12693,8054,332,11,1,0,0.02903911,0.34265985,1.26398815,1.56837871,1.60972307,1.65340148,1.65340148
2025/10/04,14:34:57,316.980000,31698,12679,7857,324,10,1,0,0.02900711,0.34228231,1.24104256,1.53825869,1.57513651,1.61445326,1.61445326
2025/10/04,14:34:58,316.560000,31656,12662,7661,317,8,1,0,0.02896882,0.34183044,1.21813165,1.50872242,1.54113371,1.57825417,1.57825417
2025/10/04,14:34:59,315.760000,31576,12630,7410,309,7,1,0,0.02889585,0.34096957,1.18865578,1.47178204,1.49934374,1.53318522,1.53318522
2025/10/04,14:35:00,315.750000,31575,12630,7396,303,6,1,0,0.02889498,0.34095909,1.18702552,1.46456048,1.48880480,1.52048092,1.52048092
2025/10/04,14:35:01,315.550000,31555,12622,7376,296,5,0,0,0.02887623,0.34073790,1.18442918,1.45588876,1.47668922,1.50616905,1.50616905
2025/10/04,14:35:02,314.960000,31496,12598,7318,289,4,0,0,0.02882265,0.34010584,1.17721291,1.44220910,1.45905256,1.48633610,1.48633610
2025/10/04,14:35:03,314.120000,31412,12564,7216,281,4,0,0,0.02874567,0.33919733,1.16464262,1.42246439,1.43943433,1.46343889,1.46343889
2025/10/04,14:35:04,313.120000,31312,12525,7090,273,5,0,0,0.02865444,0.33812097,1.14920620,1.39956254,1.41781173,1.43853732,1.43853732
2025/10/04,14:35:05,312.130000,31213,12485,6978,265,5,0,0,0.02856396,0.33705325,1.13528919,1.37866602,1.39806075,1.41662098,1.41662098
2025/10/04,14:35:06,311.310000,31131,12452,6908,259,5,0,0,0.02848875,0.33616570,1.12640778,1.36390231,1.38419324,1.39839181,1.39839181
2025/10/04,14:35:07,310.410000,31041,12416,6825,253,5,0,0,0.02840641,0.33519423,1.11593557,1.34816276,1.36921618,1.38341475,1.38341475
2025/10/04,14:35:08,308.220000,30822,12329,6496,246,6,0,0,0.02820589,0.33282806,1.07588602,1.30132678,1.32340288,1.33648784,1.33648784
2025/10/04,14:35:09,305.650000,30565,12226,6112,237,6,0,0,0.02797023,0.33004718,1.02915657,1.24693790,1.27003306,1.28095266,1.28095266
2025/10/04,14:35:10,302.860000,30286,12114,5710,229,6,0,0,0.02771516,0.32703750,0.98025941,1.19002625,1.21414409,1.22395007,1.22395007
2025/10/04,14:35:11,300.130000,30013,12005,5348,221,6,0,0,0.02746561,0.32409266,0.93585016,1.13824857,1.16325900,1.16978601,1.16978601
2025/10/04,14:35:12,297.440000,29744,11897,5024,213,7,0,0,0.02721942,0.32118782,0.89590821,1.09142320,1.11719973,1.12372674,1.12372674
2025/10/04,14:35:13,294.860000,29486,11794,4765,206,7,0,0,0.02698280,0.31839551,0.86353139,1.05232493,1.07886757,1.08539458,1.08539458
2025/10/04,14:35:14,292.230000,29223,11689,4555,199,7,0,0,0.02674259,0.31556121,0.83661827,1.01923943,1.04642169,1.05294870,1.05294870
2025/10/04,14:35:15,289.620000,28962,11585,4361,192,7,0,0,0.02650419,0.31274795,0.81166910,0.98811787,1.01593614,1.01593614,1.01593614
2025/10/04,14:35:16,287.190000,28719,11487,4216,187,7,0,0,0.02628143,0.31011957,0.79241062,0.96372107,0.99204887,0.99204887,0.99204887
2025/10/04,14:35:17,284.850000,28485,11394,4092,182,7,0,0,0.02606727,0.30759230,0.77574142,0.94233359,0.97104445,0.97104445,0.97104445
2025/10/04,14:35:18,283.090000,28309,11323,4039,178,8,0,0,0.02590607,0.30569036,0.76768340,0.93062339,0.95971730,0.95971730,0.95971730
2025/10/04,14:35:19,281.440000,28144,11257,4001,174,8,0,0,0.02575509,0.30390860,0.76158358,0.92119533,0.95028924,0.95028924,0.95028924
2025/10/04,14:35:20,279.840000,27984,11193,3971,171,8,0,0,0.02560837,0.30217733,0.75639464,0.91296824,0.94257530,0.94257530,0.94257530
2025/10/04,14:35:21,278.830000,27883,11153,4007,168,8,0,0,0.02551666,0.30109528,0.75952565,0.91406314,0.94367020,0.94367020,0.94367020
2025/10/04,14:35:22,278.890000,27889,11155,4219,169,8,0,0,0.02552150,0.30115248,0.78377067,0.93850216,0.96797912,0.96797912,0.96797912
2025/10/04,14:35:23,279.610000,27961,11184,4553,175,8,0,0,0.02558769,0.30193329,0.82277222,0.98322404,1.01231795,1.01776228,1.01776228
2025/10/04,14:35:24,280.450000,28045,11218,4887,184,7,0,0,0.02566444,0.30283896,0.86190264,1.03082101,1.05953187,1.06605888,1.06605888
2025/10/04,14:35:25,281.200000,28120,11248,5178,193,7,0,0,0.02573366,0.30365593,0.89597592,1.07261869,1.10082002,1.10734703,1.10734703
2025/10/04,14:35:26,281.480000,28148,11259,5398,200,7,0,0,0.02575854,0.30394956,0.92143088,1.10479510,1.13299643,1.13952344,1.13952344
2025/10/04,14:35:27,282.440000,28244,11297,5782,210,7,0,0,0.02584645,0.30498681,0.96641271,1.15898747,1.18654917,1.19746877,1.19746877
2025/10/04,14:35:28,283.580000,28358,11343,6185,220,7,0,0,0.02595125,0.30622330,1.01375480,1.21570115,1.24288341,1.25380301,1.25380301
2025/10/04,14:35:29,284.050000,28405,11362,6447,229,7,0,0,0.02599391,0.30672666,1.04416980,1.25383964,1.28063885,1.29155845,1.29155845
2025/10/04,14:35:30,283.370000,28337,11334,6451,234,7,0,0,0.02593176,0.30599352,1.04397792,1.25872202,1.28552123,1.29644083,1.29644083
2025/10/04,14:35:31,281.800000,28180,11272,6270,233,7,0,0,0.02578854,0.30430328,1.02155353,1.23490758,1.26208984,1.27300944,1.27300944
2025/10/04,14:35:32,280.510000,28051,11220,6141,228,7,0,0,0.02566993,0.30290377,1.00536171,1.21467649,1.24198523,1.25290483,1.25290483
2025/10/04,14:35:33,279.680000,27968,11187,6082,225,7,0,0,0.02559389,0.30200667,0.99777139,1.20404802,1.23186629,1.24058959,1.24058959
2025/10/04,14:35:34,278.940000,27894,11157,6014,221,7,0,0,0.02552612,0.30120683,0.98919570,1.19217612,1.21999439,1.22652140,1.22652140
2025/10/04,14:35:35,277.460000,27746,11098,5767,215,7,0,0,0.02539072,0.29960906,0.95931006,1.15628007,1.18460787,1.19113488,1.19113488
2025/10/04,14:35:36,276.650000,27665,11066,5632,210,7,0,0,0.02531671,0.29873578,0.94299421,1.13566597,1.16437683,1.17090384,1.17090384
2025/10/04,14:35:37,276.450000,27645,11058,5617,207,7,0,0,0.02529884,0.29852509,0.94105474,1.13075332,1.15959427,1.16612128,1.16612128
2025/10/04,14:35:38,276.670000,27667,11067,5679,205,8,0,0,0.02531881,0.29876056,0.94841968,1.13666416,1.16575807,1.17228508,1.17228508
2025/10/04,14:35:39,276.890000,27689,11075,5739,204,8,0,0,0.02533908,0.29899984,0.95546130,1.14231573,1.17140964,1.17793665,1.17793665
2025/10/04,14:35:40,276.780000,27678,11071,5773,202,8,0,0,0.02532906,0.29888162,0.95922900,1.14453233,1.17362624,1.18015325,1.18015325
2025/10/04,14:35:41,276.800000,27680,11072,5909,201,8,0,0,0.02533067,0.29890070,0.97479566,1.15925892,1.18835283,1.19487984,1.19487984
2025/10/04,14:35:42,277.330000,27733,11093,6160,202,8,0,0,0.02537876,0.29946795,1.00408704,1.18909937,1.21819328,1.22472029,1.22472029
2025/10/04,14:35:43,278.230000,27823,11129,6457,203,8,0,0,0.02546139,0.30044320,1.03907398,1.22547635,1.25457026,1.26109727,1.26109727
2025/10/04,14:35:44,278.540000,27854,11141,6635,204,7,0,0,0.02548951,0.30077495,1.05981263,1.24657006,1.27541101,1.28193802,1.28193802
2025/10/04,14:35:45,278.920000,27892,11157,6839,204,7,0,0,0.02552467,0.30118967,1.08355089,1.27059933,1.29931019,1.30583720,1.30583720
2025/10/04,14:35:46,279.700000,27970,11188,7131,206,7,0,0,0.02559551,0.30202573,1.11775227,1.30673981,1.33545067,1.34197768,1.34197768
2025/10/04,14:35:47,280.460000,28046,11218,7395,208,7,0,0,0.02566580,0.30285514,1.14881646,1.33964611,1.36784744,1.37437445,1.37437445
2025/10/04,14:35:48,281.040000,28104,11241,7562,209,7,0,0,0.02571815,0.30347290,1.16854459,1.36047328,1.38867461,1.39520162,1.39520162
2025/10/04,14:35:49,281.020000,28102,11241,7545,209,7,0,0,0.02571718,0.30346146,1.16659024,1.35813093,1.38633226,1.39285927,1.39285927
2025/10/04,14:35:50,280.350000,28035,11214,7401,207,7,0,0,0.02565513,0.30272931,1.14933700,1.33952059,1.36772192,1.37424893,1.37424893
2025/10/04,14:35:51,279.310000,27931,11172,7212,205,7,0,0,0.02556028,0.30161008,1.12662312,1.31467360,1.34313150,1.34965851,1.34965851
2025/10/04,14:35:52,278.340000,27834,11133,7057,203,7,0,0,0.02547109,0.30055761,1.10786204,1.29445841,1.32316927,1.32969628,1.32969628
2025/10/04,14:35:53,276.880000,27688,11075,6805,201,7,0,0,0.02533762,0.29898269,1.07745799,1.26156528,1.29027614,1.29680315,1.29680315
2025/10/04,14:35:54,275.050000,27505,11002,6464,196,8,0,0,0.02517048,0.29701026,1.03639631,1.21627032,1.24536423,1.25189124,1.25189124
2025/10/04,14:35:55,273.430000,27343,10937,6185,192,8,0,0,0.02502221,0.29526085,1.00279235,1.17907915,1.20817306,1.21470007,1.21470007
2025/10/04,14:35:56,271.840000,27184,10873,5937,189,8,0,0,0.02487711,0.29354867,0.97268318,1.14619080,1.17566776,1.18219477,1.18219477
2025/10/04,14:35:57,270.660000,27066,10826,5781,194,7,0,0,0.02476836,0.29226546,0.95358635,1.13123025,1.15930510,1.16583211,1.16583211
2025/10/04,14:35:58,270.220000,27022,10808,5772,203,7,0,0,0.02472839,0.29179360,0.95203186,1.13833723,1.16424024,1.17076725,1.17076725
2025/10/04,14:35:59,269.900000,26990,10796,5771,212,6,0,0,0.02469904,0.29144750,0.95158076,1.14644969,1.17031096,1.18011694,1.18011694
2025/10/04,14:36:00,269.620000,26962,10784,5770,221,6,0,0,0.02467335,0.29114434,0.95116859,1.15350295,1.17557905,1.18649865,1.18649865
2025/10/04,14:36:01,269.510000,26951,10780,5845,229,5,0,0,0.02466333,0.29102612,0.95968649,1.16974433,1.19003526,1.20095486,1.20095486
2025/10/04,14:36:02,268.990000,26899,10759,5842,236,5,0,0,0.02461567,0.29046368,0.95869191,1.17492214,1.19380734,1.20472694,1.20472694
2025/10/04,14:36:03,268.270000,26827,10731,5806,242,4,0,0,0.02455032,0.28969243,0.95382062,1.17538317,1.19299273,1.20391233,1.20391233
2025/10/04,14:36:04,267.530000,26753,10701,5768,247,4,0,0,0.02448246,0.28889164,0.94869776,1.17504356,1.19150397,1.20242357,1.20242357
2025/10/04,14:36:05,266.410000,26641,10656,5668,244,4,0,0,0.02438017,0.28768469,0.93604717,1.15971080,1.17681083,1.18773043,1.18773043
2025/10/04,14:36:06,264.810000,26481,10592,5469,236,5,0,0,0.02423297,0.28594772,0.91152803,1.12821124,1.14683987,1.15664585,1.15664585
2025/10/04,14:36:07,263.900000,26390,10556,5364,230,5,0,0,0.02415024,0.28497151,0.89856291,1.10926682,1.12904461,1.13557162,1.13557162
2025/10/04,14:36:08,262.980000,26298,10519,5249,226,5,0,0,0.02406622,0.28398003,0.88439900,1.09187167,1.11267213,1.11919914,1.11919914
2025/10/04,14:36:09,261.970000,26197,10479,5085,226,5,0,0,0.02397353,0.28288653,0.86462738,1.07219705,1.09376362,1.10029063,1.10029063
2025/10/04,14:36:10,261.790000,26179,10471,5044,229,6,0,0,0.02395705,0.28269205,0.85968259,1.06935243,1.09155501,1.09808202,1.09808202
2025/10/04,14:36:11,262.000000,26200,10480,5050,232,6,0,0,0.02397660,0.28292276,0.86055956,1.07300857,1.09559420,1.10212121,1.10212121
2025/10/04,14:36:12,262.560000,26256,10502,5115,239,6,0,0,0.02402718,0.28351955,0.86860495,1.08803439,1.11062002,1.11714703,1.11714703
2025/10/04,14:36:13,264.320000,26432,10573,5392,259,6,0,0,0.02418870,0.28542529,0.90225623,1.13975076,1.16144381,1.17236341,1.17236341
2025/10/04,14:36:14,266.800000,26680,10672,5786,282,5,0,0,0.02441589,0.28810608,0.94996411,1.20878792,1.22933181,1.24241677,1.24241677
2025/10/04,14:36:15,268.490000,26849,10739,6061,303,5,0,0,0.02457036,0.28992886,0.98320930,1.26139033,1.28091516,1.29511373,1.29511373
2025/10/04,14:36:16,269.810000,26981,10792,6250,320,5,0,0,0.02469122,0.29135505,1.00633915,1.29961210,1.31849730,1.33269587,1.33269587
2025/10/04,14:36:17,270.980000,27098,10839,6404,332,5,0,0,0.02479826,0.29261822,1.02520193,1.32968949,1.34806516,1.36662539,1.36662539
2025/10/04,14:36:18,271.350000,27135,10854,6445,343,5,0,0,0.02483186,0.29301480,1.03023981,1.34413099,1.36225009,1.38081032,1.38081032
2025/10/04,14:36:19,271.430000,27143,10857,6463,352,5,0,0,0.02483939,0.29310347,1.03238051,1.35473916,1.37285826,1.39141849,1.39141849
2025/10/04,14:36:20,272.230000,27223,10889,6630,363,4,0,0,0.02491250,0.29396624,1.05235766,1.38473397,1.40260011,1.42116034,1.42116034
2025/10/04,14:36:21,272.430000,27243,10897,6695,365,5,0,0,0.02493085,0.29418264,1.06002266,1.39488714,1.41313633,1.43169656,1.43169656
2025/10/04,14:36:22,271.710000,27171,10868,6598,363,5,0,0,0.02486515,0.29340756,1.04812718,1.38079449,1.39980617,1.41508742,1.41508742
2025/10/04,14:36:23,271.120000,27112,10845,6575,362,5,0,0,0.02481079,0.29276600,1.04489233,1.37616960,1.39582091,1.41001948,1.41001948
2025/10/04,14:36:24,270.830000,27083,10833,6673,362,5,0,0,0.02478446,0.29245521,1.05581106,1.38747633,1.40763717,1.42183574,1.42183574
2025/10/04,14:36:25,270.430000,27043,10817,6725,361,5,0,0,0.02474720,0.29201570,1.06131351,1.39168665,1.41223054,1.42642911,1.42642911
2025/10/04,14:36:26,270.090000,27009,10803,6787,360,5,0,0,0.02471649,0.29165342,1.06807670,1.39825584,1.41918278,1.43338135,1.43338135
2025/10/04,14:36:27,270.060000,27006,10802,6905,365,5,0,0,0.02471336,0.29161626,1.08143009,1.41548745,1.43679745,1.45099602,1.45099602
2025/10/04,14:36:28,269.360000,26936,10774,6877,364,6,0,0,0.02464953,0.29086311,1.07754240,1.41095278,1.43264583,1.44684440,1.44684440
2025/10/04,14:36:29,270.050000,27005,10802,7207,371,5,0,0,0.02471255,0.29160673,1.11596951,1.45581125,1.47724773,1.49144630,1.49144630
2025/10/04,14:36:30,271.250000,27125,10850,7634,380,5,0,0,0.02482259,0.29290519,1.16618498,1.51468728,1.53587080,1.55006937,1.55006937
2025/10/04,14:36:31,272.740000,27274,10909,8049,391,5,0,0,0.02495887,0.29451343,1.21519547,1.57371634,1.59451680,1.60871537,1.60871537
2025/10/04,14:36:32,274.740000,27474,10989,8516,411,5,0,0,0.02514178,0.29667180,1.27079903,1.64709399,1.66610567,1.68358322,1.68358322
2025/10/04,14:36:33,277.700000,27770,11108,9069,442,4,0,0,0.02541276,0.29986928,1.33728159,1.74253231,1.75899272,1.78083192,1.78083192
2025/10/04,14:36:34,280.800000,28080,11232,9421,472,6,0,0,0.02569682,0.30322122,1.38086581,1.81332719,1.83514672,1.86134758,1.86134758
2025/10/04,14:36:35,284.030000,28403,11361,9772,499,7,0,0,0.02599236,0.30670853,1.42447640,1.88146626,1.90992416,1.93832131,1.93832131
2025/10/04,14:36:36,287.800000,28780,11512,10187,526,9,0,0,0.02633750,0.31078117,1.47604016,1.95781656,1.99278274,2.02226257,2.02226257
2025/10/04,14:36:37,289.610000,28961,11584,10316,541,10,0,0,0.02650241,0.31272697,1.49278628,1.98787747,2.02654408,2.05602391,2.05602391
2025/10/04,14:36:38,290.950000,29095,11638,10371,552,11,1,0,0.02662521,0.31417603,1.50046816,2.00609404,2.04743840,2.07911452,2.07911452
2025/10/04,14:36:39,292.240000,29224,11689,10407,562,12,1,0,0.02674372,0.31557457,1.50603538,2.02103377,2.06441987,2.09609599,2.09609599
2025/10/04,14:36:40,293.010000,29301,11720,10369,564,11,0,0,0.02681394,0.31640302,1.50246490,2.01914342,2.06151046,2.09099029,2.09099029
2025/10/04,14:36:41,293.050000,29305,11722,10221,554,10,0,0,0.02681734,0.31644309,1.48558800,1.99305599,2.03069992,2.05798346,2.05798346
2025/10/04,14:36:42,293.400000,29340,11736,10146,545,9,0,0,0.02684923,0.31681962,1.47739292,1.97694341,2.01088691,2.03489147,2.03489147
2025/10/04,14:36:43,294.050000,29405,11762,10158,545,9,0,0,0.02690944,0.31752987,1.47953318,1.97834061,2.01100847,2.03393035,2.03393035
2025/10/04,14:36:44,293.950000,29395,11758,10057,542,8,0,0,0.02690029,0.31742214,1.46782019,1.96410650,1.99485910,2.01778098,2.01778098
2025/10/04,14:36:45,294.090000,29409,11763,9989,540,8,0,0,0.02691283,0.31756990,1.46019621,1.95486736,1.98460090,2.00752278,2.00752278
2025/10/04,14:36:46,294.830000,29483,11793,10002,541,8,0,0,0.02698012,0.31836404,1.46242025,1.95751144,1.98673544,2.00965732,2.00965732
2025/10/04,14:36:47,295.510000,29551,11820,10073,541,7,0,0,0.02704281,0.31910382,1.47133176,1.96684298,1.99530088,2.01822276,2.01822276
2025/10/04,14:36:48,295.930000,29593,11837,10113,540,7,0,0,0.02708104,0.31955477,1.47641189,1.97082407,1.99876882,2.02169070,2.02169070
2025/10/04,14:36:49,296.160000,29616,11846,10134,537,7,0,0,0.02710260,0.31980930,1.47900921,1.97122422,1.99827639,2.01900198,2.01900198
2025/10/04,14:36:50,296.660000,29666,11866,10164,534,7,0,0,0.02714752,0.32033936,1.48296869,1.97198449,1.99750445,2.01606468,2.01606468
2025/10/04,14:36:51,296.910000,29691,11876,10106,523,6,0,0,0.02717072,0.32061297,1.47661371,1.95544897,1.97752507,1.99608530,1.99608530
2025/10/04,14:36:52,297.140000,29714,11885,10042,511,5,0,0,0.02719147,0.32085797,1.46954336,1.93732689,1.95570256,1.97098381,1.97098381
2025/10/04,14:36:53,297.320000,29732,11892,9983,500,4,0,0,0.02720827,0.32105624,1.46299592,1.92076088,1.93696471,1.95116328,1.95116328
2025/10/04,14:36:54,297.040000,29704,11881,9877,488,4,0,0,0.02718306,0.32075880,1.45058432,1.89739455,1.91474754,1.92894611,1.92894611
2025/10/04,14:36:55,296.660000,29666,11866,9715,476,5,0,0,0.02714784,0.32034316,1.43159556,1.86777318,1.88614885,1.89706845,1.89706845
2025/10/04,14:36:56,296.550000,29655,11862,9612,467,5,0,0,0.02713766,0.32022303,1.41975715,1.84733827,1.86660652,1.87752612,1.87752612
2025/10/04,14:36:57,296.670000,29667,11866,9527,459,5,0,0,0.02714881,0.32035461,1.41011748,1.83020114,1.85010902,1.86102862,1.86102862
2025/10/04,14:36:58,296.410000,29641,11856,9363,449,5,0,0,0.02712515,0.32007529,1.39109129,1.80248237,1.82302626,1.83394586,1.83394586
2025/10/04,14:36:59,295.730000,29573,11829,9168,438,5,0,0,0.02706278,0.31933932,1.36806591,1.76976145,1.79107145,1.80199105,1.80199105
2025/10/04,14:37:00,294.890000,29489,11795,8978,428,6,0,0,0.02698587,0.31843174,1.34544266,1.73712054,1.75919664,1.76791994,1.76791994
2025/10/04,14:37:01,294.150000,29415,11766,8738,415,6,0,0,0.02691807,0.31763187,1.31713456,1.69766280,1.72050501,1.72703202,1.72703202
2025/10/04,14:37:02,293.500000,29350,11740,8471,403,6,0,0,0.02685854,0.31692927,1.28587394,1.65525345,1.67873167,1.68525868,1.68525868
2025/10/04,14:37:03,292.970000,29297,11718,8266,393,6,0,0,0.02680997,0.31635631,1.26187254,1.62178254,1.64590038,1.65242739,1.65242739
2025/10/04,14:37:04,292.770000,29277,11710,8199,390,6,0,0,0.02679187,0.31614274,1.25399213,1.61105890,1.63505026,1.64157727,1.64157727
2025/10/04,14:37:05,292.330000,29233,11693,8123,388,6,0,0,0.02675131,0.31566417,1.24487332,1.60019498,1.62380329,1.63033030,1.63033030
2025/10/04,14:37:06,291.690000,29169,11667,8085,387,6,0,0,0.02669308,0.31497683,1.23986792,1.59405851,1.61766682,1.62639012,1.62639012
2025/10/04,14:37:07,291.320000,29132,11653,8073,385,6,0,0,0.02665931,0.31457835,1.23806779,1.59125634,1.61473456,1.62565416,1.62565416
2025/10/04,14:37:08,291.080000,29108,11643,8072,385,6,0,0,0.02663717,0.31431714,1.23769746,1.59023995,1.61346521,1.62438481,1.62438481
2025/10/04,14:37:09,290.600000,29060,11624,8001,384,6,0,0,0.02659345,0.31380135,1.22908269,1.58078419,1.60400945,1.61492905,1.61492905
2025/10/04,14:37:10,291.090000,29109,11643,8218,387,6,0,0,0.02663837,0.31433141,1.25433783,1.60936849,1.63195412,1.64287372,1.64287372
2025/10/04,14:37:11,292.090000,29209,11683,8413,390,6,0,0,0.02672960,0.31540776,1.27776822,1.63483499,1.65703757,1.66795717,1.66795717
2025/10/04,14:37:12,293.230000,29323,11729,8590,387,6,0,0,0.02683388,0.31663849,1.29929684,1.65387452,1.67607710,1.68699670,1.68699670
2025/10/04,14:37:13,295.390000,29539,11815,9010,389,6,0,0,0.02703182,0.31897416,1.34958414,1.70590693,1.72798303,1.74106799,1.74106799
2025/10/04,14:37:14,297.760000,29776,11910,9290,392,6,0,0,0.02724876,0.32153389,1.38420854,1.74302041,1.76483994,1.77903851,1.77903851
2025/10/04,14:37:15,299.900000,29990,11996,9559,395,5,0,0,0.02744434,0.32384190,1.41726032,1.77891542,1.80035190,1.81455047,1.81455047
2025/10/04,14:37:16,302.480000,30248,12099,9886,401,5,0,0,0.02768100,0.32663425,1.45742916,1.82461059,1.84553753,1.86301508,1.86301508
2025/10/04,14:37:17,305.280000,30528,12211,10217,410,5,0,0,0.02793669,0.32965155,1.49839658,1.87414248,1.89443341,1.91299364,1.91299364
2025/10/04,14:37:18,307.060000,30706,12282,10403,421,5,0,0,0.02809956,0.33157346,1.52152126,1.90738182,1.92728970,1.94584993,1.94584993
2025/10/04,14:37:19,307.930000,30793,12317,10524,430,5,0,0,0.02817906,0.33251155,1.53629017,1.93061728,1.95014211,1.97198131,1.97198131
2025/10/04,14:37:20,308.530000,30853,12341,10604,437,5,0,0,0.02823384,0.33315791,1.54608177,1.94651721,1.96604204,1.98896392,1.98896392
2025/10/04,14:37:21,309.170000,30917,12366,10656,443,5,0,0,0.02829243,0.33384909,1.55277140,1.95870022,1.97822505,2.00006425,2.00006425
2025/10/04,14:37:22,309.970000,30997,12399,10727,449,5,0,0,0.02836611,0.33471853,1.56175595,1.97298506,1.99250989,2.01107012,2.01107012
2025/10/04,14:37:23,311.210000,31121,12448,10886,456,5,0,0,0.02847945,0.33605607,1.58132735,1.99947191,2.01861368,2.03933927,2.03933927
2025/10/04,14:37:24,312.080000,31208,12483,10981,462,5,0,0,0.02855904,0.33699511,1.59306766,2.01618947,2.03545772,2.05401795,2.05401795
2025/10/04,14:37:25,312.930000,31293,12517,11030,464,5,0,0,0.02863660,0.33791031,1.59958155,2.02470653,2.04423136,2.06279159,2.06279159
2025/10/04,14:37:26,314.360000,31436,12574,11083,462,5,0,0,0.02876781,0.33945854,1.60718886,2.03014870,2.04980001,2.06836024,2.06836024
2025/10/04,14:37:27,316.520000,31652,12660,11208,462,5,0,0,0.02896501,0.34178562,1.62385976,2.04672260,2.06663048,2.08519071,2.08519071
2025/10/04,14:37:28,318.700000,31870,12748,11315,465,5,0,0,0.02916498,0.34414514,1.63845056,2.06451352,2.08442140,2.10298163,2.10298163
2025/10/04,14:37:29,320.340000,32034,12813,11342,472,5,0,0,0.02931493,0.34591453,1.64330600,2.07528237,2.09519025,2.11375048,2.11375048
2025/10/04,14:37:30,321.560000,32156,12862,11312,477,5,0,0,0.02942626,0.34722824,1.64119029,2.07788495,2.09779283,2.11635306,2.11635306
2025/10/04,14:37:31,322.140000,32214,12885,11153,478,5,0,0,0.02948007,0.34786315,1.62359545,2.06180918,2.08184354,2.10040377,2.10040377
2025/10/04,14:37:32,322.640000,32264,12905,10989,479,5,0,0,0.02952563,0.34840084,1.60544290,2.04449670,2.06491411,2.08347434,2.08347434
2025/10/04,14:37:33,323.340000,32334,12933,10897,483,5,0,0,0.02958914,0.34915016,1.59567770,2.03793071,2.05834812,2.07690835,2.07690835
2025/10/04,14:37:34,323.320000,32332,12932,10771,485,5,0,0,0.02958726,0.34912822,1.58125533,2.02509238,2.04576275,2.06432298,2.06432298
2025/10/04,14:37:35,322.840000,32284,12913,10660,485,5,0,0,0.02954357,0.34861248,1.56793467,2.01238576,2.03331270,2.05187293,2.05187293
2025/10/04,14:37:36,321.940000,32194,12877,10531,481,5,0,0,0.02946155,0.34764482,1.55227982,1.99249672,2.01380672,2.02908797,2.02908797
2025/10/04,14:37:37,320.530000,32053,12821,10339,469,6,0,0,0.02933212,0.34611757,1.52880654,1.95874680,1.98056633,2.00129192,2.00129192
2025/10/04,14:37:38,319.330000,31933,12773,10187,460,6,1,0,0.02922267,0.34482583,1.51008482,1.93110555,1.95292508,1.98460120,1.98460120
2025/10/04,14:37:39,318.350000,31835,12734,10039,450,6,1,0,0.02913283,0.34376572,1.49216436,1.90465357,1.92660319,1.96483726,1.96483726
2025/10/04,14:37:40,317.580000,31758,12703,9882,440,6,1,0,0.02906244,0.34293535,1.47333038,1.87673900,1.89894158,1.94153731,1.94153731
2025/10/04,14:37:41,316.210000,31621,12648,9668,428,6,1,0,0.02893737,0.34145958,1.44733954,1.83927548,1.86173463,1.90760933,1.90760933
2025/10/04,14:37:42,314.930000,31493,12597,9489,416,6,1,0,0.02881942,0.34006770,1.42548814,1.80646844,1.82918417,1.87942053,1.87942053
2025/10/04,14:37:43,314.070000,31407,12562,9320,406,6,1,0,0.02874073,0.33913916,1.40529985,1.77736153,1.80007726,1.85467527,1.85467527
2025/10/04,14:37:44,313.870000,31387,12555,9221,398,6,1,0,0.02872328,0.33893324,1.39371903,1.75870329,1.78141902,1.83821332,1.83821332
2025/10/04,14:37:45,313.870000,31387,12554,9146,391,6,1,0,0.02872247,0.33892369,1.38508125,1.74314914,1.76599135,1.82278565,1.82278565
2025/10/04,14:37:46,314.580000,31458,12583,9152,384,6,1,0,0.02878807,0.33969781,1.38659863,1.73868814,1.76191340,1.81651141,1.81651141
2025/10/04,14:37:47,315.840000,31584,12633,9265,380,6,1,0,0.02890273,0.34105062,1.40086536,1.74946466,1.77307297,1.82767098,1.82767098
2025/10/04,14:37:48,316.990000,31699,12679,9449,378,6,1,0,0.02900815,0.34229469,1.42314257,1.76980276,1.79341107,1.84473011,1.84473011
2025/10/04,14:37:49,318.150000,31815,12726,9615,376,6,1,0,0.02911473,0.34355216,1.44342966,1.78834474,1.81195305,1.86327209,1.86327209
2025/10/04,14:37:50,319.400000,31940,12776,9757,374,6,1,0,0.02922864,0.34489636,1.46094757,1.80347148,1.82707979,1.87623347,1.87623347
2025/10/04,14:37:51,320.170000,32017,12806,9822,369,6,1,0,0.02929926,0.34572959,1.46921328,1.80711591,1.83097718,1.87685188,1.87685188
2025/10/04,14:37:52,320.100000,32010,12804,9772,362,6,1,0,0.02929286,0.34565425,1.46342212,1.79469939,1.81907380,1.86275221,1.86275221
2025/10/04,14:37:53,319.760000,31976,12790,9686,354,6,1,0,0.02926161,0.34528532,1.45327793,1.77738169,1.80213916,1.84253859,1.84253859
2025/10/04,14:37:54,318.450000,31845,12738,9496,344,6,1,0,0.02914178,0.34387153,1.43009185,1.74508207,1.77034907,1.80746953,1.80746953
2025/10/04,14:37:55,316.910000,31691,12676,9258,333,7,1,0,0.02900072,0.34220699,1.40122196,1.70664659,1.73254960,1.76530840,1.76530840
2025/10/04,14:37:56,315.800000,31580,12632,8991,323,7,0,0,0.02889908,0.34100768,1.36950501,1.66552510,1.69206774,1.72154757,1.72154757
2025/10/04,14:37:57,315.360000,31536,12614,8764,318,7,0,0,0.02885878,0.34053198,1.34306009,1.63458793,1.66138714,1.69086697,1.69086697
2025/10/04,14:37:58,315.290000,31529,12611,8731,317,7,0,0,0.02885303,0.34046429,1.33921160,1.62999637,1.65679558,1.68407912,1.68407912
2025/10/04,14:37:59,315.320000,31532,12612,8777,318,7,0,0,0.02885555,0.34049387,1.34453275,1.63631956,1.66286220,1.69014574,1.69014574
2025/10/04,14:38:00,315.790000,31579,12631,8927,321,7,0,0,0.02889837,0.34099914,1.36212462,1.65604454,1.68246070,1.70974424,1.70974424
2025/10/04,14:38:01,316.860000,31686,12674,9074,324,7,0,0,0.02899619,0.34215361,1.38013544,1.67744858,1.70335159,1.73063513,1.73063513
2025/10/04,14:38:02,318.450000,31845,12738,9257,329,7,0,0,0.02914178,0.34387153,1.40271687,1.70455429,1.73007425,1.75735779,1.75735779
2025/10/04,14:38:03,319.660000,31966,12786,9401,333,6,0,0,0.02925246,0.34517759,1.42059653,1.72592416,1.75119116,1.77847470,1.77847470
2025/10/04,14:38:04,320.150000,32015,12806,9501,336,6,0,0,0.02929787,0.34571337,1.43255971,1.74018151,1.76519194,1.79247548,1.79247548
2025/10/04,14:38:05,319.990000,31999,12799,9503,333,6,0,0,0.02928245,0.34553130,1.43260789,1.73819358,1.76320401,1.78720857,1.78720857
2025/10/04,14:38:06,319.510000,31951,12780,9412,334,6,0,0,0.02923866,0.34501458,1.42163316,1.72786583,1.75287626,1.77579814,1.77579814
2025/10/04,14:38:07,319.330000,31933,12773,9352,344,6,0,0,0.02922273,0.34482676,1.41458650,1.73012579,1.75513622,1.77805810,1.77805810
2025/10/04,14:38:08,318.960000,31896,12758,9272,356,6,0,0,0.02918841,0.34442160,1.40497959,1.73118352,1.75619395,1.77691954,1.77691954
2025/10/04,14:38:09,318.290000,31829,12731,9168,367,6,0,0,0.02912707,0.34369799,1.39242458,1.72913117,1.75363206,1.77219229,1.77219229
2025/10/04,14:38:10,317.490000,31749,12699,9036,378,6,0,0,0.02905371,0.34283238,1.37641539,1.72268849,1.74718938,1.76574961,1.76574961
2025/10/04,14:38:11,317.950000,31795,12718,8972,389,6,0,0,0.02909653,0.34333766,1.36966183,1.72598462,1.75048551,1.76904574,1.76904574
2025/10/04,14:38:12,318.910000,31891,12756,8972,401,6,0,0,0.02918363,0.34436535,1.37068952,1.73777394,1.76189178,1.78045201,1.78045201
2025/10/04,14:38:13,319.900000,31990,12796,8972,412,6,0,0,0.02927437,0.34543595,1.37176012,1.74905712,1.77317496,1.79173519,1.79173519
2025/10/04,14:38:14,320.880000,32088,12835,8980,416,6,0,0,0.02936476,0.34650272,1.37368327,1.75485757,1.77897541,1.79753564,1.79753564
2025/10/04,14:38:15,322.280000,32228,12891,9062,410,6,0,0,0.02949225,0.34800709,1.38456302,1.76066398,1.78478182,1.80114575,1.80114575
2025/10/04,14:38:16,323.680000,32368,12947,9122,402,6,0,0,0.02962081,0.34952388,1.39293877,1.76151024,1.78601113,1.80020970,1.80020970
2025/10/04,14:38:17,325.450000,32545,13018,9159,393,6,0,0,0.02978246,0.35143148,1.39907555,1.75953553,1.78441948,1.79861805,1.79861805
2025/10/04,14:38:18,326.910000,32691,13076,9192,386,6,0,0,0.02991602,0.35300737,1.40447674,1.75831135,1.78344826,1.79653322,1.79653322
2025/10/04,14:38:19,327.430000,32743,13097,9217,381,7,0,0,0.02996359,0.35356886,1.40784164,1.75734598,1.78286594,1.79378554,1.79378554
2025/10/04,14:38:20,328.420000,32842,13136,9289,380,7,0,0,0.03005434,0.35463947,1.41714048,1.76499671,1.79051667,1.80143627,1.80143627
2025/10/04,14:38:21,329.570000,32957,13182,9369,378,7,0,0,0.03015943,0.35587976,1.42763902,1.77429921,1.79981917,1.81073877,1.81073877
2025/10/04,14:38:22,330.630000,33063,13225,9422,377,7,0,0,0.03025622,0.35702186,1.43478370,1.77979578,1.80531574,1.81623534,1.81623534
2025/10/04,14:38:23,330.550000,33055,13222,9314,372,7,0,0,0.03024953,0.35694275,1.42241668,1.76290448,1.78880749,1.79972709,1.79972709
2025/10/04,14:38:24,330.250000,33025,13210,9212,367,7,0,0,0.03022157,0.35661289,1.41036855,1.74672008,1.77262309,1.78354269,1.78354269
2025/10/04,14:38:25,329.550000,32955,13182,9131,362,7,0,0,0.03015743,0.35585594,1.40035335,1.73227760,1.75843718,1.76935678,1.76935678
2025/10/04,14:38:26,328.760000,32876,13150,9050,356,7,0,0,0.03008542,0.35500648,1.39024564,1.71683757,1.74325373,1.75417333,1.75417333
2025/10/04,14:38:27,328.210000,32821,13128,9001,354,7,0,0,0.03003501,0.35441161,1.38405219,1.70889901,1.73544165,1.74636125,1.74636125
2025/10/04,14:38:28,327.100000,32710,13084,8871,350,7,0,0,0.02993354,0.35321423,1.36794137,1.68865192,1.71545113,1.72309175,1.72309175
2025/10/04,14:38:29,326.010000,32601,13040,8729,346,7,0,0,0.02983394,0.35203878,1.35057196,1.66795335,1.69475256,1.70127957,1.70127957
2025/10/04,14:38:30,325.420000,32542,13016,8746,346,7,0,0,0.02977939,0.35139525,1.35187133,1.66905872,1.69598441,1.70251142,1.70251142
2025/10/04,14:38:31,324.930000,32493,12997,8775,346,7,0,0,0.02973495,0.35087091,1.35469166,1.67217006,1.69947880,1.70600581,1.70600581
2025/10/04,14:38:32,324.350000,32435,12974,8778,346,7,0,0,0.02968156,0.35024077,1.35438865,1.67157604,1.69888478,1.70541179,1.70541179
2025/10/04,14:38:33,323.410000,32341,12936,8706,346,7,0,0,0.02959615,0.34923309,1.34506387,1.66170220,1.68901094,1.69553795,1.69553795
2025/10/04,14:38:34,322.770000,32277,12910,8659,345,7,0,0,0.02953685,0.34853335,1.33907667,1.65490696,1.68221570,1.68874271,1.68874271
2025/10/04,14:38:35,321.970000,32197,12879,8509,338,7,0,0,0.02946430,0.34767724,1.32104909,1.63080400,1.65823922,1.66476623,1.66476623
2025/10/04,14:38:36,321.200000,32120,12848,8360,332,7,0,0,0.02939330,0.34683926,1.30315276,1.60699334,1.63481161,1.64133862,1.64133862
2025/10/04,14:38:37,321.380000,32138,12855,8232,326,7,0,0,0.02941010,0.34703757,1.28866388,1.58707514,1.61501989,1.62154690,1.62154690
2025/10/04,14:38:38,321.420000,32142,12856,7983,319,7,0,0,0.02941356,0.34707853,1.26030785,1.55238567,1.58058700,1.58711401,1.58711401
2025/10/04,14:38:39,322.490000,32249,12899,7952,316,7,0,0,0.02951174,0.34823687,1.25790351,1.54729915,1.57550048,1.58202749,1.58202749
2025/10/04,14:38:40,324.190000,32419,12967,8030,315,7,0,0,0.02966757,0.35007584,1.26859673,1.55708734,1.58541514,1.59194215,1.59194215
2025/10/04,14:38:41,326.140000,32614,13045,8154,315,7,0,0,0.02984563,0.35217698,1.28494892,1.57369758,1.60215548,1.60868249,1.60868249
2025/10/04,14:38:42,327.820000,32782,13112,8285,316,7,0,0,0.02999914,0.35398832,1.30166158,1.59096022,1.61954460,1.62607161,1.62607161
2025/10/04,14:38:43,329.490000,32949,13179,8531,317,7,0,0,0.03015183,0.35579013,1.33164614,1.62233391,1.65066171,1.65718872,1.65718872
2025/10/04,14:38:44,331.940000,33194,13277,8976,320,7,0,0,0.03037627,0.35843850,1.38516255,1.67879147,1.70699280,1.71351981,1.71351981
2025/10/04,14:38:45,333.540000,33354,13341,9202,323,7,0,0,0.03052267,0.36016597,1.41272198,1.70848401,1.73630228,1.74282929,1.74282929
2025/10/04,14:38:46,334.810000,33481,13392,9391,324,7,0,0,0.03063917,0.36154066,1.43581646,1.73267662,1.76049489,1.76702190,1.76702190
2025/10/04,14:38:47,335.750000,33575,13430,9538,324,7,0,0,0.03072555,0.36255980,1.45357882,1.75014889,1.77796716,1.78449417,1.78449417
2025/10/04,14:38:48,336.200000,33620,13448,9628,322,7,0,0,0.03076627,0.36304027,1.46434767,1.75926872,1.78708699,1.79361400,1.79361400
2025/10/04,14:38:49,336.390000,33639,13455,9679,319,7,0,0,0.03078356,0.36324430,1.47043703,1.76286991,1.79068818,1.79721519,1.79721519
2025/10/04,14:38:50,336.260000,33626,13450,9677,315,7,0,0,0.03077193,0.36310701,1.47001298,1.75850359,1.78632186,1.79284887,1.79284887
2025/10/04,14:38:51,335.470000,33547,13419,9563,308,7,0,0,0.03069960,0.36225377,1.45618932,1.73860454,1.76667939,1.77320640,1.77320640
2025/10/04,14:38:52,333.770000,33377,13351,9316,300,7,0,0,0.03054432,0.36042145,1.42606501,1.70091780,1.72937570,1.73590271,1.73590271
2025/10/04,14:38:53,332.140000,33214,13285,9101,293,7,0,0,0.03039495,0.35865874,1.39972672,1.66785806,1.69669901,1.70322602,1.70322602
2025/10/04,14:38:54,331.000000,33100,13240,8946,287,8,0,0,0.03029057,0.35742702,1.38072165,1.64387573,1.67296964,1.67841397,1.67841397
2025/10/04,14:38:55,329.400000,32940,13176,8584,280,8,0,0,0.03014392,0.35569671,1.33759968,1.59461341,1.62409037,1.62409037,1.62409037
2025/10/04,14:38:56,327.840000,32784,13113,8236,274,8,0,0,0.03000156,0.35401693,1.29607537,1.54727269,1.57687975,1.57687975,1.57687975
2025/10/04,14:38:57,326.980000,32698,13079,8010,269,8,0,0,0.02992248,0.35308363,1.26933848,1.51630161,1.54616162,1.54616162,1.54616162
2025/10/04,14:38:58,327.010000,32701,13080,7944,268,7,0,0,0.02992491,0.35311223,1.26180536,1.50737936,1.53583726,1.54456056,1.54456056
2025/10/04,14:38:59,328.150000,32815,13126,8016,269,6,0,0,0.03002936,0.35434488,1.27124600,1.51801604,1.54239045,1.56531233,1.56531233
2025/10/04,14:39:00,329.580000,32958,13183,8100,270,5,0,0,0.03016040,0.35589118,1.28240204,1.52991514,1.55071560,1.58127811,1.58127811
2025/10/04,14:39:01,331.060000,33106,13242,8219,270,4,1,0,0.03029613,0.35749279,1.29760833,1.54550944,1.56299253,1.59903031,1.59903031
2025/10/04,14:39:02,331.680000,33168,13267,8182,268,5,1,0,0.03035229,0.35815538,1.29406187,1.53982987,1.55986423,1.60026366,1.60026366
2025/10/04,14:39:03,332.310000,33231,13292,8172,266,7,1,0,0.03041030,0.35883988,1.29366385,1.53758974,1.56515144,1.60991253,1.60991253
2025/10/04,14:39:04,333.570000,33357,13343,8327,266,9,1,0,0.03052574,0.36020219,1.31273477,1.55620768,1.59232301,1.64147669,1.64147669
2025/10/04,14:39:05,334.190000,33419,13367,8400,264,11,1,0,0.03058239,0.36087048,1.32172017,1.56335189,1.60622846,1.65866111,1.65866111
2025/10/04,14:39:06,333.970000,33397,13358,8338,259,12,1,0,0.03056203,0.36063025,1.31445947,1.55230998,1.59659228,1.64791132,1.64791132
2025/10/04,14:39:07,332.920000,33292,13316,8174,253,10,1,0,0.03046589,0.35949577,1.29453787,1.52640908,1.56532865,1.61120335,1.61120335
2025/10/04,14:39:08,331.830000,33183,13273,8026,247,9,1,0,0.03036609,0.35831839,1.27640714,1.50294695,1.53638092,1.57786303,1.57786303
2025/10/04,14:39:09,330.790000,33079,13231,7891,242,8,1,0,0.03027166,0.35720395,1.25985012,1.48160667,1.51057410,1.54880817,1.54880817
2025/10/04,14:39:10,330.210000,33021,13208,7948,238,7,1,0,0.03021841,0.35657568,1.26570095,1.48422626,1.51000279,1.54495789,1.54495789
2025/10/04,14:39:11,329.520000,32952,13180,7997,235,6,1,0,0.03015468,0.35582352,1.27056360,1.48575976,1.50834539,1.54110419,1.54110419
2025/10/04,14:39:12,328.100000,32810,13124,7913,230,5,0,0,0.03002493,0.35429247,1.25942281,1.47048269,1.48936789,1.51993040,1.51993040
2025/10/04,14:39:13,326.960000,32696,13078,7908,234,5,0,0,0.02992071,0.35306267,1.25765575,1.47259385,1.49071295,1.52019278,1.52019278
2025/10/04,14:39:14,326.090000,32609,13043,7953,244,5,0,0,0.02984088,0.35212076,1.26189641,1.48549507,1.50514638,1.53462621,1.53462621
2025/10/04,14:39:15,325.290000,32529,13011,8043,254,6,0,0,0.02976807,0.35126177,1.27129343,1.50406968,1.52588921,1.55317275,1.55317275
2025/10/04,14:39:16,324.290000,32429,12971,8110,264,6,0,0,0.02967639,0.35017976,1.27787814,1.51960595,1.54321426,1.57049780,1.57049780
2025/10/04,14:39:17,323.160000,32316,12926,8124,273,7,0,0,0.02957330,0.34896332,1.27828159,1.52892893,1.55444889,1.58173243,1.58173243
2025/10/04,14:39:18,321.660000,32166,12866,7972,281,7,0,0,0.02943602,0.34734357,1.25927624,1.51719501,1.54424718,1.57153072,1.57153072
2025/10/04,14:39:19,319.930000,31993,12797,7760,288,7,0,0,0.02927783,0.34547694,1.23311679,1.49740194,1.52496364,1.54896820,1.54896820
2025/10/04,14:39:20,318.190000,31819,12727,7512,294,7,0,0,0.02911796,0.34359030,1.20293816,1.47255563,1.50101353,1.52393541,1.52393541
2025/10/04,14:39:21,316.190000,31619,12647,7194,291,6,0,0,0.02893479,0.34142906,1.16439019,1.43106651,1.45633351,1.47705910,1.47705910
2025/10/04,14:39:22,313.940000,31394,12557,6849,282,5,0,0,0.02872935,0.33900474,1.12244448,1.38136529,1.40241871,1.42097894,1.42097894
2025/10/04,14:39:23,311.370000,31137,12455,6462,273,4,0,0,0.02849447,0.33623337,1.07540541,1.32550369,1.34183762,1.35603619,1.35603619
2025/10/04,14:39:24,308.500000,30850,12340,6041,262,4,0,0,0.02823119,0.33312648,1.02414089,1.26467357,1.28228313,1.29648170,1.29648170
2025/10/04,14:39:25,305.310000,30531,12212,5590,251,5,0,0,0.02793937,0.32968301,0.96919112,1.19947920,1.21887393,1.22979353,1.22979353
2025/10/04,14:39:26,302.070000,30207,12082,5163,240,5,0,0,0.02764287,0.32618427,0.91677937,1.13695279,1.15813631,1.16577693,1.16577693
2025/10/04,14:39:27,299.100000,29910,11964,4780,230,6,0,0,0.02737141,0.32298107,0.86973672,1.08044063,1.10302626,1.10955327,1.10955327
2025/10/04,14:39:28,296.410000,29641,11856,4442,222,6,0,0,0.02712554,0.32008003,0.82817868,1.03206414,1.05605550,1.06258251,1.06258251
2025/10/04,14:39:29,293.840000,29384,11753,4147,219,6,0,0,0.02688947,0.31729440,0.79170460,0.99235791,1.01724186,1.02048990,1.02048990
2025/10/04,14:39:30,292.010000,29201,11680,4000,217,7,0,0,0.02672233,0.31532194,0.77288780,0.97218401,0.99783406,0.99783406,0.99783406
2025/10/04,14:39:31,290.960000,29096,11638,3988,219,7,0,0,0.02662634,0.31418939,0.77035361,0.97091083,0.99681384,0.99681384,0.99681384
2025/10/04,14:39:32,290.470000,29047,11619,4068,222,7,0,0,0.02658165,0.31366218,0.77900389,0.98269535,1.00859836,1.01512537,1.01512537
2025/10/04,14:39:33,290.120000,29012,11605,4159,226,7,0,0,0.02654982,0.31328657,0.78910242,0.99621912,1.02212213,1.02864914,1.02864914
2025/10/04,14:39:34,289.840000,28984,11593,4251,230,7,0,0,0.02652397,0.31298150,0.79927149,1.00987840,1.03578141,1.04230842,1.04230842
2025/10/04,14:39:35,289.840000,28984,11593,4392,234,7,0,0,0.02652364,0.31297768,0.81535250,1.02974062,1.05564363,1.06217064,1.06217064
2025/10/04,14:39:36,290.370000,29037,11614,4614,237,7,0,0,0.02657221,0.31355065,0.84141005,1.05854532,1.08444833,1.09097534,1.09097534
2025/10/04,14:39:37,290.990000,29099,11639,4858,237,7,0,0,0.02662883,0.31421891,0.86993793,1.08717020,1.11269016,1.11921717,1.11921717
2025/10/04,14:39:38,291.270000,29127,11651,5028,236,7,0,0,0.02665478,0.31452495,0.88967747,1.10645768,1.13197764,1.13850465,1.13850465
2025/10/04,14:39:39,291.060000,29106,11642,5119,234,7,0,0,0.02663594,0.31430281,0.89992947,1.11486757,1.14051762,1.14704463,1.14704463
2025/10/04,14:39:40,290.790000,29079,11631,5275,232,7,0,0,0.02661116,0.31401015,0.91745466,1.13009768,1.15600069,1.16252770,1.16252770
2025/10/04,14:39:41,291.060000,29106,11642,5562,232,7,0,0,0.02663588,0.31430189,0.95057046,1.16337545,1.18927846,1.19580547,1.19580547
2025/10/04,14:39:42,291.410000,29141,11656,5842,233,7,0,0,0.02666723,0.31467178,0.98300902,1.19636307,1.22201312,1.22965374,1.22965374
2025/10/04,14:39:43,291.240000,29124,11649,6038,233,7,0,0,0.02665220,0.31449445,1.00518161,1.21853566,1.24418571,1.25510531,1.25510531
2025/10/04,14:39:44,290.320000,29032,11612,6117,231,7,0,0,0.02656776,0.31349819,1.01325784,1.22541677,1.25131978,1.26223938,1.26223938
2025/10/04,14:39:45,289.570000,28957,11583,6199,231,7,0,0,0.02649924,0.31268977,1.02184104,1.23335299,1.25925600,1.27017560,1.27017560
2025/10/04,14:39:46,288.730000,28873,11549,6278,230,7,0,0,0.02642185,0.31177647,1.02989111,1.24075699,1.26666000,1.27757960,1.27757960
2025/10/04,14:39:47,287.930000,28793,11517,6364,230,7,0,0,0.02634939,0.31092135,1.03886387,1.24956778,1.27547079,1.28639039,1.28639039
2025/10/04,14:39:48,286.860000,28686,11474,6314,228,7,0,0,0.02625105,0.30976112,1.03197981,1.24139159,1.26742469,1.27834429,1.27834429
2025/10/04,14:39:49,286.000000,28600,11440,6267,227,6,0,0,0.02617262,0.30883544,1.02576256,1.23417230,1.25841662,1.27589417,1.27589417
2025/10/04,14:39:50,285.600000,28560,11424,6263,227,5,0,0,0.02613584,0.30840165,1.02478751,1.23319725,1.25450725,1.28290440,1.28290440
2025/10/04,14:39:51,285.610000,28561,11424,6269,228,5,1,0,0.02613681,0.30841310,1.02555835,1.23442015,1.25304878,1.28689026,1.28689026
2025/10/04,14:39:52,285.910000,28591,11436,6330,229,4,1,0,0.02616412,0.30873532,1.03278791,1.24265175,1.25885558,1.29817233,1.29817233
2025/10/04,14:39:53,286.990000,28699,11479,6598,239,6,1,0,0.02626311,0.30990319,1.06462281,1.28405225,1.30880972,1.35468442,1.35468442
2025/10/04,14:39:54,288.480000,28848,11539,6903,252,9,1,0,0.02639981,0.31151623,1.10111193,1.33253108,1.36673115,1.41916380,1.41916380
2025/10/04,14:39:55,290.040000,29004,11601,7180,265,12,1,0,0.02654222,0.31319694,1.13453818,1.37746203,1.42084813,1.47655975,1.47655975
2025/10/04,14:39:56,292.020000,29202,11681,7545,278,14,1,0,0.02672368,0.31533814,1.17835780,1.43352942,1.48597869,1.54385568,1.54385568
2025/10/04,14:39:57,293.780000,29378,11751,7963,289,15,1,0,0.02688462,0.31723719,1.22809135,1.49337854,1.54837908,1.60625607,1.60625607
2025/10/04,14:39:58,295.250000,29525,11810,8478,300,14,1,0,0.02701932,0.31882641,1.28863547,1.56323020,1.61695510,1.67374940,1.67374940
2025/10/04,14:39:59,297.020000,29702,11880,8988,311,14,1,0,0.02718064,0.32073022,1.34882767,1.63373106,1.68719939,1.74291101,1.74291101
2025/10/04,14:40:00,298.590000,29859,11943,9233,320,14,1,0,0.02732461,0.32242907,1.37853163,1.67225755,1.72547292,1.78007093,1.78007093
2025/10/04,14:40:01,299.050000,29905,11962,9308,319,13,1,0,0.02736630,0.32292098,1.38765165,1.68008453,1.72959947,1.78091851,1.78091851
2025/10/04,14:40:02,298.930000,29893,11957,9318,313,12,1,0,0.02735531,0.32279132,1.38866513,1.67595969,1.72100809,1.76796547,1.76796547
2025/10/04,14:40:03,299.230000,29923,11969,9331,308,11,1,0,0.02738336,0.32312214,1.39048247,1.67270369,1.71328556,1.75588129,1.75588129
2025/10/04,14:40:04,299.430000,29943,11977,9311,302,9,1,0,0.02740120,0.32333282,1.38840687,1.66539277,1.70150810,1.74082485,1.74082485
2025/10/04,14:40:05,298.900000,29890,11956,9161,295,8,1,0,0.02735299,0.32276370,1.37063402,1.64099456,1.67174716,1.70670226,1.70670226
2025/10/04,14:40:06,298.360000,29836,11934,8985,288,7,1,0,0.02730393,0.32218501,1.34993919,1.61393334,1.64021940,1.67297820,1.67297820
2025/10/04,14:40:07,297.370000,29737,11894,8713,280,5,0,0,0.02721280,0.32110965,1.31780493,1.57472166,1.59603166,1.62551149,1.62551149
2025/10/04,14:40:08,296.790000,29679,11871,8520,275,5,0,0,0.02715980,0.32048427,1.29504364,1.54688702,1.56500612,1.59228966,1.59228966
2025/10/04,14:40:09,296.420000,29642,11857,8398,270,4,0,0,0.02712603,0.32008576,1.28071732,1.52868249,1.54475985,1.57096071,1.57096071
2025/10/04,14:40:10,295.980000,29598,11839,8285,266,4,0,0,0.02708573,0.31961006,1.26728332,1.51156427,1.52853421,1.55145609,1.55145609
2025/10/04,14:40:11,295.330000,29533,11813,8227,263,4,0,0,0.02702665,0.31891315,1.26000220,1.50143992,1.51892301,1.54184489,1.54184489
2025/10/04,14:40:12,294.770000,29477,11790,8246,260,5,0,0,0.02697478,0.31830111,1.26154719,1.49994676,1.51819595,1.53892154,1.53892154
2025/10/04,14:40:13,294.620000,29462,11785,8362,258,5,0,0,0.02696131,0.31814191,1.27466942,1.51122688,1.52985551,1.54841574,1.54841574
2025/10/04,14:40:14,295.040000,29504,11801,8578,257,5,0,0,0.02699983,0.31859663,1.29985334,1.53521476,1.55422644,1.57278667,1.57278667
2025/10/04,14:40:15,295.760000,29576,11830,8814,256,5,0,0,0.02706601,0.31937744,1.32762537,1.56217967,1.58119135,1.59975158,1.59975158
2025/10/04,14:40:16,296.190000,29619,11847,8943,254,5,0,0,0.02710486,0.31983600,1.34278725,1.57556350,1.59521481,1.61157874,1.61157874
2025/10/04,14:40:17,296.720000,29672,11868,9019,252,5,0,0,0.02715311,0.32040513,1.35204512,1.58291520,1.60282308,1.61702165,1.61702165
2025/10/04,14:40:18,297.880000,29788,11915,9164,251,5,0,0,0.02725927,0.32165783,1.36987153,1.59980455,1.62009548,1.63429405,1.63429405
2025/10/04,14:40:19,298.700000,29870,11948,9242,248,5,0,0,0.02733479,0.32254917,1.37973425,1.60717818,1.62797864,1.64217721,1.64217721
2025/10/04,14:40:20,300.050000,30005,12002,9270,245,5,0,0,0.02745856,0.32400968,1.38439804,1.60909574,1.63053222,1.64145182,1.64145182
2025/10/04,14:40:21,301.350000,30135,12054,9251,241,6,0,0,0.02757733,0.32541110,1.38362631,1.60499486,1.62694448,1.63786408,1.63786408
2025/10/04,14:40:22,302.050000,30205,12082,9151,237,6,0,0,0.02764131,0.32616613,1.37294982,1.59053715,1.61312278,1.62404238,1.62404238
2025/10/04,14:40:23,303.360000,30336,12134,9151,235,6,0,0,0.02776098,0.32757804,1.37436173,1.58949292,1.61271818,1.62144148,1.62144148
2025/10/04,14:40:24,305.060000,30506,12202,9211,233,6,0,0,0.02791665,0.32941512,1.38305765,1.59670271,1.62018093,1.62670794,1.62670794
2025/10/04,14:40:25,306.880000,30688,12275,9291,232,6,0,0,0.02808308,0.33137899,1.39411025,1.60701224,1.63062055,1.63714756,1.63714756
2025/10/04,14:40:26,307.980000,30798,12319,9277,230,6,0,0,0.02818385,0.33256781,1.39375594,1.60455685,1.62841812,1.63494513,1.63494513
2025/10/04,14:40:27,308.710000,30871,12348,9248,228,6,0,0,0.02825090,0.33335909,1.39117442,1.60003622,1.62428054,1.63080755,1.63080755
2025/10/04,14:40:28,308.300000,30830,12332,9180,225,6,0,0,0.02821348,0.33291768,1.38296116,1.58904379,1.61354468,1.62007169,1.62007169
2025/10/04,14:40:29,307.710000,30771,12308,9136,222,6,0,0,0.02815887,0.33227322,1.37728764,1.58127010,1.60615405,1.61268106,1.61268106
2025/10/04,14:40:30,306.940000,30694,12277,9070,220,6,0,0,0.02808874,0.33144572,1.36897116,1.57046545,1.59560236,1.60212937,1.60212937
2025/10/04,14:40:31,305.050000,30505,12202,8793,214,7,0,0,0.02791530,0.32939892,1.33527169,1.53198272,1.55763277,1.56415978,1.56415978
2025/10/04,14:40:32,302.920000,30292,12116,8409,210,7,0,0,0.02772049,0.32710042,1.28902862,1.48121537,1.50737495,1.51390196,1.51390196
2025/10/04,14:40:33,300.860000,30086,12034,8095,205,7,0,0,0.02753218,0.32487820,1.25084780,1.43880128,1.46547040,1.47199741,1.47199741
2025/10/04,14:40:34,298.850000,29885,11954,7818,201,7,0,0,0.02734878,0.32271413,1.21704720,1.40121946,1.42840172,1.43164976,1.43164976
2025/10/04,14:40:35,296.980000,29698,11879,7570,197,7,0,0,0.02717767,0.32069496,1.18663115,1.36721620,1.39465142,1.39465142,1.39465142
2025/10/04,14:40:36,295.360000,29536,11814,7366,193,7,0,0,0.02702891,0.31893985,1.16155261,1.33893845,1.36675672,1.36675672,1.36675672
2025/10/04,14:40:37,293.650000,29365,11746,7130,189,7,0,0,0.02687244,0.31709325,1.13271067,1.30657427,1.33477560,1.33477560,1.33477560
2025/10/04,14:40:38,291.590000,29159,11663,6898,186,7,0,0,0.02668377,0.31486718,1.10392162,1.27419801,1.30265591,1.30265591,1.30265591
2025/10/04,14:40:39,289.440000,28944,11577,6690,182,7,0,0,0.02648696,0.31254486,1.07784774,1.24492400,1.27376495,1.27376495,1.27376495
2025/10/04,14:40:40,287.090000,28709,11483,6358,177,8,0,0,0.02627190,0.31000708,1.03729922,1.19994820,1.22917220,1.22917220,1.22917220
2025/10/04,14:40:41,284.710000,28471,11388,5918,172,8,0,0,0.02605418,0.30743785,0.98441533,1.14182900,1.17156254,1.17156254,1.17156254
2025/10/04,14:40:42,282.830000,28283,11313,5524,166,8,0,0,0.02588242,0.30541106,0.93736145,1.08970177,1.11981836,1.11981836,1.11981836
2025/10/04,14:40:43,281.050000,28105,11242,5208,161,8,0,0,0.02571928,0.30348624,0.89926391,1.04737095,1.07684791,1.07684791,1.07684791
2025/10/04,14:40:44,279.080000,27908,11163,4928,157,7,0,0,0.02553895,0.30135840,0.86506739,1.00929622,1.03673144,1.03673144,1.03673144
2025/10/04,14:40:45,276.920000,27692,11076,4692,153,6,0,0,0.02534134,0.29902654,0.83574030,0.97647892,1.00097981,1.00097981,1.00097981
2025/10/04,14:40:46,275.100000,27510,11004,4484,150,6,0,0,0.02517517,0.29706555,0.81002363,0.94772410,0.97133241,0.97133241,0.97133241
2025/10/04,14:40:47,273.300000,27330,10932,4294,147,5,0,0,0.02501051,0.29512265,0.78637707,0.92104030,0.94069161,0.94069161,0.94069161
2025/10/04,14:40:48,271.370000,27137,10855,4131,144,5,0,0,0.02483380,0.29303766,0.76561396,0.89759502,0.91724633,0.91724633,0.91724633
2025/10/04,14:40:49,269.140000,26914,10765,3992,141,5,0,0,0.02462998,0.29063241,0.74733388,0.87685880,0.89651011,0.89651011,0.89651011
2025/10/04,14:40:50,267.250000,26725,10690,3963,140,5,0,0,0.02445677,0.28858848,0.74194540,0.87027427,0.88992558,0.88992558,0.88992558
2025/10/04,14:40:51,266.790000,26679,10671,4079,140,5,0,0,0.02441459,0.28809082,0.75472517,0.88360402,0.90325533,0.90325533,0.90325533
2025/10/04,14:40:52,266.710000,26671,10668,4221,141,5,0,0,0.02440722,0.28800406,0.77083637,0.90052234,0.92017365,0.92017365,0.92017365
2025/10/04,14:40:53,267.300000,26730,10692,4403,143,5,0,0,0.02446097,0.28863805,0.79230952,0.92357954,0.94323085,0.94323085,0.94323085
2025/10/04,14:40:54,267.980000,26798,10719,4569,144,5,0,0,0.02452334,0.28937402,0.81205086,0.94467798,0.96432929,0.96432929,0.96432929
2025/10/04,14:40:55,268.890000,26889,10755,4742,146,6,0,0,0.02460678,0.29035880,0.83279639,0.96710365,0.98968928,0.98968928,0.98968928
2025/10/04,14:40:56,269.900000,26990,10796,4907,148,6,0,0,0.02469953,0.29145322,0.85278706,0.98874242,1.01324331,1.01324331,1.01324331
2025/10/04,14:40:57,270.750000,27075,10830,5039,149,6,0,0,0.02477693,0.29236654,0.86881571,1.00596711,1.03046800,1.03046800,1.03046800
2025/10/04,14:40:58,270.800000,27080,10832,5062,150,6,0,0,0.02478145,0.29241990,0.87146235,1.00880776,1.03330865,1.03330865,1.03330865
2025/10/04,14:40:59,269.860000,26986,10794,4968,148,6,0,0,0.02469517,0.29140175,0.85975194,0.99596628,1.01855191,1.01855191,1.01855191
2025/10/04,14:41:00,269.100000,26910,10764,4895,147,5,0,0,0.02462585,0.29058378,0.85051185,0.98582115,1.00547246,1.00547246,1.00547246
2025/10/04,14:41:01,267.910000,26791,10716,4757,145,5,0,0,0.02451704,0.28929965,0.83346201,0.96702620,0.98667751,0.98667751,0.98667751
2025/10/04,14:41:02,266.980000,26698,10679,4662,144,5,0,0,0.02443178,0.28829386,0.82155395,0.95372901,0.97338032,0.97338032,0.97338032
2025/10/04,14:41:03,267.040000,26704,10681,4696,144,5,0,0,0.02443754,0.28836158,0.82550748,0.95748854,0.97713985,0.97713985,0.97713985
2025/10/04,14:41:04,267.240000,26724,10689,4751,144,5,0,0,0.02445547,0.28857322,0.83208932,0.96436138,0.98401269,0.98401269,0.98401269
2025/10/04,14:41:05,267.780000,26778,10711,4899,145,5,0,0,0.02450540,0.28916237,0.84963170,0.98300189,1.00265320,1.00265320,1.00265320
2025/10/04,14:41:06,268.690000,26869,10747,5193,147,5,0,0,0.02458836,0.29014143,0.88419032,1.01920861,1.03885992,1.03885992,1.03885992
2025/10/04,14:41:07,269.050000,26905,10762,5400,148,5,0,0,0.02462110,0.29052757,0.90822302,1.04398529,1.06363660,1.06363660,1.06363660
2025/10/04,14:41:08,268.810000,26881,10752,5521,148,5,0,0,0.02459967,0.29027490,0.92179315,1.05774851,1.07931508,1.07931508,1.07931508
2025/10/04,14:41:09,268.850000,26885,10754,5702,150,6,0,0,0.02460332,0.29031781,0.94256621,1.08055768,1.10505857,1.10830661,1.10830661
2025/10/04,14:41:10,268.830000,26883,10753,5892,153,7,0,0,0.02460106,0.29029114,0.96424320,1.10452975,1.13298765,1.13951466,1.13951466
2025/10/04,14:41:11,268.750000,26875,10750,6147,156,8,0,0,0.02459418,0.29021008,0.99342340,1.13629513,1.16653820,1.17306521,1.17306521
2025/10/04,14:41:12,269.460000,26946,10778,6584,161,8,0,0,0.02465849,0.29096893,1.04417778,1.19163784,1.22124490,1.22888552,1.22888552
2025/10/04,14:41:13,270.390000,27039,10815,7009,166,8,0,0,0.02474374,0.29197471,1.09377344,1.24591976,1.27488719,1.28580679,1.28580679
2025/10/04,14:41:14,271.150000,27115,10846,7276,170,7,0,0,0.02481312,0.29279363,1.12515038,1.28127192,1.30972982,1.32064942,1.32064942
2025/10/04,14:41:15,272.380000,27238,10895,7585,175,7,0,0,0.02492575,0.29412257,1.16178754,1.32230433,1.35050566,1.36142526,1.36142526
2025/10/04,14:41:16,274.220000,27422,10968,7967,180,7,0,0,0.02509437,0.29611220,1.20750762,1.37264569,1.40033748,1.41125708,1.41125708
2025/10/04,14:41:17,276.660000,27666,11066,8442,185,7,0,0,0.02531752,0.29874531,1.26445032,1.43417673,1.46148547,1.47240507,1.47240507
2025/10/04,14:41:18,279.010000,27901,11160,8921,189,7,0,0,0.02553291,0.30128691,1.32173787,1.49553650,1.52233571,1.53653428,1.53653428
2025/10/04,14:41:19,280.850000,28085,11234,9152,193,7,0,0,0.02570096,0.30326986,1.35011017,1.52749601,1.55403865,1.56823722,1.56823722
2025/10/04,14:41:20,282.030000,28203,11281,9278,195,7,0,0,0.02580889,0.30454350,1.36584475,1.54468469,1.57110085,1.58529942,1.58529942
2025/10/04,14:41:21,283.160000,28316,11326,9393,196,7,0,0,0.02591221,0.30576282,1.38020824,1.56024422,1.58666038,1.60085895,1.60085895
2025/10/04,14:41:22,285.050000,28505,11402,9590,199,7,0,0,0.02608511,0.30780296,1.40482455,1.58763971,1.61405587,1.62825444,1.62825444
2025/10/04,14:41:23,287.680000,28768,11507,9888,204,7,0,0,0.02632586,0.31064390,1.44166906,1.62852349,1.65468307,1.66888164,1.66888164
2025/10/04,14:41:24,290.150000,29015,11606,10168,214,7,0,0,0.02655266,0.31331995,1.47646229,1.67307632,1.69885285,1.71305142,1.71305142
2025/10/04,14:41:25,291.930000,29193,11677,10353,232,6,0,0,0.02671496,0.31523519,1.49952380,1.71232879,1.73759579,1.75179436,1.75179436
2025/10/04,14:41:26,294.100000,29410,11764,10560,250,6,0,0,0.02691370,0.31758038,1.52547517,1.75430914,1.77906661,1.79326518,1.79326518
2025/10/04,14:41:27,296.050000,29605,11842,10681,266,6,0,0,0.02709219,0.31968632,1.54146854,1.78513546,1.80937978,1.82357835,1.82357835
2025/10/04,14:41:28,297.620000,29762,11905,10745,280,6,0,0,0.02723600,0.32138326,1.55048083,1.80739756,1.83151540,1.84571397,1.84571397
2025/10/04,14:41:29,299.250000,29925,11970,10812,294,6,0,0,0.02738488,0.32314024,1.55989641,1.82906182,1.85279661,1.86699518,1.86699518
2025/10/04,14:41:30,300.780000,30078,12031,10816,305,6,0,0,0.02752514,0.32479526,1.56200794,1.84193407,1.86554238,1.87974095,1.87974095
2025/10/04,14:41:31,301.260000,30126,12050,10669,314,6,0,0,0.02756935,0.32531674,1.54572557,1.83373117,1.85733948,1.87153805,1.87153805
2025/10/04,14:41:32,301.600000,30160,12064,10561,317,6,0,0,0.02760021,0.32568091,1.53374533,1.82407804,1.84793931,1.86213788,1.86213788
2025/10/04,14:41:33,301.790000,30179,12071,10452,309,6,0,0,0.02761772,0.32588776,1.52149476,1.80500811,1.82938252,1.84138480,1.84138480
2025/10/04,14:41:34,301.370000,30137,12054,10259,301,6,0,0,0.02757862,0.32542635,1.49897419,1.77476405,1.79964800,1.81056760,1.81056760
2025/10/04,14:41:35,300.640000,30064,12025,10035,292,7,0,0,0.02751182,0.32463796,1.47252359,1.74010495,1.76562491,1.77654451,1.77654451
2025/10/04,14:41:36,300.130000,30013,12005,9873,284,7,0,0,0.02746551,0.32409167,1.45346069,1.71377063,1.73967364,1.75059324,1.75059324
2025/10/04,14:41:37,299.360000,29936,11974,9737,277,7,0,0,0.02739516,0.32326133,1.43702615,1.69100264,1.71741880,1.72394581,1.72394581
2025/10/04,14:41:38,297.620000,29762,11905,9555,270,7,0,0,0.02723622,0.32138610,1.41434814,1.66150527,1.68830448,1.69483149,1.69483149
2025/10/04,14:41:39,296.300000,29630,11852,9418,263,7,0,0,0.02711497,0.31995517,1.39726051,1.63860123,1.66565340,1.67218041,1.67218041
2025/10/04,14:41:40,295.880000,29588,11835,9254,258,7,0,0,0.02707652,0.31950138,1.37805985,1.61416525,1.64147399,1.64800100,1.64800100
2025/10/04,14:41:41,295.670000,29567,11826,9133,253,7,0,0,0.02705703,0.31927160,1.36399926,1.59567738,1.62336917,1.62989618,1.62989618
2025/10/04,14:41:42,295.800000,29580,11832,9110,250,7,0,0,0.02706892,0.31941175,1.36145325,1.59054528,1.61836355,1.62489056,1.62489056
2025/10/04,14:41:43,296.130000,29613,11845,9126,248,7,0,0,0.02709962,0.31977403,1.36370192,1.59079079,1.61860906,1.62513607,1.62513607
2025/10/04,14:41:44,296.680000,29668,11867,9189,246,7,0,0,0.02715010,0.32036986,1.37143935,1.59742918,1.62486440,1.63358770,1.63358770
2025/10/04,14:41:45,297.380000,29738,11895,9296,246,7,0,0,0.02721386,0.32112205,1.38447933,1.60992009,1.63722883,1.64814843,1.64814843
2025/10/04,14:41:46,298.520000,29852,11940,9445,246,7,0,0,0.02731782,0.32234897,1.40274035,1.62863318,1.65581544,1.66673504,1.66673504
2025/10/04,14:41:47,299.970000,29997,11999,9646,248,7,0,0,0.02745091,0.32391914,1.42733919,1.65433106,1.68113027,1.69204987,1.69204987
2025/10/04,14:41:48,300.980000,30098,12039,9875,250,7,0,0,0.02754323,0.32500878,1.45460405,1.68353503,1.71033424,1.72125384,1.72125384
2025/10/04,14:41:49,302.250000,30225,12090,10112,252,7,0,0,0.02765941,0.32637970,1.48306708,1.71419522,1.74061138,1.75369634,1.75369634
2025/10/04,14:41:50,303.400000,30340,12136,10280,254,7,0,0,0.02776509,0.32762665,1.50351739,1.73622958,1.76264574,1.77684431,1.77684431
2025/10/04,14:41:51,304.510000,30451,12180,10423,255,7,0,0,0.02786634,0.32882122,1.52111181,1.75527810,1.78156416,1.79576273,1.79576273
2025/10/04,14:41:52,305.430000,30543,12217,10520,256,7,0,0,0.02795042,0.32981360,1.53313583,1.76830416,1.79420717,1.80840574,1.80840574
2025/10/04,14:41:53,306.480000,30648,12259,10602,259,7,0,0,0.02804666,0.33094905,1.54364265,1.78094318,1.80684619,1.82104476,1.82104476
2025/10/04,14:41:54,307.350000,30735,12294,10671,261,7,0,0,0.02812648,0.33189094,1.55247340,1.79132503,1.81722804,1.83142661,1.83142661
2025/10/04,14:41:55,307.440000,30744,12297,10653,261,7,0,0,0.02813414,0.33198150,1.55056044,1.78960607,1.81550908,1.82970765,1.82970765
2025/10/04,14:41:56,307.280000,30728,12291,10613,260,7,0,0,0.02812025,0.33181753,1.54576740,1.78436097,1.81026398,1.82446255,1.82446255
2025/10/04,14:41:57,307.090000,30709,12283,10607,260,7,0,0,0.02810199,0.33160208,1.54492582,1.78306733,1.80897034,1.82316891,1.82316891
2025/10/04,14:41:58,307.070000,30707,12283,10677,260,7,0,0,0.02810102,0.33159063,1.55291635,1.79121892,1.81673888,1.83093745,1.83093745
2025/10/04,14:41:59,307.470000,30747,12299,10784,261,7,0,0,0.02813747,0.33202060,1.56563011,1.80457874,1.83009870,1.84429727,1.84429727
2025/10/04,14:42:00,307.690000,30769,12307,10837,260,7,0,0,0.02815757,0.33225796,1.57192655,1.81061712,1.83613708,1.85033565,1.85033565
2025/10/04,14:42:01,307.260000,30726,12290,10793,258,7,0,0,0.02811824,0.33179371,1.56643335,1.80263575,1.82815571,1.84235428,1.84235428
2025/10/04,14:42:02,306.740000,30674,12269,10810,256,7,0,0,0.02807009,0.33122551,1.56780805,1.80297638,1.82849634,1.84269491,1.84269491
2025/10/04,14:42:03,306.160000,30616,12246,10813,255,7,0,0,0.02801716,0.33060106,1.56747036,1.80128068,1.82680064,1.84099921,1.84099921
2025/10/04,14:42:04,305.540000,30554,12221,10786,253,7,0,0,0.02796060,0.32993373,1.56371698,1.79558819,1.82123824,1.83543681,1.83543681
2025/10/04,14:42:05,304.780000,30478,12191,10697,250,7,0,0,0.02789112,0.32911385,1.55272585,1.78230289,1.80820590,1.82240447,1.82240447
2025/10/04,14:42:06,303.800000,30380,12152,10531,247,7,0,0,0.02780089,0.32804900,1.53268400,1.75902980,1.78518938,1.79610898,1.79610898
2025/10/04,14:42:07,302.470000,30247,12098,10344,246,7,0,0,0.02767938,0.32661517,1.50982114,1.73571397,1.76213013,1.77304973,1.77304973
2025/10/04,14:42:08,301.390000,30139,12055,10212,257,7,0,0,0.02758098,0.32545401,1.49362941,1.72908783,1.75512093,1.76604053,1.76604053
2025/10/04,14:42:09,300.640000,30064,12025,10089,267,7,0,0,0.02751205,0.32464081,1.47869864,1.72391666,1.74981967,1.76073927,1.76073927
2025/10/04,14:42:10,300.390000,30039,12015,9947,278,7,0,0,0.02748894,0.32436815,1.46219565,1.71736727,1.74301732,1.75393692,1.75393692
2025/10/04,14:42:11,300.480000,30048,12019,9851,290,7,0,0,0.02749728,0.32446636,1.45126234,1.71680759,1.74232755,1.75324715,1.75324715
2025/10/04,14:42:12,300.170000,30017,12007,9727,300,6,0,0,0.02746933,0.32413650,1.43675818,1.71151397,1.73678097,1.74770057,1.74770057
2025/10/04,14:42:13,299.770000,29977,11990,9600,310,6,0,0,0.02743248,0.32370178,1.42181001,1.70551736,1.73052779,1.74472636,1.74472636
2025/10/04,14:42:14,299.560000,29956,11982,9504,320,6,0,0,0.02741300,0.32347202,1.41066174,1.70383768,1.72872163,1.74292020,1.74292020
2025/10/04,14:42:15,299.420000,29942,11977,9422,327,6,0,0,0.02740081,0.32332806,1.40108990,1.70089121,1.72564868,1.73984725,1.73984725
2025/10/04,14:42:16,299.200000,29920,11968,9327,324,6,0,0,0.02738036,0.32308687,1.39004732,1.68690748,1.71191791,1.72283751,1.72283751
2025/10/04,14:42:17,299.050000,29905,11962,9243,320,7,0,0,0.02736656,0.32292386,1.38022618,1.67340212,1.69892208,1.70984168,1.70984168
2025/10/04,14:42:18,298.770000,29877,11951,9140,314,7,0,0,0.02734142,0.32262736,1.36815478,1.65635438,1.68225739,1.69317699,1.69317699
2025/10/04,14:42:19,298.140000,29814,11925,9012,308,7,0,0,0.02728350,0.32194381,1.35284054,1.63525576,1.66154182,1.67246142,1.67246142
2025/10/04,14:42:20,297.620000,29762,11905,8925,303,7,0,0,0.02723606,0.32138421,1.34233605,1.61977401,1.64631665,1.65395727,1.65395727
2025/10/04,14:42:21,297.860000,29786,11914,8958,299,7,0,0,0.02725781,0.32164066,1.34630868,1.62041841,1.64721762,1.65374463,1.65374463
2025/10/04,14:42:22,298.020000,29802,11921,8971,298,7,0,0,0.02727284,0.32181799,1.34797253,1.62137122,1.64753080,1.65625410,1.65625410
2025/10/04,14:42:23,298.650000,29865,11946,9040,310,6,0,0,0.02733027,0.32249581,1.35659183,1.64055815,1.66340036,1.67431996,1.67431996
2025/10/04,14:42:24,299.680000,29968,11987,9158,323,5,0,0,0.02742441,0.32360645,1.37113340,1.66699243,1.68638716,1.69947212,1.69947212
2025/10/04,14:42:25,301.030000,30103,12041,9378,337,4,0,0,0.02754760,0.32506027,1.39784955,1.70695839,1.72329232,1.73749089,1.73749089
2025/10/04,14:42:26,302.060000,30206,12082,9607,351,6,0,0,0.02764190,0.32617283,1.42513733,1.74665500,1.77192200,1.79048223,1.79048223
2025/10/04,14:42:27,303.010000,30301,12120,9808,363,9,0,0,0.02772899,0.32720054,1.44913708,1.78215945,1.81559342,1.83415365,1.83415365
2025/10/04,14:42:28,303.740000,30374,12149,9951,375,11,0,0,0.02779611,0.32799273,1.46627673,1.80960868,1.84993398,1.87065957,1.87065957
2025/10/04,14:42:29,303.540000,30354,12141,9946,383,12,0,0,0.02777779,0.32777635,1.46543022,1.81603360,1.86210107,1.88502295,1.88502295
2025/10/04,14:42:30,303.530000,30353,12141,9947,387,13,0,0,0.02777672,0.32776394,1.46553494,1.82037160,1.86937339,1.89009898,1.89009898
2025/10/04,14:42:31,302.860000,30286,12114,9856,378,12,0,0,0.02771558,0.32704227,1.45446838,1.80093457,1.84521687,1.86377710,1.86377710
2025/10/04,14:42:32,301.620000,30162,12065,9712,367,10,0,0,0.02760205,0.32570281,1.43661183,1.77296336,1.81060729,1.82808484,1.82808484
2025/10/04,14:42:33,299.760000,29976,11990,9438,354,8,0,0,0.02743158,0.32369127,1.40333951,1.72763727,1.75864644,1.77284501,1.77284501
2025/10/04,14:42:34,297.700000,29770,11908,9110,340,6,0,0,0.02724359,0.32147288,1.36357088,1.67561996,1.70012085,1.71104045,1.71104045
2025/10/04,14:42:35,295.660000,29566,11826,8709,328,5,0,0,0.02705632,0.31926303,1.31552606,1.61597343,1.63485863,1.64577823,1.64577823
2025/10/04,14:42:36,294.100000,29410,11764,8355,318,4,0,0,0.02691338,0.31757658,1.27334882,1.56448957,1.58107646,1.59199606,1.59199606
2025/10/04,14:42:37,293.270000,29327,11730,8214,310,4,0,0,0.02683744,0.31668044,1.25625472,1.54022104,1.55783060,1.56547122,1.56547122
2025/10/04,14:42:38,291.910000,29191,11676,8003,301,5,0,0,0.02671312,0.31521328,1.23070875,1.50675758,1.52564278,1.53216979,1.53216979
2025/10/04,14:42:39,290.430000,29043,11617,7795,293,5,0,0,0.02657745,0.31361259,1.20524737,1.47357180,1.49347968,1.50000669,1.50000669
2025/10/04,14:42:40,289.140000,28914,11565,7628,285,5,0,0,0.02645998,0.31222646,1.18475087,1.44606285,1.46698979,1.47351680,1.47351680
2025/10/04,14:42:41,288.290000,28829,11531,7541,279,5,0,0,0.02638187,0.31130458,1.17389211,1.42951671,1.45108328,1.45761029,1.45761029
2025/10/04,14:42:42,288.080000,28808,11523,7548,274,6,0,0,0.02636238,0.31107480,1.17452672,1.42607910,1.44802872,1.45455573,1.45455573
2025/10/04,14:42:43,288.180000,28818,11527,7626,271,6,0,0,0.02637240,0.31119302,1.18349930,1.43220753,1.45441011,1.46093712,1.46093712
2025/10/04,14:42:44,288.510000,28851,11540,7694,269,6,0,0,0.02640213,0.31154385,1.19162598,1.43849210,1.46069468,1.46722169,1.46722169
2025/10/04,14:42:45,288.230000,28823,11529,7601,266,6,0,0,0.02637692,0.31124641,1.18074528,1.42441220,1.44699783,1.45352484,1.45352484
2025/10/04,14:42:46,288.080000,28808,11523,7517,263,6,0,0,0.02636254,0.31107672,1.17096596,1.41185370,1.43469591,1.44122292,1.44122292
2025/10/04,14:42:47,288.540000,28854,11541,7501,261,6,0,0,0.02640472,0.31157436,1.16962970,1.40867533,1.43190059,1.43842760,1.43842760
2025/10/04,14:42:48,289.130000,28913,11565,7503,259,6,0,0,0.02645885,0.31221310,1.17048245,1.40813895,1.43136421,1.43789122,1.43789122
2025/10/04,14:42:49,289.500000,28950,11580,7477,257,6,0,0,0.02649294,0.31261541,1.16786334,1.40377474,1.42700000,1.43352701,1.43352701
2025/10/04,14:42:50,289.540000,28954,11581,7434,255,6,0,0,0.02649659,0.31265832,1.16304682,1.39676014,1.42036845,1.42689546,1.42689546
2025/10/04,14:42:51,289.310000,28931,11572,7333,252,6,0,0,0.02647533,0.31240757,1.15123941,1.38236755,1.40622882,1.41275583,1.41275583
2025/10/04,14:42:52,288.690000,28869,11547,7114,247,6,0,0,0.02641894,0.31174216,1.12552580,1.35216169,1.37640601,1.38293302,1.38293302
2025/10/04,14:42:53,288.480000,28848,11539,6954,243,6,0,0,0.02639981,0.31151623,1.10694488,1.32996153,1.35471900,1.35796704,1.35796704
2025/10/04,14:42:54,288.610000,28861,11544,6899,241,6,0,0,0.02641176,0.31165732,1.10082077,1.32173725,1.34674768,1.34674768,1.34674768
2025/10/04,14:42:55,288.330000,28833,11533,6827,238,6,0,0,0.02638526,0.31134461,1.09230407,1.31092547,1.33606238,1.33606238,1.33606238
2025/10/04,14:42:56,288.240000,28824,11529,6786,236,7,0,0,0.02637741,0.31125214,1.08745729,1.30423750,1.32975746,1.32975746,1.32975746
2025/10/04,14:42:57,288.590000,28859,11543,6820,236,7,0,0,0.02640966,0.31163254,1.09183262,1.30822482,1.33374478,1.33374478,1.33374478
2025/10/04,14:42:58,289.090000,28909,11563,6873,236,7,0,0,0.02645562,0.31217498,1.09842201,1.31474924,1.34026920,1.34026920,1.34026920
2025/10/04,14:42:59,289.970000,28997,11598,6996,242,7,0,0,0.02653544,0.31311688,1.11340084,1.33515739,1.36067735,1.36392539,1.36392539
2025/10/04,14:43:00,290.750000,29075,11630,7121,255,6,0,0,0.02660718,0.31396342,1.12850232,1.36202255,1.38703298,1.39355999,1.39355999
2025/10/04,14:43:01,291.440000,29144,11657,7335,268,6,0,0,0.02667052,0.31471085,1.15376082,1.39981982,1.42444719,1.43097420,1.43097420
2025/10/04,14:43:02,292.370000,29237,11694,7714,282,6,0,0,0.02675513,0.31570900,1.19816629,1.45699010,1.48123442,1.49215402,1.49215402
2025/10/04,14:43:03,293.770000,29377,11750,8257,297,6,0,0,0.02688317,0.31722003,1.26176275,1.53377139,1.55750618,1.56842578,1.56842578
2025/10/04,14:43:04,295.370000,29537,11814,8942,311,6,0,0,0.02702988,0.31895127,1.34184602,1.62691047,1.65000563,1.66420420,1.66420420
2025/10/04,14:43:05,296.730000,29673,11869,9284,323,6,0,0,0.02715463,0.32042323,1.38241124,1.67872234,1.70130797,1.71550654,1.71550654
2025/10/04,14:43:06,298.480000,29848,11939,9651,336,6,0,0,0.02731469,0.32231182,1.42630538,1.73383018,1.75603276,1.77131401,1.77131401
2025/10/04,14:43:07,300.320000,30032,12013,10036,343,6,0,0,0.02748312,0.32429950,1.47229825,1.78635141,1.80817094,1.82673117,1.82673117
2025/10/04,14:43:08,302.980000,30298,12119,10587,346,5,0,0,0.02772640,0.32717003,1.53820749,1.85484582,1.87641239,1.89497262,1.89497262
2025/10/04,14:43:09,305.320000,30532,12213,11041,347,5,0,0,0.02794073,0.32969920,1.59268721,1.91026261,1.93157261,1.95013284,1.95013284
2025/10/04,14:43:10,307.690000,30769,12307,11441,348,5,0,0,0.02815709,0.33225224,1.64101872,1.95949916,1.98080916,1.99936939,1.99936939
2025/10/04,14:43:11,309.720000,30972,12388,11746,349,5,0,0,0.02834268,0.33444207,1.67806839,1.99748589,2.01879589,2.03627344,2.03627344
2025/10/04,14:43:12,311.450000,31145,12458,11908,348,5,0,0,0.02850152,0.33631634,1.69845927,2.01777977,2.03908977,2.05328834,2.05328834
2025/10/04,14:43:13,313.110000,31311,12524,12039,349,5,0,0,0.02865331,0.33810764,1.71516802,2.03458552,2.05589552,2.07009409,2.07009409
2025/10/04,14:43:14,314.290000,31429,12571,12119,355,5,0,0,0.02876093,0.33937748,1.72563961,2.05064749,2.07195749,2.08615606,2.08615606
2025/10/04,14:43:15,315.300000,31530,12612,12155,364,5,0,0,0.02885416,0.34047763,1.73085593,2.06442828,2.08573828,2.09993685,2.09993685
2025/10/04,14:43:16,315.920000,31592,12636,12048,370,5,0,0,0.02891007,0.34113734,1.71928436,2.05877012,2.08008012,2.09427869,2.09427869
2025/10/04,14:43:17,316.490000,31649,12659,11956,377,5,0,0,0.02896300,0.34176179,1.70933367,2.05441073,2.07584721,2.09004578,2.09004578
2025/10/04,14:43:18,317.360000,31736,12694,11942,383,6,0,0,0.02904224,0.34269700,1.70866924,2.05956362,2.08138315,2.09558172,2.09558172
2025/10/04,14:43:19,319.170000,31917,12766,12064,392,5,0,0,0.02920780,0.34465041,1.72462721,2.08360014,2.10491014,2.11910871,2.11910871
2025/10/04,14:43:20,320.830000,32083,12833,12192,401,5,0,0,0.02935969,0.34644267,1.74110678,2.10828821,2.12959821,2.14379678,2.14379678
2025/10/04,14:43:21,322.500000,32250,12900,12334,410,5,0,0,0.02951287,0.34825021,1.75914453,2.13450242,2.15581242,2.17328997,2.17328997
2025/10/04,14:43:22,323.780000,32378,12951,12395,410,5,0,0,0.02963018,0.34963445,1.76744424,2.14319014,2.16450014,2.17869871,2.17869871
2025/10/04,14:43:23,324.660000,32466,12986,12389,405,6,0,0,0.02971049,0.35058208,1.76776173,2.13882137,2.16051442,2.17471299,2.17471299
2025/10/04,14:43:24,324.980000,32498,12999,12328,399,6,0,0,0.02973989,0.35092907,1.76108013,2.12696943,2.14917201,2.16337058,2.16337058
2025/10/04,14:43:25,325.720000,32572,13028,12371,397,6,0,0,0.02980685,0.35171937,1.76684299,2.13098718,2.15318976,2.16738833,2.16738833
2025/10/04,14:43:26,325.620000,32562,13025,12248,394,6,0,0,0.02979823,0.35161741,1.75267986,2.11333384,2.13566651,2.14986508,2.14986508
2025/10/04,14:43:27,324.560000,32456,12982,11985,386,6,0,0,0.02970095,0.35046958,1.72135776,2.07509537,2.09781110,2.11200967,2.11200967
2025/10/04,14:43:28,324.570000,32457,12983,11886,381,6,0,0,0.02970247,0.35048768,1.71006158,2.05911385,2.08220901,2.09640758,2.09640758
2025/10/04,14:43:29,325.250000,32525,13010,11883,377,6,0,0,0.02976413,0.35121509,1.71044561,2.05591067,2.07913593,2.09333450,2.09333450
2025/10/04,14:43:30,325.930000,32593,13037,11882,373,6,0,0,0.02982689,0.35195581,1.71106921,2.05330212,2.07652738,2.09072595,2.09072595
2025/10/04,14:43:31,326.620000,32662,13064,11880,370,6,0,0,0.02988926,0.35269178,1.71163555,2.05063722,2.07386248,2.08806105,2.08806105
2025/10/04,14:43:32,327.390000,32739,13095,11884,367,6,0,0,0.02996046,0.35353171,1.71287536,2.04922689,2.07245215,2.08665072,2.08665072
2025/10/04,14:43:33,328.100000,32810,13124,11797,361,6,0,0,0.03002477,0.35429056,1.70374582,2.03476503,2.05824325,2.06916285,2.06916285
2025/10/04,14:43:34,329.210000,32921,13168,11779,356,6,0,0,0.03012679,0.35549461,1.70289373,2.02903268,2.05264099,2.06356059,2.06356059
2025/10/04,14:43:35,330.450000,33045,13218,11781,352,6,0,0,0.03024038,0.35683499,1.70446436,2.02682301,2.05068428,2.06160388,2.06160388
2025/10/04,14:43:36,330.390000,33039,13215,11600,345,6,0,0,0.03023418,0.35676161,1.68370121,1.99943450,2.02367882,2.03459842,2.03459842
2025/10/04,14:43:37,329.530000,32953,13181,11321,340,6,0,0,0.03015565,0.35583496,1.65082702,1.96242403,1.98705140,1.99797100,1.99797100
2025/10/04,14:43:38,328.740000,32874,13149,11081,342,6,0,0,0.03008342,0.35498269,1.62254327,1.93604645,1.96105688,1.97197648,1.97197648
2025/10/04,14:43:39,328.060000,32806,13122,10882,345,6,0,0,0.03002128,0.35424956,1.59900383,1.91509310,1.94010353,1.95102313,1.95102313
2025/10/04,14:43:40,327.780000,32778,13111,10758,357,6,0,0,0.02999584,0.35394925,1.58458984,1.91173083,1.93648830,1.94740790,1.94740790
2025/10/04,14:43:41,327.720000,32772,13108,10683,372,6,0,0,0.02998986,0.35387871,1.57583056,1.91641537,1.94065969,1.95157929,1.95157929
2025/10/04,14:43:42,327.450000,32745,13098,10576,386,6,0,0,0.02996537,0.35358984,1.56337103,1.91665658,1.94026489,1.95446346,1.95446346
2025/10/04,14:43:43,326.800000,32680,13072,10442,398,6,0,0,0.02990591,0.35288818,1.54729542,1.91189167,1.93511693,1.94931550,1.94931550
2025/10/04,14:43:44,326.520000,32652,13061,10403,412,6,0,0,0.02988047,0.35258789,1.54253569,1.91992969,1.94251532,1.95671389,1.95671389
2025/10/04,14:43:45,326.890000,32689,13075,10441,425,6,0,0,0.02991463,0.35299114,1.54734188,1.93643367,1.95850977,1.97270834,1.97270834
2025/10/04,14:43:46,327.700000,32770,13108,10566,433,5,0,0,0.02998889,0.35386726,1.56250531,1.95941851,1.98085499,1.99833254,1.99833254
2025/10/04,14:43:47,329.790000,32979,13191,10902,445,5,0,0,0.03017963,0.35611808,1.60315863,2.01092955,2.03147344,2.05003367,2.05003367
2025/10/04,14:43:48,332.740000,33274,13309,11327,451,5,0,0,0.03045005,0.35930893,1.65492712,2.06851537,2.08842325,2.10698348,2.10698348
2025/10/04,14:43:49,335.460000,33546,13418,11679,455,5,0,0,0.03069847,0.36224041,1.69815151,2.11487491,2.13439974,2.15512533,2.15512533
2025/10/04,14:43:50,338.750000,33875,13550,12114,461,5,0,0,0.03099944,0.36579163,1.75142362,2.17402840,2.19304008,2.21596196,2.21596196
2025/10/04,14:43:51,344.020000,34402,13760,12811,476,4,0,0,0.03148183,0.37148398,1.83689801,2.27291366,2.29090628,2.31382816,2.31382816
2025/10/04,14:43:52,349.690000,34969,13987,13507,492,4,0,0,0.03200109,0.37761108,1.92258090,2.37359146,2.39043492,2.41771846,2.41771846
2025/10/04,14:43:53,355.480000,35548,14219,14224,510,4,0,0,0.03253099,0.38386400,2.01084552,2.47820902,2.49505248,2.52233602,2.52233602
2025/10/04,14:43:54,361.590000,36159,14463,14947,528,5,0,0,0.03308958,0.39045537,2.10019185,2.58374539,2.60403632,2.63351615,2.63351615
2025/10/04,14:43:55,367.190000,36719,14687,15549,542,6,0,0,0.03360245,0.39650717,2.17511130,2.67139761,2.69398324,2.72346307,2.72346307
2025/10/04,14:43:56,371.890000,37189,14875,16010,552,6,0,0,0.03403210,0.40157703,2.23293148,2.73897739,2.76322171,2.79270154,2.79270154
2025/10/04,14:43:57,376.380000,37638,15055,16439,562,7,0,0,0.03444342,0.40643047,2.28687568,2.80193812,2.82771465,2.85719448,2.85719448
2025/10/04,14:43:58,380.260000,38026,15210,16802,569,7,0,0,0.03479810,0.41061561,2.33249686,2.85363469,2.88068686,2.91016669,2.91016669
2025/10/04,14:43:59,382.540000,38254,15301,16898,568,7,0,0,0.03500645,0.41307427,2.34592654,2.86622430,2.89251036,2.92199019,2.92199019
2025/10/04,14:44:00,383.890000,38389,15355,16804,562,6,0,0,0.03512999,0.41453193,2.33669594,2.85143535,2.87619282,2.90347636,2.90347636
2025/10/04,14:44:01,384.160000,38416,15366,16510,549,5,0,0,0.03515488,0.41482556,2.30338588,2.80655562,2.82812219,2.85324037,2.85324037
2025/10/04,14:44:02,384.060000,38406,15362,16135,535,5,0,0,0.03514567,0.41471688,2.26035864,2.75082854,2.76894764,2.79186952,2.79186952
2025/10/04,14:44:03,383.340000,38334,15333,15652,521,4,0,0,0.03508006,0.41394275,2.20431765,2.68127877,2.69761270,2.71725561,2.71725561
2025/10/04,14:44:04,382.260000,38226,15290,15118,506,4,0,0,0.03498166,0.41278160,2.14206471,2.60512996,2.62286600,2.64034355,2.64034355
2025/10/04,14:44:05,381.430000,38143,15257,14619,491,5,0,0,0.03490562,0.41188449,2.08407085,2.53398329,2.55299497,2.56719354,2.56719354
2025/10/04,14:44:06,380.210000,38021,15208,14025,476,5,0,0,0.03479364,0.41056317,2.01485540,2.45051599,2.47080692,2.48500549,2.48500549
2025/10/04,14:44:07,378.370000,37837,15135,13377,459,5,0,0,0.03462559,0.40858022,1.93868910,2.35886977,2.38030625,2.39122585,2.39122585
2025/10/04,14:44:08,376.420000,37642,15057,12791,443,6,0,0,0.03444688,0.40647144,1.86959919,2.27526995,2.29785558,2.30766156,2.30766156
2025/10/04,14:44:09,374.710000,37471,14988,12299,429,6,0,0,0.03429008,0.40462102,1.81151229,2.20419130,2.22779961,2.23432662,2.23432662
2025/10/04,14:44:10,372.560000,37256,14902,11798,413,6,0,0,0.03409360,0.40230252,1.75181429,2.13020942,2.15471031,2.16123732,2.16123732
2025/10/04,14:44:11,370.210000,37021,14808,11311,397,7,0,0,0.03387837,0.39976284,1.69361176,2.05765895,2.08305243,2.08957944,2.08957944
2025/10/04,14:44:12,368.840000,36884,14753,11000,385,7,0,0,0.03375288,0.39828228,1.65652398,2.00935655,2.03538965,2.04191666,2.04191666
2025/10/04,14:44:13,367.320000,36732,14693,10710,373,7,0,0,0.03361424,0.39664635,1.62174087,1.96371572,1.99025836,1.99134104,1.99134104
2025/10/04,14:44:14,365.740000,36574,14629,10433,362,7,0,0,0.03346956,0.39493893,1.58831616,1.91959343,1.94651912,1.94651912,1.94651912
2025/10/04,14:44:15,364.290000,36429,14571,10195,351,7,0,0,0.03333713,0.39337640,1.55960890,1.88122357,1.90853231,1.90853231,1.90853231
2025/10/04,14:44:16,363.500000,36350,14540,10066,344,7,0,0,0.03326451,0.39251938,1.54400406,1.85880028,1.88649207,1.88649207,1.88649207
2025/10/04,14:44:17,362.980000,36298,14519,9978,337,7,0,0,0.03321739,0.39196355,1.53327709,1.84228893,1.87010720,1.87010720,1.87010720
2025/10/04,14:44:18,363.160000,36316,14526,9979,333,7,0,0,0.03323365,0.39215519,1.53363836,1.83841601,1.86623428,1.86623428,1.86623428
2025/10/04,14:44:19,363.940000,36394,14557,10055,330,7,0,0,0.03330507,0.39299796,1.54322638,1.84606584,1.87388411,1.87388411,1.87388411
2025/10/04,14:44:20,363.790000,36379,14551,10008,326,7,0,0,0.03329133,0.39283587,1.53757884,1.83663708,1.86483841,1.86483841,1.86483841
2025/10/04,14:44:21,363.210000,36321,14528,9913,321,7,0,0,0.03323834,0.39221051,1.52609558,1.82046757,1.84866890,1.84866890,1.84866890
2025/10/04,14:44:22,362.820000,36282,14512,9848,317,7,0,0,0.03320188,0.39178053,1.51823313,1.80856584,1.83715022,1.83715022,1.83715022
2025/10/04,14:44:23,362.620000,36262,14505,9813,317,7,0,0,0.03318421,0.39157177,1.51402532,1.80451909,1.83297699,1.83297699,1.83297699
2025/10/04,14:44:24,362.130000,36213,14485,9739,326,7,0,0,0.03313919,0.39104072,1.50503579,1.80399703,1.83155873,1.83700306,1.83700306
2025/10/04,14:44:25,361.250000,36125,14450,9622,334,7,0,0,0.03305898,0.39009409,1.49071473,1.79714048,1.82419265,1.83071966,1.83071966
2025/10/04,14:44:26,359.760000,35976,14390,9439,341,7,0,0,0.03292234,0.38848198,1.46818672,1.78078577,1.80732841,1.81385542,1.81385542
2025/10/04,14:44:27,358.030000,35803,14321,9236,347,7,0,0,0.03276399,0.38661343,1.44311587,1.76114333,1.78704634,1.79357335,1.79357335
2025/10/04,14:44:28,356.310000,35631,14252,9042,353,6,0,0,0.03260661,0.38475633,1.41902598,1.74267676,1.76794376,1.77774974,1.77774974
2025/10/04,14:44:29,355.430000,35543,14217,8953,363,6,0,0,0.03252591,0.38380397,1.40789836,1.74046867,1.76496956,1.77588916,1.77588916
2025/10/04,14:44:30,356.230000,35623,14249,9065,381,6,0,0,0.03259950,0.38467243,1.42162824,1.77048651,1.79371177,1.80791034,1.80791034
2025/10/04,14:44:31,357.310000,35731,14292,9232,396,6,0,0,0.03269839,0.38583931,1.44188125,1.80492640,1.82700250,1.84228375,1.84228375
2025/10/04,14:44:32,358.040000,35804,14321,9342,399,6,0,0,0.03276506,0.38662584,1.45524244,1.82103474,1.84285427,1.86141450,1.86141450
2025/10/04,14:44:33,358.880000,35888,14355,9518,402,5,0,0,0.03284204,0.38753436,1.47626710,1.84483857,1.86640514,1.88496537,1.88496537
2025/10/04,14:44:34,359.740000,35974,14389,9721,405,5,0,0,0.03292089,0.38846481,1.50046047,1.87187517,1.89318517,1.91174540,1.91174540
2025/10/04,14:44:35,360.460000,36046,14418,9894,414,5,0,0,0.03298627,0.38923609,1.52094801,1.89999012,1.92091706,1.94055997,1.94055997
2025/10/04,14:44:36,361.440000,36144,14457,10094,427,5,0,0,0.03307611,0.39029620,1.54492355,1.93650443,1.95692184,1.97984372,1.97984372
2025/10/04,14:44:37,361.600000,36160,14464,10187,436,5,0,0,0.03309039,0.39046491,1.55578052,1.95495586,1.97511670,1.99803858,1.99803858
2025/10/04,14:44:38,359.900000,35990,14396,10059,435,5,0,0,0.03293521,0.38863358,1.53931850,1.93807380,1.95861769,1.97934328,1.97934328
2025/10/04,14:44:39,358.340000,35834,14333,9910,434,5,0,0,0.03279243,0.38694901,1.52054733,1.91830059,1.93948411,1.95804434,1.95804434
2025/10/04,14:44:40,357.520000,35752,14301,9836,436,5,0,0,0.03271729,0.38606240,1.51114561,1.91015897,1.93146897,1.95002920,1.95002920
2025/10/04,14:44:41,357.190000,35719,14287,9760,444,6,0,0,0.03268685,0.38570300,1.50209747,1.90877027,1.93058980,1.94915003,1.94915003
2025/10/04,14:44:42,356.930000,35693,14277,9661,454,6,0,0,0.03266294,0.38542082,1.49055752,1.90634293,1.92816246,1.94672269,1.94672269
2025/10/04,14:44:43,356.400000,35640,14256,9539,456,6,0,0,0.03261437,0.38484785,1.47598411,1.89403166,1.91598128,1.93345883,1.93345883
2025/10/04,14:44:44,356.080000,35608,14243,9463,455,6,0,0,0.03258554,0.38450753,1.46701156,1.88389602,1.90622869,1.92042726,1.92042726
2025/10/04,14:44:45,355.960000,35596,14238,9420,454,6,0,0,0.03257439,0.38437596,1.46190754,1.87801690,1.90073263,1.91493120,1.91493120
2025/10/04,14:44:46,355.950000,35595,14238,9435,455,6,0,0,0.03257374,0.38436834,1.46367320,1.88088069,1.90359642,1.91779499,1.91779499
2025/10/04,14:44:47,355.890000,35589,14235,9527,463,6,0,0,0.03256825,0.38430350,1.47406637,1.89861026,1.92068636,1.93488493,1.93488493
2025/10/04,14:44:48,355.420000,35542,14217,9631,471,5,0,0,0.03252517,0.38379537,1.48544615,1.91732552,1.93876200,1.95296057,1.95296057
2025/10/04,14:44:49,354.550000,35455,14182,9727,473,5,0,0,0.03244528,0.38285254,1.49547422,1.92854963,1.94947657,1.96367514,1.96367514
2025/10/04,14:44:50,353.890000,35389,14155,9875,473,5,0,0,0.03238518,0.38214325,1.51168190,1.94533841,1.96575582,1.98211975,1.98211975
2025/10/04,14:44:51,353.190000,35319,14127,10004,474,5,0,0,0.03232070,0.38138248,1.52566894,1.95990745,1.97981533,1.99837556,1.99837556
2025/10/04,14:44:52,351.620000,35162,14065,10008,472,5,0,0,0.03217770,0.37969507,1.52449454,1.95653589,1.97631368,1.99379123,1.99379123
2025/10/04,14:44:53,350.160000,35016,14006,10002,470,5,0,0,0.03204423,0.37812016,1.52223299,1.95269029,1.97221512,1.99077535,1.99077535
2025/10/04,14:44:54,349.320000,34932,13973,10002,468,5,0,0,0.03196700,0.37720877,1.52137811,1.95038131,1.96964956,1.98712711,1.98712711
2025/10/04,14:44:55,348.160000,34816,13926,9902,459,5,0,0,0.03186074,0.37595513,1.50857994,1.92940758,1.94931546,1.96351403,1.96351403
2025/10/04,14:44:56,347.360000,34736,13894,9821,455,5,0,0,0.03178787,0.37509522,1.49846178,1.91524923,1.93566664,1.94986521,1.94986521
2025/10/04,14:44:57,346.600000,34660,13864,9713,453,5,0,0,0.03171784,0.37426869,1.48529084,1.90065622,1.92132659,1.93552516,1.93552516
2025/10/04,14:44:58,345.540000,34554,13821,9544,450,5,0,0,0.03162079,0.37312371,1.46482948,1.87683459,1.89814459,1.91234316,1.91234316
2025/10/04,14:44:59,345.310000,34531,13812,9485,449,5,0,0,0.03160004,0.37287872,1.45783866,1.86948780,1.89105437,1.90525294,1.90525294
2025/10/04,14:45:00,345.510000,34551,13820,9477,451,6,0,0,0.03161798,0.37309037,1.45713742,1.87014366,1.89196319,1.90616176,1.90616176
2025/10/04,14:45:01,345.670000,34567,13827,9491,455,6,0,0,0.03163317,0.37326959,1.45897279,1.87569619,1.89751572,1.91171429,1.91171429
2025/10/04,14:45:02,345.570000,34557,13822,9493,459,6,0,0,0.03162331,0.37315329,1.45903024,1.87963094,1.90145047,1.91564904,1.91564904
2025/10/04,14:45:03,346.320000,34632,13852,9573,466,5,0,0,0.03169231,0.37396742,1.46904611,1.89569016,1.91725673,1.93145530,1.93145530
2025/10/04,14:45:04,346.970000,34697,13879,9634,468,5,0,0,0.03175216,0.37467385,1.47666789,1.90502502,1.92556891,1.94521182,1.94521182
2025/10/04,14:45:05,349.190000,34919,13967,9949,476,4,1,0,0.03195543,0.37707243,1.51512618,1.95104483,1.96865439,2.00360949,2.00360949
2025/10/04,14:45:06,352.190000,35219,14087,10366,489,9,1,0,0.03222964,0.38030808,1.56602659,2.01399992,2.04870952,2.09786320,2.09786320
2025/10/04,14:45:07,355.000000,35500,14200,10771,502,13,1,0,0.03248681,0.38334254,1.61540902,2.07517806,2.12571206,2.18250636,2.18250636
2025/10/04,14:45:08,358.120000,35812,14325,11232,516,18,1,0,0.03277233,0.38671163,1.67147193,2.14381177,2.21042675,2.27158271,2.27158271
2025/10/04,14:45:09,362.160000,36216,14486,11892,533,23,2,0,0.03314161,0.39106933,1.75132587,2.23917766,2.32429479,2.39092602,2.39092602
2025/10/04,14:45:10,367.200000,36720,14688,12735,561,30,2,0,0.03360303,0.39651385,1.85318664,2.36734405,2.47773180,2.54764200,2.54764200
2025/10/04,14:45:11,371.940000,37194,14877,13568,590,37,2,0,0.03403720,0.40163708,1.95363537,2.49390531,2.63019969,2.70555423,2.70555423
2025/10/04,14:45:12,376.460000,37646,15058,14331,617,41,2,0,0.03445070,0.40651627,2.04578558,2.61074506,2.76094858,2.83849941,2.83849941
2025/10/04,14:45:13,379.510000,37951,15180,14819,633,42,2,0,0.03472943,0.40980529,2.10485458,2.68448594,2.83698777,2.91234231,2.91234231
2025/10/04,14:45:14,381.760000,38176,15270,15167,643,42,2,0,0.03493545,0.41223629,2.14717460,2.73633953,2.88973395,2.96072683,2.96072683
2025/10/04,14:45:15,383.820000,38382,15353,15528,653,42,2,0,0.03512424,0.41446423,2.19060833,2.78836976,2.94265676,3.01145335,3.01145335
2025/10/04,14:45:16,385.810000,38581,15432,15935,663,42,2,0,0.03530644,0.41661401,2.23939284,2.84665489,3.00170800,3.06833923,3.06833923
2025/10/04,14:45:17,386.720000,38672,15469,16115,667,43,2,0,0.03538972,0.41759689,2.26089586,2.87145412,3.02727333,3.09279094,3.09279094
2025/10/04,14:45:18,387.340000,38734,15493,16210,660,43,2,0,0.03544605,0.41826138,2.27247475,2.87715163,3.03335389,3.09998512,3.09998512
2025/10/04,14:45:19,387.490000,38749,15499,16182,650,43,2,0,0.03545978,0.41842346,2.26938116,2.86442747,3.01999011,3.08662134,3.08662134
2025/10/04,14:45:20,387.230000,38723,15489,16064,637,42,2,0,0.03543610,0.41814410,2.25567075,2.83950336,2.99391684,3.06054807,3.06054807
2025/10/04,14:45:21,386.460000,38646,15458,15847,624,42,2,0,0.03536574,0.41731376,2.22997796,2.80143285,2.95444422,3.02107545,3.02107545
2025/10/04,14:45:22,385.790000,38579,15431,15643,612,42,2,0,0.03530402,0.41658542,2.20593431,2.76627250,2.91813471,2.98476594,2.98476594
2025/10/04,14:45:23,384.720000,38472,15388,15308,598,41,2,0,0.03520632,0.41543280,2.16643169,2.71368205,2.86414214,2.93077337,2.93077337
2025/10/04,14:45:24,383.000000,38300,15320,14782,579,41,2,0,0.03504943,0.41358143,2.10445804,2.63493543,2.78335017,2.84886778,2.84886778
2025/10/04,14:45:25,381.270000,38127,15250,14228,561,39,2,0,0.03489043,0.41170527,2.03925630,2.55296164,2.69525115,2.75860340,2.75860340
2025/10/04,14:45:26,378.670000,37867,15147,13554,540,34,1,0,0.03465316,0.40890534,1.95936061,2.45419282,2.57989183,2.63996511,2.63996511
2025/10/04,14:45:27,375.670000,37567,15026,12874,520,30,1,0,0.03437782,0.40565635,1.87827260,2.35423168,2.46461943,2.52249642,2.52249642
2025/10/04,14:45:28,372.850000,37285,14914,12278,501,26,1,0,0.03411977,0.40261140,1.80704676,2.26581376,2.36305486,2.41876648,2.41876648
2025/10/04,14:45:29,370.230000,37023,14809,11761,484,23,1,0,0.03388037,0.39978666,1.74512975,2.18806176,2.27420157,2.32879958,2.32879958
2025/10/04,14:45:30,368.400000,36840,14736,11381,469,21,1,0,0.03371323,0.39781420,1.69966522,2.12960548,2.20681222,2.26141023,2.26141023
2025/10/04,14:45:31,366.880000,36688,14675,11074,457,19,1,0,0.03357411,0.39617255,1.66287274,2.08153433,2.15082706,2.20542507,2.20542507
2025/10/04,14:45:32,365.440000,36544,14617,10798,445,17,1,0,0.03344183,0.39461192,1.62976456,2.03779446,2.10096197,2.15555998,2.15555998
2025/10/04,14:45:33,364.180000,36418,14567,10542,434,15,1,0,0.03332640,0.39324964,1.59908429,1.99690161,2.05432694,2.10892495,2.10892495
2025/10/04,14:45:34,362.640000,36264,14505,10260,421,14,1,0,0.03318598,0.39159273,1.56519708,1.95070257,2.00149315,2.05500848,2.05500848
2025/10/04,14:45:35,361.590000,36159,14463,10080,409,12,1,0,0.03308952,0.39045445,1.54348215,1.91793500,1.96298340,2.01321976,2.01321976
2025/10/04,14:45:36,360.930000,36093,14437,10018,398,11,1,0,0.03302963,0.38974801,1.53563412,1.90068244,1.94126431,1.98822169,1.98822169
2025/10/04,14:45:37,360.410000,36041,14416,9983,390,10,1,0,0.03298181,0.38918362,1.53106668,1.88803645,1.92517085,1.96993194,1.96993194
2025/10/04,14:45:38,359.050000,35905,14362,9836,378,8,1,0,0.03285748,0.38771645,1.51279966,1.85916885,1.89107061,1.93255272,1.93255272
2025/10/04,14:45:39,357.930000,35793,14317,9744,373,7,1,0,0.03275488,0.38650571,1.50107041,1.84320632,1.87076802,1.90900209,1.90900209
2025/10/04,14:45:40,357.490000,35749,14299,9776,375,6,1,0,0.03271487,0.38603381,1.50425818,1.84823620,1.87324663,1.90928441,1.90928441
2025/10/04,14:45:41,357.690000,35769,14307,9948,381,6,1,0,0.03273290,0.38624642,1.52413054,1.87353788,1.89803877,1.93407655,1.93407655
2025/10/04,14:45:42,358.320000,35832,14332,10192,390,6,1,0,0.03279043,0.38692520,1.55275381,1.90982058,1.93432147,1.97035925,1.97035925
2025/10/04,14:45:43,358.480000,35848,14339,10341,396,6,1,0,0.03280497,0.38709680,1.56995951,1.93319866,1.95744298,1.99348076,1.99348076
2025/10/04,14:45:44,358.310000,35831,14332,10404,402,6,1,0,0.03278984,0.38691850,1.57703994,1.94551441,1.96860957,2.00464735,2.00464735
2025/10/04,14:45:45,358.270000,35827,14331,10518,408,6,1,0,0.03278606,0.38687371,1.59002219,1.96418404,1.98727920,2.02112068,2.02112068
2025/10/04,14:45:46,358.050000,35805,14322,10598,413,6,1,0,0.03276538,0.38662965,1.59892337,1.97770650,1.99952603,2.03336751,2.03336751
2025/10/04,14:45:47,357.220000,35722,14288,10579,410,5,1,0,0.03268966,0.38573635,1.59585680,1.97179578,1.99183014,2.02458894,2.02458894
2025/10/04,14:45:48,356.310000,35631,14252,10531,404,5,1,0,0.03260622,0.38475157,1.58933006,1.95935563,1.97747473,2.00915085,2.00915085
2025/10/04,14:45:49,354.990000,35499,14199,10400,396,4,0,0,0.03248607,0.38333394,1.57293837,1.93608052,1.95228435,1.98176418,1.98176418
2025/10/04,14:45:50,353.260000,35326,14130,10202,386,4,0,0,0.03232733,0.38146066,1.54843241,1.90255803,1.91965806,1.94694160,1.94694160
2025/10/04,14:45:51,351.810000,35181,14072,10071,379,4,0,0,0.03219515,0.37990099,1.53195930,1.87907247,1.89706509,1.92434863,1.92434863
2025/10/04,14:45:52,350.210000,35021,14008,9919,371,5,0,0,0.03204876,0.37817356,1.51274127,1.85268001,1.87130864,1.89423052,1.89423052
2025/10/04,14:45:53,348.330000,34833,13933,9689,361,5,0,0,0.03187641,0.37614007,1.48441944,1.81560062,1.83525193,1.85709113,1.85709113
2025/10/04,14:45:54,347.100000,34710,13884,9544,354,5,0,0,0.03176363,0.37480920,1.46657148,1.79122430,1.81113218,1.83513674,1.83513674
2025/10/04,14:45:55,346.290000,34629,13851,9467,350,5,0,0,0.03168924,0.37393122,1.45689175,1.77766636,1.79757424,1.82813675,1.82813675
2025/10/04,14:45:56,344.840000,34484,13793,9311,343,5,1,0,0.03155706,0.37237155,1.43750211,1.75174927,1.77204020,1.80699530,1.80699530
2025/10/04,14:45:57,342.830000,34283,13713,9094,333,5,1,0,0.03137334,0.37020366,1.41047188,1.71599351,1.73679397,1.77391443,1.77391443
2025/10/04,14:45:58,340.810000,34081,13632,8862,324,5,1,0,0.03118800,0.36801669,1.38177432,1.67899045,1.70017397,1.73949072,1.73949072
2025/10/04,14:45:59,338.930000,33893,13557,8498,320,5,1,0,0.03101608,0.36598799,1.33806720,1.63114706,1.65118142,1.69266353,1.69266353
2025/10/04,14:46:00,337.370000,33737,13494,8234,321,5,1,0,0.03087330,0.36430342,1.30614785,1.60071384,1.61896303,1.66483773,1.66483773
2025/10/04,14:46:01,335.870000,33587,13435,8009,324,4,1,0,0.03073644,0.36268847,1.27883420,1.57540427,1.59186468,1.64101836,1.64101836
2025/10/04,14:46:02,334.450000,33445,13378,7893,331,5,1,0,0.03060598,0.36114886,1.26401316,1.56694870,1.58825870,1.63741238,1.63741238
2025/10/04,14:46:03,333.080000,33308,13323,7802,343,8,1,0,0.03048050,0.35966831,1.25216748,1.56622064,1.59569760,1.64157230,1.64157230
2025/10/04,14:46:04,332.240000,33224,13289,7816,357,10,1,0,0.03040400,0.35876551,1.25288445,1.57973444,1.61763494,1.66239603,1.66239603
2025/10/04,14:46:05,332.230000,33223,13289,7978,374,13,1,0,0.03040277,0.35875121,1.27133426,1.61385817,1.66184090,1.70660199,1.70660199
2025/10/04,14:46:06,332.350000,33235,13294,8156,391,15,1,0,0.03041408,0.35888467,1.29187474,1.64984563,1.70701439,1.75177548,1.75177548
2025/10/04,14:46:07,332.020000,33202,13281,8214,401,16,1,0,0.03038403,0.35853004,1.29810432,1.66509174,1.72519844,1.76995953,1.76995953
2025/10/04,14:46:08,331.350000,33135,13254,8186,404,16,1,0,0.03032247,0.35780359,1.29414233,1.66407090,1.72417760,1.76677333,1.76677333
2025/10/04,14:46:09,330.590000,33059,13223,8139,406,16,1,0,0.03025331,0.35698752,1.28803457,1.66038634,1.72100257,1.76140200,1.76140200
2025/10/04,14:46:10,329.730000,32973,13189,8002,405,16,1,0,0.03017446,0.35605707,1.27144753,1.64257214,1.70216569,1.74148244,1.74148244
2025/10/04,14:46:11,328.670000,32867,13146,7801,397,15,1,0,0.03007696,0.35490640,1.24729656,1.61134375,1.66698391,1.70302169,1.70302169
2025/10/04,14:46:12,327.970000,32797,13119,7649,391,14,1,0,0.03001352,0.35415802,1.22916259,1.58713348,1.63907321,1.67402831,1.67402831
2025/10/04,14:46:13,327.060000,32706,13082,7448,383,13,1,0,0.02993024,0.35317515,1.20518354,1.55588392,1.60361008,1.63636888,1.63636888
2025/10/04,14:46:14,326.160000,32616,13046,7260,375,12,0,0,0.02984783,0.35220275,1.18272149,1.52644145,1.56982755,1.60039006,1.60039006
2025/10/04,14:46:15,325.630000,32563,13025,7157,370,11,0,0,0.02979910,0.35162787,1.17037583,1.50937750,1.55046890,1.57994873,1.57994873
2025/10/04,14:46:16,325.310000,32531,13012,7104,366,10,0,0,0.02976963,0.35127991,1.16387591,1.49938737,1.53856351,1.56804334,1.56804334
2025/10/04,14:46:17,324.930000,32493,12997,7058,362,10,0,0,0.02973495,0.35087091,1.15828434,1.49030559,1.52794952,1.55523306,1.55523306
2025/10/04,14:46:18,324.150000,32415,12966,7039,356,9,0,0,0.02966347,0.35002724,1.15517052,1.48137445,1.51608405,1.54336759,1.54336759
2025/10/04,14:46:19,323.260000,32326,12930,7018,350,8,0,0,0.02958258,0.34907293,1.15184106,1.47216360,1.50342934,1.52743390,1.52743390
2025/10/04,14:46:20,321.760000,32176,12870,6908,341,7,0,0,0.02944475,0.34744654,1.13768862,1.45019067,1.47749941,1.49933861,1.49933861
2025/10/04,14:46:21,320.230000,32023,12809,6788,332,6,0,0,0.02930449,0.34579155,1.12232383,1.42671439,1.45006613,1.46862636,1.46862636
2025/10/04,14:46:22,318.590000,31859,12743,6653,323,5,0,0,0.02915470,0.34402404,1.10511374,1.40142484,1.42056661,1.43804416,1.43804416
2025/10/04,14:46:23,316.610000,31661,12664,6465,313,4,0,0,0.02897341,0.34188477,1.08137994,1.36793144,1.38439185,1.39859042,1.39859042
2025/10/04,14:46:24,314.440000,31444,12577,6257,301,4,0,0,0.02877514,0.33954528,1.05528477,1.33162369,1.34961631,1.36161859,1.36161859
2025/10/04,14:46:25,312.270000,31227,12491,6046,291,5,0,0,0.02857649,0.33720103,1.02886170,1.29560300,1.31487125,1.32579085,1.32579085
2025/10/04,14:46:26,310.560000,31056,12422,5829,287,5,0,0,0.02841976,0.33535155,1.00217802,1.26572011,1.28601104,1.29693064,1.29693064
2025/10/04,14:46:27,309.210000,30921,12368,5674,289,5,0,0,0.02829615,0.33389296,0.98301082,1.24784504,1.26864550,1.27956510,1.27956510
2025/10/04,14:46:28,307.830000,30783,12313,5557,291,5,0,0,0.02817018,0.33240668,0.96813399,1.23487529,1.25605881,1.26697841,1.26697841
2025/10/04,14:46:29,307.170000,30717,12287,5681,298,5,0,0,0.02810984,0.33169455,0.98156779,1.25467547,1.27572889,1.28664849,1.28664849
2025/10/04,14:46:30,307.400000,30740,12296,5985,310,5,0,0,0.02813101,0.33194435,1.01658455,1.30029190,1.32083579,1.33283807,1.33283807
2025/10/04,14:46:31,308.370000,30837,12334,6282,321,5,0,0,0.02821914,0.33298441,1.05164031,1.34591530,1.36582318,1.38002175,1.38002175
2025/10/04,14:46:32,309.600000,30960,12384,6577,333,5,0,0,0.02833234,0.33432005,1.08666451,1.39153916,1.41080741,1.42500598,1.42500598
2025/10/04,14:46:33,311.320000,31132,12453,6945,346,5,0,0,0.02848972,0.33617715,1.13063228,1.44791667,1.46654530,1.48290923,1.48290923
2025/10/04,14:46:34,313.120000,31312,12524,7275,354,5,0,0,0.02865412,0.33811717,1.17025580,1.49510262,1.51322172,1.53178195,1.53178195
2025/10/04,14:46:35,314.980000,31498,12599,7577,359,4,0,0,0.02882443,0.34012682,1.20681840,1.53580150,1.55341106,1.57197129,1.57197129
2025/10/04,14:46:36,317.270000,31727,12690,7873,364,4,0,0,0.02903394,0.34259884,1.24319699,1.57631637,1.59379946,1.61235969,1.61235969
2025/10/04,14:46:37,318.920000,31892,12757,7939,364,4,0,0,0.02918524,0.34438441,1.25254028,1.58595066,1.60368670,1.62116425,1.62116425
2025/10/04,14:46:38,320.670000,32067,12827,8078,361,5,0,0,0.02934537,0.34627393,1.27030052,1.60148170,1.61960080,1.63379937,1.63379937
2025/10/04,14:46:39,323.220000,32322,12928,8625,362,5,0,0,0.02957815,0.34902050,1.33567378,1.66724205,1.68536115,1.69955972,1.69955972
2025/10/04,14:46:40,325.950000,32595,13038,9139,367,5,0,0,0.02982860,0.35197585,1.39733364,1.73394323,1.75206233,1.76626090,1.76626090
2025/10/04,14:46:41,328.710000,32871,13148,9551,378,4,0,0,0.03008116,0.35495599,1.44746153,1.79357266,1.81156528,1.82576385,1.82576385
2025/10/04,14:46:42,331.360000,33136,13254,9950,387,4,0,0,0.03032344,0.35781504,1.49592530,1.85066495,1.86827451,1.88463844,1.88463844
2025/10/04,14:46:43,333.700000,33370,13348,10306,396,4,0,0,0.03053779,0.36034423,1.53920389,1.90169906,1.91930862,1.93786885,1.93786885
2025/10/04,14:46:44,335.780000,33578,13431,10607,402,4,0,0,0.03072804,0.36258935,1.57591309,1.94448456,1.96209412,1.98065435,1.98065435
2025/10/04,14:46:45,337.550000,33755,13502,10870,407,4,0,0,0.03088979,0.36449793,1.60793932,1.98109913,1.99896527,2.01752550,2.01752550
2025/10/04,14:46:46,338.680000,33868,13547,11040,411,5,0,0,0.03099352,0.36572201,1.62853639,2.00502535,2.02314445,2.04170468,2.04170468
2025/10/04,14:46:47,338.710000,33871,13548,11030,413,5,0,0,0.03099556,0.36574587,1.62741711,2.00574818,2.02437681,2.04293704,2.04293704
2025/10/04,14:46:48,338.260000,33826,13530,10902,409,5,0,0,0.03095452,0.36526157,1.61230212,1.98720703,2.00647528,2.02395283,2.02395283
2025/10/04,14:46:49,337.290000,33729,13491,10655,398,5,0,0,0.03086565,0.36421288,1.58302207,1.94735935,1.96765028,1.98184885,1.98184885
2025/10/04,14:46:50,336.000000,33600,13440,10400,386,5,0,0,0.03074775,0.36282194,1.55248287,1.90602648,1.92721000,1.94140857,1.94140857
2025/10/04,14:46:51,335.100000,33510,13404,10262,377,6,0,0,0.03066599,0.36185717,1.53574427,1.88091833,1.90286795,1.91487023,1.91487023
2025/10/04,14:46:52,334.400000,33440,13376,10187,369,6,0,0,0.03060130,0.36109358,1.52640919,1.86486088,1.88732003,1.89823963,1.89823963
2025/10/04,14:46:53,333.440000,33344,13337,10098,362,6,0,0,0.03051394,0.36006300,1.51515085,1.84662212,1.86959080,1.88051040,1.88051040
2025/10/04,14:46:54,332.790000,33279,13311,10058,356,6,0,0,0.03045393,0.35935469,1.50992648,1.83622741,1.85945267,1.87037227,1.87037227
2025/10/04,14:46:55,332.920000,33292,13316,10196,354,6,0,0,0.03046611,0.35949861,1.52578773,1.85034355,1.87395186,1.88487146,1.88487146
2025/10/04,14:46:56,333.640000,33364,13345,10420,354,6,0,0,0.03053214,0.36027750,1.55222471,1.87652247,1.89974773,1.91066733,1.91066733
2025/10/04,14:46:57,334.680000,33468,13387,10669,355,6,0,0,0.03062699,0.36139674,1.58174895,1.90669278,1.92991804,1.94083764,1.94083764
2025/10/04,14:46:58,335.390000,33539,13415,10841,354,6,0,0,0.03069259,0.36217083,1.60223941,1.92644017,1.94966543,1.96058503,1.96058503
2025/10/04,14:46:59,335.690000,33569,13427,10904,351,6,0,0,0.03071957,0.36248926,1.60981657,1.93133424,1.95455950,1.96547910,1.96547910
2025/10/04,14:47:00,336.340000,33634,13453,11061,349,6,0,0,0.03077904,0.36319091,1.62840870,1.94827827,1.97150353,1.98242313,1.98242313
2025/10/04,14:47:01,337.000000,33700,13480,11231,347,6,0,0,0.03083947,0.36390402,1.64860782,1.96692628,1.99015154,2.00107114,2.00107114
2025/10/04,14:47:02,337.050000,33705,13482,11264,343,6,0,0,0.03084438,0.36396215,1.65243874,1.96697599,1.99032773,2.00124733,2.00124733
2025/10/04,14:47:03,336.380000,33638,13455,11060,334,6,0,0,0.03078314,0.36323951,1.62834017,1.93486293,1.95885429,1.96977389,1.96977389
2025/10/04,14:47:04,335.820000,33582,13432,10825,326,6,0,0,0.03073137,0.36262843,1.60086712,1.89937538,1.92387627,1.93479587,1.93479587
2025/10/04,14:47:05,335.110000,33511,13404,10598,318,6,0,0,0.03066690,0.36186767,1.57410477,1.86534252,1.88958684,1.90158912,1.90158912
2025/10/04,14:47:06,334.880000,33488,13395,10464,317,5,0,0,0.03064547,0.36161503,1.55853480,1.84941658,1.87085306,1.89269226,1.89269226
2025/10/04,14:47:07,335.210000,33521,13408,10392,326,4,0,0,0.03067569,0.36197159,1.55071963,1.84913089,1.86712351,1.89660334,1.89660334
2025/10/04,14:47:08,336.100000,33610,13444,10339,335,5,1,0,0.03075745,0.36293635,1.54556881,1.85218857,1.87273246,1.90877024,1.90877024
2025/10/04,14:47:09,918.030000,91803,36721,53898,2369,232,11,0,0.08400999,0.99131327,7.15633174,9.32465089,10.16615560,10.51134498,10.52001015
2025/10/04,14:47:10,2853.180000,285318,114127,135535,7390,1607,70,0,0.26109622,3.08092048,18.58387829,25.34694854,31.15593475,33.32327490,33.41066937
2025/10/04,14:47:11,10292.980000,1029298,411719,363478,29766,10208,1397,3,0.94191651,11.11456077,52.69022784,79.92968997,116.82115337,160.06439043,160.84252314
2025/10/04,14:47:12,34204.100000,3420410,1368164,1669657,97288,50600,11312,19,3.13003542,36.93423960,227.91417365,316.94323665,499.79858513,849.74826397,854.48687680
2025/10/04,14:47:13,84707.670000,8470767,3388306,7826769,200202,171814,59462,81,7.75164389,91.46895118,986.71585909,1169.92196676,1790.80795346,3630.21420868,3650.49814542
2025/10/04,14:47:14,147505.650000,14750565,5900226,15754448,322141,337813,103048,149,13.49832127,159.27941555,1961.31554679,2256.10914323,3476.86798878,6664.54053712,6701.67229736
2025/10/04,14:47:15,205907.640000,20590764,8236305,22879369,426184,514667,121765,200,0.39597357,203.89624168,2820.89998548,3210.90404861,5070.75992612,8837.40916758,8887.00862916
2025/10/04,14:47:16,257081.090000,25708109,10283243,28762411,505468,638120,133432,234,5.07888339,259.15431419,3549.07627688,4011.63310574,6317.61001364,10445.17243205,10503.19147279
2025/10/04,14:47:17,300870.070000,30087007,12034803,33619888,572522,747129,142005,263,9.08603666,306.43849259,4151.97167722,4675.88971779,7375.79467984,11768.56051032,11833.67880514
2025/10/04,14:47:18,328390.500000,32839050,13135619,36345184,618211,814395,141840,276,11.60444525,336.15555247,4493.41540293,5059.14390972,8002.12671947,12389.76692535,12458.18145273
2025/10/04,14:47:19,336148.680000,33614868,13445947,36868691,621265,806274,127127,262,12.31440060,344.53299039,4561.67302136,5130.19614447,8043.83066371,11976.36968116,12041.47064563
2025/10/04,14:47:20,321086.110000,32108611,12843444,34611633,565791,652659,89188,201,10.93601656,328.26814356,4287.23981718,4804.99907637,7163.51735390,9922.45194575,9972.42722835
2025/10/04,14:47:21,290381.850000,29038185,11615273,30028411,481147,403093,41838,114,8.12625329,295.11309279,3729.84351424,4170.14449874,5626.80402207,6921.03071490,6949.27076773
2025/10/04,14:47:22,255741.660000,25574166,10229666,24859012,391099,221613,9015,51,4.95631169,257.70795843,3101.14867747,3459.04554780,4259.89049360,4538.78730456,4551.54343243
2025/10/04,14:47:23,224465.650000,22446565,8978626,20448687,324904,161370,4610,35,2.09422748,223.93554028,2562.91134497,2860.23362355,3443.38000375,3586.01226236,3594.91263494
2025/10/04,14:47:24,200431.430000,20043143,8017257,17305657,283824,129705,2411,27,18.34158692,216.42967208,2195.89728309,2455.62616244,2924.34417012,2998.94080496,3005.83902697
2025/10/04,14:47:25,180179.720000,18017972,7207188,14836358,251813,102328,1718,21,16.48834226,194.56149156,1891.58407407,2122.01976619,2491.80603964,2544.97714480,2550.38025276
2025/10/04,14:47:26,161478.220000,16147822,6459128,12784263,222331,78077,930,16,14.77695796,174.36724950,1636.66570830,1840.12250811,2122.27100439,2151.04409684,2155.09197143
2025/10/04,14:47:27,146172.320000,14617232,5846892,11226656,197255,55873,351,11,13.37630696,157.83964820,1441.97475440,1622.48416568,1824.39346986,1835.26954927,1838.10207118
2025/10/04,14:47:28,134859.150000,13485915,5394366,10209773,183406,46835,304,9,12.34103289,145.62347918,1313.44482604,1481.28109302,1650.53159789,1659.94819346,1662.32616505
2025/10/04,14:47:29,126218.010000,12621801,5048720,9475383,174890,42172,283,8,11.55027759,136.29261214,1220.11247849,1380.15593649,1532.55604888,1541.33794638,1543.47997763
2025/10/04,14:47:30,117989.030000,11798903,4719561,8669896,164765,38776,267,7,10.79723921,127.40680112,1119.09289240,1269.87090271,1409.99899874,1418.28168787,1420.24868259
2025/10/04,14:47:31,108015.830000,10801583,4320633,7531391,149291,32374,211,6,9.88458648,116.63755403,978.09835509,1114.71565335,1231.70708015,1238.24297304,1239.88663294
2025/10/04,14:47:32,95699.180000,9569918,3827967,6047911,127930,25822,119,5,8.75748342,103.33779992,795.11421937,912.18397228,1005.49890781,1009.18688777,1010.48072218
2025/10/04,14:47:33,80411.460000,8041146,3216458,4127664,102882,17677,66,3,7.35849583,86.82982951,558.96320516,653.11119615,716.99067867,719.05095722,719.93381476
2025/10/04,14:47:34,63270.210000,6327021,2530808,2399186,77327,11141,48,2,5.78989122,68.32038528,342.74576980,413.50890159,453.77008790,455.28416975,455.84369247
2025/10/04,14:47:35,48766.030000,4876603,1950641,1595198,55631,7876,37,1,4.46260579,52.65849411,235.12158380,286.03032353,314.49371960,315.66586011,316.05925905
2025/10/04,14:47:36,39806.430000,3980643,1592257,1036322,42780,5391,29,1,3.64270810,42.98374707,161.52107760,200.66965254,220.15367490,221.07237545,221.34322406
2025/10/04,14:47:37,31915.970000,3191597,1276639,614380,30585,3277,19,0,2.92064822,34.46347987,104.73802141,132.72735927,144.57070745,145.18245269,145.34832889
2025/10/04,14:47:38,25249.130000,2524913,1009965,445040,21136,1320,11,0,2.31056172,27.26449563,78.16937704,97.51187291,102.28486858,102.64861819,102.70976956
2025/10/04,14:47:39,18661.950000,1866195,746478,336741,16518,770,7,0,1.70776535,20.15153306,58.66891715,73.78513549,76.56947842,76.81636043,76.85126870
2025/10/04,14:47:40,13807.630000,1380763,552305,268614,13220,528,6,0,1.26354377,14.90974430,45.63461537,57.73316779,59.64218537,59.84207906,59.86807458
2025/10/04,14:47:41,11917.210000,1191721,476688,227748,11424,432,5,0,1.09055044,12.86843224,38.91895308,49.37358927,50.93804036,51.11937382,51.13670416
2025/10/04,14:47:42,10950.600000,1095060,438024,226761,11992,506,6,0,1.00209564,11.82467107,37.76227081,48.73675270,50.56677475,50.76122411,50.78721963
2025/10/04,14:47:43,11298.680000,1129868,451947,261918,14681,721,7,0,1.03394889,12.20053758,42.15945940,55.59420925,58.20154583,58.43859092,58.47349919
2025/10/04,14:47:44,12058.700000,1205870,482348,306761,17930,974,9,0,1.10349857,13.02121974,48.10946037,64.51766740,68.03861289,68.32809064,68.37166409
2025/10/04,14:47:45,12861.280000,1286128,514451,349245,20832,1177,10,0,1.17694311,13.88786043,53.83551584,72.89957079,77.15329193,77.47880746,77.53104608
2025/10/04,14:47:46,13796.390000,1379639,551855,389092,23411,1449,11,0,1.26251584,14.89761408,59.40305908,80.82687779,86.06643852,86.41271058,86.48252713
2025/10/04,14:47:47,15579.880000,1557988,623195,455252,27557,1863,12,0,1.42572381,16.82345983,68.89644402,94.11465997,100.84772037,101.22350320,101.31089767
2025/10/04,14:47:48,20269.740000,2026974,810789,540713,33069,2424,13,0,1.85489474,21.88765146,83.73591983,113.99844426,122.76086575,123.17816163,123.30046438
2025/10/04,14:47:49,24752.770000,2475277,990111,635154,39284,3016,15,0,2.26514000,26.72852188,99.37921060,135.32846756,146.22961883,146.69826468,146.84681053
2025/10/04,14:47:50,28499.340000,2849934,1139973,708197,43581,3410,16,0,2.60799039,30.77413751,111.77965072,151.66126437,163.98419778,164.50527629,164.67115249
2025/10/04,14:47:51,30264.310000,3026431,1210572,777494,44820,3564,18,0,2.76950342,32.67998054,121.61184388,162.62706162,175.50640395,176.06899551,176.24378446
2025/10/04,14:47:52,30838.830000,3083883,1233553,750112,43942,3404,18,0,2.82207824,33.30036258,119.10027660,159.31236040,171.61653147,172.17473044,172.34060664
2025/10/04,14:47:53,30964.260000,3096426,1238570,684934,42441,3343,18,0,2.83355609,33.43579771,111.78049176,150.61908485,162.70031219,163.27270974,163.43858594
2025/10/04,14:47:54,30479.730000,3047973,1219189,633750,40397,3402,19,0,2.78921684,32.91259854,105.40268916,142.37040526,154.66743204,155.27806367,155.44393987
2025/10/04,14:47:55,29291.310000,2929131,1171652,566871,37457,3290,21,0,2.68046401,31.62932277,96.46961601,130.74677607,142.63759745,143.28865945,143.45453565
2025/10/04,14:47:56,27328.800000,2732880,1093151,485030,33415,2987,21,0,2.50087304,29.51015753,84.98926063,115.56793930,126.36482804,127.02136531,127.16991116
2025/10/04,14:47:57,24810.120000,2481012,992404,389738,28401,2594,20,0,2.27038771,26.79044317,71.36973626,97.35983531,106.73379636,107.36629813,107.49726606
2025/10/04,14:47:58,21752.710000,2175271,870108,316706,22505,2055,18,0,1.99060278,23.48899849,59.71469911,80.30985336,87.73740585,88.30652443,88.41124925
2025/10/04,14:47:59,18069.440000,1806944,722777,246635,18887,1403,17,0,1.65354418,19.51172570,47.72261353,65.00637593,70.07914263,70.60566547,70.67548202
2025/10/04,14:48:00,14990.750000,1499075,599630,190363,16596,1125,16,0,1.37181224,16.18730566,37.96158659,53.14941924,57.21592532,57.73700383,57.78924245
2025/10/04,14:48:01,13992.080000,1399208,559683,174016,15322,979,16,0,1.28042277,15.10891549,35.01334647,49.03474105,52.57521137,53.09189729,53.13547074
2025/10/04,14:48:02,13470.950000,1347095,538838,167146,15098,859,16,0,1.23273422,14.54619303,33.66487374,47.48150984,50.58846602,51.10079029,51.14436374
2025/10/04,14:48:03,13236.990000,1323699,529479,164761,15389,797,16,0,1.21132456,14.29356057,33.13946934,47.22255666,50.10337821,50.60042122,50.63532949
2025/10/04,14:48:04,13122.250000,1312225,524890,164249,15847,776,15,0,1.20082474,14.16966300,32.95694401,47.45937193,50.26604754,50.75541899,50.79032726
2025/10/04,14:48:05,13057.640000,1305764,522305,164560,16255,770,15,0,1.19491208,14.09989398,32.92271357,47.79794716,50.58190704,51.06363786,51.09854613
2025/10/04,14:48:06,13053.990000,1305399,522159,165481,16814,796,15,0,1.19457845,14.09595673,33.02415595,48.41109172,51.28769969,51.75742822,51.79233649
2025/10/04,14:48:07,13050.370000,1305037,522014,166411,17312,825,14,0,1.19424636,14.09203848,33.12661097,48.96943757,51.95273286,52.39734321,52.44091666
2025/10/04,14:48:08,13051.980000,1305198,522079,167444,17357,855,13,0,1.19439450,14.09378687,33.24657215,49.13027925,52.22332629,52.64278753,52.68636098
2025/10/04,14:48:09,13159.160000,1315916,526366,170270,17678,917,13,0,1.20420209,14.20951625,33.68552539,49.86354042,53.18055387,53.58801282,53.63158627
2025/10/04,14:48:10,13629.440000,1362944,545177,177953,19029,1066,13,0,1.24723742,14.71733035,35.07213722,52.48629755,56.34032157,56.76197910,56.81421772
2025/10/04,14:48:11,14539.090000,1453909,581563,190533,21376,1392,14,0,1.33048064,15.69959552,37.49333009,57.05477131,62.08759215,62.54200849,62.61182504
2025/10/04,14:48:12,16704.800000,1670480,668192,220427,24861,1955,15,0,1.52866533,18.03816384,43.25122211,66.00176965,73.06893126,73.55722003,73.65327968
2025/10/04,14:48:13,19395.290000,1939529,775811,249876,28588,2381,16,0,1.77487350,20.94340537,49.52494355,75.68661203,84.29244820,84.79821452,84.91185210
2025/10/04,14:48:14,21718.550000,2171855,868742,272241,30974,2534,16,0,1.98747621,23.45210441,54.59178853,82.93709412,92.09627841,92.59987937,92.72218212
2025/10/04,14:48:15,23450.060000,2345006,938002,292092,33139,2649,16,0,2.14592833,25.32183104,58.73212510,89.05850741,98.63168101,99.13088938,99.26185731
2025/10/04,14:48:16,25061.810000,2506181,1002472,311368,35372,2854,16,0,2.29342044,27.06222813,62.67740315,95.04700697,105.36163272,105.86523368,106.00511436
2025/10/04,14:48:17,26282.190000,2628219,1051287,324645,37029,3035,16,0,2.40509806,28.38001832,65.51388294,99.40010818,110.37106894,110.87575258,111.02429843
2025/10/04,14:48:18,26661.730000,2666173,1066469,325659,36904,2980,15,0,2.43982995,28.78985402,66.03964515,99.81137242,110.58171852,111.06128398,111.20982983
2025/10/04,14:48:19,26174.750000,2617475,1046990,315056,34981,2709,14,0,2.39526552,28.26399700,64.30099753,96.31292055,106.10444487,106.54138366,106.67235159
2025/10/04,14:48:20,25275.560000,2527556,1011022,299925,32288,2380,12,0,2.31298056,27.29303847,61.59932587,91.14697369,99.74974905,100.14300943,100.25664701
2025/10/04,14:48:21,24114.330000,2411433,964573,285263,29938,2130,11,0,2.20671534,26.03911426,58.66835586,86.06529664,93.76518133,94.13440621,94.23913103
2025/10/04,14:48:22,23110.170000,2311017,924406,277610,28850,2079,11,0,2.11482418,24.95480388,56.70864492,83.11016800,90.62628510,90.98895203,91.09367685
2025/10/04,14:48:23,22447.550000,2244755,897902,272914,28045,2108,11,0,2.05418777,24.23929769,55.45600483,81.12067504,88.74131125,89.10289550,89.20762032
2025/10/04,14:48:24,22422.330000,2242233,896893,275051,28123,2222,11,0,2.05187945,24.21205899,55.67316945,81.40867796,89.44036554,89.80411515,89.90883997
2025/10/04,14:48:25,22913.900000,2291390,916556,284185,28845,2308,11,0,2.09686387,24.74287323,57.24877609,83.64554794,91.98606972,92.34654035,92.46017793
2025/10/04,14:48:26,23516.320000,2351632,940653,293316,29439,2341,11,0,2.15199184,25.39338083,58.94373272,85.88374860,94.34614609,94.69681073,94.81044831
2025/10/04,14:48:27,23508.490000,2350849,940339,292520,28361,2119,10,0,2.15127519,25.38492296,58.84424304,84.79830890,92.45786829,92.78230114,92.88702596
2025/10/04,14:48:28,22732.150000,2273215,909286,281065,26375,1807,9,0,2.08023203,24.54661919,56.69567826,80.83173826,87.36239883,87.66387886,87.75127333
2025/10/04,14:48:29,21790.040000,2179004,871601,267587,24414,1540,9,0,1.99401839,23.52930182,54.13669124,76.47859393,82.04447195,82.32630907,82.39612562
2025/10/04,14:48:30,20742.910000,2074291,829716,254018,22491,1332,8,0,1.89819559,22.39859826,51.45386001,72.03582942,76.85119213,77.11991335,77.18106472
2025/10/04,14:48:31,19650.750000,1965075,786030,241985,21458,1200,8,0,1.79825073,21.21925537,48.89818775,68.53531459,72.87453954,73.13450652,73.18674514
2025/10/04,14:48:32,17929.830000,1792983,717193,225368,20039,1074,7,0,1.64076876,19.36097641,45.13928682,63.47786549,67.36187962,67.60436905,67.65660767
2025/10/04,14:48:33,15793.170000,1579317,631727,203680,18189,927,7,0,1.44524179,17.05377081,40.35129366,56.99680214,60.34737965,60.57130884,60.61488229
2025/10/04,14:48:34,14403.520000,1440352,576140,187971,16535,782,6,0,1.31807414,15.55319919,37.05383155,52.18556184,55.01214533,55.22295863,55.25786690
2025/10/04,14:48:35,13856.750000,1385675,554270,183379,16109,753,7,0,1.26803876,14.96278421,35.93817069,50.67971014,53.40241416,53.62086809,53.65577636
2025/10/04,14:48:36,13733.380000,1373338,549335,183822,16519,853,7,0,1.25674951,14.82957246,35.85565724,50.97290965,54.05702362,54.30170934,54.34528279
2025/10/04,14:48:37,13933.740000,1393374,557349,187572,17581,1041,9,0,1.27508457,15.04592471,36.50102510,52.58952270,56.35153825,56.63881970,56.69105832
2025/10/04,14:48:38,14252.510000,1425251,570100,193120,18866,1169,10,0,1.30425566,15.39014230,37.47982285,54.74490612,58.97093546,59.28225241,59.33449103
2025/10/04,14:48:39,14514.860000,1451486,580594,201862,19854,1209,10,0,1.32826294,15.67342646,38.76304997,56.93186929,61.30299961,61.61867822,61.67982959
2025/10/04,14:48:40,14643.320000,1464332,585732,205872,20264,1214,10,0,1.34001820,15.81213708,39.36041721,57.90482045,62.29432645,62.61111867,62.67227004
2025/10/04,14:48:41,14666.570000,1466657,586663,206806,20392,1213,10,0,1.34214631,15.83724976,39.49229103,58.15319633,62.53785274,62.85900662,62.92015799
2025/10/04,14:48:42,14662.950000,1466295,586518,207516,20498,1258,10,0,1.34181513,15.83334115,39.56969124,58.32754646,62.87402083,63.20064997,63.26180134
2025/10/04,14:48:43,14654.620000,1465462,586185,208208,20602,1311,10,0,1.34105272,15.82434542,39.63980292,58.49289498,63.23092085,63.56082897,63.62198034
2025/10/04,14:48:44,14587.600000,1458760,583504,207116,20583,1190,10,0,1.33491914,15.75196992,39.44256179,58.27842882,62.57949669,62.89409262,62.94633124
2025/10/04,14:48:45,14189.650000,1418965,567586,195990,19571,1002,8,0,1.29850265,15.32225708,37.74015018,55.64972474,59.27250797,59.54778714,59.59136059
2025/10/04,14:48:46,13524.330000,1352433,540973,185527,17871,831,7,0,1.23761921,14.60383560,35.82491793,52.17896170,55.18331404,55.43019605,55.46510432
2025/10/04,14:48:47,12791.660000,1279166,511666,176729,16045,706,7,0,1.17057246,13.81268782,34.02747324,48.71039013,51.26285264,51.49114349,51.52605176
2025/10/04,14:48:48,12123.330000,1212333,484933,168775,14546,612,6,0,1.10941290,13.09100788,32.39603377,45.70720505,47.92059029,48.13140359,48.15739911
2025/10/04,14:48:49,11529.650000,1152965,461186,161676,13320,539,6,0,1.05508445,12.44993625,30.94294366,43.13282359,45.08191351,45.27416657,45.30016209
2025/10/04,14:48:50,10927.040000,1092704,437081,154161,12055,463,5,0,0.99994012,11.79923604,29.43261671,40.46484815,42.13917747,42.31611834,42.33344868
2025/10/04,14:48:51,10200.470000,1020047,408019,145559,10659,394,5,0,0.93345116,11.01467011,27.66413616,37.41914871,38.84564673,39.00730635,39.02463669
2025/10/04,14:48:52,9459.600000,945960,378384,137077,9328,346,4,0,0.86565305,10.21465629,25.89389716,34.43008644,35.68187642,35.83153375,35.84886409
2025/10/04,14:48:53,8896.440000,889644,355857,131090,8814,318,4,0,0.81411856,9.60655212,24.60101128,32.66741295,33.81978999,33.96397205,33.97263722
2025/10/04,14:48:54,8535.120000,853512,341405,127339,8615,306,4,0,0.78105408,9.21639318,23.78179236,31.66621893,32.77316451,32.91406760,32.92273277
2025/10/04,14:48:55,8247.080000,824708,329883,124448,8511,299,4,0,0.75469480,8.90535548,23.14013047,30.92864119,32.01108587,32.15090628,32.15957145
2025/10/04,14:48:56,7975.140000,797514,319005,122343,8469,294,4,0,0.72980999,8.61171621,22.60568705,30.35661348,31.42004286,31.56202863,31.57069380
2025/10/04,14:48:57,7732.330000,773233,309293,120681,8444,288,4,0,0.70758996,8.34952087,22.15338184,29.88078183,30.92493934,31.06912140,31.07778657
2025/10/04,14:48:58,7541.880000,754188,301675,119720,8475,288,4,0,0.69016203,8.14387268,21.83782184,29.59375756,30.63472778,30.78327150,30.79193667
2025/10/04,14:48:59,7541.470000,754147,301658,120524,8660,296,4,0,0.69012435,8.14342752,21.92936976,29.85448283,30.92556964,31.07850595,31.08717112
2025/10/04,14:49:00,7606.940000,760694,304277,121747,8842,304,5,0,0.69611599,8.21412888,22.13992283,30.23149904,31.33078718,31.48588885,31.49455402
2025/10/04,14:49:01,7672.490000,767249,306899,122901,8987,310,5,0,0.70211448,8.28491037,22.34273591,30.56684317,31.68770150,31.84391678,31.85258195
2025/10/04,14:49:02,7737.550000,773755,309502,124022,9123,315,5,0,0.70806766,8.35515794,22.54116141,30.88981724,32.03172900,32.18794428,32.19660945
2025/10/04,14:49:03,7802.430000,780243,312097,125046,9313,320,5,0,0.71400507,8.42521870,22.72836445,31.25081891,32.41072690,32.56694218,32.57560735
2025/10/04,14:49:04,7866.820000,786682,314673,125561,9469,322,5,0,0.71989744,8.49474843,22.85678846,31.52205060,32.68859335,32.84589131,32.85455648
2025/10/04,14:49:05,7932.840000,793284,317313,126057,9641,324,5,0,0.72593846,8.56603231,22.98480158,31.80741333,32.98059445,33.13897509,33.14764026
2025/10/04,14:49:06,7980.720000,798072,319228,126232,9775,324,5,0,0.73032001,8.61773462,23.05649077,32.00187397,33.17441547,33.33387879,33.34254396
2025/10/04,14:49:07,7967.210000,796721,318688,125585,9742,318,5,0,0.72908403,8.60314955,22.96798086,31.88324428,33.03562132,33.19508464,33.20374981
2025/10/04,14:49:08,7945.020000,794502,317800,124754,9720,322,5,0,0.72705338,8.57918834,22.84888791,31.74395404,32.90883810,33.07158040,33.08024557
2025/10/04,14:49:09,7919.480000,791948,316779,123803,9748,332,5,0,0.72471624,8.55161022,22.71254524,31.63301195,32.83490393,33.00203881,33.01936915
2025/10/04,14:49:10,7892.900000,789290,315716,122842,9784,342,5,0,0.72228370,8.52290619,22.57394552,31.52789227,32.76564663,32.93714317,32.95447351
2025/10/04,14:49:11,7866.260000,786626,314650,121897,9806,351,5,0,0.71984567,8.49413738,22.43713917,31.41157513,32.68289356,32.85658639,32.87391673
2025/10/04,14:49:12,7841.170000,784117,313647,121092,9803,360,5,0,0.71755015,8.46705021,22.31790142,31.28920223,32.59191289,32.76668840,32.78401874
2025/10/04,14:49:13,7813.680000,781368,312547,120235,9759,367,5,0,0.71503468,8.43736804,22.19022760,31.12084191,32.45022530,32.62391813,32.64124847
2025/10/04,14:49:14,7787.350000,778735,311494,119429,9697,374,5,0,0.71262457,8.40892903,22.06958951,30.94410238,32.29658455,32.46699841,32.48432875
2025/10/04,14:49:15,7745.480000,774548,309819,118561,9587,379,5,0,0.70879382,8.36372655,21.92515548,30.69893721,32.07132727,32.23954483,32.25687517
2025/10/04,14:49:16,7699.400000,769940,307976,117934,9454,376,5,0,0.70457668,8.31396427,21.80358088,30.45552824,31.81706996,31.98092587,31.99825621
2025/10/04,14:49:17,7659.690000,765969,306387,117634,9370,370,5,0,0.70094287,8.27108599,21.72642429,30.30110290,31.63839668,31.79897362,31.81630396
2025/10/04,14:49:18,7621.840000,762184,304873,118072,9472,369,5,0,0.69747943,8.23021740,21.73562798,30.40392735,31.73892643,31.90166873,31.91899907
2025/10/04,14:49:19,7580.450000,758045,303218,118496,9608,369,5,0,0.69369159,8.18552113,21.73943271,30.53253964,31.86804826,32.03298685,32.05031719
2025/10/04,14:49:20,7533.000000,753300,301320,118583,9676,368,5,0,0.68934939,8.13428312,21.69818809,30.55331079,31.88346029,32.04948156,32.06681190
2025/10/04,14:49:21,7487.920000,748792,299516,118712,9680,366,5,0,0.68522385,8.08560192,21.66423858,30.52285149,31.84776835,32.01378962,32.03111996
2025/10/04,14:49:22,7443.090000,744309,297723,118847,9678,365,5,0,0.68112176,8.03719806,21.63135004,30.48834687,31.81032579,31.97746067,31.99479101
2025/10/04,14:49:23,7415.620000,741562,296625,119142,9717,365,5,0,0.67860779,8.00753310,21.63534528,30.52779329,31.85028535,32.02069921,32.03802955
2025/10/04,14:49:24,7398.230000,739823,295929,119439,9767,373,6,0,0.67701651,7.98875618,21.65054779,30.58891762,31.93948453,32.13393389,32.15126423
2025/10/04,14:49:25,7378.120000,737812,295125,119548,9757,391,8,0,0.67517627,7.96704108,21.64127398,30.57062819,31.98360012,32.23156481,32.24889515
2025/10/04,14:49:26,7357.220000,735722,294288,118950,9561,402,9,0,0.67326313,7.94446606,21.55032019,30.29999347,31.75290765,32.04566437,32.06299471
2025/10/04,14:49:27,7335.040000,733504,293401,118187,9315,416,11,0,0.67123403,7.92052300,21.43912224,29.96409782,31.47010090,31.81201130,31.82934164
2025/10/04,14:49:28,7318.190000,731819,292727,117687,9163,452,13,0,0.66969213,7.90232857,21.36378657,29.74967072,31.38533342,31.79170969,31.80904003
2025/10/04,14:49:29,7306.890000,730689,292275,117323,9123,493,15,0,0.66865826,7.89012872,21.30992854,29.65861640,31.44282394,31.90819082,31.93418634
2025/10/04,14:49:30,7427.270000,742727,297091,118609,9345,567,17,0,0.67967411,8.02011527,21.58694889,30.13945816,32.18847055,32.72810929,32.75410481
2025/10/04,14:49:31,7643.230000,764323,305729,121024,9916,661,21,0,0.69943620,8.25330722,22.09643909,31.17121818,33.56084006,34.22829693,34.26320520
2025/10/04,14:49:32,7818.700000,781870,312748,122886,10409,727,23,0,0.71549423,8.44279063,22.49884690,32.02483147,34.65437425,35.37534646,35.41025473
2025/10/04,14:49:33,7928.710000,792871,317148,124008,10582,738,21,0,0.72556132,8.56158211,22.74606269,32.43010791,35.09959294,35.77360776,35.80851603
2025/10/04,14:49:34,8023.790000,802379,320951,124958,10696,743,20,0,0.73426194,8.66424890,22.95738102,32.74580865,35.43124817,36.05827467,36.09318294
2025/10/04,14:49:35,8121.150000,812115,324846,125973,10815,738,18,0,0.74317164,8.76938291,23.17855055,33.07569177,35.74390116,36.31301974,36.34792801
2025/10/04,14:49:36,8216.570000,821657,328662,126876,10914,718,16,0,0.75190277,8.87240917,23.38483978,33.37243550,35.96752163,36.47656692,36.51147519
2025/10/04,14:49:37,8295.410000,829541,331816,127502,10955,694,14,0,0.75911824,8.95755165,23.54163295,33.56726502,36.07748697,36.53846126,36.57336953
2025/10/04,14:49:38,8190.080000,819008,327603,125908,10533,632,12,0,0.74947882,8.84380710,23.24553826,32.88498674,35.16945350,35.56599285,35.59198837
2025/10/04,14:49:39,7962.780000,796278,318511,122875,9799,547,10,0,0.72867878,8.59836760,22.65322411,31.62096973,33.60068577,33.92403594,33.95003146
2025/10/04,14:49:40,7762.550000,776255,310502,120226,9150,474,8,0,0.71035562,8.38215551,22.13404168,30.50771009,32.22364396,32.49780952,32.51513986
2025/10/04,14:49:41,7593.460000,759346,303738,118054,8918,431,8,0,0.69488220,8.19957044,21.70291687,29.86442635,31.42543358,31.68103890,31.69836924
2025/10/04,14:49:42,7434.140000,743414,297365,115941,8714,406,7,0,0.68030299,8.02753605,21.28924218,29.26354124,30.73419508,30.97451915,30.99184949
2025/10/04,14:49:43,7273.620000,727362,290944,113809,8508,386,7,0,0.66561299,7.85419549,20.87201131,28.65835689,30.05384573,30.27885760,30.29618794
2025/10/04,14:49:44,7114.650000,711465,284586,111750,8312,369,6,0,0.65106552,7.68253573,20.46480260,28.07198429,29.40660032,29.62069259,29.63802293
2025/10/04,14:49:45,6966.030000,696603,278641,109810,8144,361,6,0,0.63746517,7.52205282,20.08248041,27.53518866,28.84185632,29.05050426,29.06783460
2025/10/04,14:49:46,6869.710000,686971,274788,108435,8039,358,6,0,0.62865087,7.41804381,19.82114110,27.17854754,28.47538593,28.68075489,28.69808523
2025/10/04,14:49:47,6798.530000,679853,271941,107310,7950,356,6,0,0.62213783,7.34119053,19.61562114,26.89136358,28.17914242,28.38231509,28.39964543
2025/10/04,14:49:48,6737.470000,673747,269499,106253,7874,354,6,0,0.61655008,7.27525580,19.42879557,26.63441075,27.91632094,28.11841093,28.13574127
2025/10/04,14:49:49,6712.510000,671251,268500,105540,7844,356,6,0,0.61426562,7.24829923,19.32030394,26.49925752,27.78895162,27.99104161,28.00837195
2025/10/04,14:49:50,6690.860000,669086,267634,104877,7816,358,6,0,0.61228454,7.22492246,19.22108355,26.37389349,27.67073188,27.87282187,27.89015221
2025/10/04,14:49:51,6672.440000,667244,266897,104338,7792,361,6,0,0.61059897,7.20503299,19.13956103,26.27068572,27.57658728,27.77975995,27.79709029
2025/10/04,14:49:52,6655.170000,665517,266207,103846,7766,361,6,0,0.60901869,7.18638571,19.06464101,26.17165816,27.47832582,27.68041581,27.69774615
2025/10/04,14:49:53,6635.880000,663588,265435,103304,7726,354,6,0,0.60725342,7.16555533,18.98175757,26.05222450,27.33349506,27.53010978,27.54744012
2025/10/04,14:49:54,6610.330000,661033,264413,102567,7672,345,6,0,0.60491570,7.13797050,18.86989889,25.89062985,27.14012513,27.32909922,27.34642956
2025/10/04,14:49:55,6580.150000,658015,263206,101690,7617,336,5,0,0.60215391,7.10538161,18.73698368,25.70736554,26.92317028,27.10450374,27.12183408
2025/10/04,14:49:56,6553.220000,655322,262128,100922,7573,328,5,0,0.59968880,7.07629340,18.62003870,25.55099417,26.73680879,26.91158430,26.92024947
2025/10/04,14:49:57,6525.330000,652533,261013,100122,7528,321,5,0,0.59713669,7.04617845,18.49847605,25.38783998,26.54800093,26.72058015,26.72924532
2025/10/04,14:49:58,6498.200000,649820,259928,99387,7489,322,6,0,0.59465392,7.01688238,18.38511626,25.23896404,26.40346505,26.60007977,26.60874494
2025/10/04,14:49:59,6523.490000,652349,260939,99642,7578,337,7,0,0.59696838,7.04419264,18.44156253,25.37701025,26.59574931,26.83495976,26.85229010
2025/10/04,14:50:00,6582.040000,658204,263281,100771,7738,358,9,0,0.60232642,7.10741701,18.63395859,25.71563922,27.01018291,27.29529900,27.31262934
2025/10/04,14:50:01,6642.510000,664251,265700,102009,7904,378,10,0,0.60785974,7.17271010,18.84080002,26.07401386,27.44104480,27.76875662,27.78608696
2025/10/04,14:50:02,6702.200000,670220,268088,103398,8082,399,11,0,0.61332217,7.23716620,19.06412132,26.46043712,27.90314259,28.26580952,28.28313986
2025/10/04,14:50:03,6733.850000,673385,269354,104945,8286,429,12,0,0.61621819,7.27133949,19.27528855,26.85845879,28.41168211,28.80058083,28.81791117
2025/10/04,14:50:04,6761.010000,676101,270440,106509,8499,477,13,0,0.61870451,7.30067751,19.48354729,27.26132932,28.98823800,29.40005861,29.42605413
2025/10/04,14:50:05,6784.240000,678424,271369,107900,8697,517,13,0,0.62082959,7.32575316,19.66766178,27.62715993,29.49559563,29.92161482,29.94761034
2025/10/04,14:50:06,6803.040000,680304,272121,109083,8879,537,13,0,0.62255038,7.34605917,19.82335605,27.94880031,29.88984974,30.30275303,30.32874855
2025/10/04,14:50:07,6768.680000,676868,270747,109245,8944,533,12,0,0.61940636,7.30895917,19.80478879,27.98985765,29.91789053,30.29911769,30.32511321
2025/10/04,14:50:08,6699.980000,669998,267999,108522,8946,520,11,0,0.61311883,7.23476667,19.64787771,27.83511171,29.71528833,30.06156039,30.08755591
2025/10/04,14:50:09,6633.520000,663352,265340,108035,8955,509,10,0,0.60703729,7.16300513,19.52044932,27.71530981,29.55554057,29.87233279,29.89832831
2025/10/04,14:50:10,6573.900000,657390,262956,107857,8962,497,9,0,0.60158120,7.09862345,19.43561613,27.63739207,29.43602189,29.72769593,29.75369145
2025/10/04,14:50:11,6545.450000,654545,261818,107598,8938,480,8,0,0.59897783,7.06790404,19.37534458,27.55482215,29.29117343,29.56861796,29.58594830
2025/10/04,14:50:12,6531.180000,653118,261247,107461,8916,475,8,0,0.59767263,7.05250286,19.34418569,27.50346597,29.22131510,29.49003632,29.50736666
2025/10/04,14:50:13,6532.800000,653280,261312,107583,8922,478,8,0,0.59782038,7.05424651,19.35998240,27.52459500,29.25214330,29.51758555,29.53491589
2025/10/04,14:50:14,6536.980000,653698,261479,107800,8944,485,8,0,0.59820275,7.05875776,19.38924709,27.57450996,29.32758184,29.59194141,29.60927175
2025/10/04,14:50:15,6519.300000,651930,260772,107952,8963,490,8,0,0.59658536,7.03967288,19.38760020,27.58992612,29.36405143,29.62729738,29.64462772
2025/10/04,14:50:16,6490.690000,649069,259627,108611,8985,496,8,0,0.59396694,7.00877614,19.43200982,27.65475997,29.44828363,29.70936422,29.73535974
2025/10/04,14:50:17,6459.230000,645923,258369,109178,9001,500,8,0,0.59108797,6.97480400,19.46288202,27.70011006,29.50830897,29.76827595,29.79427147
2025/10/04,14:50:18,6422.000000,642200,256880,109552,9019,504,8,0,0.58768070,6.93459887,19.46550658,27.71892466,29.54180242,29.79960404,29.82559956
2025/10/04,14:50:19,6385.190000,638519,255407,110046,9040,502,8,0,0.58431291,6.89485903,19.48232223,27.75561548,29.57057924,29.82510188,29.85109740
2025/10/04,14:50:20,6335.960000,633596,253438,110283,9033,484,7,0,0.57980784,6.84169908,19.45625039,27.72320928,29.47487543,29.71956115,29.73689149
2025/10/04,14:50:21,6264.680000,626468,250587,110118,8987,462,7,0,0.57328492,6.76472946,19.36035226,27.58478255,29.25490190,29.48866802,29.50599836
2025/10/04,14:50:22,6171.910000,617191,246876,109696,8897,439,7,0,0.56479545,6.66455380,19.21196647,27.35411872,28.94077601,29.16250891,29.17983925
2025/10/04,14:50:23,6096.620000,609662,243864,109270,8802,419,6,0,0.55790528,6.58325033,19.08185099,27.13716799,28.65363635,28.86336697,28.88069731
2025/10/04,14:50:24,6032.360000,603236,241294,108308,8702,405,6,0,0.55202494,6.51386264,18.90251912,26.86576646,28.33284635,28.53601902,28.55334936
2025/10/04,14:50:25,5969.030000,596903,238761,107168,8603,397,7,0,0.54622959,6.44547786,18.70367425,26.57695209,28.01455501,28.24723845,28.26456879
2025/10/04,14:50:26,5908.380000,590838,236335,105900,8497,395,8,0,0.54067953,6.37998741,18.49318178,26.26960579,27.69980424,27.97180443,27.98913477
2025/10/04,14:50:27,5846.550000,584655,233862,104532,8386,393,9,0,0.53502169,6.31322523,18.26995781,25.94494057,27.36595299,27.66415405,27.68148439
2025/10/04,14:50:28,5774.870000,577487,230995,103150,8280,390,10,0,0.52846228,6.23582473,18.03441924,25.61193413,27.02464949,27.33816274,27.35549308
2025/10/04,14:50:29,5666.190000,566619,226647,102036,8193,389,10,0,0.51851682,6.11846892,17.78968527,25.28724924,26.69613769,27.02276683,27.04009717
2025/10/04,14:50:30,5539.620000,553962,221585,101342,8149,390,10,0,0.50693446,5.98179756,17.57358336,25.03162393,26.44268060,26.78131203,26.79864237
2025/10/04,14:50:31,5431.390000,543139,217255,100653,8099,391,11,0,0.49703005,5.86492608,17.37792760,24.79017539,26.20327380,26.55174215,26.56907249
2025/10/04,14:50:32,5356.500000,535650,214260,99950,8040,391,11,0,0.49017627,5.78405165,17.21670162,24.57481910,25.98970629,26.34145362,26.35878396
2025/10/04,14:50:33,5280.910000,528091,211236,99202,7973,386,10,0,0.48325895,5.70242785,17.04945083,24.34629560,25.74191092,26.06198212,26.07931246
2025/10/04,14:50:34,5205.140000,520514,208205,98374,7902,374,8,0,0.47632541,5.62061247,16.87294408,24.10412181,25.45583788,25.73328241,25.75061275
2025/10/04,14:50:35,5130.630000,513063,205225,97550,7838,363,7,0,0.46950685,5.54015369,16.69828270,23.87135490,25.18363825,25.43052026,25.44785060
2025/10/04,14:50:36,5062.870000,506287,202514,96814,7784,353,7,0,0.46330599,5.46698411,16.54085951,23.66458374,24.94087823,25.17028269,25.18761303
2025/10/04,14:50:37,5024.340000,502434,200973,96173,7757,344,6,0,0.45978056,5.42538426,16.42595683,23.52482955,24.77087736,24.98716593,25.00449627
2025/10/04,14:50:38,5011.410000,501141,200456,95498,7734,336,6,0,0.45859751,5.41142453,16.33484072,23.41283714,24.62812873,24.83458037,24.85191071
2025/10/04,14:50:39,4997.920000,499792,199917,94741,7711,327,6,0,0.45736321,5.39685949,16.23359842,23.29055657,24.47560509,24.67330249,24.69063283
2025/10/04,14:50:40,4982.740000,498274,199309,93892,7701,320,6,0,0.45597372,5.38046396,16.12017274,23.16792127,24.32553095,24.51558772,24.52425289
2025/10/04,14:50:41,4969.510000,496951,198780,93185,7716,314,5,0,0.45476250,5.36617154,16.02502377,23.08615114,24.22270378,24.40731622,24.41598139
2025/10/04,14:50:42,4959.030000,495903,198361,92655,7749,309,5,0,0.45380418,5.35486309,15.95303153,23.04508580,24.16441192,24.34574538,24.35441055
2025/10/04,14:50:43,4947.980000,494798,197919,92072,7762,304,5,0,0.45279257,5.34292635,15.87441666,22.97833069,24.07800189,24.25605638,24.26472155
2025/10/04,14:50:44,4943.460000,494346,197738,91830,7803,301,5,0,0.45237933,5.33805003,15.84191086,22.98282809,24.07407575,24.25101662,24.25968179
2025/10/04,14:50:45,4975.080000,497508,199003,92706,7953,308,5,0,0.45527278,5.37219283,15.97625884,23.25439245,24.36873889,24.55007235,24.55873752
2025/10/04,14:50:46,5018.680000,501868,200747,93833,8122,315,5,0,0.45926285,5.41927530,16.15220588,23.58484587,24.72663115,24.91012997,24.91879514
2025/10/04,14:50:47,5064.610000,506461,202584,95103,8291,323,6,0,0.46346579,5.46886979,16.34705689,23.93507536,25.10302384,25.28871896,25.29738413
2025/10/04,14:50:48,5111.740000,511174,204469,96419,8444,329,6,0,0.46777894,5.51976466,16.54847961,24.27652566,25.46629367,25.65198879,25.66931913
2025/10/04,14:50:49,5154.270000,515427,206170,97595,8566,333,6,0,0.47167012,5.56568025,16.72887458,24.56789637,25.77246972,25.95816484,25.97549518
2025/10/04,14:50:50,5181.820000,518182,207273,98754,8642,334,5,0,0.47419192,5.59543768,16.89120086,24.79967091,26.00909385,26.19370629,26.21103663
2025/10/04,14:50:51,5208.530000,520853,208341,99959,8734,336,6,0,0.47663558,5.62427234,17.05786757,25.05055476,26.26699551,26.45269063,26.47002097
2025/10/04,14:50:52,5228.940000,522894,209157,100861,8803,342,6,0,0.47850361,5.64631535,17.18316944,25.23958548,26.47631717,26.66309497,26.68042531
2025/10/04,14:50:53,5212.790000,521279,208511,100693,8749,342,5,0,0.47702577,5.62887692,17.14651163,25.15290161,26.39116550,26.57358164,26.59091198
2025/10/04,14:50:54,5184.900000,518490,207395,100305,8669,341,5,0,0.47447295,5.59875341,17.07195479,25.00537335,26.24019339,26.42041324,26.43774358
2025/10/04,14:50:55,5157.020000,515702,206281,99913,8590,341,5,0,0.47192219,5.56865464,16.99699456,24.85841172,26.09144297,26.26949746,26.28682780
2025/10/04,14:50:56,5128.350000,512835,205134,99473,8508,340,5,0,0.46929847,5.53769500,16.91571226,24.70205784,25.93266430,26.10960517,26.12693551
2025/10/04,14:50:57,5103.180000,510318,204127,99088,8435,340,5,0,0.46699500,5.51051440,16.84456284,24.56359236,25.79292318,25.96878137,25.98611171
2025/10/04,14:50:58,5093.500000,509350,203740,98750,8401,342,5,0,0.46610920,5.50006202,16.79536870,24.48334229,25.72173266,25.89650817,25.91383851
2025/10/04,14:50:59,5087.440000,508744,203497,98466,8373,345,5,0,0.46555497,5.49352212,16.75634400,24.41930410,25.66739365,25.83997287,25.85730321
2025/10/04,14:51:00,5081.840000,508184,203273,98177,8332,341,5,0,0.46504204,5.48746940,16.71722885,24.34260466,25.57614545,25.74436301,25.76169335
2025/10/04,14:51:01,5074.880000,507488,202995,97790,8280,332,5,0,0.46440534,5.47995618,16.66545605,24.24293891,25.44559700,25.60833930,25.62566964
2025/10/04,14:51:02,5064.790000,506479,202591,97199,8226,323,5,0,0.46348237,5.46906525,16.58705485,24.11496371,25.28482384,25.44103912,25.44970429
2025/10/04,14:51:03,5053.920000,505392,202157,96579,8176,315,4,0,0.46248773,5.45732869,16.50437037,23.98700348,25.12598091,25.27891722,25.28758239
2025/10/04,14:51:04,5044.890000,504489,201795,96095,8145,308,4,0,0.46166068,5.44756940,16.43919073,23.89306208,25.00677251,25.15751252,25.16617769
2025/10/04,14:51:05,5036.450000,503645,201458,95643,8121,302,4,0,0.46088877,5.43846119,16.37845097,23.81079996,24.90230419,25.05196152,25.06062669
2025/10/04,14:51:06,5025.480000,502548,201019,95029,8087,295,4,0,0.45988462,5.42661218,16.29631254,23.69737865,24.76438198,24.91184302,24.92050819
2025/10/04,14:51:07,5014.090000,501409,200563,94412,8055,288,4,0,0.45884225,5.41431221,16.21349290,23.58476318,24.62866773,24.77393247,24.78259764
2025/10/04,14:51:08,5001.750000,500175,200070,93760,8026,282,4,0,0.45771301,5.40098742,16.12558076,23.47031940,24.49176117,24.63594323,24.64460840
2025/10/04,14:51:09,4983.160000,498316,199326,93127,8007,277,4,0,0.45601212,5.38091681,16.03305958,23.36031421,24.36172162,24.50698636,24.51565153
2025/10/04,14:51:10,4958.130000,495813,198325,92743,7991,272,4,0,0.45372177,5.35389068,15.96210513,23.27488188,24.26110452,24.40636926,24.41503443
2025/10/04,14:51:11,4933.850000,493385,197354,92406,7969,268,4,0,0.45150006,5.32767484,15.89734541,23.19037694,24.16128471,24.30654945,24.31521462
2025/10/04,14:51:12,4904.460000,490446,196178,91852,7925,263,4,0,0.44881028,5.29593542,15.80231279,23.05462579,24.00587863,24.15006069,24.15872586
2025/10/04,14:51:13,4840.850000,484085,193634,90695,7850,257,4,0,0.44298940,5.22724937,15.60126000,22.78544890,23.71424258,23.85514567,23.86381084
2025/10/04,14:51:14,4762.330000,476233,190493,89664,7769,251,4,0,0.43580360,5.14245763,15.39853022,22.50858461,23.41900262,23.55662674,23.56529191
2025/10/04,14:51:15,4684.050000,468405,187362,90996,7689,247,4,0,0.42864054,5.05793384,15.46635193,22.50324182,23.39617312,23.53271456,23.54137973
2025/10/04,14:51:16,4606.000000,460600,184240,93049,7607,242,4,0,0.42149765,4.97364833,15.61688024,22.57814857,23.45385336,23.58931211,23.59797728
2025/10/04,14:51:17,4535.540000,453554,181421,95117,7522,238,4,0,0.41504970,4.89756251,15.77738963,22.66116318,23.52206263,23.65532509,23.66399026
2025/10/04,14:51:18,4473.240000,447324,178929,97001,7441,233,4,0,0.40934927,4.83029790,15.92563459,22.73527363,23.58073173,23.71291151,23.72157668
2025/10/04,14:51:19,4410.590000,441059,176423,98788,7362,229,4,0,0.40361597,4.76264529,16.06231853,22.79972922,23.62974597,23.75972946,23.76839463
2025/10/04,14:51:20,4353.200000,435320,174128,100662,7298,226,4,0,0.39836441,4.70067740,16.21470093,22.89403904,23.71384708,23.84383057,23.85249574
2025/10/04,14:51:21,4329.470000,432947,173179,103043,7259,225,4,0,0.39619299,4.67505459,16.46149456,23.10515546,23.91871180,24.04869529,24.05736046
2025/10/04,14:51:22,4321.880000,432188,172875,105331,7244,223,4,0,0.39549792,4.66685299,16.71493238,23.34453543,24.15183645,24.28401623,24.29268140
2025/10/04,14:51:23,4325.460000,432546,173018,105814,7292,229,4,0,0.39582549,4.67071787,16.77403186,23.44722961,24.27648026,24.41302170,24.42168687
2025/10/04,14:51:24,4365.290000,436529,174611,106801,7486,250,4,0,0.39947039,4.71372766,16.93002338,23.78125396,24.68707534,24.83453638,24.84320155
2025/10/04,14:51:25,4404.830000,440483,176193,107603,7669,269,4,0,0.40308866,4.75642288,17.06441680,24.08301556,25.05698413,25.21100312,25.21966829
2025/10/04,14:51:26,4442.920000,444292,177716,108281,7834,286,5,0,0.40657440,4.79755458,17.18309676,24.35258175,25.38742313,25.54363841,25.55230358
2025/10/04,14:51:27,4480.250000,448025,179210,108890,7994,302,5,0,0.40999011,4.83785977,17.29307336,24.60862929,25.70153925,25.86100257,25.86966774
2025/10/04,14:51:28,4517.480000,451748,180699,109500,8158,319,6,0,0.41339709,4.87806199,17.40302774,24.86885677,26.02365860,26.21591166,26.22457683
2025/10/04,14:51:29,4554.590000,455459,182183,110113,8327,336,7,0,0.41679309,4.91813456,17.51316349,25.13388599,26.35070979,26.58227961,26.59960995
2025/10/04,14:51:30,4591.730000,459173,183669,110748,8502,353,8,0,0.42019225,4.95824434,17.62591371,25.40689494,26.68446507,26.94882464,26.96615498
2025/10/04,14:51:31,4617.400000,461740,184696,111009,8615,361,9,0,0.42254126,4.98596261,17.68351137,25.56758288,26.87539970,27.16596013,27.18329047
2025/10/04,14:51:32,4606.700000,460670,184268,110291,8576,354,10,0,0.42156222,4.97441006,17.58986224,25.43838465,26.71965521,27.03208578,27.04941612
2025/10/04,14:51:33,4595.650000,459565,183826,109741,8538,348,10,0,0.42055078,4.96247521,17.51497745,25.32905072,26.58734898,26.92050514,26.93783548
2025/10/04,14:51:34,4586.430000,458643,183457,109338,8508,342,11,0,0.41970741,4.95252334,17.45896036,25.24504697,26.48420345,26.83922975,26.85656009
2025/10/04,14:51:35,4598.240000,459824,183929,109674,8549,342,12,0,0.42078766,4.96527040,17.51018667,25.33385757,26.57122888,26.95137336,26.96870370
2025/10/04,14:51:36,4664.310000,466431,186572,111646,8760,351,12,0,0.42683356,5.03661150,17.80706721,25.82402482,27.09470362,27.48032337,27.49765371
2025/10/04,14:51:37,4736.230000,473623,189449,113753,8985,360,12,0,0.43341507,5.11427317,18.12570266,26.34809684,27.65029796,28.03044244,28.04777278
2025/10/04,14:51:38,4807.110000,480711,192284,115829,9144,364,11,0,0.43990129,5.19080995,18.43967892,26.80746595,28.12306668,28.49337424,28.51070458
2025/10/04,14:51:39,4876.640000,487664,195065,117823,9365,366,11,0,0.44626428,5.26589289,18.74285009,27.31335948,28.63712718,28.99543245,29.01276279
2025/10/04,14:51:40,4946.610000,494661,197864,119590,9661,369,11,0,0.45266734,5.34144866,19.02050863,27.86183154,29.19670053,29.54297259,29.56030293
2025/10/04,14:51:41,5016.540000,501654,200661,121360,9958,374,10,0,0.45906701,5.41696440,19.29850289,28.41112433,29.76322345,30.09857590,30.11590624
2025/10/04,14:51:42,5086.270000,508627,203450,123129,10285,395,10,0,0.46544729,5.49225133,19.57609859,28.98871626,30.41776917,30.74984265,30.76717299
2025/10/04,14:51:43,5136.150000,513615,205446,124265,10491,415,10,0,0.47001267,5.54612251,19.75989672,29.36111393,30.86290704,31.18625721,31.20358755
2025/10/04,14:51:44,5130.540000,513054,205221,123648,10362,422,9,0,0.46949844,5.54005453,19.68335357,29.16606556,30.69389178,30.99756810,31.01489844
2025/10/04,14:51:45,5120.590000,512059,204823,122983,10222,434,9,0,0.46858821,5.52931421,19.59645862,28.95093873,30.51985636,30.80825143,30.82558177
2025/10/04,14:51:46,5112.020000,511202,204481,122354,10152,450,9,0,0.46780431,5.52006399,19.51525071,28.80616303,30.43519098,30.71811078,30.73544112
2025/10/04,14:51:47,5102.070000,510207,204082,121517,10078,465,9,0,0.46689340,5.50931513,19.40881673,28.63150886,30.31387866,30.59351948,30.61084982
2025/10/04,14:51:48,5092.410000,509241,203696,120693,9997,478,8,0,0.46600999,5.49889131,19.30408118,28.45302681,30.18210371,30.45738288,30.47471322
2025/10/04,14:51:49,5084.460000,508446,203378,120040,9959,490,8,0,0.46528254,5.49030748,19.22084538,28.33498589,30.10719955,30.37919974,30.39653008
2025/10/04,14:51:50,5076.400000,507640,203056,119579,9950,478,8,0,0.46454410,5.48159395,19.15944215,28.26524514,29.99483519,30.26027744,30.27760778
2025/10/04,14:51:51,5065.310000,506531,202612,118923,9922,458,8,0,0.46352988,5.46962582,19.07238979,28.15292123,29.81002403,30.06671203,30.08404237
2025/10/04,14:51:52,5036.890000,503689,201475,117995,9788,434,7,0,0.46092852,5.43893023,18.93553494,27.89287490,29.46140948,29.70717788,29.72450822
2025/10/04,14:51:53,4997.000000,499700,199880,116755,9568,414,7,0,0.45727812,5.39585561,18.75071809,27.50678979,29.00475238,29.24179747,29.25912781
2025/10/04,14:51:54,4926.690000,492669,197067,114949,9215,404,7,0,0.45084462,5.31994045,18.46813160,26.90139258,28.36171124,28.60639696,28.62372730
2025/10/04,14:51:55,4837.590000,483759,193503,112884,8976,393,8,0,0.44269093,5.22372773,18.13571554,26.35048323,27.77277129,28.02509764,28.04242798
2025/10/04,14:51:56,4740.580000,474058,189623,110734,8734,382,8,0,0.43381315,5.11897029,17.78513701,25.77853523,27.16202658,27.41871458,27.43604492
2025/10/04,14:51:57,4633.650000,463365,185346,108471,8476,371,8,0,0.42402799,5.00350592,17.41078001,25.16810486,26.51037833,26.76926263,26.78659297
2025/10/04,14:51:58,4528.000000,452800,181120,106105,8202,358,8,0,0.41436013,4.88942577,17.02604857,24.53227310,25.82821891,26.08710321,26.10443355
2025/10/04,14:51:59,4426.360000,442636,177054,104000,7943,347,8,0,0.40505923,4.77967571,16.67558312,23.94460320,25.20111629,25.46219688,25.47952722
2025/10/04,14:52:00,4344.730000,434473,173789,102612,7782,344,8,0,0.39758891,4.69152634,16.42860904,23.54997413,24.79551241,25.06423363,25.08156397
2025/10/04,14:52:01,4274.740000,427474,170989,102198,7752,351,9,0,0.39118430,4.61595244,16.30569752,23.40027290,24.66954959,24.95138671,24.96871705
2025/10/04,14:52:02,4235.140000,423514,169405,102376,7813,355,8,0,0.38755998,4.57318574,16.28332160,23.43322242,24.71627815,24.99264000,25.00997034
2025/10/04,14:52:03,4215.640000,421564,168625,102899,7932,360,8,0,0.38577604,4.55213512,16.32204588,23.58098333,24.88522620,25.15722639,25.17455673
2025/10/04,14:52:04,4201.210000,420121,168048,103291,8043,365,8,0,0.38445558,4.53655376,16.35133010,23.71225878,25.03398474,25.30162328,25.31895362
2025/10/04,14:52:05,4191.200000,419120,167648,103348,8133,368,8,0,0.38353940,4.52574291,16.34706709,23.78969271,25.12035174,25.38359769,25.40092803
2025/10/04,14:52:06,4176.980000,417698,167079,103102,8192,367,8,0,0.38223801,4.51038656,16.30350774,23.80065168,25.13041812,25.38710612,25.40443646
2025/10/04,14:52:07,4155.970000,415597,166239,102593,8227,365,8,0,0.38031581,4.48770477,16.22266270,23.75141254,25.07237239,25.32141976,25.33875010
2025/10/04,14:52:08,4128.090000,412809,165123,101678,8214,359,7,0,0.37776383,4.45759171,16.08789314,23.60510533,24.90296640,25.14109417,25.15842451
2025/10/04,14:52:09,4098.590000,409859,163943,100003,8100,344,7,0,0.37506461,4.42574073,15.86445791,23.27719070,24.52094381,24.74267671,24.76000705
2025/10/04,14:52:10,4068.420000,406842,162737,98262,7972,328,6,0,0.37230380,4.39316329,15.63274249,22.92810113,24.11659351,24.32196247,24.33929281
2025/10/04,14:52:11,4037.710000,403771,161508,96418,7832,313,6,0,0.36949377,4.36000527,15.38863946,22.55605631,23.68929157,23.87934834,23.88801351
2025/10/04,14:52:12,4008.380000,400838,160335,94722,7700,299,5,0,0.36680987,4.32833542,15.16297383,22.20994635,23.29328361,23.47022448,23.47888965
2025/10/04,14:52:13,3983.120000,398312,159324,93345,7598,288,5,0,0.36449784,4.30105375,14.97815197,21.93121181,22.97396720,23.13998847,23.14865364
2025/10/04,14:52:14,3961.680000,396168,158467,92267,7517,279,5,0,0.36253615,4.27790579,14.83170965,21.71128195,22.72213196,22.88159528,22.89026045
2025/10/04,14:52:15,3945.290000,394529,157811,91342,7452,272,4,0,0.36103569,4.26020041,14.70823689,21.52818459,22.51402417,22.66804316,22.67670833
2025/10/04,14:52:16,3933.690000,393369,157347,90463,7395,266,4,0,0.35997489,4.24768309,14.59512262,21.36268512,22.32555240,22.47520973,22.48387490
2025/10/04,14:52:17,3920.510000,392051,156820,89505,7333,259,4,0,0.35876851,4.23344786,14.47127446,21.18183047,22.11968370,22.26386576,22.27253093
2025/10/04,14:52:18,3906.290000,390629,156251,88509,7277,255,4,0,0.35746744,4.21809532,14.34203131,21.00143019,21.92537428,22.06627737,22.07494254
2025/10/04,14:52:19,3885.660000,388566,155426,87587,7221,256,4,0,0.35557950,4.19581773,14.21430134,20.82247812,21.75088875,21.88959555,21.89826072
2025/10/04,14:52:20,3864.970000,386497,154599,86838,7168,258,4,0,0.35368623,4.17347723,14.10632985,20.66641967,21.60108201,21.73870613,21.74737130
2025/10/04,14:52:21,3845.550000,384555,153822,86178,7111,260,4,0,0.35190914,4.15250763,14.00978726,20.51716793,21.45757605,21.59411749,21.60278266
2025/10/04,14:52:22,3827.250000,382725,153090,85570,7059,262,4,0,0.35023442,4.13274593,13.92051177,20.38109853,21.32954352,21.46500227,21.47366744
2025/10/04,14:52:23,3811.360000,381136,152454,85113,7026,266,4,0,0.34878024,4.11558678,13.85112732,20.28140122,21.24337591,21.37991735,21.38858252
2025/10/04,14:52:24,3796.650000,379665,151866,84727,6995,269,4,0,0.34743409,4.09970229,13.79111250,20.19233363,21.16770793,21.30533205,21.31399722
2025/10/04,14:52:25,3785.040000,378504,151401,84529,6952,274,4,0,0.34637129,4.08716116,13.75590232,20.11853712,21.10998878,21.24869558,21.25736075
2025/10/04,14:52:26,3780.150000,378015,151206,84646,6920,277,4,0,0.34592402,4.08188348,13.76396269,20.09725373,21.10185204,21.24275513,21.25142030
2025/10/04,14:52:27,3792.310000,379231,151692,85101,6934,279,4,0,0.34703701,4.09501665,13.82915554,20.17450126,21.18407564,21.32606141,21.33472658
2025/10/04,14:52:28,3805.220000,380522,152208,85408,6960,281,4,0,0.34821793,4.10895157,13.87824930,20.24750855,21.26371768,21.40789974,21.41656491
2025/10/04,14:52:29,3815.270000,381527,152610,85525,6991,287,4,0,0.34913750,4.11980245,13.90245035,20.30060131,21.34105838,21.48851942,21.49718459
2025/10/04,14:52:30,3823.100000,382310,152924,85511,7012,294,4,0,0.34985444,4.12826237,13.90931875,20.32624584,21.39107733,21.54073466,21.54939983
2025/10/04,14:52:31,3828.200000,382820,153128,85350,7015,299,4,0,0.35032148,4.13377358,13.89641034,20.31634263,21.39763815,21.54837816,21.55704333
2025/10/04,14:52:32,3832.270000,383227,153290,85160,7027,303,4,0,0.35069322,4.13815991,13.87903651,20.30960050,21.40595432,21.55669433,21.56535950
2025/10/04,14:52:33,3824.270000,382427,152971,84975,7061,307,4,0,0.34996173,4.12952840,13.84928698,20.31093984,21.42094984,21.57168985,21.58035502
2025/10/04,14:52:34,3790.230000,379023,151609,84550,7076,308,4,0,0.34684647,4.09276865,13.76382835,20.23928100,21.35388401,21.50242773,21.51109290
2025/10/04,14:52:35,3740.350000,374035,149614,83718,7034,306,4,0,0.34228168,4.03890416,13.61479986,20.05250624,21.15894229,21.30532065,21.31398582
2025/10/04,14:52:36,3688.680000,368868,147547,82808,6971,302,4,0,0.33755381,3.98311581,13.45502953,19.83463039,20.92639119,21.06837696,21.07704213
2025/10/04,14:52:37,3637.100000,363710,145484,81916,6886,292,4,0,0.33283358,3.92741712,13.29723125,19.59914333,20.65478879,20.79024754,20.79891271
2025/10/04,14:52:38,3585.810000,358581,143432,81050,6796,280,4,0,0.32814006,3.87203395,13.14277391,19.36231004,20.37699058,20.50589139,20.51455656
2025/10/04,14:52:39,3533.430000,353343,141337,80184,6709,270,3,0,0.32334631,3.81546771,12.98714163,19.12711484,20.10287219,20.22629773,20.23496290
2025/10/04,14:52:40,3473.610000,347361,138944,79320,6611,259,3,0,0.31787199,3.75087146,12.82371370,18.87423445,19.81285379,19.93191767,19.94058284
2025/10/04,14:52:41,3422.040000,342204,136881,78336,6506,249,3,0,0.31315298,3.69518707,12.65555647,18.60967637,19.51064816,19.62535039,19.63401556
2025/10/04,14:52:42,3390.410000,339041,135616,77308,6412,239,3,0,0.31025909,3.66103948,12.50383434,18.37218599,19.23870113,19.35012438,19.35878955
2025/10/04,14:52:43,3364.880000,336488,134595,76355,6348,232,3,0,0.30792201,3.63346226,12.36719769,18.17640974,19.01574262,19.12605226,19.13471743
2025/10/04,14:52:44,3342.070000,334207,133682,75567,6297,226,3,0,0.30583487,3.60883378,12.25243016,18.01529945,18.83408843,18.94439807,18.95306324
2025/10/04,14:52:45,3321.310000,332131,132852,74903,6260,222,3,0,0.30393488,3.58641416,12.15404168,17.88339890,18.68699949,18.79842274,18.80708791
2025/10/04,14:52:46,3299.780000,329978,131991,74195,6224,218,3,0,0.30196495,3.56316894,12.04987940,17.74553055,18.53394637,18.64645230,18.65511747
2025/10/04,14:52:47,3280.000000,328000,131200,73527,6176,214,3,0,0.30015502,3.54181224,11.95210958,17.60387411,18.37812421,18.49063014,18.49929531
2025/10/04,14:52:48,3268.570000,326857,130743,72896,6129,210,3,0,0.29910945,3.52947421,11.86762810,17.47705802,18.23854453,18.35213314,18.36079831
2025/10/04,14:52:49,3259.450000,325945,130378,72304,6087,207,3,0,0.29827429,3.51961955,11.78997630,17.36056183,18.11133010,18.22603233,18.23469750
2025/10/04,14:52:50,3250.990000,325099,130039,71756,6040,204,3,0,0.29750053,3.51048942,11.71824773,17.24598163,17.98551851,18.10022074,18.10888591
2025/10/04,14:52:51,3242.170000,324217,129686,71197,5982,201,3,0,0.29669287,3.50095892,11.64472114,17.11951985,17.84591370,17.95950231,17.96816748
2025/10/04,14:52:52,3233.960000,323396,129358,70724,5928,197,3,0,0.29594167,3.49209480,11.58178981,17.00733847,17.72237445,17.83596306,17.84462823
2025/10/04,14:52:53,3226.800000,322680,129072,71051,5886,199,3,0,0.29528678,3.48436705,11.61137393,16.99817429,17.71895244,17.83145837,17.84012354
2025/10/04,14:52:54,3221.290000,322129,128851,71707,5865,203,3,0,0.29478264,3.47841822,11.68048908,17.04770618,17.78252357,17.89722580,17.90589097
2025/10/04,14:52:55,3217.160000,321716,128686,72430,5856,207,3,0,0.29440427,3.47395371,11.75873103,17.11838570,17.86889739,17.98468230,17.99334747
2025/10/04,14:52:56,3213.250000,321325,128530,73145,5853,211,3,0,0.29404672,3.46973428,11.83630929,17.19273181,17.95830180,18.07408671,18.08275188
2025/10/04,14:52:57,3209.090000,320909,128363,73823,5848,216,3,0,0.29366561,3.46523738,11.90939691,17.26097212,18.04492140,18.16506796,18.17373313
2025/10/04,14:52:58,3206.580000,320658,128263,74934,5904,231,4,0,0.29343594,3.46252705,12.03374161,17.43692693,18.27319900,18.42066004,18.42932521
2025/10/04,14:52:59,3206.210000,320621,128248,78091,6241,248,5,0,0.29340233,3.46213046,12.39442612,18.10613828,19.00251706,19.18057155,19.18923672
2025/10/04,14:53:00,3206.380000,320638,128255,81674,6636,263,6,0,0.29341790,3.46231444,12.80446683,18.87767304,19.83160725,20.03586260,20.04452777
2025/10/04,14:53:01,3203.140000,320314,128125,84223,7002,273,7,0,0.29312156,3.45881761,13.09252106,19.50075465,20.48888893,20.71501442,20.72367959
2025/10/04,14:53:02,3197.380000,319738,127895,86304,7333,279,7,0,0.29259473,3.45260089,13.32428908,20.03529716,21.04499802,21.28748745,21.29615262
2025/10/04,14:53:03,3187.840000,318784,127513,88075,7651,283,8,0,0.29172121,3.44229343,13.51664590,20.51814867,21.54291144,21.79743408,21.80609925
2025/10/04,14:53:04,3180.680000,318068,127227,89815,7974,287,8,0,0.29106622,3.43456472,13.70790566,21.00539741,22.04432228,22.31084721,22.31951238
2025/10/04,14:53:05,3175.050000,317505,127002,91679,8311,290,8,0,0.29055093,3.42848431,13.91508479,21.52087735,22.57065055,22.84592972,22.85459489
2025/10/04,14:53:06,3169.150000,316915,126766,93158,8586,283,8,0,0.29001092,3.42211222,14.07788642,21.93539334,22.96117517,23.22005947,23.22872464
2025/10/04,14:53:07,3161.230000,316123,126449,92449,8528,274,7,0,0.28928622,3.41356078,13.98813516,21.79299790,22.78394003,23.02206780,23.03073297
2025/10/04,14:53:08,3151.020000,315102,126040,90686,8300,263,7,0,0.28835155,3.40253163,13.77553638,21.37176334,22.32238017,22.54083410,22.54949927
2025/10/04,14:53:09,3141.890000,314189,125675,88792,8028,252,6,0,0.28751630,3.39267601,13.54899179,20.89605662,21.80825980,22.01034979,22.01901496
2025/10/04,14:53:10,3134.030000,313403,125361,87035,7766,243,6,0,0.28679745,3.38419326,13.33955342,20.44715167,21.32681346,21.51578755,21.52445272
2025/10/04,14:53:11,3132.630000,313263,125305,85677,7531,236,5,0,0.28666873,3.38267458,13.18266759,20.07468167,20.93098810,21.11232156,21.12098673
2025/10/04,14:53:12,3156.550000,315655,126262,84997,7383,236,5,0,0.28885786,3.40850620,13.13075306,19.88771589,20.74108800,20.91802887,20.92669404
2025/10/04,14:53:13,3183.980000,318398,127359,84379,7241,236,5,0,0.29136838,3.43813020,13.08965551,19.71647939,20.57036103,20.74513654,20.75380171
2025/10/04,14:53:14,3221.240000,322124,128849,83691,7098,236,5,0,0.29477818,3.47836578,13.05121581,19.54693072,20.40068588,20.57109974,20.57976491
2025/10/04,14:53:15,3261.750000,326175,130470,83177,7005,236,5,0,0.29848477,3.52210299,13.03612338,19.44671611,20.30225644,20.47047400,20.47913917
2025/10/04,14:53:16,3302.370000,330237,132095,83058,7002,237,5,0,0.30220228,3.56596981,13.06645015,19.47436070,20.33270888,20.49873015,20.50739532
2025/10/04,14:53:17,3343.370000,334337,133735,83271,7051,238,5,0,0.30595419,3.61024185,13.13503926,19.58770853,20.45039676,20.61533535,20.62400052
2025/10/04,14:53:18,3384.890000,338489,135395,83575,7122,247,5,0,0.30975366,3.65507540,13.21468438,19.73289166,20.62748527,20.79350654,20.80217171
2025/10/04,14:53:19,3420.060000,342006,136802,83762,7182,259,5,0,0.31297169,3.69304779,13.27397256,19.84698916,20.78586507,20.95516531,20.96383048
2025/10/04,14:53:20,3419.540000,341954,136781,83346,7148,266,5,0,0.31292431,3.69248908,13.22584598,19.76719170,20.72878334,20.89591822,20.90458339
2025/10/04,14:53:21,3413.710000,341371,136548,82870,7112,271,5,0,0.31239102,3.68619613,13.16515456,19.67386030,20.65650898,20.82144757,20.83011274
2025/10/04,14:53:22,3408.290000,340829,136331,82461,7102,278,5,0,0.31189522,3.68034552,13.11249959,19.61235077,20.61962683,20.78676171,20.79542688
2025/10/04,14:53:23,3402.240000,340224,136089,82044,7090,285,5,0,0.31134089,3.67380466,13.05824548,19.54701199,20.57815294,20.74637050,20.75503567
2025/10/04,14:53:24,3396.500000,339650,135860,81672,7067,290,5,0,0.31081607,3.66761177,13.00952179,19.47712100,20.52829993,20.69651749,20.70518266
2025/10/04,14:53:25,3387.630000,338763,135505,81216,6978,292,5,0,0.31000469,3.65803743,12.94784739,19.33429964,20.39160379,20.55873867,20.56740384
2025/10/04,14:53:26,3371.040000,337104,134841,80541,6854,285,5,0,0.30848603,3.64011752,12.85269434,19.12555365,20.15644164,20.31810126,20.32676643
2025/10/04,14:53:27,3354.250000,335425,134170,79861,6739,274,5,0,0.30694947,3.62198603,12.75681271,18.92402860,19.91573683,20.07083850,20.07950367
2025/10/04,14:53:28,3336.420000,333642,133457,79127,6622,264,4,0,0.30531826,3.60273812,12.65354946,18.71347383,19.66894025,19.81968026,19.82834543
2025/10/04,14:53:29,3316.170000,331617,132646,78237,6484,258,5,0,0.30346490,3.58086857,12.52983882,18.46411649,19.39814281,19.55760613,19.56627130
2025/10/04,14:53:30,3295.070000,329507,131802,77279,6325,253,5,0,0.30153375,3.55808097,12.39755142,18.18617727,19.10233745,19.27491667,19.28358184
2025/10/04,14:53:31,3275.720000,327572,131028,76407,6186,252,6,0,0.29976322,3.53718860,12.27692249,17.93809155,18.84914557,19.03592337,19.04458854
2025/10/04,14:53:32,3258.710000,325871,130348,75676,6085,261,6,0,0.29820652,3.51881971,12.17494226,17.74371771,18.68782626,18.89099893,18.89966410
2025/10/04,14:53:33,3242.590000,324259,129703,74922,6054,273,7,0,0.29673198,3.50142034,12.07124938,17.61184508,18.60061899,18.81907292,18.82773809
2025/10/04,14:53:34,3232.110000,323211,129284,74274,6038,284,7,0,0.29577298,3.49010421,11.98582254,17.51145535,18.54055456,18.77212438,18.78078955
2025/10/04,14:53:35,3220.530000,322053,128821,73580,6008,299,8,0,0.29471257,3.47759165,11.89390769,17.39255588,18.47551009,18.72783644,18.73650161
2025/10/04,14:53:36,3207.630000,320763,128305,72813,5974,316,8,0,0.29353205,3.46366151,11.79230665,17.25928487,18.40145320,18.67781505,18.68648022
2025/10/04,14:53:37,3196.600000,319660,127864,72163,5946,326,9,0,0.29252289,3.45175338,11.70598480,17.14782051,18.32699676,18.60883388,18.62616422
2025/10/04,14:53:38,3186.170000,318617,127447,71545,5915,333,9,0,0.29156858,3.44049254,11.62410741,17.03701938,18.24312494,18.52276576,18.54009610
2025/10/04,14:53:39,3177.680000,317768,127107,70884,5868,337,8,0,0.29079137,3.43132146,11.53927046,16.90988077,18.13129759,18.40546315,18.42279349
2025/10/04,14:53:40,3168.400000,316840,126736,70169,5810,332,8,0,0.28994218,3.42130094,11.44742800,16.76510313,17.96801779,18.23565633,18.25298667
2025/10/04,14:53:41,3160.100000,316010,126404,69547,5752,327,8,0,0.28918329,3.41234623,11.36735174,16.63186566,17.81576502,18.07792829,18.09525863
2025/10/04,14:53:42,3152.570000,315257,126102,68986,5698,323,8,0,0.28849375,3.40420951,11.29508568,16.51015554,17.67988919,17.93877349,17.95610383
2025/10/04,14:53:43,3144.930000,314493,125797,68403,5639,313,7,0,0.28779441,3.39595742,11.22018371,16.38128432,17.51528568,17.75997140,17.76863657
2025/10/04,14:53:44,3138.680000,313868,125547,67939,5587,301,7,0,0.28722286,3.38921349,11.16026121,16.27324284,17.36372801,17.58873988,17.59740505
2025/10/04,14:53:45,3131.660000,313166,125266,67442,5531,290,6,0,0.28658050,3.38163352,11.09589550,16.15781700,17.20848278,17.41601710,17.42468227
2025/10/04,14:53:46,3127.180000,312718,125087,67508,5547,281,6,0,0.28617024,3.37679248,11.09863632,16.17548776,17.19373864,17.39254965,17.40121482
2025/10/04,14:53:47,3127.420000,312742,125096,68325,5669,274,6,0,0.28619196,3.37704890,11.19228346,16.38062767,17.37373802,17.57035274,17.57901791
2025/10/04,14:53:48,3126.190000,312619,125047,69084,5794,268,6,0,0.28608014,3.37572949,11.27777055,16.58006276,17.54931184,17.74484388,17.75350905
2025/10/04,14:53:49,3118.470000,311847,124738,69793,5913,261,6,0,0.28537315,3.36738685,11.35058335,16.76233222,17.70873547,17.90207122,17.91073639
2025/10/04,14:53:50,3109.830000,310983,124393,70485,6032,256,6,0,0.28458253,3.35805749,11.42034115,16.94044764,17.86579385,18.05696423,18.06562940
2025/10/04,14:53:51,3100.930000,310093,124037,71126,6147,250,6,0,0.28376847,3.34845166,11.48411891,17.10977182,18.01521015,18.20418424,18.21284941
2025/10/04,14:53:52,3091.700000,309170,123668,71722,6259,245,6,0,0.28292397,3.33848646,11.54226997,17.27017309,18.15570353,18.34248133,18.35114650
2025/10/04,14:53:53,3082.320000,308232,123292,72274,6365,239,5,0,0.28206480,3.32834863,11.59534059,17.42064569,18.28677778,18.47027660,18.47894177
2025/10/04,14:53:54,3069.940000,306994,122797,72212,6401,233,5,0,0.28093220,3.31498383,11.57480982,17.43323990,18.27627321,18.45213140,18.46079657
2025/10/04,14:53:55,3051.110000,305111,122044,71270,6329,224,5,0,0.27920897,3.29465006,11.44676577,17.23849382,18.05077452,18.21463043,18.22329560
2025/10/04,14:53:56,3026.510000,302651,121060,70341,6216,216,4,0,0.27695822,3.26809108,11.31390215,17.00299291,17.78426082,17.93500083,17.94366600
2025/10/04,14:53:57,3002.330000,300233,120093,69521,6088,208,4,0,0.27474485,3.24197346,11.19404242,16.76520996,17.51967866,17.65949907,17.66816424
2025/10/04,14:53:58,2978.300000,297830,119132,68760,5966,202,4,0,0.27254667,3.21603505,11.08100663,16.54074546,17.27185880,17.40292497,17.41159014
2025/10/04,14:53:59,2954.330000,295433,118173,68039,5847,196,3,0,0.27035275,3.19014718,10.97273943,16.32350660,17.03343642,17.15686196,17.16552713
2025/10/04,14:54:00,2929.110000,292911,117164,67247,5723,190,3,0,0.26804470,3.16291223,10.85486467,16.09239488,16.78088461,16.89775220,16.90641737
2025/10/04,14:54:01,2904.020000,290402,116160,66481,5602,184,3,0,0.26574886,3.13582127,10.74013907,15.86717855,16.53563391,16.64705716,16.65572233
2025/10/04,14:54:02,2878.430000,287843,115137,65694,5476,179,3,0,0.26340725,3.10819067,10.62248254,15.63373100,16.28163885,16.38539054,16.39405571
2025/10/04,14:54:03,2854.530000,285453,114181,65010,5352,174,3,0,0.26121958,3.08237623,10.51847770,15.41661823,16.04602393,16.14433129,16.15299646
2025/10/04,14:54:04,2838.350000,283835,113534,64402,5268,169,3,0,0.25973925,3.06490825,10.43146756,15.25233842,15.86566315,15.95960885,15.96827402
2025/10/04,14:54:05,2832.360000,283236,113294,63946,5237,166,3,0,0.25919138,3.05844365,10.37285841,15.16545252,15.76882150,15.86276720,15.87143237
2025/10/04,14:54:06,2844.860000,284486,113794,64099,5306,169,3,0,0.26033484,3.07193625,10.40380123,15.25954218,15.87197432,15.97028168,15.97894685
2025/10/04,14:54:07,2861.680000,286168,114467,64452,5396,173,3,0,0.26187393,3.09009733,10.46240060,15.40064562,16.02622080,16.13108611,16.13975128
2025/10/04,14:54:08,2879.300000,287930,115172,64868,5495,177,3,0,0.26348675,3.10912876,10.52897165,15.55809120,16.19847171,16.30989496,16.31856013
2025/10/04,14:54:09,2896.200000,289620,115848,65229,5599,181,3,0,0.26503294,3.12737373,10.58847491,15.71289627,16.36820499,16.48507258,16.49373775
2025/10/04,14:54:10,2914.060000,291406,116562,65665,5707,185,3,0,0.26666794,3.14666642,10.65764200,15.88066138,16.55217755,16.67452041,16.68318558
2025/10/04,14:54:11,2932.070000,293207,117283,66101,5820,190,4,0,0.26831593,3.16611261,10.72702721,16.05342787,16.74140807,16.86919526,16.87786043
2025/10/04,14:54:12,2948.550000,294855,117942,66498,5941,195,4,0,0.26982383,3.18390569,10.79018664,16.22691606,16.93276240,17.06710754,17.07577271
2025/10/04,14:54:13,2955.050000,295505,118202,66720,6048,199,4,0,0.27041852,3.19092319,10.82262409,16.35724141,17.07712698,17.21694739,17.22561256
2025/10/04,14:54:14,2943.740000,294374,117749,66438,6066,198,4,0,0.26938406,3.17871665,10.77817513,16.33004950,17.04814629,17.19013206,17.19879723
2025/10/04,14:54:15,2929.940000,292994,117197,67730,6076,197,4,0,0.26812064,3.16380837,10.91095503,16.47126393,17.18668296,17.33086502,17.33953019
2025/10/04,14:54:16,2915.980000,291598,116639,70269,6077,196,4,0,0.26684326,3.14873517,11.18631800,16.74827501,17.45909742,17.60436216,17.61302733
2025/10/04,14:54:17,2902.300000,290230,116092,72741,6070,194,4,0,0.26559131,3.13396227,11.45435092,17.00981251,17.71425673,17.85843879,17.86710396
2025/10/04,14:54:18,2887.160000,288716,115486,74919,6056,192,4,0,0.26420612,3.11761727,11.68715544,17.22956031,17.92558099,18.06868037,18.07734554
2025/10/04,14:54:19,2871.430000,287143,114857,76410,6033,189,4,0,0.26276619,3.10062596,11.84061835,17.36175891,18.04833699,18.18704379,18.19570896
2025/10/04,14:54:20,2856.560000,285656,114262,77611,5999,187,4,0,0.26140556,3.08457079,11.96195098,17.45171258,18.12756881,18.26191395,18.27057912
2025/10/04,14:54:21,2848.830000,284883,113953,78886,5954,184,4,0,0.26069847,3.07622719,12.09947779,17.54855289,18.21420041,18.34418390,18.35284907
2025/10/04,14:54:22,2842.520000,284252,113700,80109,5898,186,4,0,0.26012091,3.06941180,12.23259898,17.63064598,18.30458694,18.43348775,18.44215292
2025/10/04,14:54:23,2836.520000,283652,113460,79739,5844,190,4,0,0.25957169,3.06293102,12.18370064,17.53159164,18.22033794,18.35032143,18.35898660
2025/10/04,14:54:24,2830.910000,283091,113236,78133,5798,198,4,0,0.25905882,3.05687923,11.99396157,17.30042300,18.01788378,18.15006356,18.15872873
2025/10/04,14:54:25,2825.800000,282580,113032,76614,5769,215,4,0,0.25859045,3.05135272,11.81470092,17.09469476,17.87507009,18.01269421,18.02135938
2025/10/04,14:54:26,2822.180000,282218,112887,75355,5748,233,4,0,0.25826002,3.04745358,11.66679752,16.92756317,17.77072657,17.91271234,17.92137751
2025/10/04,14:54:27,2819.670000,281967,112787,74828,5736,250,4,0,0.25803034,3.04474325,11.60378303,16.85349604,17.75931742,17.90786114,17.91652631
2025/10/04,14:54:28,2819.310000,281931,112772,74669,5736,267,5,0,0.25799712,3.04435142,11.58521396,16.83431293,17.80139017,17.95649184,17.96515701
2025/10/04,14:54:29,2840.370000,284037,113615,74948,5834,287,5,0,0.25992426,3.06709137,11.63988533,16.97924480,18.01842624,18.18116854,18.18983371
2025/10/04,14:54:30,2867.670000,286767,114706,75338,5962,302,5,0,0.26242224,3.09656761,11.71395640,17.17017299,18.26244332,18.42957820,18.43824337
2025/10/04,14:54:31,2894.180000,289418,115767,75645,6084,313,5,0,0.26484884,3.12520111,11.77773261,17.34595900,18.48059638,18.64661765,18.65528282
2025/10/04,14:54:32,2920.850000,292085,116834,75929,6193,321,5,0,0.26728865,3.15399090,11.83895870,17.50678515,18.66720268,18.82994498,18.83861015
2025/10/04,14:54:33,2948.600000,294860,117944,76380,6293,319,5,0,0.26982874,3.18396382,11.92061567,17.67963969,18.83418856,18.99365188,19.00231705
2025/10/04,14:54:34,2977.520000,297752,119101,76977,6399,318,5,0,0.27247509,3.21519039,12.02009576,17.87603767,19.02752213,19.18590277,19.19456794
2025/10/04,14:54:35,3004.830000,300483,120193,77426,6492,316,5,0,0.27497420,3.24467996,12.10094213,18.04271726,19.18743686,19.34365214,19.35231731
2025/10/04,14:54:36,3029.820000,302982,121192,77766,6574,314,4,0,0.27726070,3.27166036,12.16674516,18.18346192,19.32027113,19.47429012,19.48295529
2025/10/04,14:54:37,3032.080000,303208,121283,77552,6556,306,4,0,0.27746775,3.27410375,12.14478660,18.14476334,19.25362418,19.40436419,19.41302936
2025/10/04,14:54:38,3027.560000,302756,121102,77199,6523,297,4,0,0.27705397,3.26922079,12.09949761,18.06877348,19.14419674,19.29165778,19.30032295
2025/10/04,14:54:39,3023.450000,302345,120938,76864,6505,289,4,0,0.27667819,3.26478680,12.05679438,18.00991224,19.05649454,19.20395558,19.21262075
2025/10/04,14:54:40,3019.630000,301963,120785,76577,6527,285,4,0,0.27632859,3.26066171,12.01980085,17.99311691,19.02642970,19.17608703,19.18475220
2025/10/04,14:54:41,3015.290000,301529,120611,76204,6561,283,4,0,0.27593129,3.25597322,11.97239580,17.97676779,19.00140046,19.15433677,19.16300194
2025/10/04,14:54:42,3022.890000,302289,120915,76147,6654,284,5,0,0.27662674,3.26417955,11.97418755,18.06416673,19.09313946,19.25043742,19.25910259
2025/10/04,14:54:43,3074.330000,307433,122973,77348,6959,299,5,0,0.28133399,3.31972479,12.16702359,18.53579875,19.61747732,19.78789118,19.79655635
2025/10/04,14:54:44,3130.930000,313093,125237,78673,7287,314,5,0,0.28651383,3.38084699,12.37974814,19.04868059,20.18599933,20.36733279,20.37599796
2025/10/04,14:54:45,3187.560000,318756,127502,79942,7626,331,6,0,0.29169568,3.44199216,12.58605284,19.56545124,20.76236716,20.95462022,20.97195056
2025/10/04,14:54:46,3268.000000,326800,130720,81102,7947,346,6,0,0.29905684,3.52885357,12.80554761,20.07847793,21.33205669,21.53303306,21.55036340
2025/10/04,14:54:47,3346.870000,334687,133874,82187,8245,359,6,0,0.30627412,3.61401708,13.01480124,20.56051713,21.86003689,22.06540585,22.08273619
2025/10/04,14:54:48,3422.470000,342247,136898,83226,8465,360,6,0,0.31319241,3.69565231,13.21530364,20.96238480,22.26560499,22.46877766,22.48610800
2025/10/04,14:54:49,3485.950000,348595,139438,84020,8597,356,6,0,0.31900178,3.76420291,13.37472831,21.24199482,22.53028319,22.72909420,22.74642454
2025/10/04,14:54:50,3529.820000,352982,141192,84405,8659,348,6,0,0.32301609,3.81157140,13.46610600,21.39005597,22.64886737,22.84112043,22.85845077
2025/10/04,14:54:51,3511.050000,351105,140442,83594,8510,327,5,0,0.32129846,3.79130344,13.35302896,21.14141065,22.32620260,22.50425709,22.51292226
2025/10/04,14:54:52,3485.440000,348544,139417,82691,8338,306,5,0,0.31895525,3.76365380,13.22210834,20.85229944,21.96154333,22.12756460,22.13622977
2025/10/04,14:54:53,3461.290000,346129,138451,81898,8151,286,4,0,0.31674488,3.73757146,13.10528507,20.56516775,21.60115829,21.75409460,21.76275977
2025/10/04,14:54:54,3437.640000,343764,137505,81146,7963,267,4,0,0.31458112,3.71203919,12.99382692,20.28110609,21.24805685,21.39004262,21.39870779
2025/10/04,14:54:55,3414.800000,341480,136591,80427,7778,250,4,0,0.31249017,3.68736589,12.88692379,20.00470167,20.91141563,21.04576077,21.05442594
2025/10/04,14:54:56,3395.020000,339502,135801,79762,7640,242,4,0,0.31068098,3.66601779,12.78949782,19.78146702,20.65908707,20.79126685,20.79993202
2025/10/04,14:54:57,3387.260000,338726,135490,79326,7579,238,4,0,0.30997024,3.65763128,12.73125304,19.66695882,20.52849790,20.65848139,20.66714656
2025/10/04,14:54:58,3380.750000,338075,135230,78901,7529,234,4,0,0.30937452,3.65060140,12.67558490,19.56553084,20.41162857,20.53941576,20.54808093
2025/10/04,14:54:59,3374.870000,337487,134995,78533,7491,230,4,0,0.30883677,3.64425598,12.62714093,19.48257276,20.31578041,20.44468122,20.45334639
2025/10/04,14:55:00,3368.480000,336848,134739,78184,7457,234,4,0,0.30825174,3.63735286,12.58032465,19.40440863,20.25280467,20.40354468,20.41220985
2025/10/04,14:55:01,3358.880000,335888,134355,77698,7401,239,5,0,0.30737295,3.62698340,12.51439735,19.28709816,20.15348682,20.32717965,20.33584482
2025/10/04,14:55:02,3342.320000,334232,133693,77195,7303,243,6,0,0.30585795,3.60910641,12.43891461,19.12268000,20.00425344,20.19758919,20.20625436
2025/10/04,14:55:03,3321.800000,332180,132872,76595,7204,247,6,0,0.30398045,3.58695183,12.34815512,18.94085197,19.83467947,20.04660638,20.05527155
2025/10/04,14:55:04,3301.570000,330157,132062,75977,7104,250,7,0,0.30212847,3.56509849,12.25558411,18.75695437,19.66150011,19.88870828,19.89737345
2025/10/04,14:55:05,3282.770000,328277,131310,75444,7009,253,7,0,0.30040816,3.54479907,12.17437477,18.58861877,19.50490543,19.74739486,19.75606003
2025/10/04,14:55:06,3264.710000,326471,130588,74952,6911,256,8,0,0.29875571,3.52530046,12.09860342,18.42297493,19.35074594,19.60526858,19.61393375
2025/10/04,14:55:07,3247.450000,324745,129898,74490,6808,259,8,0,0.29717607,3.50666081,12.02713658,18.25730531,19.19413948,19.45738543,19.46605060
2025/10/04,14:55:08,3229.810000,322981,129192,73970,6702,253,8,0,0.29556163,3.48761029,11.94860604,18.08175988,18.99855607,19.24871706,19.25738223
2025/10/04,14:55:09,3214.540000,321454,128581,73666,6625,247,7,0,0.29416468,3.47112616,11.89728620,17.96060378,18.85379166,19.08647510,19.09514027
2025/10/04,14:55:10,3207.660000,320766,128306,77257,6602,242,7,0,0.29353537,3.46370058,12.30061011,18.34217838,19.21762659,19.43719413,19.44585930
2025/10/04,14:55:11,3204.160000,320416,128166,83846,6582,238,6,0,0.29321470,3.45991678,13.05049167,19.07396282,19.93409978,20.14383040,20.15249557
2025/10/04,14:55:12,3200.480000,320048,128019,90365,6572,234,6,0,0.29287796,3.45594328,13.79218967,19.80700027,20.65424715,20.85414084,20.86280601
2025/10/04,14:55:13,3194.980000,319498,127799,96659,6560,230,6,0,0.29237472,3.45000497,14.50615152,20.51010348,21.34356770,21.53582076,21.54448593
2025/10/04,14:55:14,3187.360000,318736,127494,102404,6542,226,5,0,0.29167717,3.44177384,15.15510898,21.14180388,21.96059286,22.14520530,22.15387047
2025/10/04,14:55:15,3182.230000,318223,127289,108031,6534,223,5,0,0.29120783,3.43623588,15.79319531,21.77268376,22.57998478,22.75803927,22.76670444
2025/10/04,14:55:16,3194.140000,319414,127765,115176,6623,227,5,0,0.29229787,3.44909831,16.62325868,22.68418509,23.50654441,23.68459890,23.69326407
2025/10/04,14:55:17,3220.700000,322070,128828,122828,6753,234,5,0,0.29472873,3.47778232,17.52725038,23.70729605,24.55466941,24.73380658,24.74247175
2025/10/04,14:55:18,3243.970000,324397,129758,126451,6865,239,5,0,0.29685743,3.50290086,17.96676996,24.24929187,25.11555405,25.29360854,25.30227371
2025/10/04,14:55:19,3260.920000,326092,130437,126748,6953,243,5,0,0.29840937,3.52121352,18.01899331,24.38214515,25.26231647,25.43709198,25.44575715
2025/10/04,14:55:20,3279.780000,327978,131191,127249,7042,247,5,0,0.30013460,3.54157108,18.09668188,24.54143366,25.43730290,25.60988212,25.61854729
2025/10/04,14:55:21,3325.430000,332543,133017,129014,7217,257,5,0,0.30431192,3.59086335,18.34794366,24.95272723,25.88267007,26.05852826,26.06719343
2025/10/04,14:55:22,3378.350000,337835,135134,131043,7409,267,5,0,0.30915522,3.64801401,18.63709273,25.41732303,26.38235853,26.56041302,26.56907819
2025/10/04,14:55:23,3431.070000,343107,137242,133000,7586,275,5,0,0.31397932,3.70493781,18.91794820,25.86069937,26.85738367,27.03543816,27.04410333
2025/10/04,14:55:24,3463.800000,346380,138552,133410,7670,277,5,0,0.31697475,3.74028374,19.00007826,26.01916111,27.02222721,27.19592004,27.20458521
2025/10/04,14:55:25,3484.160000,348416,139366,133042,7698,275,5,0,0.31883748,3.76226386,18.97997607,26.02471848,27.02101973,27.18815461,27.19681978
2025/10/04,14:55:26,3505.890000,350589,140235,132879,7728,274,5,0,0.32082648,3.78573406,18.98485702,26.05719809,27.04826670,27.20992632,27.21859149
2025/10/04,14:55:27,3531.320000,353132,141253,132879,7766,272,5,0,0.32315376,3.81319588,19.01234710,26.11962231,27.10558837,27.26288633,27.27155150
2025/10/04,14:55:28,3554.390000,355439,142175,132599,7796,270,4,0,0.32526430,3.83809993,19.00517835,26.13934119,27.11714029,27.27007660,27.27874177
2025/10/04,14:55:29,3550.960000,355096,142038,130773,7749,263,4,0,0.32495041,3.83439619,18.79265838,25.88445367,26.83659910,26.98078116,26.98944633
2025/10/04,14:55:30,3533.810000,353381,141352,127689,7659,254,4,0,0.32338088,3.81587573,18.42131331,25.43018450,26.35042816,26.48696960,26.49563477
2025/10/04,14:55:31,3490.420000,349042,139616,123795,7490,243,4,0,0.31941026,3.76902300,17.92903701,24.78404880,25.66319744,25.79209825,25.80076342
2025/10/04,14:55:32,3442.190000,344219,137687,119851,7321,232,3,0,0.31499704,3.71694698,17.42592271,24.12558805,24.96415482,25.08649768,25.09516285
2025/10/04,14:55:33,3390.350000,339035,135614,115881,7155,221,3,0,0.31025334,3.66097176,16.91579480,23.46353894,24.26471474,24.38266501,24.39133018
2025/10/04,14:55:34,3336.850000,333685,133474,112058,7000,212,3,0,0.30535778,3.60320432,16.42072690,22.82682738,23.59469569,23.70939792,23.71806309
2025/10/04,14:55:35,3286.720000,328672,131469,108649,6876,205,3,0,0.30077011,3.54907002,15.97669451,22.26939605,23.01238040,23.12708263,23.13574780
2025/10/04,14:55:36,3236.710000,323671,129468,105323,6750,199,3,0,0.29619352,3.49506635,15.54226511,21.71959566,22.43922466,22.55281327,22.56147844
2025/10/04,14:55:37,3186.290000,318629,127451,102288,6614,192,3,0,0.29157973,3.44062412,15.14067771,21.19339563,21.88928983,22.00179576,22.01046093
2025/10/04,14:55:38,3154.900000,315490,126196,100241,6507,187,3,0,0.28870736,3.40673013,14.87266878,20.82766077,21.50492273,21.61742866,21.62609383
2025/10/04,14:55:39,3138.730000,313873,125549,98938,6471,184,3,0,0.28722739,3.38926689,14.70616810,20.62858509,21.29665740,21.41024601,21.41891118
2025/10/04,14:55:40,3128.050000,312805,125122,98236,6467,185,3,0,0.28624958,3.37772866,14.61431069,20.53249440,21.20248197,21.31826688,21.32693205
2025/10/04,14:55:41,3137.090000,313709,125483,99337,6564,193,4,0,0.28707705,3.38749273,14.74997442,20.75761059,21.45822429,21.58273251,21.59139768
2025/10/04,14:55:42,3150.050000,315005,126002,100498,6670,201,4,0,0.28826365,3.40149441,14.89675895,21.00073100,21.73044223,21.86150840,21.87017357
2025/10/04,14:55:43,3160.840000,316084,126433,101327,6745,207,4,0,0.28925067,3.41314132,15.00330323,21.17572241,21.92598115,22.06032629,22.06899146
2025/10/04,14:55:44,3171.010000,317101,126840,102033,6810,212,4,0,0.29018155,3.42412567,15.09495826,21.32761517,22.09497394,22.23151538,22.24018055
2025/10/04,14:55:45,3182.130000,318213,127285,102809,6873,216,4,0,0.29119856,3.43612627,15.19576890,21.48585232,22.26992808,22.40755220,22.41621737
2025/10/04,14:55:46,3199.080000,319908,127963,103830,6941,221,4,0,0.29275030,3.45443701,15.33082616,21.68308733,22.48515571,22.62386251,22.63252768
2025/10/04,14:55:47,3220.200000,322020,128808,104795,7018,226,4,0,0.29468278,3.47723989,15.46402149,21.88695899,22.70638398,22.84620439,22.85486956
2025/10/04,14:55:48,3224.700000,322470,128988,105066,7048,226,4,0,0.29509465,3.48209999,15.49986374,21.94959186,22.76825075,22.90587487,22.91454004
2025/10/04,14:55:49,3188.610000,318861,127544,103617,6941,217,4,0,0.29179147,3.44312281,15.29521502,21.64744416,22.43177649,22.56067730,22.56934247
2025/10/04,14:55:50,3159.550000,315955,126382,102118,6821,207,3,0,0.28913297,3.41175231,15.09234815,21.33473263,22.08511785,22.20746071,22.21612588
2025/10/04,14:55:51,3133.120000,313312,125324,100977,6718,199,3,0,0.28671365,3.38320461,14.93326349,21.08128322,21.80397664,21.92084423,21.92950940
2025/10/04,14:55:52,3107.040000,310704,124281,99966,6620,192,3,0,0.28432690,3.35504115,14.78944015,20.84768439,21.54421460,21.65780321,21.66646838
2025/10/04,14:55:53,3080.020000,308002,123201,98943,6522,185,3,0,0.28185516,3.32587475,14.64334559,20.61184637,21.28260005,21.39290969,21.40157486
2025/10/04,14:55:54,3052.010000,305201,122080,97760,6417,178,3,0,0.27929106,3.29561867,14.47769724,20.35012019,20.99471067,21.10174134,21.11040651
2025/10/04,14:55:55,3024.720000,302472,120989,96637,6306,171,3,0,0.27679427,3.26615674,14.31983113,20.09107089,20.71103037,20.81369938,20.82236455
2025/10/04,14:55:56,3005.960000,300596,120238,95638,6213,167,3,0,0.27507781,3.24590216,14.18529006,19.87121364,20.47509576,20.57776477,20.58642994
2025/10/04,14:55:57,2997.390000,299739,119895,94633,6149,164,3,0,0.27429306,3.23664239,14.06102891,19.68855596,20.28146327,20.38304960,20.39171477
2025/10/04,14:55:58,2991.090000,299109,119643,93705,6096,161,3,0,0.27371630,3.22983652,13.94809203,19.52666003,20.11012112,20.21170745,20.21170745
2025/10/04,14:55:59,2983.790000,298379,119351,92644,6040,158,3,0,0.27304822,3.22195337,13.81892617,19.34672412,19.92035956,20.02083228,20.02083228
2025/10/04,14:56:00,2975.150000,297515,119006,91505,5983,156,3,0,0.27225798,3.21262877,13.67928686,19.15476458,19.71895741,19.81943013,19.81943013
2025/10/04,14:56:01,2961.810000,296181,118472,90213,5917,153,3,0,0.27103690,3.19822002,13.51710506,18.93244115,19.48655175,19.58594179,19.58594179
2025/10/04,14:56:02,2946.180000,294618,117847,88930,5856,154,3,0,0.26960705,3.18134787,13.35340111,18.71299081,19.26978278,19.36917282,19.36917282
2025/10/04,14:56:03,2929.950000,292995,117198,87421,5803,159,3,0,0.26812203,3.16382458,13.16337557,18.47458731,19.05167022,19.15214294,19.15214294
2025/10/04,14:56:04,2913.580000,291358,116543,85814,5750,164,3,0,0.26662357,3.14614304,12.96188975,18.22404453,18.81950311,18.91997583,18.92864100
2025/10/04,14:56:05,2898.970000,289897,115959,84865,5752,173,3,0,0.26528689,3.13037009,12.83748950,18.10171333,18.72754508,18.83129677,18.83996194
2025/10/04,14:56:06,2883.350000,288335,115334,84692,5838,186,3,0,0.26385759,3.11350460,12.80090364,18.14352729,18.81849093,18.92880057,18.93746574
2025/10/04,14:56:07,2867.550000,286755,114702,84511,5929,204,3,0,0.26241135,3.09643891,12.76308355,18.18960131,18.93016087,19.04702846,19.05569363
2025/10/04,14:56:08,2853.490000,285349,114139,84431,6042,233,4,0,0.26112466,3.08125606,12.73877982,18.26793488,19.11058513,19.23948594,19.24815111
2025/10/04,14:56:09,2843.820000,284382,113752,84419,6163,259,4,0,0.26023957,3.07081225,12.72693837,18.36690810,19.30629354,19.44719663,19.45586180
2025/10/04,14:56:10,2836.340000,283634,113453,84443,6298,282,4,0,0.25955569,3.06274227,12.72157080,18.48557116,19.50612035,19.65686036,19.66552553
2025/10/04,14:56:11,2829.640000,282964,113185,84712,6410,297,5,0,0.25894190,3.05549974,12.74513255,18.61112506,19.68731442,19.84461238,19.85327755
2025/10/04,14:56:12,2823.820000,282382,112953,85169,6506,311,5,0,0.25840974,3.04922013,12.79111863,18.74523853,19.87132589,20.03518180,20.04384697
2025/10/04,14:56:13,2817.200000,281720,112688,85110,6549,321,5,0,0.25780380,3.04207010,12.77721075,18.77114413,19.93130508,20.09732635,20.10599152
2025/10/04,14:56:14,2809.770000,280977,112390,84072,6483,323,5,0,0.25712386,3.03404681,12.65045366,18.58379334,19.75186830,19.91680689,19.92547206
2025/10/04,14:56:15,2803.110000,280311,112124,83112,6409,320,5,0,0.25651411,3.02685196,12.53343587,18.39836137,19.55584457,19.71750419,19.72616936
2025/10/04,14:56:16,2796.420000,279642,111857,82148,6325,307,4,0,0.25590235,3.01963328,12.41599026,18.20490711,19.31491711,19.46785342,19.47651859
2025/10/04,14:56:17,2791.090000,279109,111643,81338,6252,295,4,0,0.25541437,3.01387515,12.31755641,18.03938414,19.10804616,19.25442452,19.26308969
2025/10/04,14:56:18,2792.670000,279267,111707,80892,6196,287,4,0,0.25555941,3.01558638,12.26823798,17.93887564,18.97678144,19.11876721,19.12743238
2025/10/04,14:56:19,2818.660000,281866,112746,81539,6287,289,4,0,0.25793782,3.04365167,12.37039786,18.12366953,19.16872323,19.31290529,19.32157046
2025/10/04,14:56:20,2847.680000,284768,113907,82347,6429,294,4,0,0.26059273,3.07497929,12.49412656,18.37795722,19.44278871,19.59244604,19.60111121
2025/10/04,14:56:21,2876.640000,287664,115065,83158,6597,307,5,0,0.26324373,3.10626112,12.61815273,18.65513267,19.76514267,19.92352331,19.93218848
2025/10/04,14:56:22,2905.570000,290557,116223,84001,6793,329,5,0,0.26589111,3.13750009,12.74584021,18.96250016,20.15188874,20.33430488,20.34297005
2025/10/04,14:56:23,2933.430000,293343,117337,84738,6991,356,7,0,0.26843993,3.16757597,12.86019795,19.25773487,20.54653639,20.76826929,20.78559963
2025/10/04,14:56:24,2961.660000,296166,118466,85493,7179,382,8,0,0.27102310,3.19805703,12.97705338,19.54745186,20.93017711,21.18797873,21.20530907
2025/10/04,14:56:25,2989.570000,298957,119582,86229,7365,407,9,0,0.27357734,3.22819679,13.09139824,19.83200906,21.30406863,21.59026740,21.60759774
2025/10/04,14:56:26,3011.730000,301173,120469,86735,7531,434,10,0,0.27560528,3.25212649,13.17319620,20.06530728,21.63677980,21.94809675,21.96542709
2025/10/04,14:56:27,3010.040000,301004,120401,86236,7572,465,10,0,0.27545119,3.25030846,13.11423693,20.04383530,21.72428984,22.05636332,22.07369366
2025/10/04,14:56:28,3004.210000,300421,120168,85462,7579,491,11,0,0.27491700,3.24400499,13.01945879,19.95510051,21.72948239,22.07358909,22.09958461
2025/10/04,14:56:29,2998.830000,299883,119953,84732,7565,504,11,0,0.27442533,3.23820302,12.93015449,19.85367747,21.67706477,22.02661580,22.05261132
2025/10/04,14:56:30,2993.920000,299392,119756,84038,7536,504,11,0,0.27397561,3.23289670,12.84545400,19.74218636,21.56519060,21.90710100,21.93309652
2025/10/04,14:56:31,2989.210000,298921,119568,83368,7509,497,10,0,0.27354444,3.22780877,12.76376707,19.63561588,21.43258701,21.75154459,21.77754011
2025/10/04,14:56:32,2984.060000,298406,119362,82672,7487,490,9,0,0.27307301,3.22224602,12.67854753,19.53074720,21.30168522,21.59988628,21.61721662
2025/10/04,14:56:33,2979.780000,297978,119191,82056,7475,484,9,0,0.27268185,3.21763001,12.60346835,19.44442229,21.19698103,21.47881815,21.49614849
2025/10/04,14:56:34,2975.420000,297542,119016,81406,7452,474,8,0,0.27228254,3.21291856,12.52442406,19.34391970,21.05781182,21.32545036,21.34278070
2025/10/04,14:56:35,2971.410000,297141,118856,80773,7425,450,8,0,0.27191575,3.20859044,12.44765761,19.24285080,20.87174865,21.12299232,21.14032266
2025/10/04,14:56:36,2968.280000,296828,118731,80246,7397,426,7,0,0.27162903,3.20520705,12.38405494,19.15323351,20.69496887,20.93637562,20.95370596
2025/10/04,14:56:37,2963.930000,296393,118557,79615,7356,410,7,0,0.27123128,3.20051376,12.30718182,19.03906711,20.52363009,20.75631353,20.77364387
2025/10/04,14:56:38,2958.560000,295856,118342,78925,7308,399,7,0,0.27073974,3.19471365,12.22243581,18.91033748,20.35559423,20.59263932,20.60996966
2025/10/04,14:56:39,2954.310000,295431,118172,78367,7267,389,7,0,0.27035098,3.19012621,12.15406241,18.80447679,20.21081035,20.45549607,20.47282641
2025/10/04,14:56:40,2950.960000,295096,118038,77920,7229,380,8,0,0.27004429,3.18650733,12.09923211,18.71516532,20.08947064,20.34399328,20.36132362
2025/10/04,14:56:41,2946.010000,294601,117840,77380,7172,374,8,0,0.26959115,3.18116008,12.03216705,18.59561714,19.94733321,20.22041609,20.23774643
2025/10/04,14:56:42,2940.190000,294019,117607,76781,7112,370,9,0,0.26905905,3.17488139,11.95736821,18.46584792,19.80441734,20.09281241,20.11014275
2025/10/04,14:56:43,2932.850000,293285,117314,76122,7056,369,9,0,0.26838751,3.16695725,11.87402058,18.33134316,19.66761788,19.96909791,19.98642825
2025/10/04,14:56:44,2924.030000,292403,116961,75452,6996,369,9,0,0.26758024,3.15743151,11.78792810,18.19044136,19.52671608,19.83475406,19.85208440
2025/10/04,14:56:45,2916.040000,291604,116641,74864,6946,370,10,0,0.26684882,3.14880094,11.71200139,18.06843086,19.40713037,19.71956094,19.73689128
2025/10/04,14:56:46,2908.820000,290882,116353,74336,6900,365,9,0,0.26618810,3.14100453,11.64378782,17.95869073,19.28092622,19.58351986,19.60085020
2025/10/04,14:56:47,2900.400000,290040,116016,73690,6837,357,9,0,0.26541735,3.13190971,11.56081654,17.81777590,19.11091386,19.39819531,19.41552565
2025/10/04,14:56:48,2891.350000,289135,115654,72979,6765,348,8,0,0.26458966,3.12214279,11.46974880,17.66113720,18.91981851,19.19073602,19.20806636
2025/10/04,14:56:49,2883.290000,288329,115331,72301,6700,335,7,0,0.26385193,3.11343786,11.38347548,17.51559526,18.72897520,18.97474360,18.99207394
2025/10/04,14:56:50,2874.560000,287456,114982,71577,6637,323,7,0,0.26305300,3.10401031,11.29118786,17.36507308,18.53250842,18.75535493,18.76402010
2025/10/04,14:56:51,2866.250000,286625,114650,70836,6573,311,6,0,0.26229259,3.09503750,11.19754543,17.21287306,18.33679220,18.54104755,18.54971272
2025/10/04,14:56:52,2859.490000,285949,114379,70131,6521,301,6,0,0.26167372,3.08773494,11.10951969,17.07698640,18.16734147,18.35959453,18.36825970
2025/10/04,14:56:53,2851.410000,285141,114056,69328,6464,293,5,0,0.26093464,3.07901382,11.00895088,16.92493651,17.98479194,18.16612540,18.17479057
2025/10/04,14:56:54,2843.950000,284395,113758,68582,6421,285,5,0,0.26025211,3.07096001,10.91557708,16.79155522,17.82473791,17.99731713,18.00598230
2025/10/04,14:56:55,2838.210000,283821,113528,67984,6392,281,5,0,0.25972616,3.06475381,10.84106073,16.69125029,17.70694989,17.87408477,17.88274994
2025/10/04,14:56:56,2835.140000,283514,113405,67531,6372,278,5,0,0.25944533,3.06144001,10.78590950,16.61735495,17.62437805,17.78823396,17.79689913
2025/10/04,14:56:57,2845.720000,284572,113829,67760,6407,283,5,0,0.26041402,3.07287051,10.82355560,16.68670396,17.70955146,17.87229376,17.88095893
2025/10/04,14:56:58,2859.360000,285936,114374,68171,6453,288,5,0,0.26166160,3.08759195,10.88525115,16.79115415,17.83531166,17.99916757,18.00783274
2025/10/04,14:56:59,2873.680000,287368,114947,68624,6499,294,5,0,0.26297221,3.10305699,10.95247699,16.89990747,17.96576164,18.12961755,18.13828272
2025/10/04,14:57:00,2888.150000,288815,115526,69078,6536,298,5,0,0.26429638,3.11868218,11.02004873,17.00170231,18.07878787,18.24264378,18.25130895
2025/10/04,14:57:01,2904.530000,290453,116181,69672,6578,300,5,0,0.26579539,3.13637040,11.10571984,17.12544272,18.21184440,18.37678299,18.38544816
2025/10/04,14:57:02,2920.040000,292004,116801,70191,6608,302,5,0,0.26721458,3.15311672,11.18179669,17.22931132,18.32273081,18.48766940,18.49633457
2025/10/04,14:57:03,2934.830000,293483,117393,70663,6633,303,5,0,0.26856790,3.16908604,11.25171209,17.32178407,18.41916057,18.58301648,18.59168165
2025/10/04,14:57:04,2947.430000,294743,117897,71323,6654,306,5,0,0.26972177,3.18270161,11.34087239,17.43010850,18.53756361,18.70141952,18.71008469
2025/10/04,14:57:05,2946.840000,294684,117873,72454,6623,307,5,0,0.26966764,3.18206287,11.46964360,17.53099005,18.64086995,18.80361225,18.81227742
2025/10/04,14:57:06,2943.530000,294353,117741,73527,6574,304,5,0,0.26936477,3.17848883,11.58877004,17.60558380,18.70742683,18.86800377,18.87666894
2025/10/04,14:57:07,2939.230000,293923,117569,74500,6515,301,5,0,0.26897099,3.17384226,11.69537630,17.65741369,18.74624017,18.90353813,18.91220330
2025/10/04,14:57:08,2934.640000,293464,117385,75441,6462,297,5,0,0.26855094,3.16888584,11.79804953,17.71225802,18.78883043,18.94393210,18.95259727
2025/10/04,14:57:09,2925.600000,292560,117024,76189,6402,294,4,0,0.26772395,3.15912749,11.87384142,17.73256250,18.79790714,18.95084345,18.95950862
2025/10/04,14:57:10,2907.340000,290734,116293,76867,6324,295,4,0,0.26605279,3.13940771,11.93169004,17.71915279,18.78653917,18.93836186,18.94702703
2025/10/04,14:57:11,2887.890000,288789,115515,77565,6248,296,4,0,0.26427279,3.11840380,11.99055693,17.70899145,18.78109733,18.93292002,18.94158519
2025/10/04,14:57:12,2867.730000,286773,114709,77893,6177,294,4,0,0.26242783,3.09663338,12.00632462,17.65941422,18.72526839,18.87492572,18.88359089
2025/10/04,14:57:13,2846.630000,284663,113865,77017,6098,287,4,0,0.26049691,3.07384864,11.88335494,17.46421711,18.50480428,18.64898634,18.65765151
2025/10/04,14:57:14,2825.520000,282552,113021,76012,6021,281,4,0,0.25856551,3.05105817,11.74560335,17.25556316,18.27458014,18.41440055,18.42306572
2025/10/04,14:57:15,2803.890000,280389,112155,74961,5946,276,4,0,0.25658627,3.02770330,11.60203227,17.04357697,18.04268607,18.17814482,18.18680999
2025/10/04,14:57:16,2781.470000,278147,111259,73838,5862,270,4,0,0.25453455,3.00349328,11.44934945,16.81391641,17.79222504,17.92440482,17.93306999
2025/10/04,14:57:17,2761.550000,276155,110462,72755,5790,266,4,0,0.25271108,2.98197648,11.30396066,16.60260160,17.56661804,17.69551885,17.70418402
2025/10/04,14:57:18,2751.230000,275123,110049,71801,5745,261,4,0,0.25176673,2.97083294,11.18373332,16.44175182,17.38700592,17.51262775,17.52129292
2025/10/04,14:57:19,2742.460000,274246,109698,70856,5699,255,3,0,0.25096469,2.96136914,11.06615535,16.28177428,17.20686753,17.32921039,17.33787556
2025/10/04,14:57:20,2733.520000,273352,109340,69918,5643,250,3,0,0.25014621,2.95171091,10.94912598,16.11323271,17.01701235,17.13496262,17.14362779
2025/10/04,14:57:21,2722.720000,272272,108909,68865,5579,243,3,0,0.24915803,2.94005063,10.81701924,15.92276147,16.80382538,16.91852761,16.92719278
2025/10/04,14:57:22,2711.690000,271169,108467,67834,5527,238,3,0,0.24814829,2.92813582,10.68719052,15.74500777,16.60692990,16.71943583,16.72810100
2025/10/04,14:57:23,2701.570000,270157,108062,66932,5481,234,3,0,0.24722226,2.91720867,10.57312965,15.58906436,16.43567162,16.54598126,16.55464643
2025/10/04,14:57:24,2692.090000,269209,107683,66123,5439,234,3,0,0.24635514,2.90697651,10.47034302,15.44849944,16.29510670,16.41744956,16.42611473
2025/10/04,14:57:25,2681.550000,268155,107262,65324,5387,232,4,0,0.24539097,2.89559938,10.36757469,15.29745015,16.13793218,16.27227732,16.28094249
2025/10/04,14:57:26,2662.630000,266263,106505,64514,5329,229,4,0,0.24365896,2.87516175,10.25452597,15.13159528,15.95918724,16.10228662,16.11095179
2025/10/04,14:57:27,2640.000000,264000,105600,63694,5287,225,4,0,0.24158865,2.85073247,10.13628184,14.97460376,15.79045480,15.94227749,15.95094266
2025/10/04,14:57:28,2616.950000,261695,104678,62873,5249,222,5,0,0.23947886,2.82583701,10.01750279,14.82140760,15.62654040,15.78711734,15.79578251
2025/10/04,14:57:29,2594.740000,259474,103789,62126,5216,220,5,0,0.23744656,2.80185583,9.90804812,14.68173707,15.47806328,15.64628084,15.65494601
2025/10/04,14:57:30,2572.000000,257200,102880,61358,5171,217,5,0,0.23536521,2.77729597,9.79560735,14.52763979,15.31286471,15.48655754,15.49522271
2025/10/04,14:57:31,2549.730000,254973,101989,60604,5133,214,5,0,0.23332764,2.75325280,9.68531106,14.38266742,15.15844973,15.33758690,15.34625207
2025/10/04,14:57:32,2528.470000,252847,101139,59906,5101,209,5,0,0.23138208,2.73029548,9.58261619,14.25095273,15.00784622,15.18262173,15.19128690
2025/10/04,14:57:33,2528.300000,252830,101132,60001,5174,212,5,0,0.23136608,2.73010673,9.59329334,14.32855793,15.09540717,15.27126536,15.27993053
2025/10/04,14:57:34,2593.760000,259376,103750,62061,5520,236,6,0,0.23735640,2.80079192,9.89952748,14.95094540,15.80457408,15.99790983,16.00657500
2025/10/04,14:57:35,2669.230000,266923,106769,64312,5891,263,6,0,0.24426286,2.88228792,10.23849423,15.63001287,16.58075618,16.79048680,16.79915197
2025/10/04,14:57:36,2743.440000,274344,109737,66393,6249,287,7,0,0.25105430,2.96242640,10.55669419,16.27541880,17.31498329,17.53782980,17.54649497
2025/10/04,14:57:37,2815.700000,281570,112628,68448,6585,309,7,0,0.25766678,3.04045324,10.86982973,16.89588605,18.01444607,18.24712951,18.25579468
2025/10/04,14:57:38,2885.180000,288518,115407,70459,6891,327,7,0,0.26402476,3.11547706,11.17486043,17.48165185,18.66657028,18.90689435,18.92422469
2025/10/04,14:57:39,2954.070000,295407,118162,72415,7185,344,8,0,0.27032868,3.18986308,11.47291562,18.04835542,19.29504285,19.55284447,19.57017481
2025/10/04,14:57:40,3021.850000,302185,120874,74285,7468,360,9,0,0.27653180,3.26305936,11.76004207,18.59450060,19.89785088,20.18841131,20.20574165
2025/10/04,14:57:41,3070.220000,307022,122808,75424,7645,367,9,0,0.28095757,3.31528316,11.94259271,18.93898919,20.26556473,20.57360271,20.59093305
2025/10/04,14:57:42,3061.000000,306100,122440,74573,7540,351,9,0,0.28011416,3.30533125,11.83524302,18.73527159,20.00544086,20.31239616,20.32972650
2025/10/04,14:57:43,3045.320000,304532,121813,73544,7390,332,9,0,0.27867956,3.28840287,11.70067548,18.46381070,19.66557620,19.96705623,19.98438657
2025/10/04,14:57:44,3031.710000,303171,121268,72730,7251,315,9,0,0.27743401,3.27370528,11.59278105,18.22833046,19.36884010,19.66704116,19.68437150
2025/10/04,14:57:45,3020.460000,302046,120818,71952,7129,301,9,0,0.27640463,3.26155881,11.49165091,18.01628864,19.10434901,19.40146739,19.41013256
2025/10/04,14:57:46,3010.920000,301092,120436,71181,7027,289,9,0,0.27553121,3.25125231,11.39316451,17.82411650,18.87006279,19.16826385,19.17692902
2025/10/04,14:57:47,2993.690000,299369,119747,70212,6885,275,9,0,0.27395438,3.23264601,11.26368501,17.56491808,18.56147590,18.84331302,18.85197819
2025/10/04,14:57:48,2974.330000,297433,118973,69171,6739,261,8,0,0.27218294,3.21174312,11.12377769,17.29128459,18.23794442,18.48590911,18.49457428
2025/10/04,14:57:49,2955.390000,295539,118215,68161,6610,249,7,0,0.27044938,3.19128736,10.98783167,17.03696238,17.93895685,18.16616502,18.17483019
2025/10/04,14:57:50,2938.200000,293820,117528,67498,6496,242,7,0,0.26887653,3.17272779,10.89343260,16.83837399,17.71535441,17.95676116,17.96542633
2025/10/04,14:57:51,2921.520000,292152,116860,67292,6395,241,9,0,0.26735005,3.15471543,10.85185444,16.70472617,17.57749663,17.85605477,17.86471994
2025/10/04,14:57:52,2904.770000,290477,116191,67110,6314,241,9,0,0.26581753,3.13663161,10.81288697,16.59104218,17.46240691,17.76827953,17.77694470
2025/10/04,14:57:53,2888.980000,288898,115559,67014,6251,241,10,0,0.26437217,3.11957641,10.78492137,16.50565006,17.37842052,17.70393605,17.71260122
2025/10/04,14:57:54,2875.220000,287522,115008,67031,6202,242,10,0,0.26311317,3.10472054,10.77194779,16.44772376,17.32496076,17.66467487,17.67334004
2025/10/04,14:57:55,2868.520000,286852,114741,67234,6191,245,11,0,0.26250038,3.09748949,10.78792304,16.45390739,17.34262873,17.69437606,17.70304123
2025/10/04,14:57:56,2859.080000,285908,114363,67468,6170,249,11,0,0.26163614,3.08729164,10.80454278,16.45133096,17.35166674,17.71213737,17.72080254
2025/10/04,14:57:57,2841.290000,284129,113651,67744,6125,252,11,0,0.26000828,3.06808286,10.81685330,16.42259901,17.33326998,17.69374061,17.70240578
2025/10/04,14:57:58,2820.920000,282092,112836,67810,6080,250,10,0,0.25814400,3.04608459,10.80238450,16.36631264,17.27328318,17.60643934,17.61510451
2025/10/04,14:57:59,2799.730000,279973,111989,67379,6026,244,9,0,0.25620526,3.02320737,10.73024288,16.24475900,17.12773817,17.41393694,17.42260211
2025/10/04,14:58:00,2778.060000,277806,111122,66891,5959,237,8,0,0.25422263,2.99981247,10.65100738,16.10441276,16.96212492,17.21117229,17.21983746
2025/10/04,14:58:01,2755.520000,275552,110221,66323,5876,229,7,0,0.25215992,2.97547281,10.56169412,15.93886391,16.76952029,16.98908783,16.99775300
2025/10/04,14:58:02,2732.650000,273265,109306,65693,5790,222,6,0,0.25006661,2.95077185,10.46492235,15.76356329,16.56691092,16.76460832,16.77327349
2025/10/04,14:58:03,2710.430000,271043,108417,65094,5708,215,5,0,0.24803341,2.92678016,10.37244288,15.59604427,16.37399480,16.55532826,16.56399343
2025/10/04,14:58:04,2692.540000,269254,107701,64514,5638,208,5,0,0.24639608,2.90745982,10.28674729,15.44619980,16.20054202,16.36984226,16.37850743
2025/10/04,14:58:05,2678.370000,267837,107134,63763,5571,201,5,0,0.24509931,2.89215783,10.18562843,15.28439024,16.01244278,16.17190610,16.18057127
2025/10/04,14:58:06,2648.570000,264857,105942,62904,5505,193,4,0,0.24237243,2.85998079,10.05518111,15.09347825,15.79434852,15.94289224,15.95155741
2025/10/04,14:58:07,2613.320000,261332,104532,62033,5437,186,4,0,0.23914632,2.82191308,9.91743735,14.89323463,15.56845484,15.70716164,15.71582681
2025/10/04,14:58:08,2578.450000,257845,103138,61193,5365,180,4,0,0.23595554,2.78426198,9.78379012,14.69379041,15.34476268,15.47582885,15.48449402
2025/10/04,14:58:09,2543.740000,254374,101749,60408,5296,174,4,0,0.23277939,2.74678347,9.65646344,14.50344592,15.13259505,15.25710327,15.26576844
2025/10/04,14:58:10,2509.940000,250994,100397,59710,5234,168,3,0,0.22968643,2.71028685,9.54017277,14.33043977,14.94070008,15.05976396,15.06842913
2025/10/04,14:58:11,2475.870000,247587,99034,59005,5177,163,3,0,0.22656851,2.67349565,9.42265439,14.16047121,14.75286537,14.86645398,14.87511915
2025/10/04,14:58:12,2441.600000,244160,97664,58295,5132,159,3,0,0.22343299,2.63649666,9.30448784,14.00165111,14.57924355,14.68955319,14.68955319
2025/10/04,14:58:13,2411.920000,241192,96477,57737,5110,156,3,0,0.22071661,2.60444355,9.20855989,13.88545998,14.45271362,14.56085790,14.56085790
2025/10/04,14:58:14,2399.300000,239930,95972,57215,5082,154,3,0,0.21956177,2.59081653,9.13524272,13.78583719,14.34313869,14.44908668,14.44908668
2025/10/04,14:58:15,2391.590000,239159,95663,56688,5048,151,3,0,0.21885640,2.58249298,9.06670401,13.68630661,14.23352589,14.34275285,14.34275285
2025/10/04,14:58:16,2384.160000,238416,95366,56179,5021,149,4,0,0.21817636,2.57446872,9.00041561,13.59552267,14.13508451,14.25959273,14.25959273
2025/10/04,14:58:17,2377.370000,237737,95094,55715,5008,147,4,0,0.21755468,2.56713279,8.93998186,13.52316419,14.05774996,14.19865305,14.19865305
2025/10/04,14:58:18,2370.870000,237087,94834,55284,4996,146,5,0,0.21695957,2.56011052,8.88371945,13.45565513,13.98615742,14.14237270,14.14237270
2025/10/04,14:58:19,2381.980000,238198,95279,55480,5067,150,5,0,0.21797674,2.57211303,8.91814062,13.55564726,14.09980212,14.28221826,14.28221826
2025/10/04,14:58:20,2409.070000,240907,96362,56184,5201,157,6,0,0.22045543,2.60136142,9.02794245,13.78776755,14.35680997,14.56873688,14.57740205
2025/10/04,14:58:21,2435.980000,243598,97439,56850,5308,163,7,0,0.22291812,2.63042104,9.13316080,13.99084086,14.58132338,14.81836847,14.82703364
2025/10/04,14:58:22,2462.260000,246226,98490,57460,5406,168,8,0,0.22532280,2.65879617,9.23127197,14.17911553,14.78873982,15.04762412,15.05628929
2025/10/04,14:58:23,2488.560000,248856,99542,58081,5504,174,8,0,0.22773023,2.68720370,9.33068793,14.36795100,15.00003445,15.27311733,15.28178250
2025/10/04,14:58:24,2514.300000,251430,100572,58682,5600,187,8,0,0.23008547,2.71499538,9.42725426,14.55264563,15.23143618,15.50560174,15.51426691
2025/10/04,14:58:25,2539.850000,253985,101594,59288,5700,202,8,0,0.23242342,2.74258306,9.52419022,14.74107016,15.47142101,15.74558657,15.75425174
2025/10/04,14:58:26,2564.580000,256458,102583,59860,5796,215,8,0,0.23468662,2.76928888,9.61633815,14.92063444,15.69922099,15.97230387,15.98096904
2025/10/04,14:58:27,2572.280000,257228,102891,59859,5804,223,8,0,0.23539106,2.77760105,9.62450894,14.93578566,15.74296020,16.00184450,16.01050967
2025/10/04,14:58:28,2565.330000,256533,102613,59431,5742,228,7,0,0.23475555,2.77010208,9.56808083,14.82319113,15.65001698,15.89470270,15.90336787
2025/10/04,14:58:29,2558.470000,255847,102339,59036,5702,239,7,0,0.23412780,2.76269466,9.51547269,14.73383876,15.59844225,15.84312797,15.85179314
2025/10/04,14:58:30,2552.750000,255275,102110,58729,5681,249,7,0,0.23360418,2.75651606,9.47413114,14.67346302,15.57685961,15.82262801,15.83129318
2025/10/04,14:58:31,2547.630000,254763,101905,58465,5668,259,7,0,0.23313520,2.75098197,9.43842690,14.62576907,15.56387888,15.81076089,15.81942606
2025/10/04,14:58:32,2542.810000,254281,101712,58242,5661,261,7,0,0.23269391,2.74577484,9.40765844,14.58844022,15.53395089,15.78083290,15.78949807
2025/10/04,14:58:33,2537.270000,253727,101490,57954,5635,260,7,0,0.23218702,2.73979358,9.36879250,14.52559486,15.46727862,15.71196434,15.72062951
2025/10/04,14:58:34,2532.150000,253215,101286,57708,5610,259,7,0,0.23171866,2.73426709,9.33507514,14.46957913,15.40819847,15.64960522,15.65827039
2025/10/04,14:58:35,2528.200000,252820,101128,58968,5594,263,7,0,0.23135768,2.73000757,9.47496126,14.59447034,15.54661577,15.78910520,15.79777037
2025/10/04,14:58:36,2524.920000,252492,100997,62879,5583,273,7,0,0.23105746,2.72646496,9.91881749,15.02840591,16.01641371,16.26329572,16.27196089
2025/10/04,14:58:37,2521.950000,252195,100878,66854,5565,279,7,0,0.23078503,2.72325031,10.37023617,15.46347166,16.47304604,16.71445279,16.72311796
2025/10/04,14:58:38,2519.630000,251963,100785,70853,5541,284,7,0,0.23057336,2.72075259,10.82521555,15.89592664,16.92528242,17.16668917,17.17535434
2025/10/04,14:58:39,2518.660000,251866,100746,76832,5521,295,8,0,0.23048400,2.71969819,11.50797747,16.56084949,17.62925494,17.88813924,17.89680441
2025/10/04,14:58:40,2517.400000,251740,100696,84215,5487,305,8,0,0.23036905,2.71834161,12.35111193,17.37234602,18.47763291,18.75291208,18.76157725
2025/10/04,14:58:41,2516.610000,251661,100664,91433,5454,314,9,0,0.23029715,2.71749314,13.17593913,18.16708639,19.30261996,19.58881873,19.59748390
2025/10/04,14:58:42,2515.280000,251528,100611,98362,5416,320,9,0,0.23017547,2.71605741,13.96707214,18.92402832,20.08317021,20.37920591,20.39653625
2025/10/04,14:58:43,2514.200000,251420,100568,103502,5384,322,9,0,0.23007626,2.71488670,14.55376199,19.48085828,20.64625187,20.94992819,20.96725853
2025/10/04,14:58:44,2513.560000,251356,100542,106172,5473,318,9,0,0.23001783,2.71419743,14.85852333,19.86696059,21.01972068,21.32447968,21.34181002
2025/10/04,14:58:45,2513.330000,251333,100533,108723,5643,318,9,0,0.22999628,2.71394291,15.15004613,20.31476690,21.46612488,21.76980120,21.78713154
2025/10/04,14:58:46,2512.190000,251219,100487,111066,5811,318,9,0,0.22989244,2.71271784,15.41682656,20.73508370,21.88554909,22.18375015,22.20108049
2025/10/04,14:58:47,2508.270000,250827,100331,111122,5954,311,8,0,0.22953399,2.70848791,15.41897884,20.86798897,21.99190811,22.26826996,22.27693513
2025/10/04,14:58:48,2504.210000,250421,100168,109268,6065,302,8,0,0.22916186,2.70409685,15.20253188,20.75269318,21.84687878,22.09920513,22.10787030
2025/10/04,14:58:49,2500.560000,250056,100022,107413,6172,296,7,0,0.22882777,2.70015476,14.98643290,20.63509522,21.70835025,21.94428173,21.95294690
2025/10/04,14:58:50,2497.580000,249758,99903,105558,6299,296,7,0,0.22855534,2.69694012,14.77100486,20.53587823,21.60607246,21.82891897,21.83758414
2025/10/04,14:58:51,2492.330000,249233,99693,103222,6410,295,6,0,0.22807512,2.69127350,14.49814874,20.36423825,21.43187759,21.64160821,21.65027338
2025/10/04,14:58:52,2485.360000,248536,99414,100639,6387,291,6,0,0.22743670,2.68374022,14.19520273,20.04051203,21.09488186,21.28933122,21.29799639
2025/10/04,14:58:53,2478.370000,247837,99134,97713,6264,283,5,0,0.22679709,2.67619266,13.85292704,19.58590350,20.61066627,20.78980344,20.79846861
2025/10/04,14:58:54,2471.020000,247102,98840,94487,6121,274,5,0,0.22612448,2.66825610,13.47593966,19.07790415,20.07037849,20.23639976,20.24506493
2025/10/04,14:58:55,2465.080000,246508,98603,91620,5993,267,5,0,0.22558124,2.66184587,13.14167238,18.62603669,19.59158534,19.74668701,19.75535218
2025/10/04,14:58:56,2459.160000,245916,98366,89213,5895,260,4,0,0.22503961,2.65545471,12.85988763,18.25502551,19.19657917,19.34295753,19.35162270
2025/10/04,14:58:57,2453.180000,245318,98127,86914,5802,254,4,0,0.22449259,2.64899968,12.59056929,17.90068199,18.81965002,18.95835682,18.96702199
2025/10/04,14:58:58,2446.480000,244648,97859,84728,5691,244,4,0,0.22387896,2.64175907,12.33321778,17.54140422,18.42668170,18.55886148,18.56752665
2025/10/04,14:58:59,2440.360000,244036,97614,82902,5583,236,4,0,0.22331923,2.63515433,12.11771193,17.22752638,18.08038896,18.20709347,18.21575864
2025/10/04,14:59:00,2434.150000,243415,97366,81183,5478,227,3,0,0.22275111,2.62845047,11.91448363,16.92802626,17.75064215,17.87298501,17.88165018
2025/10/04,14:59:01,2427.040000,242704,97081,79721,5389,219,3,0,0.22210002,2.62076754,11.73948914,16.67101271,17.46491412,17.58286439,17.59152956
2025/10/04,14:59:02,2420.090000,242009,96803,78501,5318,212,3,0,0.22146410,2.61326381,11.59247296,16.45910458,17.22850510,17.34320733,17.35187250
2025/10/04,14:59:03,2412.610000,241261,96504,77250,5246,206,3,0,0.22077972,2.60518810,11.44134225,16.24275889,16.98816804,17.09847768,17.10714285
2025/10/04,14:59:04,2404.150000,240415,96166,75956,5182,199,3,0,0.22000590,2.59605704,11.28417563,16.02635567,16.74802641,16.85505708,16.86372225
2025/10/04,14:59:05,2394.530000,239453,95781,74616,5115,192,3,0,0.21912479,2.58565995,11.12054428,15.80174262,16.49839931,16.60106832,16.60973349
2025/10/04,14:59:06,2384.850000,238485,95394,73311,5048,185,3,0,0.21823915,2.57520946,10.96078572,15.58093830,16.25258456,16.35089192,16.35955709
2025/10/04,14:59:07,2374.580000,237458,94983,71997,4978,178,3,0,0.21729954,2.56412215,10.79938469,15.35535636,16.00122247,16.09405456,16.10271973
2025/10/04,14:59:08,2364.160000,236416,94566,70701,4917,173,2,0,0.21634578,2.55286799,10.63994547,15.13994472,15.76717858,15.85564901,15.86431418
2025/10/04,14:59:09,2354.330000,235433,94173,69521,4874,171,2,0,0.21544608,2.54225164,10.49425186,14.95479177,15.57449829,15.66077243,15.66943760
2025/10/04,14:59:10,2344.510000,234451,93780,68407,4841,169,2,0,0.21454784,2.53165243,10.35628673,14.78693381,15.40064159,15.48691573,15.49558090
2025/10/04,14:59:11,2336.240000,233624,93449,67446,4819,169,2,0,0.21379060,2.52271682,10.23745543,14.64813125,15.25954071,15.34581485,15.35448002
2025/10/04,14:59:12,2345.420000,234542,93816,67567,4876,176,2,0,0.21463073,2.53263056,10.26120410,14.72381215,15.36036214,15.45211155,15.46077672
2025/10/04,14:59:13,2364.390000,236439,94575,69018,4978,186,3,0,0.21636705,2.55311875,10.44767884,15.00310053,15.67768112,15.77598848,15.78465365
2025/10/04,14:59:14,2384.290000,238429,95371,70655,5083,197,3,0,0.21818848,2.57461172,10.65639351,15.30831306,16.02041472,16.12416641,16.13283158
2025/10/04,14:59:15,2405.100000,240510,96204,72349,5190,207,3,0,0.22009258,2.59707997,10.87263541,15.62276497,16.37200103,16.48231067,16.49097584
2025/10/04,14:59:16,2426.960000,242696,97078,74120,5293,215,3,0,0.22209249,2.62067887,11.09881372,15.94327600,16.72339476,16.83698337,16.84564854
2025/10/04,14:59:17,2448.700000,244870,97948,75846,5381,221,3,0,0.22408200,2.64415480,11.31972698,16.24469016,17.04446384,17.16024875,17.16891392
2025/10/04,14:59:18,2470.620000,247062,98825,77566,5461,226,3,0,0.22608845,2.66783092,11.54013755,16.53784520,17.35522845,17.47209604,17.48076121
2025/10/04,14:59:19,2491.110000,249111,99644,79130,5550,230,3,0,0.22796356,2.68995694,11.74116015,16.82004770,17.65351192,17.77146219,17.78012736
2025/10/04,14:59:20,2495.960000,249596,99838,79801,5576,228,3,0,0.22840669,2.69518598,11.82308507,16.92633913,17.75240249,17.87146637,17.88013154
2025/10/04,14:59:21,2491.960000,249196,99678,79226,5561,223,3,0,0.22804063,2.69086642,11.75302040,16.84263665,17.64878851,17.76673878,17.77540395
2025/10/04,14:59:22,2488.100000,248810,99524,78606,5551,218,3,0,0.22768806,2.68670607,11.67789200,16.75794265,17.54725105,17.66520132,17.67386649
2025/10/04,14:59:23,2484.660000,248466,99386,78059,5546,214,3,0,0.22737313,2.68298995,11.61162593,16.68721727,17.46223348,17.58129736,17.58996253
2025/10/04,14:59:24,2480.740000,248074,99229,77483,5542,210,3,0,0.22701474,2.67876095,11.54152657,16.61372470,17.37470168,17.49484824,17.50351341
2025/10/04,14:59:25,2475.850000,247585,99034,76804,5533,206,3,0,0.22656651,2.67347183,11.45862869,16.52235935,17.26840451,17.38963375,17.39829892
2025/10/04,14:59:26,2470.080000,247008,98803,76007,5517,202,3,0,0.22603878,2.66724465,11.36117594,16.41020269,17.14106307,17.26229231,17.27095748
2025/10/04,14:59:27,2464.720000,246472,98589,75254,5481,197,3,0,0.22554870,2.66146171,11.26932163,16.28570841,17.00023486,17.12038142,17.12904659
2025/10/04,14:59:28,2459.890000,245989,98395,74666,5449,194,3,0,0.22510628,2.65624122,11.19681701,16.18327893,16.88465873,17.00260900,17.01127417
2025/10/04,14:59:29,2454.760000,245476,98190,74425,5463,193,3,0,0.22463727,2.65070707,11.16372212,16.16372485,16.86331948,16.97802171,16.98668688
2025/10/04,14:59:30,2448.660000,244866,97946,74073,5492,197,3,0,0.22407884,2.64411762,11.11686401,16.14346336,16.85785972,16.97036565,16.97903082
2025/10/04,14:59:31,2442.850000,244285,97714,73748,5540,205,3,0,0.22354732,2.63784563,11.07339317,16.14323216,16.88468430,16.99610755,17.00477272
2025/10/04,14:59:32,2436.610000,243661,97464,73351,5579,211,3,0,0.22297603,2.63110458,11.02129790,16.12694313,16.89174702,17.00205666,17.01072183
2025/10/04,14:59:33,2430.230000,243023,97209,72949,5614,217,3,0,0.22239207,2.62421385,10.96834595,16.10647010,16.89246112,17.00168808,17.01035325
2025/10/04,14:59:34,2423.890000,242389,96955,72581,5648,222,3,0,0.22181160,2.61736414,10.91947856,16.08865864,16.89404801,17.00107868,17.00974385
2025/10/04,14:59:35,2417.870000,241787,96715,72269,5681,228,3,0,0.22126115,2.61086904,10.87722674,16.07655862,16.90070672,17.00557203,17.01423720
2025/10/04,14:59:36,2410.310000,241031,96412,71691,5688,231,3,0,0.22056892,2.60270083,10.80302266,16.00862393,16.84412990,16.94788159,16.95654676
2025/10/04,14:59:37,2403.060000,240306,96122,70790,5646,231,3,0,0.21990595,2.59487776,10.69211025,15.85964222,16.69553124,16.79820025,16.80686542
2025/10/04,14:59:38,2396.250000,239625,95850,69910,5585,226,3,0,0.21928288,2.58752562,10.58408842,15.69551895,16.51302868,16.61241872,16.62108389
2025/10/04,14:59:39,2389.620000,238962,95585,69012,5510,217,3,0,0.21867591,2.58036322,10.47419630,15.51675966,16.30440937,16.40052043,16.40918560
2025/10/04,14:59:40,2383.980000,238398,95359,68222,5442,211,3,0,0.21815939,2.57426852,10.37773230,15.35863587,16.12127154,16.21521724,16.22388241
2025/10/04,14:59:41,2379.840000,237984,95193,67599,5387,205,3,0,0.21778064,2.56979926,10.30206885,15.23223532,15.97496310,16.06890880,16.07757397
2025/10/04,14:59:42,2376.580000,237658,95063,67105,5350,201,3,0,0.21748246,2.56628053,10.24193801,15.13862352,15.86603643,15.96214749,15.97081266
2025/10/04,14:59:43,2373.450000,237345,94938,66623,5331,197,3,0,0.21719581,2.56289807,10.18349870,15.06250712,15.77703357,15.87534093,15.88400610
2025/10/04,14:59:44,2370.960000,237096,94838,66195,5324,194,3,0,0.21696820,2.56021252,10.13179914,15.00437712,15.70779866,15.80938499,15.81805016
2025/10/04,14:59:45,2367.930000,236793,94717,65711,5311,191,3,0,0.21669076,2.55693875,10.07320189,14.93408116,15.62525225,15.72792126,15.73658643
2025/10/04,14:59:46,2363.720000,236372,94548,65160,5290,187,3,0,0.21630571,2.55239514,10.00565184,14.84688197,15.52427040,15.62693941,15.63560458
2025/10/04,14:59:47,2356.440000,235644,94257,64447,5247,182,3,0,0.21563927,2.54453107,9.91619620,14.71864691,15.37829568,15.47876840,15.48743357
2025/10/04,14:59:48,2342.730000,234273,93709,63659,5179,176,3,0,0.21438464,2.52972669,9.81132551,14.55101738,15.18999216,15.28829952,15.29696469
2025/10/04,14:59:49,2326.590000,232659,93063,62798,5100,170,3,0,0.21290761,2.51229779,9.69532333,14.36317486,14.97981696,15.07376266,15.08242783
2025/10/04,14:59:50,2311.520000,231152,92460,61978,5017,164,2,0,0.21152882,2.49602813,9.58525907,14.17655289,14.77098880,14.86054191,14.86054191
2025/10/04,14:59:51,2320.760000,232076,92830,62125,5046,167,2,0,0.21237455,2.50600768,9.61207483,14.22990030,14.83518454,14.92693395,14.93559912
2025/10/04,14:59:52,2353.000000,235300,94120,63115,5190,184,3,0,0.21532499,2.54082260,9.76012598,14.51038549,15.17641606,15.27908507,15.28775024
2025/10/04,14:59:53,2386.880000,238688,95475,64249,5329,199,3,0,0.21842481,2.57740025,9.92646095,14.80327220,15.52570904,15.63601868,15.64468385
2025/10/04,14:59:54,2422.150000,242215,96886,65491,5468,215,3,0,0.22165234,2.61548510,10.10661917,15.11088721,15.88845469,16.00532228,16.01398745
2025/10/04,14:59:55,2459.850000,245985,98394,66891,5640,236,4,0,0.22510224,2.65619357,10.30747335,15.46912394,16.32287910,16.44738732,16.45605249
2025/10/04,14:59:56,2503.830000,250383,100153,68395,5840,258,4,0,0.22912686,2.70368402,10.52689231,15.87200413,16.80552092,16.93878338,16.94744855
2025/10/04,14:59:57,2550.040000,255004,102001,69953,6049,279,4,0,0.23335631,2.75359123,10.75504172,16.29095117,17.30167470,17.44366047,17.45232564
2025/10/04,14:59:58,2595.090000,259509,103803,71423,6249,299,4,0,0.23747814,2.80222858,10.97181864,16.69096420,17.77404489,17.92370222,17.93236739
2025/10/04,14:59:59,2615.180000,261518,104607,71858,6319,309,4,0,0.23931705,2.82392750,11.04324246,16.82656893,17.94359674,18.09541943,18.10408460
2025/10/04,15:00:00,2612.010000,261201,104480,71422,6264,304,5,0,0.23902685,2.82050312,10.98999218,16.72283961,17.82238433,17.99060189,17.99926706
2025/10/04,15:00:01,2608.160000,260816,104326,70922,6222,300,6,0,0.23867492,2.81635038,10.92869019,16.62282226,17.70998643,17.90223949,17.91090466
2025/10/04,15:00:02,2604.070000,260407,104162,70409,6197,297,6,0,0.23830005,2.81192691,10.86557434,16.53731104,17.61414003,17.82495333,17.83361850
2025/10/04,15:00:03,2599.480000,259948,103979,69848,6156,289,7,0,0.23788032,2.80697430,10.79642376,16.43025314,17.47670896,17.70063815,17.70930332
2025/10/04,15:00:04,2594.230000,259423,103769,69205,6108,280,7,0,0.23739938,2.80129908,10.71722357,16.30706932,17.31983460,17.55360072,17.56226589
2025/10/04,15:00:05,2588.830000,258883,103553,68550,6072,272,7,0,0.23690565,2.79547323,10.63645887,16.19314853,17.17834849,17.41975524,17.42842041
2025/10/04,15:00:06,2582.390000,258239,103295,67826,6036,265,8,0,0.23631677,2.78852436,10.54672279,16.07044944,17.02974277,17.27770746,17.28637263
2025/10/04,15:00:07,2575.000000,257500,103000,67053,5995,258,8,0,0.23563974,2.78053541,10.45031156,15.93667995,16.87032322,17.12376318,17.13242835
2025/10/04,15:00:08,2567.110000,256711,102684,66270,5953,251,7,0,0.23491817,2.77202115,10.35224801,15.80025610,16.70773617,16.94366765,16.95233282
2025/10/04,15:00:09,2557.890000,255789,102315,65415,5905,243,6,0,0.23407464,2.76206736,10.24448844,15.64877188,16.52945273,16.74246232,16.75112749
2025/10/04,15:00:10,2547.920000,254792,101916,64513,5851,236,6,0,0.23316170,2.75129466,10.13053364,15.48521106,16.33820012,16.53153587,16.54020104
2025/10/04,15:00:11,2537.200000,253720,101488,63624,5794,228,5,0,0.23218063,2.73971826,10.01728578,15.32012797,16.14529513,16.32334962,16.33201479
2025/10/04,15:00:12,2522.850000,252285,100914,62758,5731,220,5,0,0.23086818,2.72423132,9.90274492,15.14770761,15.94594908,16.11308396,16.12174913
2025/10/04,15:00:13,2504.660000,250466,100186,61874,5651,212,5,0,0.22920297,2.70458208,9.78199374,14.95401797,15.72150322,15.87660489,15.88527006
2025/10/04,15:00:14,2487.790000,248779,99511,61159,5582,205,4,0,0.22765962,2.68637049,9.68200871,14.79066006,15.53211220,15.67957324,15.68823841
2025/10/04,15:00:15,2473.430000,247343,98937,63204,5600,203,4,0,0.22634562,2.67086541,9.90036418,15.02507655,15.76091300,15.90729136,15.91595653
2025/10/04,15:00:16,2459.600000,245960,98384,69494,5656,204,4,0,0.22507994,2.65593044,10.60492949,15.78128399,16.52043782,16.66681618,16.67548135
2025/10/04,15:00:17,2446.490000,244649,97859,75761,5716,205,4,0,0.22387977,2.64176860,11.30751702,16.53832487,17.28105265,17.42851369,17.43717886
2025/10/04,15:00:18,2434.020000,243402,97360,81547,5772,206,4,0,0.22273866,2.62830366,11.95597486,17.23871585,17.98616674,18.13471046,18.14337563
2025/10/04,15:00:19,2422.300000,242230,96892,86856,5824,208,4,0,0.22166633,2.61565003,12.55053042,17.88097036,18.63314074,18.78279807,18.79146324
2025/10/04,15:00:20,2414.480000,241448,96579,92057,5883,209,4,0,0.22095036,2.60720156,13.13701948,18.52110564,19.27850866,19.42816599,19.43683116
2025/10/04,15:00:21,2410.780000,241078,96431,97264,5948,211,4,0,0.22061255,2.60321563,13.72856096,19.17191574,19.93570056,20.08752325,20.09618842
2025/10/04,15:00:22,2415.520000,241552,96620,102235,6011,212,4,0,0.22104569,2.60832649,14.30229675,19.80343403,20.57219492,20.72401761,20.73268278
2025/10/04,15:00:23,2441.950000,244195,97678,104630,5998,209,4,0,0.22346492,2.63687323,14.60479495,20.09374851,20.85128163,20.99874267,21.00740784
2025/10/04,15:00:24,2471.840000,247184,98873,103150,5958,205,4,0,0.22619988,2.66914560,14.46779261,19.92013098,20.66234923,20.80544861,20.81411378
2025/10/04,15:00:25,2508.030000,250803,100321,102155,5958,203,4,0,0.22951169,2.70822478,14.39306193,19.84562725,20.58235629,20.72325938,20.73192455
2025/10/04,15:00:26,2545.700000,254570,101828,101696,5963,202,4,0,0.23295897,2.74890271,14.38117129,19.83884198,20.57187058,20.71057738,20.71924255
2025/10/04,15:00:27,2583.360000,258336,103334,101515,5970,201,4,0,0.23640506,2.78956634,14.40114916,19.86441114,20.59322978,20.73085390,20.73951907
2025/10/04,15:00:28,2621.140000,262114,104845,101366,5977,200,4,0,0.23986262,2.83036536,14.42493032,19.89539876,20.62000383,20.75546258,20.76412775
2025/10/04,15:00:29,2659.020000,265902,106361,101211,5987,199,4,0,0.24332923,2.87127115,14.44805875,19.92680065,20.64821482,20.78255996,20.79122513
2025/10/04,15:00:30,2688.740000,268874,107549,100914,5990,198,4,0,0.24604861,2.90335955,14.44624046,19.92821360,20.64567438,20.77785416,20.78651933
2025/10/04,15:00:31,2695.120000,269512,107804,100458,5988,197,4,0,0.24663225,2.91024645,14.40099494,19.88141698,20.59479427,20.72586044,20.73452561
2025/10/04,15:00:32,2697.670000,269767,107906,99792,5974,195,4,0,0.24686558,2.91299969,14.32752493,19.79476213,20.50060847,20.62839566,20.63706083
2025/10/04,15:00:33,2697.530000,269753,107901,98704,5925,191,3,0,0.24685272,2.91284810,14.20291159,19.62532510,20.31649619,20.43992173,20.44858690
2025/10/04,15:00:34,2747.420000,274742,109896,97863,5876,187,3,0,0.25141809,2.96671926,14.16058874,19.53863154,20.21589350,20.33604006,20.34470523
2025/10/04,15:00:35,2813.610000,281361,112544,97455,5830,183,3,0,0.25747537,3.03819478,14.18546189,19.52058808,20.18495996,20.30182755,20.31049272
2025/10/04,15:00:36,2879.460000,287946,115178,96417,5779,180,3,0,0.26350178,3.10930610,14.13778279,19.42617913,20.07817047,20.19287270,20.20153787
2025/10/04,15:00:37,2944.940000,294494,117797,95132,5726,177,3,0,0.26949378,3.18001130,14.06155919,19.30206258,19.94192995,20.05443588,20.06310105
2025/10/04,15:00:38,3009.440000,300944,120377,93867,5673,173,3,0,0.27539554,3.24965162,13.98648025,19.17789464,19.80640414,19.91782739,19.92649256
2025/10/04,15:00:39,3074.540000,307454,122981,92772,5625,171,3,0,0.28135306,3.31994978,13.93151289,19.07926669,19.69769758,19.80800722,19.81667239
2025/10/04,15:00:40,3139.110000,313911,125564,91685,5577,168,3,0,0.28726206,3.38967588,13.87687825,18.98042332,19.58915503,19.69838199,19.70704716
2025/10/04,15:00:41,3204.160000,320416,128166,90441,5520,165,3,0,0.29321528,3.45992348,13.80485048,18.85675341,19.45399716,19.56102783,19.56969300
2025/10/04,15:00:42,3215.130000,321513,128605,88761,5457,161,3,0,0.29421871,3.47176391,13.62454115,18.61830652,19.20329982,19.30816513,19.30816513
2025/10/04,15:00:43,3203.260000,320326,128130,86840,5398,159,3,0,0.29313271,3.45894916,13.39201190,18.33245500,18.90787561,19.01274092,19.01274092
2025/10/04,15:00:44,3191.930000,319193,127677,85640,5345,156,3,0,0.29209599,3.44671595,13.24253628,18.13447148,18.70083253,18.80458422,18.80458422
2025/10/04,15:00:45,3183.420000,318342,127337,85060,5299,155,3,0,0.29131732,3.43752769,13.16700102,18.01673065,18.57888174,18.68155075,18.68155075
2025/10/04,15:00:46,3177.550000,317755,127102,85053,5260,156,3,0,0.29078015,3.43118895,13.15983827,17.97359968,18.54047027,18.64205660,18.64205660
2025/10/04,15:00:47,3171.420000,317142,126857,85043,5235,165,3,0,0.29021888,3.42456611,13.15210866,17.94298969,18.54176565,18.64335198,18.65201715
2025/10/04,15:00:48,3165.510000,316551,126620,85067,5217,176,3,0,0.28967789,3.41818256,13.14843553,17.92312561,18.56184743,18.66671274,18.67537791
2025/10/04,15:00:49,3159.840000,315984,126393,85106,5201,187,3,0,0.28915928,3.41206308,13.14672298,17.90645108,18.58319989,18.69023056,18.69889573
2025/10/04,15:00:50,3154.870000,315487,126195,85201,5186,197,3,0,0.28870436,3.40669486,13.15226516,17.89877548,18.61163963,18.71978391,18.72844908
2025/10/04,15:00:51,3149.810000,314981,125992,85297,5170,206,3,0,0.28824126,3.40123033,13.15778377,17.88968718,18.63649844,18.74464272,18.75330789
2025/10/04,15:00:52,3143.440000,314344,125737,85272,5151,215,3,0,0.28765836,3.39435200,13.14800515,17.86255450,18.64063151,18.74877579,18.75744096
2025/10/04,15:00:53,3136.040000,313604,125441,84878,5140,223,3,0,0.28698123,3.38636208,13.09496389,17.79907464,18.60663223,18.71585919,18.72452436
2025/10/04,15:00:54,3127.280000,312728,125091,83903,5127,228,3,0,0.28617929,3.37689925,12.97397760,17.66593758,18.49302001,18.60224697,18.61091214
2025/10/04,15:00:55,3116.610000,311661,124664,82746,5095,225,3,0,0.28520339,3.36538388,12.83018025,17.49269946,18.30778440,18.41373239,18.42239756
2025/10/04,15:00:56,3102.680000,310268,124107,81494,5065,219,3,0,0.28392805,3.35033453,12.67194665,17.30722318,18.10112459,18.20379360,18.21245877
2025/10/04,15:00:57,3087.810000,308781,123512,80344,5039,214,3,0,0.28256752,3.33428033,12.52427298,17.13573206,17.90972559,18.00911563,18.01778080
2025/10/04,15:00:58,3073.750000,307375,122950,79749,5066,211,3,0,0.28128131,3.31910319,12.44103608,17.07744368,17.84339672,17.94278676,17.95145193
2025/10/04,15:00:59,3059.050000,305905,122362,79485,5138,217,3,0,0.27993597,3.30322824,12.39497886,17.09682747,17.88281849,17.99096277,17.99962794
2025/10/04,15:01:00,3045.360000,304536,121814,79311,5217,226,3,0,0.27868328,3.28844674,12.36027509,17.13503014,17.95496466,18.07183225,18.08049742
2025/10/04,15:01:01,3031.200000,303120,121248,79074,5278,234,3,0,0.27738690,3.27314949,12.31795024,17.14874268,17.99445735,18.11788289,18.12654806
2025/10/04,15:01:02,3016.550000,301655,120662,78786,5333,240,4,0,0.27604634,3.25733078,12.26919435,17.14956079,18.01722509,18.14720858,18.15587375
2025/10/04,15:01:03,3003.190000,300319,120127,78610,5400,246,4,0,0.27482412,3.24290868,12.23455511,17.17677534,18.06753842,18.20299717,18.21166234
2025/10/04,15:01:04,2994.720000,299472,119788,78905,5469,253,4,0,0.27404858,3.23375757,12.25917732,17.26418842,18.18047508,18.32137817,18.33004334
2025/10/04,15:01:05,2988.190000,298819,119527,79871,5539,260,4,0,0.27345169,3.22671432,12.36260327,17.43173122,18.37379803,18.52125907,18.52992424
2025/10/04,15:01:06,2981.610000,298161,119264,80384,5568,265,4,0,0.27284947,3.21960816,12.41418950,17.51020508,18.46834925,18.62017194,18.62883711
2025/10/04,15:01:07,2975.570000,297557,119023,80537,5556,261,4,0,0.27229654,3.21308353,12.42513923,17.51026323,18.45603047,18.60568780,18.61435297
2025/10/04,15:01:08,2968.840000,296884,118753,80622,5536,254,4,0,0.27168068,3.20581625,12.42763119,17.49381800,18.41303899,18.55830373,18.56696890
2025/10/04,15:01:09,2963.120000,296312,118525,80811,5522,248,4,0,0.27115728,3.19964050,12.44310248,17.49668554,18.39319080,18.53409389,18.54275906
2025/10/04,15:01:10,2957.610000,295761,118304,81010,5508,242,4,0,0.27065307,3.19369073,12.45987426,17.50036948,18.37594779,18.51357191,18.52223708
2025/10/04,15:01:11,2951.460000,295146,118058,81142,5475,236,4,0,0.27008986,3.18704503,12.46834000,17.47926543,18.33263754,18.46590000,18.47456517
2025/10/04,15:01:12,2943.210000,294321,117728,80858,5430,229,4,0,0.26933552,3.17814371,12.42696601,17.39662293,18.22511109,18.35401190,18.36267707
2025/10/04,15:01:13,2934.710000,293471,117388,79890,5385,227,4,0,0.26855766,3.16896498,12.30709583,17.23506421,18.05717057,18.18607138,18.19473655
2025/10/04,15:01:14,2924.800000,292480,116992,78764,5323,226,4,0,0.26765021,3.15825712,12.16750716,17.03879209,17.85668487,17.98558568,17.99425085
2025/10/04,15:01:15,2914.090000,291409,116563,77566,5255,224,4,0,0.26667004,3.14669123,12.01890898,16.82846914,17.64074984,17.76965065,17.77831582
2025/10/04,15:01:16,2903.410000,290341,116136,76382,5188,223,4,0,0.26569311,3.13516346,11.87199306,16.62037752,17.42652938,17.55543019,17.56409536
2025/10/04,15:01:17,2891.950000,289195,115678,75144,5124,222,4,0,0.26464459,3.12279105,11.71803593,16.40705476,17.21282719,17.34172800,17.35039317
2025/10/04,15:01:18,2880.860000,288086,115234,73971,5074,225,4,0,0.26362927,3.11081045,11.57185470,16.21533972,17.03170391,17.16168740,17.17035257
2025/10/04,15:01:19,2870.010000,287001,114800,72854,5027,228,4,0,0.26263650,3.09909584,11.43235804,16.03337851,16.86058742,16.99165359,17.00031876
2025/10/04,15:01:20,2859.850000,285985,114394,71826,4985,231,4,0,0.26170675,3.08812485,11.30381651,15.86573362,16.70302475,16.83520453,16.84386970
2025/10/04,15:01:21,2849.700000,284970,113988,70834,4943,229,4,0,0.26077758,3.07716052,11.17936546,15.70360219,16.53145072,16.66035153,16.66901670
2025/10/04,15:01:22,2839.470000,283947,113579,69868,4911,225,4,0,0.25984192,3.06611993,11.05783954,15.55273251,16.36654181,16.49105003,16.49971520
2025/10/04,15:01:23,2829.220000,282922,113169,68923,4879,221,3,0,0.25890419,3.05505456,10.93873251,15.40437871,16.20466192,16.32480848,16.33347365
2025/10/04,15:01:24,2819.770000,281977,112791,68065,4859,218,3,0,0.25803946,3.04485098,10.83038390,15.27748000,16.06704497,16.18391256,16.19257773
2025/10/04,15:01:25,2809.410000,280941,112376,67160,4837,213,3,0,0.25709112,3.03366070,10.71563176,15.14220754,15.91479895,16.02838756,16.03705273
2025/10/04,15:01:26,2798.470000,279847,111939,66236,4800,206,3,0,0.25609011,3.02184885,10.59820603,14.99088082,15.73539377,15.84462073,15.85328590
2025/10/04,15:01:27,2789.040000,278904,111561,65472,4772,199,3,0,0.25522719,3.01166626,10.50056655,14.86829282,15.58919745,15.69514544,15.70381061
2025/10/04,15:01:28,2779.710000,277971,111188,64744,4749,193,3,0,0.25437323,3.00158950,10.40724207,14.75363998,15.45310452,15.55577353,15.56443870
2025/10/04,15:01:29,2769.630000,276963,110785,63980,4719,187,3,0,0.25345091,2.99070619,10.30898674,14.62788299,15.30642058,15.40581062,15.41447579
2025/10/04,15:01:30,2759.780000,275978,110391,63246,4681,182,3,0,0.25254966,2.98007171,10.21441767,14.49844383,15.15681696,15.25292802,15.26159319
2025/10/04,15:01:31,2750.190000,275019,110007,62551,4644,176,3,0,0.25167194,2.96971466,10.12452908,14.37514017,15.01475458,15.10758667,15.11625184
2025/10/04,15:01:32,2739.410000,273941,109576,61791,4596,171,2,0,0.25068509,2.95806966,10.02589182,14.23252021,14.85197016,14.94152327,14.95018844
2025/10/04,15:01:33,2729.110000,272911,109164,61094,4543,166,2,0,0.24974306,2.94695376,9.93511512,14.09268654,14.69324767,14.77952181,14.78818698
2025/10/04,15:01:34,2719.840000,271984,108793,60488,4495,161,2,0,0.24889448,2.93694082,9.85583466,13.96955240,14.55441922,14.63852800,14.63852800
2025/10/04,15:01:35,2719.590000,271959,108783,60225,4488,160,2,0,0.24887138,2.93666817,9.82542011,13.93254544,14.51268915,14.59788061,14.59788061
2025/10/04,15:01:36,2745.650000,274565,109826,61340,4614,173,3,0,0.25125635,2.96481069,9.98107805,14.20370248,14.82940414,14.92551520,14.93418037
2025/10/04,15:01:37,2773.730000,277373,110949,62690,4757,188,3,0,0.25382578,2.99512969,10.16583107,14.51927346,15.19972270,15.30894966,15.31761483
2025/10/04,15:01:38,2801.330000,280133,112053,63988,4899,202,3,0,0.25635198,3.02493864,10.34412796,14.82767728,15.55943025,15.67849413,15.68715930
2025/10/04,15:01:39,2829.140000,282914,113165,65304,5040,216,4,0,0.25889611,3.05495923,10.52466027,15.13715342,15.91867791,16.04538242,16.05404759
2025/10/04,15:01:40,2857.110000,285711,114284,66604,5176,229,4,0,0.26145656,3.08517238,10.70356348,15.44096027,16.26855223,16.40289737,16.41156254
2025/10/04,15:01:41,2885.520000,288552,115420,67901,5312,241,4,0,0.26405562,3.11584123,10.88257890,15.74433026,16.61569499,16.75659808,16.76526325
2025/10/04,15:01:42,2912.590000,291259,116503,69073,5438,251,4,0,0.26653341,3.14507910,11.04585178,16.02268313,16.93246151,17.07772625,17.08639142
2025/10/04,15:01:43,2924.320000,292432,116973,69771,5499,258,4,0,0.26760664,3.15774324,11.13844333,16.17082706,17.10344765,17.24982601,17.25849118
2025/10/04,15:01:44,2900.760000,290076,116030,69098,5400,249,4,0,0.26545090,3.13230537,11.03597033,15.97789956,16.88129615,17.02111656,17.02978173
2025/10/04,15:01:45,2875.790000,287579,115031,68273,5290,239,4,0,0.26316553,3.10533831,10.91459054,15.75549764,16.62201278,16.75307895,16.76174412
2025/10/04,15:01:46,2851.740000,285174,114069,67537,5183,230,4,0,0.26096453,3.07936654,10.80451466,15.54801978,16.38161048,16.50611870,16.51478387
2025/10/04,15:01:47,2827.220000,282722,113089,66758,5076,221,3,0,0.25872111,3.05289429,10.68894150,15.33459166,16.13602403,16.25397430,16.26263947
2025/10/04,15:01:48,2802.560000,280256,112102,65985,4978,213,3,0,0.25646395,3.02625996,10.57380814,15.12942383,15.90163219,16.01522080,16.02388597
2025/10/04,15:01:49,2778.310000,277831,111132,65249,4892,206,3,0,0.25424509,3.00007751,10.46346909,14.94081400,15.68749878,15.79672574,15.80539091
2025/10/04,15:01:50,2755.750000,275575,110230,64655,4819,201,3,0,0.25218077,2.97571878,10.37115160,14.78179448,15.50818833,15.61633261,15.62499778
2025/10/04,15:01:51,2738.330000,273833,109533,64068,4763,195,3,0,0.25058691,2.95691135,10.28527016,14.64452988,15.35216500,15.45811299,15.46677816
2025/10/04,15:01:52,2728.230000,272823,109129,63353,4723,190,3,0,0.24966200,2.94599753,10.19257890,14.51467436,15.20239798,15.30614967,15.31481484
2025/10/04,15:01:53,2717.500000,271750,108700,62560,4677,184,3,0,0.24868048,2.93441547,10.09021152,14.37032744,15.03712411,15.13759683,15.14626200
2025/10/04,15:01:54,2706.830000,270683,108273,61770,4630,178,3,0,0.24770345,2.92288673,9.98833773,14.22569901,14.87169522,14.96891990,14.97758507
2025/10/04,15:01:55,2696.350000,269635,107854,61012,4585,173,3,0,0.24674504,2.91157733,9.89029457,14.08625832,14.71298265,14.80692835,14.81559352
2025/10/04,15:01:56,2686.370000,268637,107454,60318,4539,168,2,0,0.24583119,2.90079410,9.80018580,13.95391195,14.56327967,14.65502908,14.66369425
2025/10/04,15:01:57,2675.520000,267552,107020,59589,4481,163,2,0,0.24483835,2.88907856,9.70513355,13.80592452,14.39679009,14.48526052,14.48526052
2025/10/04,15:01:58,2664.270000,266427,106570,58841,4422,158,2,0,0.24380891,2.87693115,9.60734702,13.65423371,14.22659351,14.31178497,14.31178497
2025/10/04,15:01:59,2653.930000,265393,106157,58190,4375,154,2,0,0.24286290,2.86576850,9.52169802,13.52534507,14.08264657,14.16564174,14.16564174
2025/10/04,15:02:00,2645.620000,264562,105825,57687,4345,151,2,0,0.24210281,2.85679949,9.45526064,13.43169703,13.97776715,14.06076232,14.06076232
2025/10/04,15:02:01,2637.950000,263795,105518,57238,4317,148,2,0,0.24140073,2.84851501,9.39560723,13.34690110,13.88263603,13.96563120,13.96563120
2025/10/04,15:02:02,2630.810000,263081,105232,56837,4293,145,2,0,0.24074739,2.84080539,9.34202226,13.27098573,13.79791407,13.88202285,13.88202285
2025/10/04,15:02:03,2624.410000,262441,104976,56484,4276,144,2,0,0.24016155,2.83389272,9.29476007,13.20834062,13.72888716,13.81407862,13.81407862
2025/10/04,15:02:04,2618.350000,261835,104734,56154,4272,143,2,0,0.23960726,2.82735190,9.25048738,13.16038372,13.67850547,13.76589322,13.76589322
2025/10/04,15:02:05,2612.580000,261258,104503,55843,4271,142,2,0,0.23907920,2.82112088,9.20866527,13.11723654,13.63331655,13.72286966,13.72286966
2025/10/04,15:02:06,2606.970000,260697,104279,55536,4268,142,2,0,0.23856569,2.81506146,9.16751564,13.07330773,13.58696294,13.67871235,13.67871235
2025/10/04,15:02:07,2601.190000,260119,104047,55214,4259,141,2,0,0.23803715,2.80882474,9.12436294,13.02188248,13.53234679,13.62409620,13.62409620
2025/10/04,15:02:08,2594.000000,259400,103760,54829,4238,140,2,0,0.23737844,2.80105216,9.07257315,12.95083155,13.45682933,13.54857874,13.54857874
2025/10/04,15:02:09,2585.820000,258582,103433,54416,4215,139,2,0,0.23663057,2.79222715,9.01652365,12.87458385,13.37713777,13.46888718,13.46888718
2025/10/04,15:02:10,2577.090000,257709,103083,53981,4194,141,3,0,0.23583112,2.78279386,8.95734121,12.79597921,13.30886832,13.40497938,13.40497938
2025/10/04,15:02:11,2567.940000,256794,102717,53535,4170,145,3,0,0.23499437,2.77292014,8.89649845,12.71283808,13.23887383,13.33934655,13.33934655
2025/10/04,15:02:12,2559.110000,255911,102364,53107,4134,148,3,0,0.23418620,2.76338389,8.83800881,12.62177344,13.15661217,13.26036386,13.26036386
2025/10/04,15:02:13,2551.100000,255110,102044,52729,4101,150,3,0,0.23345309,2.75473332,8.78602768,12.53970548,13.08386034,13.19089101,13.19089101
2025/10/04,15:02:14,2542.260000,254226,101690,52321,4073,152,3,0,0.23264366,2.74518186,8.72981323,12.45776650,13.01021842,13.11944538,13.11944538
2025/10/04,15:02:15,2533.180000,253318,101327,51914,4048,155,3,0,0.23181302,2.73538056,8.67345394,12.37817177,12.93853408,13.04995733,13.04995733
2025/10/04,15:02:16,2525.240000,252524,101009,51575,4035,157,3,0,0.23108606,2.72680246,8.62614609,12.31906821,12.88887674,13.00246535,13.00246535
2025/10/04,15:02:17,2519.250000,251925,100770,51328,4035,160,3,0,0.23053829,2.72033882,8.59138258,12.28440170,12.86505495,12.98192254,12.98192254
2025/10/04,15:02:18,2512.640000,251264,100505,51058,4037,159,3,0,0.22993374,2.71320501,8.55342011,12.24860437,12.82568728,12.94147219,12.94147219
2025/10/04,15:02:19,2505.370000,250537,100214,50770,4034,157,3,0,0.22926776,2.70534664,8.51261244,12.20482353,12.77335281,12.88913772,12.88913772
2025/10/04,15:02:20,2497.390000,249739,99895,50459,4029,156,4,0,0.22853773,2.69673231,8.46842727,12.15605002,12.72049581,12.84720032,12.84720032
2025/10/04,15:02:21,2489.540000,248954,99581,50165,4024,155,4,0,0.22781959,2.68825809,8.42634124,12.10950377,12.67165486,12.81364063,12.81364063
2025/10/04,15:02:22,2488.770000,248877,99551,50440,4057,158,5,0,0.22774946,2.68743060,8.45696041,12.17024180,12.74234503,12.90292197,12.91158714
2025/10/04,15:02:23,2491.370000,249137,99654,51050,4111,162,5,0,0.22798699,2.69023341,8.52954775,12.29243608,12.87972770,13.05666857,13.06533374
2025/10/04,15:02:24,2494.250000,249425,99770,51662,4153,166,6,0,0.22825069,2.69334509,8.60267010,12.40346575,13.00466651,13.19472328,13.20338845
2025/10/04,15:02:25,2496.200000,249620,99848,52213,4185,169,6,0,0.22842914,2.69545101,8.66772996,12.49780441,13.11010646,13.31108283,13.31974800
2025/10/04,15:02:26,2498.810000,249881,99952,52771,4231,172,6,0,0.22866829,2.69827289,8.73439431,12.60635130,13.23065084,13.44146414,13.45012931
2025/10/04,15:02:27,2500.790000,250079,100031,53256,4276,175,7,0,0.22884887,2.70040360,8.79203837,12.70581292,13.34019469,13.55864862,13.56731379
2025/10/04,15:02:28,2498.660000,249866,99946,53660,4316,176,6,0,0.22865375,2.69810128,8.83589827,12.78638410,13.42433982,13.63626673,13.64493190
2025/10/04,15:02:29,2493.530000,249353,99741,54008,4353,176,6,0,0.22818493,2.69256908,8.87015409,12.85373288,13.49283776,13.69381413,13.70247930
2025/10/04,15:02:30,2482.320000,248232,99292,53835,4351,174,6,0,0.22715845,2.68045692,8.83835393,12.81999361,13.44990884,13.63668664,13.64535181
2025/10/04,15:02:31,2467.000000,246700,98680,53276,4328,170,5,0,0.22575720,2.66392225,8.75777868,12.71860612,13.33550480,13.50919763,13.51786280
2025/10/04,15:02:32,2448.780000,244878,97951,52621,4301,166,5,0,0.22408950,2.64424346,8.66323791,12.59966590,13.20112323,13.36278285,13.37144802
2025/10/04,15:02:33,2424.450000,242445,96978,51985,4274,162,4,0,0.22186282,2.61796854,8.56420141,12.47545485,13.06210684,13.21284685,13.22151202
2025/10/04,15:02:34,2399.660000,239966,95986,51376,4229,158,4,0,0.21959435,2.59120075,8.46777033,12.33817621,12.90938685,13.05028994,13.05028994
2025/10/04,15:02:35,2375.920000,237592,95037,50841,4185,154,4,0,0.21742257,2.56557408,8.38095499,12.21157850,12.76938954,12.90265200,12.90265200
2025/10/04,15:02:36,2357.550000,235755,94302,50432,4152,151,4,0,0.21574081,2.54572941,8.31437058,12.11409922,12.66131850,12.78802301,12.78802301
2025/10/04,15:02:37,2340.820000,234082,93633,50004,4115,148,3,0,0.21421039,2.52767037,8.24728140,12.01330397,12.54916538,12.67039462,12.67039462
2025/10/04,15:02:38,2323.790000,232379,92951,49567,4073,145,3,0,0.21265144,2.50927477,8.17888215,11.90670639,12.43070040,12.54648531,12.54648531
2025/10/04,15:02:39,2308.140000,230814,92325,49225,4029,141,3,0,0.21121965,2.49237974,8.12290198,11.81013672,12.32162371,12.43304696,12.43304696
2025/10/04,15:02:40,2295.990000,229599,91839,49020,3998,139,3,0,0.21010811,2.47926371,8.08633327,11.74496731,12.24854029,12.35996354,12.35996354
2025/10/04,15:02:41,2289.460000,228946,91578,48793,3967,137,3,0,0.20950984,2.47220425,8.05330047,11.68375476,12.18094956,12.30437510,12.30437510
2025/10/04,15:02:42,2282.620000,228262,91305,48519,3932,135,4,0,0.20888435,2.46482352,8.01458220,11.61333358,12.10338048,12.23883923,12.23883923
2025/10/04,15:02:43,2275.620000,227562,91025,48246,3898,133,4,0,0.20824383,2.45726546,7.97588048,11.54383399,12.02698956,12.17117162,12.17117162
2025/10/04,15:02:44,2268.160000,226816,90726,47959,3863,131,4,0,0.20756075,2.44920500,7.93492322,11.47039873,11.94627991,12.09810260,12.09810260
2025/10/04,15:02:45,2261.990000,226199,90479,47739,3834,130,5,0,0.20699602,2.44254117,7.90306168,11.41236060,11.88288266,12.04234598,12.04234598
2025/10/04,15:02:46,2256.320000,225632,90253,47543,3810,128,5,0,0.20647766,2.43642457,7.87458704,11.36119959,11.82725512,11.99327639,11.99327639
2025/10/04,15:02:47,2249.330000,224933,89973,47278,3778,126,5,0,0.20583802,2.42887699,7.83676019,11.29480498,11.75116133,11.92374055,11.92374055
2025/10/04,15:02:48,2241.880000,224188,89675,47002,3745,123,5,0,0.20515581,2.42082699,7.79714640,11.22426429,11.66900620,11.84378171,11.84378171
2025/10/04,15:02:49,2235.160000,223516,89406,46774,3713,119,5,0,0.20454157,2.41357881,7.76381588,11.16168700,11.59417846,11.75911705,11.75911705
2025/10/04,15:02:50,2229.620000,222962,89185,46595,3691,116,4,0,0.20403420,2.40759184,7.73727640,11.11559630,11.53826211,11.69228110,11.69228110
2025/10/04,15:02:51,2224.810000,222481,88992,46447,3676,114,4,0,0.20359421,2.40239996,7.71514342,11.07953450,11.49415982,11.64162086,11.64162086
2025/10/04,15:02:52,2219.780000,221978,88791,46292,3660,112,4,0,0.20313385,2.39696784,7.69205507,11.04161321,11.44845462,11.59044039,11.59044039
2025/10/04,15:02:53,2214.960000,221496,88598,46151,3647,110,4,0,0.20269247,2.39175975,7.67067727,11.00850376,11.40858032,11.54512176,11.54512176
2025/10/04,15:02:54,2209.880000,220988,88395,45995,3639,108,4,0,0.20222792,2.38627805,7.64741421,10.97796927,11.37128098,11.50346076,11.50346076
2025/10/04,15:02:55,2204.880000,220488,88195,45817,3633,107,4,0,0.20176977,2.38087171,7.62163723,10.94627888,11.33346536,11.46236617,11.46236617
2025/10/04,15:02:56,2199.680000,219968,87987,45428,3626,105,4,0,0.20129439,2.37526227,7.57148545,10.88992177,11.27162265,11.39613087,11.39613087
2025/10/04,15:02:57,2199.270000,219927,87971,45582,3655,112,3,0,0.20125722,2.37482372,7.58869089,10.93401484,11.34047319,11.46389873,11.46389873
2025/10/04,15:02:58,2274.290000,227429,90971,48282,3992,146,4,0,0.20812232,2.45583162,7.97848595,11.63211162,12.16248382,12.30010794,12.30010794
2025/10/04,15:02:59,2392.020000,239202,95681,52023,4448,182,5,0,0.21889557,2.58295532,8.53353462,12.60459473,13.26284139,13.41905667,13.42772184
2025/10/04,15:03:00,2511.610000,251161,100464,55875,4907,216,5,0,0.22983938,2.71209153,9.10333197,13.59447575,14.37842503,14.55320054,14.56186571
2025/10/04,15:03:01,2631.680000,263168,105267,59771,5363,250,6,0,0.24082672,2.84174156,9.67860345,14.58721461,15.49329256,15.68446294,15.69312811
2025/10/04,15:03:02,2752.250000,275225,110090,63685,5809,283,6,0,0.25185986,2.97193212,10.25647161,15.57256361,16.59668675,16.80205571,16.81072088
2025/10/04,15:03:03,2873.860000,287386,114954,67606,6254,315,7,0,0.26298924,3.10325812,10.83623459,16.56003346,17.69888441,17.91845195,17.92711712
2025/10/04,15:03:04,2992.810000,299281,119712,71342,6678,343,7,0,0.27387433,3.23170126,11.39199670,17.50366021,18.74524148,18.97681130,18.99414164
2025/10/04,15:03:05,3086.450000,308645,123458,74660,6954,357,7,0,0.28244342,3.33281600,11.87269302,18.23713790,19.52798116,19.76066460,19.77799494
2025/10/04,15:03:06,3080.890000,308089,123235,75004,6820,340,7,0,0.28193476,3.32681381,11.90600210,18.14780457,19.37866760,19.59603885,19.61336919
2025/10/04,15:03:07,3023.650000,302365,120946,73909,6539,315,6,0,0.27669622,3.26499942,11.71897070,17.70372649,18.84232087,19.03893559,19.04760076
2025/10/04,15:03:08,2964.240000,296424,118569,72701,6254,290,5,0,0.27126004,3.20085315,11.51663287,17.24056077,18.28893185,18.46698634,18.47565151
2025/10/04,15:03:09,2903.260000,290326,116130,71360,5962,265,5,0,0.26567912,3.13499853,11.29735412,16.75337670,17.71216050,17.87273744,17.88140261
2025/10/04,15:03:10,2841.350000,284135,113654,69933,5676,241,4,0,0.26001410,3.06815149,11.06728744,16.26203007,17.13607617,17.28134091,17.29000608
2025/10/04,15:03:11,2778.760000,277876,111150,68485,5407,220,4,0,0.25428646,3.00056562,10.83407841,15.78247103,16.57879724,16.71097702,16.71964219
2025/10/04,15:03:12,2719.280000,271928,108771,67232,5173,202,3,0,0.24884287,2.93633166,10.62655120,15.36100775,16.09135860,16.21370146,16.22236663
2025/10/04,15:03:13,2680.730000,268073,107229,66163,5064,194,3,0,0.24531519,2.89470516,10.46267248,15.09733497,15.79884125,15.91898781,15.92765298
2025/10/04,15:03:14,2665.680000,266568,106627,65568,5060,192,3,0,0.24393808,2.87845551,10.37839544,15.00901866,15.70478277,15.82601201,15.83467718
2025/10/04,15:03:15,2660.030000,266003,106401,65199,5084,191,3,0,0.24342111,2.87235512,10.33008750,14.98320309,15.67654241,15.79888527,15.80755044
2025/10/04,15:03:16,2655.540000,265554,106221,64855,5112,191,3,0,0.24301052,2.86751026,10.28581012,14.96439126,15.65492273,15.77726559,15.78593076
2025/10/04,15:03:17,2651.350000,265135,106054,64516,5140,190,3,0,0.24262693,2.86298383,10.24261056,14.94701231,15.63473593,15.75707879,15.76574396
2025/10/04,15:03:18,2647.250000,264725,105890,64205,5161,188,3,0,0.24225163,2.85855555,10.20251444,14.92549832,15.60786282,15.73020568,15.73887085
2025/10/04,15:03:19,2643.520000,264352,105741,63895,5165,186,3,0,0.24191069,2.85453247,10.16303765,14.89041678,15.56372173,15.68495097,15.69361614
2025/10/04,15:03:20,2639.400000,263940,105576,63530,5153,183,3,0,0.24153349,2.85008136,10.11682325,14.83272971,15.49455032,15.61361420,15.62227937
2025/10/04,15:03:21,2634.250000,263425,105370,63081,5121,179,3,0,0.24106173,2.84451480,10.05994438,14.74676604,15.39416436,15.50994927,15.51861444
2025/10/04,15:03:22,2629.660000,262966,105186,62672,5086,176,3,0,0.24064204,2.83956223,10.00822371,14.66331044,15.30215874,15.41574735,15.42441252
2025/10/04,15:03:23,2625.160000,262516,105006,62268,5060,178,3,0,0.24023039,2.83470497,9.95719221,14.58846149,15.23483713,15.34842574,15.35709091
2025/10/04,15:03:24,2620.810000,262081,104832,61937,5046,182,3,0,0.23983241,2.83000884,9.91460659,14.53249703,15.19074369,15.30433230,15.31299747
2025/10/04,15:03:25,2617.300000,261730,104692,62065,5102,190,3,0,0.23951134,2.82622026,9.92544870,14.59436633,15.28375226,15.40170253,15.41036770
2025/10/04,15:03:26,2613.540000,261354,104541,62216,5166,199,3,0,0.23916684,2.82215522,9.93867626,14.66634639,15.38712454,15.50835378,15.51701895
2025/10/04,15:03:27,2608.330000,260833,104333,62247,5219,206,3,0,0.23868995,2.81652769,9.93658316,14.71259831,15.45928309,15.58270863,15.59137380
2025/10/04,15:03:28,2602.010000,260201,104080,62220,5264,212,4,0,0.23811170,2.80970464,9.92662557,14.74410322,15.51350374,15.63801196,15.64667713
2025/10/04,15:03:29,2594.640000,259464,103785,62175,5307,218,4,0,0.23743774,2.80175191,9.91355089,14.77029388,15.56062134,15.68624317,15.69490834
2025/10/04,15:03:30,2585.000000,258500,103400,62072,5339,222,4,0,0.23655543,2.79134053,9.89132024,14.77753603,15.58075357,15.70637540,15.71504057
2025/10/04,15:03:31,2571.300000,257130,102852,61855,5348,220,3,0,0.23530145,2.77654378,9.85176204,14.74579832,15.54263406,15.66497692,15.67364209
2025/10/04,15:03:32,2555.870000,255587,102235,61470,5338,216,3,0,0.23388969,2.75988517,9.79101347,14.67664725,15.46046644,15.57953032,15.58819549
2025/10/04,15:03:33,2539.290000,253929,101571,60625,5270,208,3,0,0.23237236,2.74198055,9.67645434,14.49965232,15.25195280,15.36445873,15.37312390
2025/10/04,15:03:34,2523.520000,252352,100940,59818,5201,199,3,0,0.23092910,2.72495013,9.56709959,14.32692469,15.04910496,15.15613563,15.16480080
2025/10/04,15:03:35,2508.840000,250884,100353,59116,5139,192,3,0,0.22958560,2.70909707,9.47100810,14.17434375,14.87113054,14.97379955,14.98246472
2025/10/04,15:03:36,2495.190000,249519,99807,58475,5085,186,3,0,0.22833704,2.69436421,9.38290778,14.03657243,14.71076997,14.80907733,14.81774250
2025/10/04,15:03:37,2482.860000,248286,99314,57894,5034,180,3,0,0.22720806,2.68104227,9.30315410,13.91021793,14.56386796,14.65889634,14.66756151
2025/10/04,15:03:38,2471.590000,247159,98863,57315,4980,175,2,0,0.22617709,2.66887674,9.22474658,13.78288339,14.41700858,14.50875799,14.51742316
2025/10/04,15:03:39,2463.380000,246338,98535,56797,4932,170,2,0,0.22542573,2.66001073,9.15663480,13.67023892,14.28713760,14.37669071,14.38535588
2025/10/04,15:03:40,2455.770000,245577,98231,56314,4889,167,2,0,0.22472947,2.65179487,9.09317621,13.56722491,14.17135999,14.26202672,14.27069189
2025/10/04,15:03:41,2448.240000,244824,97929,55863,4848,169,3,0,0.22404038,2.64366382,9.03349449,13.47053999,14.08143992,14.19066688,14.19933205
2025/10/04,15:03:42,2434.980000,243498,97399,55315,4796,170,3,0,0.22282640,2.62933899,8.95649447,13.34584102,13.96210007,14.08332931,14.09199448
2025/10/04,15:03:43,2420.300000,242030,96812,54794,4746,172,4,0,0.22148310,2.61348786,8.88107855,13.22427725,13.84627847,13.97734464,13.98600981
2025/10/04,15:03:44,2405.750000,240575,96230,54311,4697,173,4,0,0.22015188,2.59777972,8.81009532,13.10885834,13.73762441,13.87852750,13.88719267
2025/10/04,15:03:45,2391.730000,239173,95669,53871,4661,176,4,0,0.21886868,2.58263789,8.74456620,13.01010724,13.64691380,13.79765381,13.80631898
2025/10/04,15:03:46,2377.940000,237794,95117,53439,4632,178,5,0,0.21760710,2.56775149,8.68031441,12.91938877,13.56436230,13.72493924,13.73360441
2025/10/04,15:03:47,2364.680000,236468,94587,53029,4606,180,5,0,0.21639345,2.55343047,8.61907990,12.83433681,13.48773388,13.65703412,13.66569929
2025/10/04,15:03:48,2351.800000,235180,94072,52651,4579,182,5,0,0.21521447,2.53951845,8.56197469,12.75257409,13.41196990,13.58782809,13.59649326
2025/10/04,15:03:49,2338.950000,233895,93558,52257,4538,178,5,0,0.21403869,2.52564451,8.50304541,12.65618955,13.30167261,13.46989017,13.47855534
2025/10/04,15:03:50,2331.270000,233127,93250,51918,4503,174,5,0,0.21333597,2.51735240,8.45588629,12.57671349,13.20764779,13.36822473,13.37688990
2025/10/04,15:03:51,2325.730000,232573,93029,51603,4472,170,5,0,0.21282957,2.51137687,8.41388341,12.50640091,13.12355255,13.27865422,13.28731939
2025/10/04,15:03:52,2320.010000,232001,92800,51268,4441,166,4,0,0.21230581,2.50519640,8.36940945,12.43423220,13.03696517,13.18550889,13.19417406
2025/10/04,15:03:53,2314.070000,231407,92562,50926,4412,162,4,0,0.21176198,2.49877947,8.32385900,12.36208513,12.95039581,13.09349519,13.10216036
2025/10/04,15:03:54,2308.060000,230806,92322,50605,4381,158,4,0,0.21121189,2.49228822,8.28066989,12.29061835,12.86501989,13.00264401,13.01130918
2025/10/04,15:03:55,2301.330000,230133,92053,50262,4348,154,4,0,0.21059600,2.48502091,8.23420432,12.21351689,12.77349615,12.90456232,12.90456232
2025/10/04,15:03:56,2293.940000,229394,91757,49904,4312,150,4,0,0.20992042,2.47704910,8.18530936,12.13140086,12.67632182,12.80194365,12.80194365
2025/10/04,15:03:57,2286.330000,228633,91453,49549,4275,146,3,0,0.20922383,2.46882943,8.13646565,12.04923816,12.57974045,12.69988701,12.69988701
2025/10/04,15:03:58,2278.680000,227868,91147,49209,4249,145,3,0,0.20852347,2.46056497,8.08933006,11.97793007,12.50396582,12.61975073,12.61975073
2025/10/04,15:03:59,2270.710000,227071,90828,48860,4227,145,3,0,0.20779414,2.45195917,8.04071411,11.90956797,12.43687936,12.54938529,12.54938529
2025/10/04,15:04:00,2263.500000,226350,90540,48543,4219,148,3,0,0.20713498,2.44418090,7.99667024,11.85780062,12.39621330,12.50871923,12.50871923
2025/10/04,15:04:01,2256.510000,225651,90260,48241,4206,152,4,0,0.20649446,2.43662284,7.95460773,11.80442740,12.35675284,12.48565365,12.48565365
2025/10/04,15:04:02,2249.130000,224913,89965,47929,4190,156,4,0,0.20581960,2.42865963,7.91094431,11.74589810,12.31085704,12.45503910,12.45503910
2025/10/04,15:04:03,2241.510000,224151,89660,47633,4177,159,5,0,0.20512246,2.42043328,7.86885577,11.69169082,12.26877373,12.42387540,12.43254057
2025/10/04,15:04:04,2234.530000,223453,89381,47359,4172,163,5,0,0.20448362,2.41289523,7.83003668,11.64838039,12.23847985,12.40450112,12.41316629
2025/10/04,15:04:05,2228.210000,222821,89128,47123,4171,167,5,0,0.20390509,2.40606840,7.79623475,11.61357642,12.21720197,12.39306016,12.40172533
2025/10/04,15:04:06,2223.060000,222306,88922,46926,4165,168,5,0,0.20343359,2.40050473,7.76807478,11.58031016,12.18993445,12.37454689,12.38321206
2025/10/04,15:04:07,2218.280000,221828,88731,46748,4164,169,6,0,0.20299635,2.39534528,7.74251644,11.55336269,12.16719695,12.35945001,12.36811518
2025/10/04,15:04:08,2213.100000,221310,88524,46560,4150,168,6,0,0.20252242,2.38975300,7.71545887,11.51344240,12.12294022,12.31847226,12.32713743
2025/10/04,15:04:09,2207.510000,220751,88300,46352,4130,166,5,0,0.20201101,2.38371836,7.68561193,11.46501334,12.06557447,12.25018691,12.25885208
2025/10/04,15:04:10,2202.960000,220296,88118,46189,4116,164,5,0,0.20159484,2.37880770,7.66206765,11.42931829,12.02337114,12.19595036,12.20461553
2025/10/04,15:04:11,2199.030000,219903,87961,46049,4102,162,5,0,0.20123460,2.37455679,7.64180854,11.39558334,11.98427707,12.14921566,12.15788083
2025/10/04,15:04:12,2194.670000,219467,87786,45902,4079,161,5,0,0.20083549,2.36984732,7.62030334,11.35313687,11.93532233,12.09262029,12.10128546
2025/10/04,15:04:13,2189.820000,218982,87592,45526,4054,159,4,0,0.20039185,2.36461254,7.57200863,11.28202675,11.85668486,12.00634219,12.01500736
2025/10/04,15:04:14,2182.810000,218281,87312,44936,4020,156,4,0,0.19975094,2.35704971,7.49699604,11.17618335,11.74062914,11.88261491,11.88261491
2025/10/04,15:04:15,2174.320000,217432,86972,44227,3971,151,4,0,0.19897331,2.34787383,7.40667697,11.04136454,11.59024250,11.72458764,11.72458764
2025/10/04,15:04:16,2165.260000,216526,86610,43476,3920,147,4,0,0.19814481,2.33809738,7.31106340,10.89908609,11.43175660,11.55846111,11.55846111
2025/10/04,15:04:17,2156.240000,215624,86249,42744,3877,143,3,0,0.19731912,2.32835428,7.21753533,10.76616365,11.28415892,11.40430548,11.40430548
2025/10/04,15:04:18,2146.540000,214654,85861,41956,3837,139,3,0,0.19643105,2.31787517,7.11697779,10.62905589,11.13275897,11.24634758,11.24634758
2025/10/04,15:04:19,2136.250000,213625,85450,41123,3802,135,3,0,0.19548983,2.30676881,7.01057818,10.49027527,10.98032217,11.08954913,11.08954913
2025/10/04,15:04:20,2125.690000,212569,85027,40306,3768,132,3,0,0.19452340,2.29536500,6.90573516,10.35440835,10.83182174,10.93557343,10.93557343
2025/10/04,15:04:21,2116.490000,211649,84659,39668,3743,130,3,0,0.19368145,2.28543024,6.82285707,10.24810082,10.72117416,10.82931844,10.82931844
2025/10/04,15:04:22,2129.050000,212905,85162,42132,3843,142,4,0,0.19483057,2.29898957,7.11822446,10.63508581,11.14963361,11.28069978,11.28069978
2025/10/04,15:04:23,2243.620000,224362,89745,51700,4236,177,5,0,0.20531562,2.42271271,8.33633565,12.21323695,12.85361746,13.02947565,13.03814082
2025/10/04,15:04:24,2398.500000,239850,95940,60687,4690,215,7,0,0.21948890,2.58995662,9.53157612,13.82419878,14.60227579,14.82184333,14.83050850
2025/10/04,15:04:25,2553.160000,255316,102126,69500,5143,246,7,0,0.23364166,2.75695840,10.70661172,15.41324358,16.30489925,16.54850229,16.55716746
2025/10/04,15:04:26,2709.160000,270916,108366,78326,5616,274,8,0,0.24791739,2.92541117,11.88460918,17.02438143,18.01723882,18.27940209,18.28806726
2025/10/04,15:04:27,2865.440000,286544,114617,86701,6108,302,9,0,0.26221810,3.09415852,13.01131406,18.60112779,19.69314155,19.97386505,19.98253022
2025/10/04,15:04:28,3022.250000,302225,120890,94734,6594,328,9,0,0.27656799,3.26348645,14.09946188,20.13434073,21.32040831,21.61644401,21.63377435
2025/10/04,15:04:29,3177.950000,317795,127118,102327,7076,350,9,0,0.29081657,3.43161889,15.13611579,21.61214953,22.88014696,23.18382328,23.20115362
2025/10/04,15:04:30,3369.840000,336984,134793,108500,7448,360,9,0,0.30837671,3.63882767,16.04938580,22.86590826,24.16989455,24.46265127,24.47998161
2025/10/04,15:04:31,3419.350000,341935,136774,108608,7545,349,8,0,0.31290744,3.69228987,16.11516816,23.01997998,24.28185219,24.54293278,24.56026312
2025/10/04,15:04:32,3407.930000,340793,136317,107175,7585,344,8,0,0.31186216,3.67995559,15.93892349,22.88009153,24.12512028,24.37528127,24.39261161
2025/10/04,15:04:33,3392.000000,339200,135680,105844,7535,346,8,0,0.31040426,3.66275260,15.76955263,22.66554192,23.91694885,24.17583315,24.19316349
2025/10/04,15:04:34,3375.510000,337551,135020,104492,7403,350,8,0,0.30889533,3.64494715,15.59705867,22.37179559,23.63762480,23.90634602,23.92367636
2025/10/04,15:04:35,3359.780000,335978,134391,103472,7246,353,8,0,0.30745555,3.62795772,15.46344396,22.09472715,23.37102164,23.64846617,23.66579651
2025/10/04,15:04:36,3344.130000,334413,133765,102422,7105,356,9,0,0.30602392,3.61106460,15.32637501,21.82852036,23.11642568,23.40154177,23.41887211
2025/10/04,15:04:37,3330.040000,333004,133201,101438,6966,360,9,0,0.30473439,3.59584837,15.19861731,21.57359688,22.87618106,23.16565881,23.18298915
2025/10/04,15:04:38,3316.160000,331616,132646,100493,6816,364,9,0,0.30346393,3.58085712,15.07562890,21.31365015,22.62963393,22.92347333,22.94080367
2025/10/04,15:04:39,3299.310000,329931,131972,99470,6645,364,9,0,0.30192242,3.56266746,14.94036159,21.02125926,22.33877164,22.63152836,22.64885870
2025/10/04,15:04:40,3270.360000,327036,130814,98077,6449,352,8,0,0.29927255,3.53139897,14.74973914,20.65163489,21.92448191,22.19648210,22.21381244
2025/10/04,15:04:41,3239.520000,323952,129580,96380,6315,338,8,0,0.29645056,3.49809984,14.52238760,20.30131882,21.52324878,21.77121347,21.78854381
2025/10/04,15:04:42,3208.070000,320807,128322,94651,6235,324,7,0,0.29357238,3.46413724,14.29063229,19.99662504,21.16929302,21.39650119,21.41383153
2025/10/04,15:04:43,3178.270000,317827,127131,92827,6151,311,6,0,0.29084575,3.43196307,14.04987202,19.67959715,20.80440887,21.01086051,21.01952568
2025/10/04,15:04:44,3144.270000,314427,125771,91072,6031,296,6,0,0.28773453,3.39525099,13.81237406,19.33183449,20.40496304,20.59393713,20.60260230
2025/10/04,15:04:45,3098.200000,309820,123928,89114,5882,281,5,0,0.28351873,3.34550490,13.53869217,18.92151823,19.93849347,20.11218630,20.12085147
2025/10/04,15:04:46,3049.440000,304944,121977,87078,5728,266,5,0,0.27905599,3.29284448,13.25309633,18.49508585,19.45642092,19.61699786,19.62566303
2025/10/04,15:04:47,3002.290000,300229,120091,85112,5577,251,4,0,0.27474178,3.24193724,12.97734852,18.08153965,18.99131803,19.14097536,19.14964053
2025/10/04,15:04:48,2965.450000,296545,118618,83428,5445,239,4,0,0.27137044,3.20215543,12.74489582,17.72799655,18.59323606,18.73413915,18.74280432
2025/10/04,15:04:49,2933.560000,293356,117342,82011,5335,228,4,0,0.26845253,3.16772468,12.54838458,17.43111016,18.25793601,18.39228115,18.40094632
2025/10/04,15:04:50,2901.340000,290134,116053,80555,5225,218,4,0,0.26550341,3.13292502,12.34703274,17.12931727,17.91824262,18.04494713,18.05361230
2025/10/04,15:04:51,2869.290000,286929,114771,79135,5114,208,3,0,0.26257025,3.09831411,12.15008683,16.83070316,17.58325660,17.70340316,17.71206833
2025/10/04,15:04:52,2840.440000,284044,113617,77613,5014,199,3,0,0.25993040,3.06716383,11.94485502,16.53362772,17.25440587,17.36910810,17.37777327
2025/10/04,15:04:53,2819.640000,281964,112785,76174,4933,192,3,0,0.25802685,3.04470225,11.75769541,16.27268958,16.96717805,17.07640501,17.08507018
2025/10/04,15:04:54,2800.450000,280045,112018,74729,4862,185,3,0,0.25627076,3.02398050,11.57173426,16.02112544,16.69085644,16.79352545,16.80219062
2025/10/04,15:04:55,2780.690000,278069,111227,73294,4794,178,3,0,0.25446248,3.00264292,11.38621165,15.77397507,16.42060729,16.51891465,16.52757982
2025/10/04,15:04:56,2760.030000,276003,110401,71857,4727,172,3,0,0.25257238,2.98033961,11.19955769,15.52601637,16.15057248,16.24451818,16.25318335
2025/10/04,15:04:57,2738.740000,273874,109549,70754,4689,168,2,0,0.25062391,2.95734797,11.05045216,15.34174975,15.95239311,16.04194622,16.05061139
2025/10/04,15:04:58,2718.260000,271826,108730,70374,4721,170,2,0,0.24874948,2.93522960,10.98486597,15.30537830,15.91972209,16.01038882,16.01905399
2025/10/04,15:04:59,2699.330000,269933,107973,70135,4763,171,3,0,0.24701747,2.91479197,10.93707360,15.29649529,15.91722088,16.01005297,16.01871814
2025/10/04,15:05:00,2687.290000,268729,107491,70203,4818,173,3,0,0.24591618,2.90179701,10.93188675,15.34133450,15.96946095,16.06340665,16.07207182
2025/10/04,15:05:01,2677.830000,267783,107113,70358,4873,175,3,0,0.24504971,2.89157249,10.93938308,15.39892187,16.03330364,16.12941470,16.13807987
2025/10/04,15:05:02,2668.950000,266895,106758,70573,4923,177,3,0,0.24423749,2.88198857,10.95433436,15.45976202,16.10103512,16.19825980,16.20692497
2025/10/04,15:05:03,2661.260000,266126,106450,70870,4973,179,3,0,0.24353405,2.87368788,10.97999687,15.53167029,16.18060082,16.27999086,16.28865603
2025/10/04,15:05:04,2654.170000,265417,106166,71142,5023,181,3,0,0.24288465,2.86602497,11.00349386,15.60024903,16.25594080,16.35752713,16.36619230
2025/10/04,15:05:05,2647.240000,264724,105889,71047,5041,181,3,0,0.24225099,2.85854792,10.98511442,15.59880361,16.25334983,16.35601884,16.36468401
2025/10/04,15:05:06,2639.220000,263922,105568,70232,4998,176,3,0,0.24151643,2.84988018,10.88330246,15.45785626,16.09542893,16.19590165,16.20456682
2025/10/04,15:05:07,2630.320000,263032,105212,69352,4959,171,3,0,0.24070237,2.84027435,10.77295019,15.31140583,15.93238799,16.03177803,16.04044320
2025/10/04,15:05:08,2621.480000,262148,104859,68498,4934,168,3,0,0.23989390,2.83073432,10.66582651,15.18185475,15.78905425,15.88736161,15.89602678
2025/10/04,15:05:09,2612.800000,261280,104512,67672,4915,164,3,0,0.23909875,2.82135159,10.56186954,15.05963868,15.65445764,15.75276500,15.76143017
2025/10/04,15:05:10,2604.330000,260433,104173,66850,4896,161,3,0,0.23832444,2.81221480,10.45869978,14.93914689,15.52184188,15.62014924,15.62014924
2025/10/04,15:05:11,2596.360000,259636,103854,66077,4879,158,3,0,0.23759490,2.80360617,10.36176186,14.82705300,15.39864670,15.49695406,15.49695406
2025/10/04,15:05:12,2589.180000,258918,103567,65384,4866,155,3,0,0.23693758,2.79584983,10.27465573,14.72779519,15.28956323,15.38787059,15.38787059
2025/10/04,15:05:13,2587.720000,258772,103509,65078,4879,154,3,0,0.23680411,2.79427491,10.23811174,14.70291787,15.25970984,15.35801720,15.35801720
2025/10/04,15:05:14,2591.230000,259123,103649,65092,4901,153,3,0,0.23712572,2.79807011,10.24353083,14.72921326,15.28345034,15.38175770,15.38175770
2025/10/04,15:05:15,2594.490000,259449,103779,65073,4910,152,3,0,0.23742352,2.80158411,10.24484742,14.73890032,15.28854439,15.38465545,15.38465545
2025/10/04,15:05:16,2595.670000,259567,103827,64949,4897,150,3,0,0.23753194,2.80286350,10.23201725,14.71349843,15.25599460,15.34994030,15.34994030
2025/10/04,15:05:17,2595.770000,259577,103830,64779,4875,148,2,0,0.23754035,2.80296266,10.21267078,14.67453576,15.20975754,15.30042427,15.30042427
2025/10/04,15:05:18,2595.700000,259570,103828,64609,4859,146,2,0,0.23753437,2.80289210,10.19305760,14.64015370,15.16899730,15.25527144,15.25527144
2025/10/04,15:05:19,2595.230000,259523,103809,64414,4856,144,2,0,0.23749090,2.80237921,10.17031592,14.61411581,15.13772677,15.22183555,15.22183555
2025/10/04,15:05:20,2595.050000,259505,103802,64265,4867,144,2,0,0.23747523,2.80219426,10.15303224,14.60714171,15.12832788,15.21243666,15.21243666
2025/10/04,15:05:21,2589.760000,258976,103590,63803,4858,143,2,0,0.23699122,2.79648284,10.09450176,14.54011173,15.05912606,15.14323484,15.14323484
2025/10/04,15:05:22,2580.150000,258015,103206,63079,4843,147,2,0,0.23611179,2.78610574,10.00135357,14.43393976,14.96610074,15.05129220,15.05129220
2025/10/04,15:05:23,2571.990000,257199,102879,62477,4840,151,2,0,0.23536495,2.77729310,9.92367329,14.35357731,14.90258175,14.98885589,14.98885589
2025/10/04,15:05:24,2566.520000,256652,102660,62027,4851,156,2,0,0.23486388,2.77138049,9.86627062,14.30619321,14.87293732,14.96249043,14.96249043
2025/10/04,15:05:25,2562.160000,256216,102486,61643,4868,161,3,0,0.23446503,2.76667388,9.81758307,14.27253260,14.85650684,14.94933893,14.94933893
2025/10/04,15:05:26,2556.310000,255631,102252,61168,4869,165,3,0,0.23393002,2.76036090,9.75697663,14.21318626,14.81081306,14.90584144,14.91450661
2025/10/04,15:05:27,2549.250000,254925,101970,60616,4849,168,3,0,0.23328353,2.75273228,9.68615581,14.12394529,14.73203738,14.82814844,14.83681361
2025/10/04,15:05:28,2540.740000,254074,101629,59974,4810,170,3,0,0.23250460,2.74354114,9.60359321,14.00534950,14.62033292,14.71536130,14.72402647
2025/10/04,15:05:29,2532.590000,253259,101303,59360,4769,171,3,0,0.23175954,2.73474947,9.52451612,13.88914018,14.50782403,14.60065612,14.60932129
2025/10/04,15:05:30,2524.930000,252493,100997,58779,4725,167,2,0,0.23105820,2.72647356,9.44986096,13.77441256,14.37893069,14.46959742,14.47826259
2025/10/04,15:05:31,2517.360000,251736,100694,58211,4685,163,2,0,0.23036582,2.71830346,9.37673739,13.66435077,14.25368413,14.34323724,14.34323724
2025/10/04,15:05:32,2509.500000,250950,100380,57643,4643,159,2,0,0.22964571,2.70980635,9.30317381,13.55223380,14.12791098,14.21529873,14.21529873
2025/10/04,15:05:33,2501.410000,250141,100056,57079,4600,155,2,0,0.22890582,2.70107569,9.22992605,13.43952761,14.00218823,14.08846237,14.08846237
2025/10/04,15:05:34,2494.030000,249403,99761,56571,4562,152,2,0,0.22823088,2.69311151,9.16396424,13.33885769,13.89028693,13.97656107,13.97656107
2025/10/04,15:05:35,2487.490000,248749,99499,56143,4530,150,2,0,0.22763215,2.68604635,9.10785693,13.25385867,13.79597178,13.88116324,13.88116324
2025/10/04,15:05:36,2481.470000,248147,99258,55765,4509,147,2,0,0.22708106,2.67954362,9.05810039,13.18503592,13.71962169,13.80589583,13.80589583
2025/10/04,15:05:37,2474.110000,247411,98964,55307,4487,145,2,0,0.22640783,2.67159948,8.99784607,13.10461542,13.63077765,13.71705179,13.71705179
2025/10/04,15:05:38,2466.130000,246613,98645,54830,4456,143,2,0,0.22567770,2.66298415,8.93463440,13.01254499,13.52951758,13.61579172,13.61579172
2025/10/04,15:05:39,2458.130000,245813,98325,54379,4421,140,2,0,0.22494509,2.65433929,8.87445499,12.92101865,13.42931474,13.51558888,13.51558888
2025/10/04,15:05:40,2450.540000,245054,98021,53956,4390,138,2,0,0.22425054,2.64614348,8.81785117,12.83520009,13.33507264,13.42134678,13.42134678
2025/10/04,15:05:41,2443.320000,244332,97732,53559,4361,136,2,0,0.22358989,2.63834803,8.76458425,12.75601556,13.24836077,13.33463491,13.33463491
2025/10/04,15:05:42,2436.990000,243699,97479,53241,4339,134,2,0,0.22301087,2.63151547,8.72140122,12.69292533,13.18003790,13.26742565,13.26742565
2025/10/04,15:05:43,2431.260000,243126,97250,52965,4322,133,2,0,0.22248643,2.62532733,8.68364929,12.63901538,13.12153132,13.21108443,13.21108443
2025/10/04,15:05:44,2426.670000,242667,97067,52747,4301,132,2,0,0.22206648,2.62037191,8.65376679,12.59025975,13.06869221,13.15935894,13.15935894
2025/10/04,15:05:45,2423.180000,242318,96927,52597,4283,132,3,0,0.22174680,2.61659955,8.63288759,12.55264053,13.03120308,13.12623146,13.12623146
2025/10/04,15:05:46,2420.170000,242017,96806,52476,4269,137,3,0,0.22147137,2.61334963,8.61575435,12.52287151,13.01853410,13.13431901,13.13431901
2025/10/04,15:05:47,2416.230000,241623,96649,52294,4249,141,4,0,0.22111097,2.60909680,8.59063000,12.47977907,12.99228512,13.12446490,13.12446490
2025/10/04,15:05:48,2410.840000,241084,96433,52050,4224,146,4,0,0.22061798,2.60327952,8.55699748,12.42268508,12.95037952,13.09564426,13.09564426
2025/10/04,15:05:49,2405.480000,240548,96219,51826,4198,152,5,0,0.22012725,2.59748896,8.52550822,12.36744243,12.92014730,13.08400321,13.08400321
2025/10/04,15:05:50,2399.480000,239948,95979,51562,4167,160,5,0,0.21957835,2.59101199,8.48891760,12.30254303,12.88115453,13.06357067,13.07223584
2025/10/04,15:05:51,2392.840000,239284,95713,51259,4130,166,6,0,0.21897096,2.58384480,8.44704396,12.22712437,12.82947428,13.02936797,13.03803314
2025/10/04,15:05:52,2385.320000,238532,95413,50913,4095,175,7,0,0.21828245,2.57572046,8.39936197,12.14722244,12.78019848,13.00193138,13.01059655
2025/10/04,15:05:53,2378.300000,237830,95132,50582,4070,183,7,0,0.21763974,2.56813666,8.35391693,12.07841293,12.74176213,12.98316888,12.99183405
2025/10/04,15:05:54,2371.060000,237106,94842,50240,4041,186,7,0,0.21697767,2.56032408,8.30693034,12.00518478,12.68091453,12.92451757,12.93318274
2025/10/04,15:05:55,2364.380000,236438,94575,49927,4015,189,7,0,0.21636598,2.55310634,8.26400038,11.93889035,12.62444575,12.86913147,12.87779664
2025/10/04,15:05:56,2358.180000,235818,94327,49641,3994,192,7,0,0.21579914,2.54641772,8.22460071,11.88016457,12.57414351,12.82102552,12.82969069
2025/10/04,15:05:57,2351.310000,235131,94052,49327,3971,193,7,0,0.21517010,2.53899504,8.18122744,11.81568898,12.51375140,12.76063341,12.76929858
2025/10/04,15:05:58,2344.340000,234434,93773,49011,3948,193,7,0,0.21453185,2.53146369,8.13752336,11.75068856,12.45130226,12.69707066,12.70573583
2025/10/04,15:05:59,2337.020000,233702,93481,48685,3924,193,7,0,0.21386257,2.52356624,8.09239892,11.68371782,12.38394847,12.62863419,12.63729936
2025/10/04,15:06:00,2328.680000,232868,93147,48324,3894,190,7,0,0.21309951,2.51456197,8.04209187,11.60603814,12.29465796,12.52950676,12.53817193
2025/10/04,15:06:01,2320.230000,232023,92809,47971,3861,186,7,0,0.21232559,2.50542995,7.99258207,11.52663551,12.20044999,12.42329650,12.43196167
2025/10/04,15:06:02,2311.500000,231150,92460,47618,3828,182,6,0,0.21152730,2.49601003,7.94276424,11.44656978,12.10558254,12.31859213,12.32725730
2025/10/04,15:06:03,2302.590000,230259,92103,47278,3794,178,6,0,0.21071179,2.48638706,7.89426614,11.36695078,12.01256393,12.21681928,12.22548445
2025/10/04,15:06:04,2294.050000,229405,91762,46960,3761,175,6,0,0.20993044,2.47716731,7.84867579,11.29049759,11.92500584,12.12598221,12.13464738
2025/10/04,15:06:05,2286.280000,228628,91451,46682,3731,171,6,0,0.20921924,2.46877510,7.80848954,11.22348869,11.84204606,12.04302243,12.05168760
2025/10/04,15:06:06,2278.890000,227889,91155,46433,3707,166,6,0,0.20854308,2.46079660,7.77198480,11.16510561,11.76719895,11.96709264,11.97575781
2025/10/04,15:06:07,2271.900000,227190,90876,46217,3689,165,6,0,0.20790315,2.45324526,7.73969225,11.11562006,11.71222780,11.91648315,11.92514832
2025/10/04,15:06:08,2265.410000,226541,90616,46030,3678,165,6,0,0.20730949,2.44624012,7.71135108,11.07793933,11.67709834,11.89227329,11.90093846
2025/10/04,15:06:09,2258.320000,225832,90332,45739,3661,166,7,0,0.20666041,2.43858102,7.67038717,11.02078537,11.62262575,11.84875124,11.85741641
2025/10/04,15:06:10,2250.950000,225095,90038,45211,3642,167,7,0,0.20598645,2.43062829,7.60203752,10.93556576,11.53957436,11.77334048,11.78200565
2025/10/04,15:06:11,2242.660000,224266,89706,44587,3621,167,7,0,0.20522733,2.42167073,7.52172816,10.83551117,11.44041236,11.68181911,11.69048428
2025/10/04,15:06:12,2234.910000,223491,89396,44051,3601,167,7,0,0.20451820,2.41330327,7.45201440,10.74818529,11.35487526,11.59628201,11.60494718
2025/10/04,15:06:13,2226.500000,222650,89060,43459,3578,167,7,0,0.20374890,2.40422558,7.37525682,10.64993647,11.25547728,11.48816072,11.49682589
2025/10/04,15:06:14,2218.000000,221800,88720,42853,3551,166,7,0,0.20297065,2.39504209,7.29669268,10.54629478,11.14941080,11.37225731,11.38092248
2025/10/04,15:06:15,2209.380000,220938,88375,42256,3521,164,6,0,0.20218213,2.38573754,7.21917899,10.44140938,11.03456965,11.24321759,11.25188276
2025/10/04,15:06:16,2200.510000,220051,88020,41649,3482,159,6,0,0.20137040,2.37615934,7.14013950,10.32695073,10.90416012,11.09421689,11.10288206
2025/10/04,15:06:17,2191.200000,219120,87648,41013,3441,155,5,0,0.20051805,2.36610164,7.05731210,10.20628007,10.76677247,10.93826901,10.94693418
2025/10/04,15:06:18,2182.200000,218220,87288,40402,3388,150,5,0,0.19969455,2.35638427,6.97772544,10.07873548,10.62352996,10.78082792,10.78082792
2025/10/04,15:06:19,2172.980000,217298,86919,39801,3336,146,4,0,0.19885083,2.34642857,6.89901122,9.95254835,10.48228453,10.62754927,10.62754927
2025/10/04,15:06:20,2162.480000,216248,86499,39103,3280,142,4,0,0.19789031,2.33509437,6.80781022,9.81025427,10.32352643,10.45898518,10.45898518
2025/10/04,15:06:21,2151.760000,215176,86070,38415,3225,137,4,0,0.19690876,2.32351225,6.71757308,9.66944201,10.16714634,10.29276817,10.29276817
2025/10/04,15:06:22,2141.360000,214136,85654,37775,3174,133,3,0,0.19595713,2.31228290,6.63320252,9.53788862,10.02142724,10.13937751,10.13937751
2025/10/04,15:06:23,2131.360000,213136,85254,37169,3132,130,3,0,0.19504257,2.30149114,6.55304223,9.41978898,9.89043752,10.00294345,10.00294345
2025/10/04,15:06:24,2122.290000,212229,84891,36659,3101,126,3,0,0.19421268,2.29169845,6.48488040,9.32335039,9.78008979,9.88712046,9.88712046
2025/10/04,15:06:25,2113.730000,211373,84549,36209,3073,121,3,0,0.19342906,2.28245202,6.42416004,9.23674353,9.67714900,9.77873533,9.77873533
2025/10/04,15:06:26,2105.200000,210520,84208,35770,3045,117,3,0,0.19264823,2.27323805,6.36476879,9.15133767,9.57629818,9.67352286,9.67352286
2025/10/04,15:06:27,2098.080000,209808,83923,35442,3024,114,3,0,0.19199704,2.26555413,6.31956289,9.08696855,9.50031823,9.59426393,9.59426393
2025/10/04,15:06:28,2091.870000,209187,83675,35187,3007,111,2,0,0.19142892,2.25885027,6.28368252,9.03618935,9.44034939,9.53209880,9.53209880
2025/10/04,15:06:29,2086.770000,208677,83470,35014,2996,110,2,0,0.19096178,2.25333807,6.25834506,9.00038125,9.39815949,9.48882622,9.48882622
2025/10/04,15:06:30,2081.200000,208120,83248,34810,2982,108,2,0,0.19045215,2.24732442,6.22899985,8.95875625,9.34977326,9.43932637,9.43932637
2025/10/04,15:06:31,2075.330000,207533,83013,34594,2966,106,2,0,0.18991472,2.24098283,6.19800582,8.91270233,9.29810364,9.38657407,9.38657407
2025/10/04,15:06:32,2071.540000,207154,82861,34698,2982,110,2,0,0.18956780,2.23688921,6.20583248,8.93500687,9.33342474,9.42297785,9.42297785
2025/10/04,15:06:33,2071.160000,207116,82846,35528,3042,118,2,0,0.18953306,2.23647926,6.30032802,9.08460273,9.51275414,9.60342087,9.60342087
2025/10/04,15:06:34,2070.340000,207034,82813,36325,3100,126,2,0,0.18945847,2.23559932,6.39064940,9.22782635,9.68341660,9.77516601,9.77516601
2025/10/04,15:06:35,2069.080000,206908,82763,37069,3156,131,2,0,0.18934278,2.23423414,6.47434982,9.36303988,9.83687932,9.92862873,9.92862873
2025/10/04,15:06:36,2067.800000,206780,82712,37790,3215,134,3,0,0.18922595,2.23285561,6.55545963,9.49785996,9.98535558,10.07818767,10.07818767
2025/10/04,15:06:37,2066.130000,206613,82645,38461,3289,138,3,0,0.18907342,2.23105571,6.63042023,9.64068477,10.14106685,10.23389894,10.23389894
2025/10/04,15:06:38,2065.180000,206518,82607,39165,3367,142,3,0,0.18898626,2.23002707,6.70991689,9.79179574,10.30532447,10.40035285,10.40035285
2025/10/04,15:06:39,2065.300000,206530,82612,39935,3443,145,3,0,0.18899757,2.23016056,6.79814141,9.94940446,10.47582327,10.57193433,10.57193433
2025/10/04,15:06:40,2063.340000,206334,82533,40365,3477,146,3,0,0.18881741,2.22803461,6.84515861,10.02767159,10.55587557,10.64982127,10.64982127
2025/10/04,15:06:41,2057.110000,205711,82284,39967,3475,143,2,0,0.18824724,2.22130689,6.79291504,9.97335989,10.49173821,10.58348762,10.58348762
2025/10/04,15:06:42,2049.820000,204982,81992,39472,3468,140,2,0,0.18758023,2.21343615,6.72841618,9.90226861,10.41005517,10.49960828,10.49960828
2025/10/04,15:06:43,2041.910000,204191,81676,38947,3456,137,2,0,0.18685692,2.20490093,6.65978692,9.82316871,10.32010694,10.40638108,10.40638108
2025/10/04,15:06:44,2033.710000,203371,81348,38406,3437,134,2,0,0.18610643,2.19604537,6.58903168,9.73483247,10.22053931,10.30464809,10.30464809
2025/10/04,15:06:45,2026.470000,202647,81058,37941,3410,133,2,0,0.18544355,2.18822325,6.52806336,9.64940064,10.13128057,10.21427574,10.21427574
2025/10/04,15:06:46,2019.150000,201915,80766,37487,3388,133,2,0,0.18477378,2.18032008,6.46827426,9.56918730,10.05170324,10.13361573,10.13361573
2025/10/04,15:06:47,2010.610000,201061,80424,36952,3360,133,2,0,0.18399259,2.17110224,6.39785150,9.47342802,9.95530795,10.03613776,10.03613776
2025/10/04,15:06:48,2001.980000,200198,80079,36423,3323,132,2,0,0.18320277,2.16178243,6.32796103,9.36908841,9.84969270,9.92940889,9.92940889
2025/10/04,15:06:49,1994.260000,199426,79770,36003,3298,133,2,0,0.18249627,2.15344552,6.27159174,9.28996778,9.77337992,9.85309611,9.85309611
2025/10/04,15:06:50,1988.460000,198846,79538,35746,3298,135,2,0,0.18196514,2.14717828,6.23590973,9.25399568,9.74506164,9.82697413,9.82697413
2025/10/04,15:06:51,1984.090000,198409,79363,35588,3306,138,2,0,0.18156529,2.14246018,6.21321628,9.23931672,9.73957232,9.82476378,9.82476378
2025/10/04,15:06:52,1980.250000,198025,79210,35475,3318,141,2,0,0.18121417,2.13831700,6.19607431,9.23325942,9.74308772,9.83047547,9.83047547
2025/10/04,15:06:53,1976.610000,197661,79064,35376,3321,142,2,0,0.18088124,2.13438831,6.18083534,9.22063765,9.73378333,9.82333644,9.82333644
2025/10/04,15:06:54,1972.530000,197253,78901,35229,3314,141,2,0,0.18050815,2.12998578,6.15964109,9.19304498,9.70389234,9.79236277,9.79236277
2025/10/04,15:06:55,1975.950000,197595,79038,35784,3358,143,2,0,0.18082049,2.13367139,6.22678953,9.30000783,9.81749357,9.90704668,9.90704668
2025/10/04,15:06:56,2025.730000,202573,81029,40247,3633,160,3,0,0.18537639,2.18743100,6.79104732,10.11652904,10.69475749,10.79414753,10.79414753
2025/10/04,15:06:57,2086.240000,208624,83449,45457,3925,186,4,0,0.19091331,2.25276609,7.45227332,11.04452928,11.71821728,11.85692408,11.86558925
2025/10/04,15:06:58,2146.490000,214649,85859,47777,4216,213,5,0,0.19642708,2.31782846,7.78272354,11.64146275,12.41328806,12.59462152,12.60328669
2025/10/04,15:06:59,2206.440000,220644,88257,49810,4504,238,7,0,0.20191283,2.38256004,8.08007554,12.20242181,13.06574605,13.28311730,13.29178247
2025/10/04,15:07:00,2266.400000,226640,90656,51817,4787,262,8,0,0.20739972,2.44730499,8.37432249,12.75542852,13.70285445,13.95081914,13.95948431
2025/10/04,15:07:01,2325.260000,232526,93010,53742,5060,283,8,0,0.21278604,2.51086303,8.65812027,13.28900155,14.31299821,14.58716377,14.59582894
2025/10/04,15:07:02,2384.160000,238416,95366,55637,5330,303,9,0,0.21817613,2.57446587,8.93847270,13.81599499,14.91285834,15.20889404,15.21755921
2025/10/04,15:07:03,2435.240000,243524,97409,57174,5555,319,10,0,0.22285090,2.62962786,9.16939662,14.25358355,15.40838538,15.72189863,15.73922897
2025/10/04,15:07:04,2439.480000,243948,97579,57070,5553,319,10,0,0.22323870,2.63420389,9.16208886,14.24433668,15.39811945,15.72035601,15.73768635
2025/10/04,15:07:05,2432.500000,243250,97300,56603,5496,307,9,0,0.22260012,2.62666870,9.10115285,14.13146844,15.24186149,15.54006255,15.54872772
2025/10/04,15:07:06,2424.360000,242436,96974,56066,5418,292,8,0,0.22185448,2.61787034,9.03085081,13.98916500,15.04468037,15.31120530,15.31987047
2025/10/04,15:07:07,2415.500000,241550,96620,55502,5332,277,7,0,0.22104391,2.60830553,8.95687791,13.83688837,14.83931484,15.07744261,15.08610778
2025/10/04,15:07:08,2406.790000,240679,96271,54966,5249,264,6,0,0.22024689,2.59890084,8.88608254,13.68998735,14.64519719,14.85928946,14.86795463
2025/10/04,15:07:09,2397.400000,239740,95896,54408,5165,253,6,0,0.21938775,2.58876304,8.81215878,13.53937594,14.45591917,14.65800916,14.66667433
2025/10/04,15:07:10,2387.930000,238793,95517,53863,5090,246,6,0,0.21852150,2.57854136,8.73964566,13.39815763,14.28790165,14.49327061,14.50193578
2025/10/04,15:07:11,2379.550000,237955,95182,53381,5030,239,6,0,0.21775446,2.56949040,8.67536410,13.27880869,14.14583698,14.35665028,14.36531545
2025/10/04,15:07:12,2375.420000,237542,95017,53086,4992,240,7,0,0.21737662,2.56503166,8.63724505,13.20607852,14.07425235,14.30146052,14.31012569
2025/10/04,15:07:13,2380.490000,238049,95219,53166,5005,247,8,0,0.21784069,2.57050761,8.65181774,13.23276995,14.12838262,14.38507062,14.39373579
2025/10/04,15:07:14,2387.650000,238765,95506,53370,5036,256,9,0,0.21849542,2.57823347,8.68288728,13.29208422,14.21947217,14.50458826,14.51325343
2025/10/04,15:07:15,2395.290000,239529,95811,53601,5069,265,10,0,0.21919427,2.58647983,8.71754312,13.35672989,14.31513063,14.62536490,14.63403007
2025/10/04,15:07:16,2402.230000,240223,96089,53769,5097,272,10,0,0.21982945,2.59397496,8.74426975,13.40885710,14.39444011,14.72651359,14.73517876
2025/10/04,15:07:17,2409.590000,240959,96383,53961,5127,278,11,0,0.22050316,2.60192482,8.77418177,13.46669081,14.47230818,14.81421858,14.82288375
2025/10/04,15:07:18,2417.760000,241776,96710,54171,5156,281,10,0,0.22125058,2.61074418,8.80698707,13.52528470,14.54149383,14.88012526,14.88879043
2025/10/04,15:07:19,2426.380000,242638,97055,54407,5179,284,10,0,0.22203943,2.62005254,8.84331090,13.58303480,14.60932616,14.94467861,14.95334378
2025/10/04,15:07:20,2432.000000,243200,97280,54536,5201,281,10,0,0.22255365,2.62612051,8.86416707,13.62454124,14.64215610,14.96439266,14.97305783
2025/10/04,15:07:21,2427.610000,242761,97104,54269,5173,271,9,0,0.22215221,2.62138341,8.82883157,13.56309412,14.54574280,14.84394386,14.85260903
2025/10/04,15:07:22,2420.800000,242080,96832,53875,5127,261,8,0,0.22152921,2.61403220,8.77640889,13.46827187,14.41225033,14.68425052,14.69291569
2025/10/04,15:07:23,2412.160000,241216,96486,53386,5076,250,7,0,0.22073868,2.60470383,8.71118742,13.35628852,14.26096074,14.50672914,14.51539431
2025/10/04,15:07:24,2403.780000,240378,96151,52958,5032,240,7,0,0.21997132,2.59564903,8.65322373,13.25870443,14.12879352,14.35164003,14.36030520
2025/10/04,15:07:25,2395.750000,239575,95830,52565,5002,232,6,0,0.21923660,2.58697938,8.59957549,13.17697252,14.01605244,14.22030779,14.22897296
2025/10/04,15:07:26,2386.540000,238654,95461,52135,4964,223,6,0,0.21839433,2.57704082,8.54044516,13.08384511,13.89152918,14.07942059,14.08808576
2025/10/04,15:07:27,2390.140000,239014,95605,53349,4982,220,5,0,0.21872316,2.58092091,8.68316319,13.24301216,14.03806273,14.21500360,14.22366877
2025/10/04,15:07:28,2439.480000,243948,97579,61401,5171,229,5,0,0.22323886,2.63420578,9.65745735,14.38965176,15.22056471,15.39861920,15.40728437
2025/10/04,15:07:29,2494.280000,249428,99771,70175,5375,240,5,0,0.22825344,2.69337751,10.72024383,15.63948669,16.50893977,16.68807694,16.69674211
2025/10/04,15:07:30,2550.650000,255065,102026,78872,5585,251,5,0,0.23341134,2.75424046,11.77588341,16.88763697,17.79703230,17.97836576,17.98703093
2025/10/04,15:07:31,2607.880000,260788,104315,87341,5795,262,6,0,0.23864890,2.81604341,12.80642503,18.10975131,19.05781325,19.24459105,19.25325622
2025/10/04,15:07:32,2664.450000,266445,106578,95481,5994,271,6,0,0.24382578,2.87713038,13.79857530,19.28413565,20.26640128,20.45645805,20.46512322
2025/10/04,15:07:33,2720.600000,272060,108824,103028,6175,280,6,0,0.24896413,2.93776260,14.72241718,20.37395567,21.38697752,21.57923058,21.58789575
2025/10/04,15:07:34,2777.990000,277799,111119,110331,6359,289,6,0,0.25421536,2.99972668,15.61970693,21.43967971,22.48473341,22.67918277,22.68784794
2025/10/04,15:07:35,2821.850000,282185,112874,115899,6483,292,6,0,0.25822941,3.04709228,16.30401985,22.23668144,23.29423855,23.48540893,23.49407410
2025/10/04,15:07:36,2819.010000,281901,112760,114535,6414,281,5,0,0.25796975,3.04402825,16.14485353,22.01517632,23.03317424,23.21011511,23.21878028
2025/10/04,15:07:37,2811.100000,281110,112444,112180,6327,269,5,0,0.25724560,3.03548347,15.86696223,21.65736613,22.63299339,22.79573569,22.80440086
2025/10/04,15:07:38,2803.360000,280336,112134,109856,6242,258,4,0,0.25653747,3.02712748,15.59283452,21.30509666,22.24065519,22.39139520,22.40006037
2025/10/04,15:07:39,2797.560000,279756,111902,107829,6168,249,4,0,0.25600706,3.02086881,15.35473907,20.99945911,21.90132349,22.04330926,22.05197443
2025/10/04,15:07:40,2790.860000,279086,111634,105962,6088,241,4,0,0.25539330,3.01362632,15.13390578,20.70520235,21.57644060,21.71078574,21.71945091
2025/10/04,15:07:41,2777.250000,277725,111090,104217,5975,233,4,0,0.25414821,2.99893445,14.91961143,20.38801173,21.23066198,21.35844917,21.36711434
2025/10/04,15:07:42,2761.140000,276114,110445,102373,5852,225,3,0,0.25267360,2.98153414,14.69134286,20.04666726,20.85984055,20.98106979,20.98973496
2025/10/04,15:07:43,2745.550000,274555,109822,100587,5730,217,3,0,0.25124675,2.96469727,14.47019769,19.71451432,20.50024877,20.61495100,20.62361617
2025/10/04,15:07:44,2730.430000,273043,109217,99139,5614,210,3,0,0.24986318,2.94837134,14.28817997,19.42643315,20.18728365,20.29759329,20.30625846
2025/10/04,15:07:45,2716.120000,271612,108644,97901,5511,204,3,0,0.24855371,2.93291967,14.13111533,19.17510077,19.91527728,20.02122527,20.02989044
2025/10/04,15:07:46,2701.720000,270172,108069,96718,5424,199,3,0,0.24723657,2.91737741,13.98026155,18.94429515,19.66609237,19.76767870,19.77634387
2025/10/04,15:07:47,2687.220000,268722,107488,96420,5339,195,3,0,0.24590917,2.90171410,13.93055830,18.81677409,19.52249395,19.62408028,19.63274545
2025/10/04,15:07:48,2674.570000,267457,106983,97217,5271,200,4,0,0.24475181,2.88805753,14.00805467,18.83218972,19.55526619,19.67977441,19.68843958
2025/10/04,15:07:49,2669.850000,266985,106794,98140,5245,207,4,0,0.24431974,2.88295908,14.10858222,18.90899682,19.65989157,19.81171426,19.82037943
2025/10/04,15:07:50,2666.370000,266637,106655,98983,5227,214,5,0,0.24400151,2.87920389,14.20123917,18.98475178,19.76078705,19.93664524,19.94531041
2025/10/04,15:07:51,2660.380000,266038,106415,99283,5217,221,6,0,0.24345349,2.87273738,14.22910348,19.00360047,19.80248157,19.99801361,20.00667878
2025/10/04,15:07:52,2649.100000,264910,105964,99327,5204,227,6,0,0.24242129,2.86055756,14.22191635,18.98487569,19.80532336,20.01833295,20.02699812
2025/10/04,15:07:53,2636.040000,263604,105441,99264,5187,233,7,0,0.24122551,2.84644723,14.20063205,18.94807944,19.79239200,20.02068285,20.02934802
2025/10/04,15:07:54,2622.480000,262248,104899,99116,5173,243,7,0,0.23998510,2.83181062,14.16898159,18.90353515,19.78344990,20.02485665,20.03352182
2025/10/04,15:07:55,2606.550000,260655,104262,97992,5166,252,8,0,0.23852691,2.81460386,14.02324941,18.75104857,19.66286869,19.91411236,19.92277753
2025/10/04,15:07:56,2590.480000,259048,103619,95793,5158,252,7,0,0.23705650,2.79725313,13.75442651,18.47501922,19.38607324,19.62639731,19.63506248
2025/10/04,15:07:57,2574.530000,257453,102981,93597,5150,249,7,0,0.23559724,2.78003396,13.48592893,18.19960527,19.10019401,19.32412320,19.33278837
2025/10/04,15:07:58,2559.390000,255939,102375,91610,5159,247,6,0,0.23421134,2.76368040,13.24234753,17.96358630,18.85894240,19.06867302,19.07733819
2025/10/04,15:07:59,2545.640000,254564,101825,90122,5159,246,6,0,0.23295348,2.74883789,13.05732154,17.77888335,18.67028606,18.86909707,18.87776224
2025/10/04,15:08:00,2536.500000,253650,101460,88870,5159,245,6,0,0.23211729,2.73897086,12.90421764,17.62597345,18.51239648,18.70137057,18.71003574
2025/10/04,15:08:01,2528.920000,252892,101157,87721,5157,242,5,0,0.23142361,2.73078551,12.76455019,17.48449592,18.36211597,18.54344943,18.55211460
2025/10/04,15:08:02,2522.630000,252263,100905,86811,5149,237,5,0,0.23084750,2.72398725,12.65370933,17.36622257,18.22533685,18.39902968,18.40769485
2025/10/04,15:08:03,2518.470000,251847,100739,87242,5234,241,5,0,0.23046713,2.71949895,12.69855417,17.48895020,18.36069798,18.53439081,18.54305598
2025/10/04,15:08:04,2513.490000,251349,100539,87981,5348,246,5,0,0.23001163,2.71412405,12.77771150,17.67194178,18.56257838,18.73515760,18.74382277
2025/10/04,15:08:05,2507.760000,250776,100310,88603,5457,250,5,0,0.22948719,2.70793591,12.84267328,17.83698771,18.74344871,18.91494525,18.92361042
2025/10/04,15:08:06,2501.550000,250155,100062,89085,5549,253,5,0,0.22891900,2.70123112,12.89105760,17.96916914,18.88609543,19.05539567,19.06406084
2025/10/04,15:08:07,2495.730000,249573,99829,89583,5636,256,5,0,0.22838562,2.69493718,12.94172715,18.09966150,19.02641344,19.19354832,19.20221349
2025/10/04,15:08:08,2490.280000,249028,99611,90132,5723,259,5,0,0.22788736,2.68905793,12.99863222,18.23616243,19.17261355,19.33755214,19.34621731
2025/10/04,15:08:09,2483.960000,248396,99358,90579,5798,260,5,0,0.22730905,2.68223395,13.04291865,18.34954114,19.29211748,19.45377710,19.46244227
2025/10/04,15:08:10,2475.960000,247596,99038,90742,5847,260,5,0,0.22657701,2.67359577,13.05297873,18.40445694,19.34524450,19.50362514,19.51229031
2025/10/04,15:08:11,2466.830000,246683,98673,89527,5785,250,4,0,0.22574137,2.66373539,12.90410678,18.19844947,19.10363484,19.25217856,19.26084373
2025/10/04,15:08:12,2457.060000,245706,98282,87916,5680,238,4,0,0.22484765,2.65318958,12.70926381,17.90720565,18.76823519,18.90585931,18.91452448
2025/10/04,15:08:13,2445.380000,244538,97815,86418,5568,226,4,0,0.22377807,2.64056837,12.52529573,17.62118136,18.44086292,18.57084641,18.57951158
2025/10/04,15:08:14,2434.750000,243475,97390,85112,5465,216,3,0,0.22280556,2.62909304,12.36452857,17.36588840,18.14894148,18.27128434,18.27994951
2025/10/04,15:08:15,2424.780000,242478,96991,83937,5365,207,3,0,0.22189303,2.61832509,12.21937812,17.12963739,17.87925650,17.99504141,18.00370658
2025/10/04,15:08:16,2414.340000,241434,96573,82705,5265,198,3,0,0.22093824,2.60705857,12.06716113,16.88522079,17.60383072,17.71414036,17.72280553
2025/10/04,15:08:17,2402.960000,240296,96118,81457,5185,195,3,0,0.21989657,2.59476715,11.91204096,16.65703221,17.36441076,17.47035875,17.47902392
2025/10/04,15:08:18,2381.930000,238193,95277,79803,5115,194,3,0,0.21797205,2.57205774,11.70025171,16.38112702,17.08339941,17.18606842,17.19473359
2025/10/04,15:08:19,2357.490000,235749,94299,77855,5043,192,3,0,0.21573606,2.54567317,11.45100585,16.06650421,16.76380053,16.86210789,16.87077306
2025/10/04,15:08:20,2333.470000,233347,93339,75779,4976,191,3,0,0.21353788,2.51973479,11.18758774,15.74171730,16.43403755,16.52906593,16.53773110
2025/10/04,15:08:21,2311.190000,231119,92447,73672,4913,190,2,0,0.21149877,2.49567349,10.92257679,15.41908583,16.10655649,16.19722322,16.20588839
2025/10/04,15:08:22,2287.490000,228749,91499,71424,4843,188,2,0,0.20932961,2.47007737,10.63984518,15.07184936,15.75229860,15.83857274,15.84723791
2025/10/04,15:08:23,2264.170000,226417,90567,69185,4774,186,2,0,0.20719606,2.44490163,10.35848734,14.72776563,15.40158011,15.48457528,15.49324045
2025/10/04,15:08:24,2240.700000,224070,89628,67010,4705,184,2,0,0.20504820,2.41955716,10.08438500,14.39032245,15.05609645,15.13581264,15.14447781
2025/10/04,15:08:25,2218.300000,221830,88732,64971,4623,177,2,0,0.20299867,2.39537290,9.82694619,14.05765008,14.69930623,14.77357809,14.78224326
2025/10/04,15:08:26,2205.990000,220599,88239,63445,4555,170,2,0,0.20187163,2.38207386,9.63912936,13.80817346,14.42430603,14.49529891,14.50396408
2025/10/04,15:08:27,2197.200000,219720,87888,62323,4498,166,2,0,0.20106775,2.37258813,9.50137271,13.61757863,14.21980206,14.29735289,14.30601806
2025/10/04,15:08:28,2190.530000,219053,87621,61613,4452,167,3,0,0.20045690,2.36537998,9.41292437,13.48776478,14.09432466,14.19479738,14.20346255
2025/10/04,15:08:29,2185.170000,218517,87406,61555,4415,169,4,0,0.19996634,2.35959132,9.40046675,13.44101908,14.05447029,14.18337110,14.19203627
2025/10/04,15:08:30,2180.950000,218095,87238,61675,4384,172,4,0,0.19958047,2.35503817,9.40970403,13.42165657,14.04327474,14.19729373,14.20595890
2025/10/04,15:08:31,2175.460000,217546,87018,61724,4348,173,5,0,0.19907795,2.34910843,9.40927598,13.38855652,14.01617344,14.18986627,14.19853144
2025/10/04,15:08:32,2170.090000,217009,86803,61805,4315,175,6,0,0.19858680,2.34331308,9.41281563,13.36181533,13.99555747,14.18561424,14.19427941
2025/10/04,15:08:33,2165.070000,216507,86603,61907,4284,177,6,0,0.19812719,2.33788954,9.41905375,13.33945275,13.97995974,14.18532870,14.19399387
2025/10/04,15:08:34,2159.670000,215967,86386,61980,4242,178,7,0,0.19763259,2.33205323,9.42159117,13.30421279,13.95020900,14.16758025,14.17624542
2025/10/04,15:08:35,2155.020000,215502,86201,62109,4202,178,7,0,0.19720762,2.32703865,9.43128403,13.27693448,13.92050589,14.14335240,14.15201757
2025/10/04,15:08:36,2150.320000,215032,86012,62136,4161,173,6,0,0.19677707,2.32195831,9.42935036,13.23774047,13.86561396,14.08190253,14.09056770
2025/10/04,15:08:37,2144.750000,214475,85790,61542,4117,169,6,0,0.19626792,2.31595038,9.35537566,13.12356336,13.73497282,13.93486651,13.94353168
2025/10/04,15:08:38,2138.880000,213888,85555,60866,4073,164,5,0,0.19573049,2.30960879,9.27164743,12.99947167,13.59390758,13.77740640,13.78607157
2025/10/04,15:08:39,2133.600000,213360,85344,60245,4032,160,5,0,0.19524778,2.30391261,9.19499121,12.88516619,13.46416075,13.63457461,13.64323978
2025/10/04,15:08:40,2128.820000,212882,85152,59666,3992,156,5,0,0.19480947,2.29874074,9.12356122,12.77744495,13.34189074,13.50135406,13.51001923
2025/10/04,15:08:41,2124.190000,212419,84967,59126,3955,152,4,0,0.19438654,2.29375005,9.05684060,12.67653325,13.22732648,13.37806649,13.37806649
2025/10/04,15:08:42,2119.600000,211960,84784,58595,3916,148,4,0,0.19396610,2.28878888,8.99115126,12.57516670,13.11306985,13.25505562,13.25505562
2025/10/04,15:08:43,2114.510000,211451,84580,58017,3874,145,4,0,0.19350032,2.28329288,8.91950615,12.46535529,12.99011541,13.12446055,13.12446055
2025/10/04,15:08:44,2108.550000,210855,84342,57411,3830,141,4,0,0.19295491,2.27685690,8.84373401,12.34941369,12.86000810,12.98671261,12.98671261
2025/10/04,15:08:45,2104.700000,210470,84188,57013,3803,138,3,0,0.19260282,2.27270227,8.79405553,12.27430169,12.77608950,12.89623606,12.89623606
2025/10/04,15:08:46,2102.990000,210299,84119,56799,3790,138,3,0,0.19244657,2.27085851,8.76770882,12.23635327,12.73507666,12.85086157,12.85086157
2025/10/04,15:08:47,2101.070000,210107,84042,56581,3778,142,4,0,0.19227028,2.26877832,8.74073793,12.19881475,12.71234348,12.83904799,12.83904799
2025/10/04,15:08:48,2098.940000,209894,83957,56342,3768,147,4,0,0.19207574,2.26648271,8.71110372,12.16009995,12.69289694,12.83488271,12.83488271
2025/10/04,15:08:49,2097.020000,209702,83881,56133,3760,152,4,0,0.19190026,2.26441205,8.68510774,12.12663854,12.67819787,12.83113418,12.83113418
2025/10/04,15:08:50,2095.960000,209596,83838,55997,3756,157,5,0,0.19180250,2.26325850,8.66842274,12.10584929,12.67680336,12.83954566,12.84821083
2025/10/04,15:08:51,2094.950000,209495,83798,55880,3752,163,5,0,0.19171030,2.26217073,8.65393229,12.08786863,12.67758504,12.84908158,12.85774675
2025/10/04,15:08:52,2093.830000,209383,83753,55761,3747,167,5,0,0.19160769,2.26096000,8.63907651,12.06871460,12.67578762,12.85492479,12.86358996
2025/10/04,15:08:53,2089.360000,208936,83574,55391,3723,170,5,0,0.19119882,2.25613517,8.59199963,11.99927529,12.61642693,12.80103937,12.80970454
2025/10/04,15:08:54,2081.760000,208176,83270,54795,3682,171,6,0,0.19050305,2.24792505,8.51558837,11.88569977,12.50655545,12.69333325,12.70199842
2025/10/04,15:08:55,2074.880000,207488,82995,54251,3645,168,5,0,0.18987358,2.24049757,8.44593820,11.78150255,12.38959464,12.56545283,12.57411800
2025/10/04,15:08:56,2068.650000,206865,82746,53773,3610,163,5,0,0.18930400,2.23377654,8.38457221,11.68817559,12.27955069,12.44121031,12.44987548
2025/10/04,15:08:57,2062.260000,206226,82490,53273,3574,159,4,0,0.18871900,2.22687343,8.32043910,11.59130550,12.16609009,12.31574742,12.32441259
2025/10/04,15:08:58,2054.910000,205491,82196,52723,3536,154,4,0,0.18804656,2.21893880,8.24954652,11.48544675,12.04261816,12.18243857,12.18243857
2025/10/04,15:08:59,2047.110000,204711,81884,52167,3501,149,4,0,0.18733236,2.21051129,8.17757131,11.38157463,11.92177610,12.05284227,12.05284227
2025/10/04,15:09:00,2039.150000,203915,81566,51614,3479,145,4,0,0.18660410,2.20191793,8.10574537,11.28971246,11.81485202,11.93936024,11.93936024
2025/10/04,15:09:01,2032.360000,203236,81294,51154,3462,142,3,0,0.18598259,2.19458393,8.04578206,11.21475423,11.72802639,11.84709027,11.84709027
2025/10/04,15:09:02,2026.190000,202619,81047,50752,3448,139,3,0,0.18541808,2.18792294,7.99309634,11.14920671,11.65227016,11.76697239,11.76697239
2025/10/04,15:09:03,2018.960000,201896,80758,50305,3434,136,3,0,0.18475624,2.18011320,7.93424081,11.07745643,11.57005460,11.68036424,11.68036424
2025/10/04,15:09:04,2011.410000,201141,80456,49849,3433,133,3,0,0.18406547,2.17196216,7.87386446,11.01581998,11.49884907,11.60587974,11.60587974
2025/10/04,15:09:05,2004.350000,200435,80174,49437,3434,131,3,0,0.18342004,2.16434597,7.81911665,10.96233227,11.43668124,11.53935025,11.53935025
2025/10/04,15:09:06,1997.690000,199769,79907,49048,3437,129,3,0,0.18281013,2.15714921,7.76743407,10.91307380,11.37963886,11.47902890,11.47902890
2025/10/04,15:09:07,1991.560000,199156,79662,48688,3437,126,3,0,0.18224937,2.15053212,7.71962731,10.86484701,11.32056374,11.41667480,11.41667480
2025/10/04,15:09:08,1994.710000,199471,79788,48531,3443,124,3,0,0.18253731,2.15392979,7.70509824,10.85594034,11.30514879,11.40017717,11.40017717
2025/10/04,15:09:09,2048.000000,204800,81920,49210,3529,129,3,0,0.18741422,2.21147705,7.84030277,11.07012761,11.53681915,11.63293021,11.63293021
2025/10/04,15:09:10,2109.300000,210930,84372,50017,3629,132,3,0,0.19302407,2.27767298,7.99877853,11.31980094,11.79989209,11.89711677,11.89711677
2025/10/04,15:09:11,2170.240000,217024,86809,50790,3731,136,3,0,0.19859982,2.34346656,8.15305902,11.56757316,12.06017133,12.15956137,12.15956137
2025/10/04,15:09:12,2230.690000,223069,89227,51528,3821,139,3,0,0.20413163,2.40874157,8.30272500,11.79984021,12.30277718,12.40324990,12.40324990
2025/10/04,15:09:13,2290.220000,229022,91608,52217,3908,141,3,0,0.20957925,2.47302317,8.44575451,12.02223955,12.53461912,12.63509184,12.63509184
2025/10/04,15:09:14,2350.060000,235006,94002,52929,3996,144,3,0,0.21505531,2.53764037,8.59183003,12.24943000,12.77201828,12.87360461,12.87360461
2025/10/04,15:09:15,2409.430000,240943,96377,53614,4082,147,3,0,0.22048904,2.60175801,8.73436844,12.47043320,13.00221113,13.10488014,13.10488014
2025/10/04,15:09:16,2458.370000,245837,98335,54047,4145,148,3,0,0.22496764,2.65460529,8.83664974,12.63010899,13.16597040,13.26755673,13.26755673
2025/10/04,15:09:17,2455.420000,245542,98216,53606,4123,145,3,0,0.22469689,2.65141065,8.78306369,12.55680974,13.08105671,13.17828139,13.17828139
2025/10/04,15:09:18,2436.750000,243675,97470,53046,4089,141,3,0,0.22298896,2.63125711,8.69887369,12.44094978,12.95154419,13.04548989,13.04548989
2025/10/04,15:09:19,2413.050000,241305,96522,52540,4046,137,2,0,0.22082019,2.60566572,8.61538167,12.31799933,12.81570366,12.90525677,12.90525677
2025/10/04,15:09:20,2389.720000,238972,95588,52079,4003,134,2,0,0.21868496,2.58046999,8.53746387,12.20143023,12.68815975,12.77443389,12.77443389
2025/10/04,15:09:21,2366.530000,236653,94661,51631,3970,132,2,0,0.21656327,2.55543440,8.46114412,12.09502365,12.57205399,12.65724545,12.65724545
2025/10/04,15:09:22,2343.310000,234331,93732,51185,3955,129,2,0,0.21443774,2.53035305,8.38514222,12.00515790,12.47440433,12.55851311,12.55851311
2025/10/04,15:09:23,2320.810000,232081,92832,50784,3945,127,2,0,0.21237933,2.50606393,8.31493738,11.92503241,12.38662140,12.47073018,12.47073018
2025/10/04,15:09:24,2299.930000,229993,91997,50460,3940,125,2,0,0.21046796,2.48350988,8.25528159,11.86140140,12.31494991,12.40122405,12.40122405
2025/10/04,15:09:25,2280.550000,228055,91222,50167,3936,123,2,0,0.20869513,2.46259080,8.20090420,11.80359877,12.24999937,12.33627351,12.33627351
2025/10/04,15:09:26,2268.310000,226831,90732,49855,3927,121,2,0,0.20757471,2.44936990,8.15195484,11.74589094,12.18412458,12.27039872,12.27039872
2025/10/04,15:09:27,2260.550000,226055,90422,49491,3911,118,2,0,0.20686417,2.44098534,8.10194436,11.68153252,12.11019707,12.19538853,12.19538853
2025/10/04,15:09:28,2252.550000,225255,90102,49115,3898,116,2,0,0.20613226,2.43234904,8.05025624,11.61749871,12.03799268,12.12646311,12.12646311
2025/10/04,15:09:29,2244.510000,224451,89780,48754,3888,116,3,0,0.20539667,2.42366891,8.00037433,11.55850419,11.97823567,12.08854531,12.08854531
2025/10/04,15:09:30,2233.920000,223392,89357,48343,3864,115,4,0,0.20442788,2.41223744,7.94191224,11.47800178,11.89428579,12.02099030,12.02099030
2025/10/04,15:09:31,2221.920000,222192,88877,47921,3840,114,4,0,0.20332969,2.39927873,7.88062227,11.39473648,11.80706349,11.94577029,11.94577029
2025/10/04,15:09:32,2209.510000,220951,88380,47503,3814,112,4,0,0.20219408,2.38587864,7.81940381,11.30973260,11.71772316,11.86626688,11.86626688
2025/10/04,15:09:33,2197.200000,219720,87888,47098,3788,111,5,0,0.20106743,2.37258433,7.75985852,11.22640281,11.63030989,11.78760785,11.78760785
2025/10/04,15:09:34,2185.520000,218552,87420,46728,3764,110,5,0,0.19999833,2.35996884,7.70493047,11.14991945,11.55012249,11.71506108,11.71506108
2025/10/04,15:09:35,2175.040000,217504,87001,46432,3746,110,5,0,0.19903988,2.34865937,7.65970218,11.08808017,11.48675461,11.65933383,11.65933383
2025/10/04,15:09:36,2164.910000,216491,86596,46153,3724,109,5,0,0.19811272,2.33771889,7.61691516,11.02541889,11.42115539,11.59701358,11.59701358
2025/10/04,15:09:37,2156.030000,215603,86241,45927,3694,106,5,0,0.19730005,2.32812928,7.58147747,10.96267354,11.34884096,11.51377955,11.51377955
2025/10/04,15:09:38,2148.730000,214873,85949,45502,3657,104,4,0,0.19663197,2.32024612,7.52496005,10.87222310,11.24805172,11.40098803,11.40098803
2025/10/04,15:09:39,2141.880000,214188,85675,44964,3619,101,4,0,0.19600535,2.31285204,7.45598953,10.76805946,11.13304336,11.27614274,11.27614274
2025/10/04,15:09:40,2140.360000,214036,85614,45024,3624,100,4,0,0.19586622,2.31121038,7.46120672,10.77760785,11.14092944,11.27855356,11.27855356
2025/10/04,15:09:41,2145.170000,214517,85806,45844,3669,102,4,0,0.19630573,2.31639654,7.56017547,10.91845822,11.28841818,11.42276332,11.42276332
2025/10/04,15:09:42,2150.400000,215040,86016,46196,3727,104,4,0,0.19678434,2.32204413,7.60613209,11.01673599,11.39511949,11.52838195,11.52838195
2025/10/04,15:09:43,2156.470000,215647,86258,46539,3788,107,4,0,0.19733996,2.32860024,7.65189047,11.11849881,11.50619844,11.63837822,11.63837822
2025/10/04,15:09:44,2162.690000,216269,86507,46880,3850,109,4,0,0.19790938,2.33531936,7.69768672,11.22146352,11.61885871,11.74992488,11.74992488
2025/10/04,15:09:45,2167.730000,216773,86709,47174,3915,112,4,0,0.19837093,2.34076576,7.73668430,11.31989170,11.72775217,11.85773566,11.85773566
2025/10/04,15:09:46,2173.810000,217381,86952,47508,3991,116,4,0,0.19892671,2.34732379,7.78144283,11.43451852,11.85641822,11.98640171,11.98640171
2025/10/04,15:09:47,2180.940000,218094,87237,47883,4068,120,4,0,0.19957957,2.35502768,7.83208141,11.55509037,11.99128226,12.12126575,12.12126575
2025/10/04,15:09:48,2182.530000,218253,87301,47997,4103,123,4,0,0.19972483,2.35674176,7.84679417,11.60157101,12.04861124,12.17531575,12.17531575
2025/10/04,15:09:49,2177.600000,217760,87104,47792,4106,128,3,0,0.19927363,2.35141741,7.81808588,11.57609395,12.04189291,12.16531845,12.16531845
2025/10/04,15:09:50,2172.190000,217219,86887,47570,4098,131,3,0,0.19877854,2.34557535,7.78686024,11.53769389,12.01344859,12.13359515,12.13359515
2025/10/04,15:09:51,2164.970000,216497,86598,47283,4094,135,3,0,0.19811756,2.33777609,7.74619243,11.49308380,11.98223811,12.09910570,12.09910570
2025/10/04,15:09:52,2156.350000,215635,86254,46946,4094,140,3,0,0.19732936,2.32847534,7.69830342,11.44532382,11.95374639,12.06733500,12.06733500
2025/10/04,15:09:53,2147.650000,214765,85906,46609,4086,145,3,0,0.19653317,2.31908020,7.65037653,11.38960847,11.91385544,12.02416508,12.02416508
2025/10/04,15:09:54,2138.220000,213822,85529,46241,4065,148,3,0,0.19567048,2.30890048,7.59813463,11.31810635,11.85435081,11.95921612,11.95921612
2025/10/04,15:09:55,2127.990000,212799,85119,45783,4039,151,3,0,0.19473433,2.29785413,7.53466510,11.23162741,11.77795410,11.87842682,11.87842682
2025/10/04,15:09:56,2117.700000,211770,84708,44807,4011,152,3,0,0.19379256,2.28674111,7.41199624,11.08261999,11.63494543,11.73105649,11.73105649
2025/10/04,15:09:57,2107.760000,210776,84310,43915,3978,151,2,0,0.19288275,2.27600556,7.29920548,10.93987143,11.48810977,11.57985918,11.57985918
2025/10/04,15:09:58,2097.380000,209738,83895,43024,3949,150,2,0,0.19193312,2.26480003,7.18600937,10.80059573,11.34462411,11.43309454,11.43309454
2025/10/04,15:09:59,2088.350000,208835,83534,42267,3914,148,2,0,0.19110624,2.25504265,7.08969186,10.67163916,11.20686094,11.29205240,11.29205240
2025/10/04,15:10:00,2079.910000,207991,83196,41572,3870,143,2,0,0.19033377,2.24592777,7.00109794,10.54277786,11.06204876,11.14396125,11.14396125
2025/10/04,15:10:01,2071.270000,207127,82851,40875,3826,139,2,0,0.18954356,2.23660319,6.91202781,10.41353827,10.91787736,10.99651087,10.99651087
2025/10/04,15:10:02,2062.320000,206232,82492,40179,3784,135,2,0,0.18872424,2.22693540,6.82279611,10.28565618,10.77672214,10.85319029,10.85319029
2025/10/04,15:10:03,2053.220000,205322,82129,39504,3753,134,2,0,0.18789202,2.21711508,6.73579516,10.17099160,10.65797408,10.73444223,10.73444223
2025/10/04,15:10:04,2043.900000,204390,81756,38829,3726,134,2,0,0.18703886,2.20704784,6.64843016,10.05835505,10.54316931,10.61852385,10.61852385
2025/10/04,15:10:05,2034.410000,203441,81376,38136,3692,133,2,0,0.18617074,2.19680421,6.55892561,9.93834363,10.42022356,10.49449542,10.49449542
2025/10/04,15:10:06,2026.370000,202637,81055,37574,3665,133,2,0,0.18543482,2.18812029,6.48603149,9.84014594,10.32151634,10.39578820,10.39578820
2025/10/04,15:10:07,2017.980000,201798,80719,37019,3640,133,2,0,0.18466704,2.17906070,6.41348081,9.74516694,10.22640724,10.30067910,10.30067910
2025/10/04,15:10:08,2010.130000,201013,80405,36537,3624,133,2,0,0.18394858,2.17058271,6.34988535,9.66638348,10.14889942,10.22425396,10.22425396
2025/10/04,15:10:09,2003.680000,200368,80147,36178,3617,134,2,0,0.18335864,2.16362144,6.30182729,9.61244312,10.09814996,10.17461811,10.17461811
2025/10/04,15:10:10,1997.870000,199787,79914,35873,3612,135,2,0,0.18282654,2.15734275,6.26060790,9.56598841,10.05437662,10.13192745,10.13192745
2025/10/04,15:10:11,1992.400000,199240,79696,35604,3598,136,2,0,0.18232602,2.15143682,6.22401870,9.51669938,10.00827849,10.09783160,10.09783160
2025/10/04,15:10:12,1987.720000,198772,79508,35409,3592,138,3,0,0.18189776,2.14638318,6.19663938,9.48376171,9.98312473,10.09343437,10.09343437
2025/10/04,15:10:13,1983.130000,198313,79325,35220,3588,140,4,0,0.18147748,2.14142392,6.17007747,9.45396765,9.96175421,10.08626243,10.08626243
2025/10/04,15:10:14,1978.970000,197897,79158,35118,3584,142,4,0,0.18109663,2.13692990,6.15391767,9.43399461,9.95058415,10.08604290,10.08604290
2025/10/04,15:10:15,1996.880000,199688,79875,38770,3712,155,4,0,0.18273606,2.15627503,6.59099638,9.98867350,10.55069450,10.70143451,10.70143451
2025/10/04,15:10:16,2059.120000,205912,82365,46611,4055,185,5,0,0.18843171,2.22348337,7.55498971,11.26633290,11.93517132,12.10119259,12.10985776
2025/10/04,15:10:17,2124.790000,212479,84991,50254,4413,214,5,0,0.19444122,2.29439544,8.04262547,12.08117463,12.85542473,13.03456190,13.04322707
2025/10/04,15:10:18,2191.700000,219170,87668,53912,4778,242,6,0,0.20056419,2.36664601,8.53335689,12.90589845,13.78364498,13.97698073,13.98564590
2025/10/04,15:10:19,2259.900000,225990,90396,57890,5144,268,6,0,0.20680525,2.44029032,9.06193352,13.76930845,14.73995964,14.93765704,14.94632221
2025/10/04,15:10:20,2328.230000,232823,93129,62006,5513,294,6,0,0.21305837,2.51407671,9.60651082,14.65159530,15.71438505,15.90991709,15.91858226
2025/10/04,15:10:21,2396.450000,239645,95858,66029,5905,327,6,0,0.21930049,2.58773345,10.14039145,15.54477190,16.72790516,16.92999515,16.94732549
2025/10/04,15:10:22,2463.940000,246394,98557,69951,6289,359,7,0,0.22547686,2.66061417,10.66188691,16.41748569,17.71738850,17.93475975,17.95209009
2025/10/04,15:10:23,2510.350000,251035,100414,72370,6550,377,7,0,0.22972352,2.71072442,10.98861053,16.98299689,18.34823905,18.57436454,18.59169488
2025/10/04,15:10:24,2512.180000,251218,100487,72560,6588,377,7,0,0.22989099,2.71270070,11.01233496,17.04120340,18.40376780,18.63645124,18.65378158
2025/10/04,15:10:25,2508.410000,250841,100336,72531,6580,373,7,0,0.22954649,2.70863566,11.00496563,17.02643362,18.37610795,18.61203943,18.62936977
2025/10/04,15:10:26,2497.260000,249726,99890,72260,6511,365,7,0,0.22852619,2.69659599,10.96197618,16.92071736,18.24052805,18.47757314,18.49490348
2025/10/04,15:10:27,2477.400000,247740,99096,71559,6409,356,7,0,0.22670844,2.67514683,10.86030072,16.72567919,18.01218239,18.24811387,18.26544421
2025/10/04,15:10:28,2452.820000,245282,98112,70645,6286,344,7,0,0.22445904,2.64860402,10.72921842,16.48210208,17.72713083,17.96089695,17.97822729
2025/10/04,15:10:29,2427.880000,242788,97115,69713,6131,323,7,0,0.22217661,2.62167132,10.59567008,16.20707114,17.37757090,17.60150009,17.61016526
2025/10/04,15:10:30,2402.130000,240213,96085,68728,5972,302,6,0,0.21982031,2.59386721,10.45521149,15.92037964,17.01315951,17.21852847,17.22719364
2025/10/04,15:10:31,2375.580000,237558,95023,67667,5795,283,6,0,0.21739074,2.56519847,10.30516704,15.60888133,16.63504621,16.82402030,16.83268547
2025/10/04,15:10:32,2349.700000,234970,93988,66679,5621,266,5,0,0.21502306,2.53725997,10.16419832,15.30830085,16.27193423,16.44562706,16.45429223
2025/10/04,15:10:33,2326.540000,232654,93061,66396,5554,258,5,0,0.21290309,2.51224440,10.10679906,15.19001689,16.12480932,16.29302688,16.30169205
2025/10/04,15:10:34,2309.400000,230940,92376,66861,5635,262,5,0,0.21133443,2.49373440,10.14157264,15.29879595,16.24647484,16.41577508,16.42444025
2025/10/04,15:10:35,2299.020000,229902,91961,67276,5734,265,5,0,0.21038507,2.48253176,10.17774799,15.42552189,16.38507179,16.55548565,16.56415082
2025/10/04,15:10:36,2292.600000,229260,91704,67608,5832,267,5,0,0.20979787,2.47560290,10.20888638,15.54611274,16.51421266,16.68462652,16.69329169
2025/10/04,15:10:37,2286.250000,228625,91450,67894,5926,269,5,0,0.20921634,2.46874080,10.23468271,15.65796923,16.63283039,16.80213063,16.81079580
2025/10/04,15:10:38,2280.580000,228058,91223,68213,6033,274,5,0,0.20869740,2.46261748,10.26501086,15.78599036,16.77705897,16.94747283,16.95613800
2025/10/04,15:10:39,2274.740000,227474,90989,68505,6165,285,5,0,0.20816320,2.45631403,10.29219397,15.93458690,16.96713358,17.14082641,17.14949158
2025/10/04,15:10:40,2267.820000,226782,90713,68684,6295,296,5,0,0.20753028,2.44884557,10.30512441,16.06576451,17.13761743,17.31239294,17.32105811
2025/10/04,15:10:41,2259.800000,225980,90392,68238,6338,299,5,0,0.20679566,2.44017691,10.24549483,16.04630439,17.12861898,17.29903284,17.30769801
2025/10/04,15:10:42,2252.280000,225228,90091,67216,6277,294,5,0,0.20610747,2.43205637,10.12051064,15.86479780,16.92822718,17.08769050,17.09635567
2025/10/04,15:10:43,2245.370000,224537,89814,66295,6223,289,4,0,0.20547542,2.42459840,10.00764079,15.70293596,16.75041446,16.90115447,16.90981964
2025/10/04,15:10:44,2238.810000,223881,89552,65452,6178,286,4,0,0.20487514,2.41751511,9.90418162,15.55830529,16.59251066,16.73669272,16.74535789
2025/10/04,15:10:45,2233.240000,223324,89329,64777,6141,284,4,0,0.20436512,2.41149670,9.82087757,15.44081016,16.46939984,16.61905717,16.62772234
2025/10/04,15:10:46,2226.820000,222682,89073,64080,6089,281,5,0,0.20377825,2.40457166,9.73428362,15.30642026,16.32390864,16.48884723,16.49751240
2025/10/04,15:10:47,2221.460000,222146,88858,63479,6015,271,5,0,0.20328768,2.39878299,9.65974455,15.16424209,16.14701725,16.32507174,16.33373691
2025/10/04,15:10:48,2216.730000,221673,88669,62962,5942,262,6,0,0.20285480,2.39367502,9.59544331,15.03375678,15.98335093,16.17012873,16.17879390
2025/10/04,15:10:49,2211.380000,221138,88455,62424,5864,254,6,0,0.20236472,2.38789208,9.52820518,14.89461425,15.81268608,16.00602183,16.01468700
2025/10/04,15:10:50,2207.010000,220701,88280,61978,5795,246,6,0,0.20196528,2.38317877,9.47247833,14.77593456,15.66797328,15.86786697,15.87653214
2025/10/04,15:10:51,2241.650000,224165,89666,62771,5728,253,7,0,0.20513458,2.42057628,9.60054002,14.84304657,15.75933323,15.98106613,15.98973130
2025/10/04,15:10:52,2300.810000,230081,92032,64309,5663,268,8,0,0.21054859,2.48446131,9.84038486,15.02336381,15.99363195,16.24379294,16.25245811
2025/10/04,15:10:53,2359.570000,235957,94382,65773,5598,281,8,0,0.21592560,2.54790972,10.07125395,15.19467327,16.21139555,16.47575512,16.48442029
2025/10/04,15:10:54,2418.880000,241888,96755,67241,5537,290,8,0,0.22135341,2.61195774,10.30318705,15.37063396,16.41951457,16.68059516,16.68926033
2025/10/04,15:10:55,2476.640000,247664,99065,68564,5468,296,8,0,0.22663945,2.67433268,10.51694222,15.52143629,16.59163052,16.84615316,16.85481833
2025/10/04,15:10:56,2534.880000,253488,101395,69907,5401,301,8,0,0.23196895,2.73722052,10.73344806,15.67663739,16.76673950,17.01690049,17.02556566
2025/10/04,15:10:57,2593.880000,259388,103755,71295,5341,307,8,0,0.23736745,2.80092250,10.95594250,15.84399948,16.95554169,17.20458906,17.21325423
2025/10/04,15:10:58,2652.290000,265229,106091,72652,5286,313,8,0,0.24271247,2.86399339,11.17420679,16.01172067,17.14393687,17.39298424,17.40164941
2025/10/04,15:10:59,2671.740000,267174,106869,72758,5231,305,7,0,0.24449305,2.88500400,11.20730330,15.99492015,17.09803882,17.33072226,17.33938743
2025/10/04,15:11:00,2666.140000,266614,106645,72067,5172,288,6,0,0.24398041,2.87895506,11.12218733,15.85596488,16.89948637,17.10702069,17.11568586
2025/10/04,15:11:01,2654.910000,265491,106196,71206,5111,271,5,0,0.24295306,2.86683241,11.01158027,15.68899740,16.66896472,16.85357716,16.86224233
2025/10/04,15:11:02,2632.690000,263269,105307,70170,5055,254,5,0,0.24091970,2.84283884,10.86909928,15.49519730,16.41544096,16.58257584,16.59124101
2025/10/04,15:11:03,2609.610000,260961,104384,69230,5005,241,5,0,0.23880693,2.81790812,10.73669252,15.31738576,16.18836744,16.34346911,16.35213428
2025/10/04,15:11:04,2586.440000,258644,103457,68313,4958,228,4,0,0.23668686,2.79289159,10.60672450,15.14417810,15.96909231,16.11435705,16.12302222
2025/10/04,15:11:05,2563.320000,256332,102533,67409,4912,216,4,0,0.23457135,2.76792849,10.47846205,14.97396905,15.75511048,15.89056923,15.89923440
2025/10/04,15:11:06,2538.960000,253896,101558,66402,4858,203,4,0,0.23234231,2.74162591,10.33697633,14.78316831,15.52002744,15.64673195,15.65539712
2025/10/04,15:11:07,2513.740000,251374,100549,65353,4800,192,3,0,0.23003409,2.71438907,10.18969681,14.58230754,15.27641296,15.39328055,15.40194572
2025/10/04,15:11:08,2487.120000,248712,99484,64280,4739,180,3,0,0.22759773,2.68564023,10.03825149,14.37576190,15.02890239,15.13812935,15.14679452
2025/10/04,15:11:09,2459.430000,245943,98377,63321,4680,171,3,0,0.22506443,2.65574739,9.89858421,14.18138230,14.80210789,14.90477690,14.91344207
2025/10/04,15:11:10,2439.700000,243970,97588,62591,4620,165,3,0,0.22325906,2.63444412,9.79381498,14.02238576,14.62218440,14.71940908,14.72807425
2025/10/04,15:11:11,2421.120000,242112,96844,61834,4559,160,2,0,0.22155823,2.61437447,9.68715294,13.85988125,14.43989848,14.53164789,14.53164789
2025/10/04,15:11:12,2401.910000,240191,96076,61035,4497,155,2,0,0.21980059,2.59363461,9.57507839,13.69054124,14.25192623,14.33931398,14.33931398
2025/10/04,15:11:13,2382.950000,238295,95318,60302,4436,150,2,0,0.21806567,2.57316265,9.47076083,13.53038029,14.07479172,14.15890050,14.15890050
2025/10/04,15:11:14,2365.220000,236522,94609,59688,4382,146,2,0,0.21644322,2.55401773,9.38136287,13.39173228,13.92197800,14.00280781,14.00280781
2025/10/04,15:11:15,2348.820000,234882,93952,59185,4336,143,2,0,0.21494178,2.53630092,9.30612106,13.27441393,13.79266216,13.87237835,13.87237835
2025/10/04,15:11:16,2334.040000,233404,93361,58749,4306,141,2,0,0.21358943,2.52034303,9.24030501,13.18164528,13.69210959,13.77182578,13.77182578
2025/10/04,15:11:17,2325.100000,232510,93004,58344,4295,140,2,0,0.21277117,2.51068761,9.18432586,13.11474343,13.62087130,13.70170111,13.70170111
2025/10/04,15:11:18,2317.990000,231799,92719,57848,4276,138,2,0,0.21212128,2.50301897,9.11990785,13.03329440,13.53367648,13.61558897,13.61558897
2025/10/04,15:11:19,2311.440000,231144,92457,57390,4259,136,2,0,0.21152197,2.49594713,9.06046121,12.95846484,13.45348780,13.53540029,13.53540029
2025/10/04,15:11:20,2305.070000,230507,92202,56929,4242,135,2,0,0.21093823,2.48905924,9.00083100,12.88277362,13.37231098,13.45422347,13.45422347
2025/10/04,15:11:21,2297.290000,229729,91891,56344,4217,133,2,0,0.21022662,2.48066225,8.92548114,12.78525441,13.26751739,13.34834720,13.34834720
2025/10/04,15:11:22,2289.570000,228957,91583,55747,4192,131,2,0,0.20952066,2.47233198,8.84893772,12.68566956,13.16116769,13.24088388,13.24088388
2025/10/04,15:11:23,2281.310000,228131,91252,55112,4163,129,2,0,0.20876439,2.46340781,8.76730048,12.57762970,13.04611002,13.12366085,13.12366085
2025/10/04,15:11:24,2271.390000,227139,90855,54450,4119,125,2,0,0.20785629,2.45269231,8.68090699,12.45074280,12.90582352,12.98117806,12.98117806
2025/10/04,15:11:25,2255.910000,225591,90236,53759,4056,120,2,0,0.20644017,2.43598221,8.58513386,12.29715515,12.73130530,12.80338086,12.80338086
2025/10/04,15:11:26,2237.830000,223783,89513,53109,3997,115,2,0,0.20478578,2.41646071,8.49121900,12.14972401,12.56575145,12.63566165,12.63566165
2025/10/04,15:11:27,2219.450000,221945,88778,52453,3949,111,2,0,0.20310338,2.39660844,8.39637939,12.01077175,12.41301653,12.48181312,12.48181312
2025/10/04,15:11:28,2200.910000,220091,88036,51827,3902,107,2,0,0.20140659,2.37658643,8.30472693,11.87565362,12.26488184,12.33151307,12.33151307
2025/10/04,15:11:29,2183.940000,218394,87357,51306,3861,104,2,0,0.19985410,2.35826711,8.22681847,11.76012884,12.13889540,12.20441301,12.20441301
2025/10/04,15:11:30,2166.540000,216654,86661,50771,3819,101,2,0,0.19826131,2.33947210,8.14688728,11.64206430,12.00985243,12.07428736,12.07428736
2025/10/04,15:11:31,2149.270000,214927,85970,50278,3780,99,2,0,0.19668086,2.32082289,8.07178358,11.53141150,11.89014008,11.95349233,11.95349233
2025/10/04,15:11:32,2133.070000,213307,85322,49812,3745,97,2,0,0.19519856,2.30333202,8.00101726,11.42852315,11.77934134,11.84157998,11.84157998
2025/10/04,15:11:33,2125.050000,212505,85002,49540,3730,96,2,0,0.19446513,2.29467762,7.96123533,11.37490941,11.72355576,11.78690801,11.78690801
2025/10/04,15:11:34,2128.010000,212801,85120,49717,3760,99,2,0,0.19473588,2.29787226,7.98467536,11.42630316,11.78413915,11.84965676,11.84965676
2025/10/04,15:11:35,2131.590000,213159,85263,49925,3789,103,2,0,0.19506380,2.30174185,8.01238139,11.48002380,11.85394077,11.92057200,11.92057200
2025/10/04,15:11:36,2135.910000,213591,85436,50151,3833,115,2,0,0.19545897,2.30640464,8.04283164,11.55093452,11.96862426,12.03853446,12.03853446
2025/10/04,15:11:37,2139.340000,213934,85573,50334,3879,127,2,0,0.19577228,2.31010167,8.06744057,11.61761999,12.07729372,12.15048290,12.15048290
2025/10/04,15:11:38,2142.280000,214228,85691,50496,3933,134,2,0,0.19604131,2.31327628,8.08918429,11.68854971,12.17362054,12.25117137,12.25117137
2025/10/04,15:11:39,2144.810000,214481,85792,50616,3990,141,2,0,0.19627351,2.31601619,8.10561776,11.75691632,12.26865627,12.35056876,12.35056876
2025/10/04,15:11:40,2148.910000,214891,85956,50811,4059,151,2,0,0.19664845,2.32044060,8.13241222,11.84750368,12.39484943,12.48112357,12.48112357
2025/10/04,15:11:41,2151.390000,215139,86055,50932,4116,160,2,0,0.19687515,2.32311566,8.14890207,11.91624971,12.49626694,12.58693367,12.58693367
2025/10/04,15:11:42,2147.200000,214720,85888,50686,4133,167,3,0,0.19649165,2.31859018,8.11625836,11.89921495,12.50462567,12.59857137,12.60723654
2025/10/04,15:11:43,2142.290000,214229,85691,50419,4148,172,3,0,0.19604245,2.31328965,8.08035542,11.87688485,12.50080134,12.59802602,12.60669119
2025/10/04,15:11:44,2135.620000,213562,85425,50073,4141,172,3,0,0.19543247,2.30609195,8.03367671,11.82348469,12.44612554,12.54223660,12.55090177
2025/10/04,15:11:45,2128.730000,212873,85149,49715,4127,171,3,0,0.19480197,2.29865210,7.98519258,11.76184775,12.38117122,12.47619960,12.48486477
2025/10/04,15:11:46,2121.780000,212178,84871,49349,4101,170,3,0,0.19416533,2.29113980,7.93582410,11.68869386,12.30329422,12.39612631,12.40479148
2025/10/04,15:11:47,2115.190000,211519,84607,49004,4069,167,2,0,0.19356295,2.28403173,7.88930376,11.61341176,12.21780341,12.30735652,12.31602169
2025/10/04,15:11:48,2107.770000,210777,84311,48634,4026,161,2,0,0.19288381,2.27601796,7.83890869,11.52339629,12.10864617,12.19492031,12.19492031
2025/10/04,15:11:49,2100.330000,210033,84013,48252,3982,156,2,0,0.19220242,2.26797753,7.78723069,11.43187186,11.99810644,12.08110161,12.08110161
2025/10/04,15:11:50,2091.430000,209143,83657,47814,3933,152,2,0,0.19138859,2.25837455,7.72757968,11.32684810,11.87815086,11.95786705,11.95786705
2025/10/04,15:11:51,2082.010000,208201,83280,47367,3887,150,2,0,0.19052664,2.24820342,7.66618513,11.22392698,11.76782888,11.84646239,11.84646239
2025/10/04,15:11:52,2073.780000,207378,82951,47005,3855,149,2,0,0.18977285,2.23930876,7.61594730,11.14369932,11.68390079,11.76253430,11.76253430
2025/10/04,15:11:53,2065.930000,206593,82637,46686,3825,148,2,0,0.18905461,2.23083361,7.57098831,11.07175570,11.60978533,11.68841884,11.68841884
2025/10/04,15:11:54,2058.940000,205894,82357,46411,3800,148,2,0,0.18841555,2.22329270,7.53200485,11.00960086,11.54699448,11.62671067,11.62671067
2025/10/04,15:11:55,2052.240000,205224,82089,46152,3777,148,2,0,0.18780202,2.21605308,7.49513623,10.95175894,11.48953561,11.57036542,11.57036542
2025/10/04,15:11:56,2046.320000,204632,81852,45909,3757,149,2,0,0.18726013,2.20965902,7.46087042,10.89907298,11.43812529,11.52003778,11.52003778
2025/10/04,15:11:57,2039.910000,203991,81596,45323,3735,149,2,0,0.18667407,2.20274351,7.38691316,10.80533755,11.34515596,11.42815113,11.42815113
2025/10/04,15:11:58,2034.570000,203457,81382,44816,3717,148,2,0,0.18618496,2.19697201,7.32324904,10.72483641,11.26197346,11.34608224,11.34608224
2025/10/04,15:11:59,2029.970000,202997,81199,44409,3698,146,2,0,0.18576429,2.19200799,7.27165440,10.65598471,11.18418869,11.26829747,11.26829747
2025/10/04,15:12:00,2025.430000,202543,81017,44010,3683,143,2,0,0.18534902,2.18710785,7.22116166,10.59172513,11.11150557,11.19561435,11.19561435
2025/10/04,15:12:01,2020.110000,202011,80804,43540,3672,142,2,0,0.18486143,2.18135443,7.16164792,10.52216078,11.03722172,11.12133050,11.12133050
2025/10/04,15:12:02,2014.000000,201400,80560,43004,3666,142,2,0,0.18430267,2.17476116,7.09377310,10.44863061,10.96369155,11.04888301,11.04888301
2025/10/04,15:12:03,2007.480000,200748,80299,42456,3658,142,2,0,0.18370620,2.16772269,7.02399881,10.37187590,10.88617074,10.97244488,10.97244488
2025/10/04,15:12:04,2000.120000,200012,80004,41861,3647,141,2,0,0.18303224,2.15976994,6.94805505,10.28562348,10.79762000,10.88281146,10.88281146
2025/10/04,15:12:05,1992.770000,199277,79711,41291,3635,141,2,0,0.18236021,2.15184010,6.87489310,10.20208789,10.71165962,10.79685108,10.79685108
2025/10/04,15:12:06,1984.050000,198405,79362,40606,3616,139,2,0,0.18156222,2.14242396,6.78714918,10.09676389,10.60225213,10.68524730,10.68524730
2025/10/04,15:12:07,1974.540000,197454,78981,39851,3587,138,2,0,0.18069154,2.13214987,6.69042809,9.97380124,10.47431342,10.55622591,10.55622591
2025/10/04,15:12:08,1964.440000,196444,78577,39053,3552,136,2,0,0.17976784,2.12125035,6.58826262,9.83944877,10.33421877,10.41393496,10.41393496
2025/10/04,15:12:09,1955.680000,195568,78227,38411,3522,135,2,0,0.17896590,2.11178752,6.50538384,9.72880935,10.21668802,10.29423885,10.29423885
2025/10/04,15:12:10,1948.190000,194819,77927,37908,3492,132,2,0,0.17828062,2.10370132,6.43981713,9.63554790,10.11347083,10.18993898,10.18993898
2025/10/04,15:12:11,1941.350000,194135,77654,37488,3464,130,2,0,0.17765433,2.09631104,6.38431772,9.55503500,10.02504753,10.10040207,10.10040207
2025/10/04,15:12:12,1934.970000,193497,77399,37141,3437,127,2,0,0.17707062,2.08942321,6.33775500,9.48326570,9.94562080,10.02097534,10.02097534
2025/10/04,15:12:13,1928.600000,192860,77144,36828,3405,125,2,0,0.17648802,2.08254867,6.29510350,9.41162550,9.86364180,9.93899634,9.93899634
2025/10/04,15:12:14,1927.230000,192723,77089,37244,3426,126,2,0,0.17636224,2.08106434,6.34121529,9.47677239,9.93351179,10.00997994,10.00997994
2025/10/04,15:12:15,1932.320000,193232,77292,38800,3504,132,2,0,0.17682783,2.08655841,6.52470919,9.73142763,10.20871093,10.28734444,10.28734444
2025/10/04,15:12:16,1937.920000,193792,77516,40373,3584,139,2,0,0.17734014,2.09260352,6.71065665,9.99086262,10.49558476,10.57857993,10.57857993
2025/10/04,15:12:17,1942.760000,194276,77710,41800,3654,146,2,0,0.17778304,2.09782974,6.87905801,10.22321886,10.75167941,10.83687087,10.83687087
2025/10/04,15:12:18,1945.960000,194596,77838,43027,3713,151,2,0,0.17807638,2.10129127,7.02283999,10.42148712,10.96921593,11.05549007,11.05549007
2025/10/04,15:12:19,1948.860000,194886,77954,44199,3771,156,2,0,0.17834122,2.10441633,7.16004443,10.61110879,11.17645078,11.26383853,11.26383853
2025/10/04,15:12:20,1951.550000,195155,78062,45291,3828,160,2,0,0.17858821,2.10733069,7.28787292,10.79103148,11.37245083,11.46092126,11.46092126
2025/10/04,15:12:21,1954.020000,195402,78160,46049,3881,164,2,0,0.17881369,2.10999143,7.37726342,10.92902689,11.52499501,11.61346544,11.61346544
2025/10/04,15:12:22,1952.820000,195282,78112,46203,3901,167,2,0,0.17870397,2.10869681,7.39362903,10.96390965,11.56995999,11.65951310,11.66817827
2025/10/04,15:12:23,1944.940000,194494,77797,45867,3861,168,2,0,0.17798292,2.10018828,7.34660899,10.88040437,11.48977209,11.58152150,11.59018667
2025/10/04,15:12:24,1936.800000,193680,77472,45013,3810,166,2,0,0.17723776,2.09139565,7.24019234,10.72735486,11.32804608,11.41979549,11.42846066
2025/10/04,15:12:25,1929.520000,192952,77180,44279,3771,164,3,0,0.17657172,2.08353633,7.14832580,10.59926113,11.19369704,11.28652913,11.28652913
2025/10/04,15:12:26,1923.400000,192340,76936,43721,3740,163,3,0,0.17601177,2.07692877,7.07795653,10.50048517,11.09160370,11.18663208,11.18663208
2025/10/04,15:12:27,1917.340000,191734,76693,43186,3716,162,3,0,0.17545760,2.07038982,7.01017228,10.41143661,10.99987738,11.09710206,11.09710206
2025/10/04,15:12:28,1912.120000,191212,76484,42766,3699,162,3,0,0.17497925,2.06474511,6.95652344,10.34153276,10.92907734,11.02846738,11.02846738
2025/10/04,15:12:29,1907.700000,190770,76308,42450,3692,162,3,0,0.17457471,2.05997176,6.91553699,10.29453498,10.88335881,10.98602782,10.98602782
2025/10/04,15:12:30,1903.190000,190319,76127,42133,3695,162,3,0,0.17416277,2.05511070,6.87442234,10.25629651,10.84422414,10.94908945,10.94908945
2025/10/04,15:12:31,1899.730000,189973,75989,41932,3706,160,3,0,0.17384548,2.05136692,6.84771875,10.23925551,10.82105791,10.92480960,10.92480960
2025/10/04,15:12:32,1896.620000,189662,75864,41757,3725,161,3,0,0.17356071,2.04800643,6.82439150,10.23379936,10.81751703,10.92238234,10.92238234
2025/10/04,15:12:33,1892.770000,189277,75710,41501,3734,161,3,0,0.17320878,2.04385369,6.79096126,10.20812555,10.79209979,10.89696510,10.89696510
2025/10/04,15:12:34,1887.790000,188779,75511,41098,3735,160,3,0,0.17275286,2.03847399,6.73939520,10.15736753,10.73878688,10.84253857,10.84253857
2025/10/04,15:12:35,1882.460000,188246,75298,40640,3727,160,3,0,0.17226497,2.03271681,6.68133997,10.09236390,10.67072245,10.77339146,10.77339146
2025/10/04,15:12:36,1876.600000,187660,75064,40133,3714,158,3,0,0.17172955,2.02639902,6.61698028,10.01611150,10.59000351,10.69158984,10.69158984
2025/10/04,15:12:37,1870.580000,187058,74823,39594,3692,157,3,0,0.17117806,2.01989154,6.54878313,9.92794309,10.49583635,10.59522639,10.59522639
2025/10/04,15:12:38,1864.040000,186404,74561,39013,3656,154,3,0,0.17057982,2.01283211,6.47534846,9.82102838,10.38100764,10.47603602,10.47603602
2025/10/04,15:12:39,1857.680000,185768,74307,38448,3617,152,2,0,0.16999737,2.00595947,6.40384560,9.71404140,10.26419500,10.35594441,10.35594441
2025/10/04,15:12:40,1851.300000,185130,74052,37908,3576,147,2,0,0.16941357,1.99907066,6.33519048,9.60818999,10.14200966,10.22939741,10.22939741
2025/10/04,15:12:41,1845.060000,184506,73802,37407,3537,143,2,0,0.16884270,1.99233438,6.27105845,9.50844481,10.02682313,10.10981830,10.10981830
2025/10/04,15:12:42,1837.910000,183791,73516,36871,3497,139,2,0,0.16818871,1.98461714,6.20208391,9.40220901,9.90565551,9.98537170,9.98537170
2025/10/04,15:12:43,1828.940000,182894,73157,36278,3452,134,2,0,0.16736793,1.97493217,6.12460992,9.28391949,9.77166807,9.84702261,9.84702261
2025/10/04,15:12:44,1818.960000,181896,72758,35693,3399,131,2,0,0.16645476,1.96415662,6.04686525,9.15763489,9.63109128,9.70316684,9.70316684
2025/10/04,15:12:45,1808.610000,180861,72344,35122,3352,126,2,0,0.16550746,1.95297873,5.97036638,9.03818739,9.49581938,9.56572958,9.56572958
2025/10/04,15:12:46,1798.690000,179869,71947,34602,3316,121,2,0,0.16459984,1.94226891,5.90016853,8.93473552,9.37296916,9.44176575,9.44176575
2025/10/04,15:12:47,1788.780000,178878,71551,34087,3282,116,2,0,0.16369272,1.93156487,5.83059035,8.83445648,9.25405787,9.32177178,9.32177178
2025/10/04,15:12:48,1778.450000,177845,71138,33550,3239,110,2,0,0.16274755,1.92041178,5.75798196,8.72261569,9.12320178,9.18983301,9.18983301
2025/10/04,15:12:49,1767.840000,176784,70713,33005,3197,105,2,0,0.16177650,1.90895361,5.68420009,8.61047444,8.99268485,9.05820246,9.05820246
2025/10/04,15:12:50,1759.250000,175925,70370,32624,3176,102,2,0,0.16099033,1.89967671,5.63137450,8.53790270,8.90760609,8.97312370,8.97312370
2025/10/04,15:12:51,1752.890000,175289,70115,32376,3165,99,2,0,0.16040799,1.89280505,5.59615846,8.49257200,8.85359889,8.92023012,8.92023012
2025/10/04,15:12:52,1747.180000,174718,69887,32111,3148,97,2,0,0.15988597,1.88664552,5.55966304,8.44111370,8.79307743,8.85970866,8.85970866
2025/10/04,15:12:53,1741.090000,174109,69643,31811,3122,94,2,0,0.15932851,1.88006751,5.51879471,8.37645995,8.71808849,8.78360610,8.78360610
2025/10/04,15:12:54,1734.590000,173459,69383,31493,3091,91,2,0,0.15873398,1.87305191,5.47531951,8.30428796,8.63532474,8.69975967,8.69975967
2025/10/04,15:12:55,1728.730000,172873,69149,31225,3059,88,2,0,0.15819736,1.86671983,5.43840116,8.23786479,8.55894582,8.62229807,8.62229807
2025/10/04,15:12:56,1723.530000,172353,68941,31025,3031,86,2,0,0.15772124,1.86110181,5.40990408,8.18364318,8.49719687,8.56054912,8.56054912
2025/10/04,15:12:57,1718.800000,171880,68752,30888,3004,85,2,0,0.15728894,1.85600052,5.38913797,8.13896262,8.44613451,8.50948676,8.50948676
2025/10/04,15:12:58,1733.700000,173370,69348,32271,3103,90,2,0,0.15865238,1.87208904,5.56344543,8.40359555,8.73003932,8.79555693,8.79555693
2025/10/04,15:12:59,1795.820000,179582,71833,37136,3491,111,2,0,0.16433711,1.93916868,6.18689447,9.38223723,9.78576126,9.85895044,9.85895044
2025/10/04,15:13:00,1860.520000,186052,74421,42127,3805,134,2,0,0.17025801,2.00903494,6.82768419,10.31025746,10.79456218,10.87867096,10.87867096
2025/10/04,15:13:01,1925.650000,192565,77026,46346,4130,155,3,0,0.17621746,2.07935595,7.38057501,11.16020336,11.72286398,11.81789236,11.81789236
2025/10/04,15:13:02,1989.810000,198981,79592,48348,4425,173,3,0,0.18208875,2.14863687,7.67884092,11.72876576,12.35663925,12.45930826,12.46797343
2025/10/04,15:13:03,2050.990000,205099,82039,51544,4716,191,3,0,0.18768794,2.21470695,8.11054853,12.42643958,13.12016195,13.23047159,13.23913676
2025/10/04,15:13:04,2112.400000,211240,84496,58446,5016,213,3,0,0.19330700,2.28101156,8.96630747,13.55656631,14.32647636,14.44226127,14.45092644
2025/10/04,15:13:05,2173.340000,217334,86933,65396,5307,232,3,0,0.19888421,2.34682232,9.82707025,14.68397430,15.52419976,15.64542900,15.65409417
2025/10/04,15:13:06,2214.580000,221458,88583,71576,5498,246,4,0,0.20265751,2.39134698,10.57845189,15.60973658,16.50203187,16.62654009,16.63520526
2025/10/04,15:13:07,2208.520000,220852,88340,76180,5459,251,3,0,0.20210286,2.38480229,11.09854271,16.09434419,17.00169778,17.12512332,17.13378849
2025/10/04,15:13:08,2200.150000,220015,88006,80419,5404,251,3,0,0.20133727,2.37576847,11.57435686,16.51980833,17.42958671,17.54973327,17.55839844
2025/10/04,15:13:09,2192.010000,219201,87680,83943,5348,245,3,0,0.20059237,2.36697871,11.96862150,16.86278681,17.75035899,17.86722658,17.87589175
2025/10/04,15:13:10,2185.260000,218526,87410,87001,5330,242,3,0,0.19997448,2.35968759,12.31116994,17.18920926,18.06593311,18.18280070,18.19146587
2025/10/04,15:13:11,2181.020000,218102,87241,88754,5317,238,3,0,0.19958678,2.35511255,12.50711828,17.37277989,18.23585117,18.35163608,18.36030125
2025/10/04,15:13:12,2176.640000,217664,87065,86694,5290,231,3,0,0.19918556,2.35037826,12.26672591,17.10834404,17.94525212,18.05995435,18.06861952
2025/10/04,15:13:13,2172.880000,217288,86915,84454,5269,225,3,0,0.19884194,2.34632369,12.00646098,16.82843089,17.64224019,17.75582880,17.76449397
2025/10/04,15:13:14,2168.550000,216855,86742,82208,5245,218,3,0,0.19844525,2.34164281,11.74486275,16.54534232,17.33554330,17.44804923,17.45671440
2025/10/04,15:13:15,2163.360000,216336,86534,79876,5215,212,3,0,0.19797068,2.33604292,11.47249749,16.24528140,17.01187407,17.12329732,17.13196249
2025/10/04,15:13:16,2157.680000,215768,86307,77694,5184,205,3,0,0.19745113,2.32991203,11.21682109,15.96087527,16.70449564,16.81372260,16.82238777
2025/10/04,15:13:17,2151.860000,215186,86074,76145,5145,199,3,0,0.19691813,2.32362285,11.03334409,15.74188212,16.46304333,16.57118761,16.57985278
2025/10/04,15:13:18,2147.150000,214715,85886,75157,5102,193,3,0,0.19648751,2.31854154,10.91526893,15.58467156,16.28566831,16.39161630,16.40028147
2025/10/04,15:13:19,2145.160000,214516,85806,74919,5084,190,3,0,0.19630557,2.31639465,10.88589244,15.53871703,16.22822944,16.33198113,16.34064630
2025/10/04,15:13:20,2143.680000,214368,85747,74819,5069,187,3,0,0.19616984,2.31479304,10.87279480,15.51178757,16.19083469,16.29242102,16.30108619
2025/10/04,15:13:21,2141.450000,214145,85658,74631,5048,184,3,0,0.19596527,2.31237918,10.84889541,15.46846598,16.13653829,16.23592833,16.24459350
2025/10/04,15:13:22,2138.920000,213892,85557,74415,5023,182,3,0,0.19573431,2.30965360,10.82151739,15.41898359,16.07914189,16.17636657,16.18503174
2025/10/04,15:13:23,2136.930000,213693,85477,74316,5008,186,3,0,0.19555178,2.30750001,10.80799290,15.39098122,16.06326349,16.16373621,16.17240138
2025/10/04,15:13:24,2135.620000,213562,85424,74293,4988,189,3,0,0.19543189,2.30608527,10.80399300,15.36888329,16.05469526,16.15736427,16.16602944
2025/10/04,15:13:25,2134.160000,213416,85366,74253,4962,192,3,0,0.19529826,2.30450843,10.79780310,15.33894091,16.03598066,16.13973235,16.14839752
2025/10/04,15:13:26,2131.360000,213136,85254,73950,4927,195,3,0,0.19504241,2.30148922,10.76013406,15.26953694,15.97500023,16.07986554,16.08853071
2025/10/04,15:13:27,2126.300000,212630,85052,72937,4868,195,3,0,0.19457931,2.29602469,10.63884802,15.09379755,15.80079305,15.90565836,15.91432353
2025/10/04,15:13:28,2119.840000,211984,84793,71739,4801,195,3,0,0.19398775,2.28904436,10.49481927,14.88885207,15.59495498,15.69982029,15.70848546
2025/10/04,15:13:29,2112.040000,211204,84481,70538,4732,194,3,0,0.19327420,2.28062450,10.34902386,14.67932781,15.38313241,15.48688410,15.49554927
2025/10/04,15:13:30,2100.060000,210006,84002,69386,4650,192,3,0,0.19217808,2.26769054,10.20429268,14.45962206,15.15640885,15.25907786,15.26774303
2025/10/04,15:13:31,2087.650000,208765,83506,68304,4572,186,3,0,0.19104199,2.25428473,10.06717238,14.25182543,14.92449076,15.02279812,15.03146329
2025/10/04,15:13:32,2075.080000,207508,83003,67257,4504,179,3,0,0.18989168,2.24071111,9.93379045,14.05603972,14.70433063,14.79827633,14.80694150
2025/10/04,15:13:33,2062.610000,206261,82504,66278,4439,173,2,0,0.18875122,2.22725380,9.80841379,13.87113546,14.49722017,14.58788690,14.59655207
2025/10/04,15:13:34,2049.530000,204953,81981,65313,4373,167,2,0,0.18755405,2.21312726,9.68380593,13.68612790,14.29001002,14.37848045,14.38714562
2025/10/04,15:13:35,2035.390000,203539,81415,64303,4303,160,2,0,0.18626042,2.19786243,9.55309522,13.49152729,14.07231063,14.15750209,14.15750209
2025/10/04,15:13:36,2021.300000,202130,80852,63308,4235,154,2,0,0.18497082,2.18264527,9.42409257,13.29999183,13.85933508,13.94124757,13.94124757
2025/10/04,15:13:37,2009.070000,200907,80362,62432,4176,149,2,0,0.18385114,2.16943297,9.31064683,13.13235081,13.67433744,13.75405363,13.75405363
2025/10/04,15:13:38,2002.520000,200252,80101,61672,4138,146,2,0,0.18325222,2.16236586,9.21658734,13.00358320,13.53293633,13.61265252,13.61265252
2025/10/04,15:13:39,1997.280000,199728,79891,60950,4099,143,2,0,0.18277248,2.15670497,9.12840175,12.88014044,13.39864524,13.47836143,13.47836143
2025/10/04,15:13:40,1991.830000,199183,79673,60228,4053,140,2,0,0.18227399,2.15082286,9.03993030,12.74968945,13.25760249,13.33623600,13.33623600
2025/10/04,15:13:41,1986.880000,198688,79475,59558,4010,138,2,0,0.18182108,2.14547847,8.95788591,12.62834769,13.12707108,13.20570459,13.20570459
2025/10/04,15:13:42,1982.930000,198293,79317,58979,3973,135,2,0,0.18145971,2.14121420,8.88744428,12.52387695,13.01532596,13.09504215,13.09504215
2025/10/04,15:13:43,1979.420000,197942,79177,58443,3942,135,2,0,0.18113848,2.13742373,8.82238038,12.43037432,12.91876253,12.99847872,12.99847872
2025/10/04,15:13:44,1976.660000,197666,79066,57983,3935,137,2,0,0.18088535,2.13443691,8.76679662,12.36790714,12.86535490,12.94835007,12.94835007
2025/10/04,15:13:45,1973.880000,197388,78955,57552,3938,140,2,0,0.18063111,2.13143676,8.71446345,12.31828909,12.82632861,12.91260275,12.91260275
2025/10/04,15:13:46,1970.660000,197066,78826,57111,3944,143,2,0,0.18033671,2.12796282,8.66050111,12.27056319,12.78945104,12.87792147,12.87792147
2025/10/04,15:13:47,1967.660000,196766,78706,56685,3954,146,2,0,0.18006208,2.12472240,8.60859817,12.22722472,12.75632128,12.84698801,12.84698801
2025/10/04,15:13:48,1965.540000,196554,78621,56316,3966,149,3,0,0.17986802,2.12243249,8.56405621,12.19412249,12.73368433,12.82651642,12.82651642
2025/10/04,15:13:49,1963.160000,196316,78526,55921,3978,152,3,0,0.17965062,2.11986706,8.51628194,12.15710986,12.70662745,12.80165583,12.80165583
2025/10/04,15:13:50,1961.070000,196107,78442,55559,3991,154,3,0,0.17945866,2.11760195,8.47264141,12.12568507,12.68579442,12.78301910,12.78301910
2025/10/04,15:13:51,1959.270000,195927,78371,55237,4001,156,3,0,0.17929456,2.11566569,8.43384167,12.09557883,12.66283247,12.76113983,12.76113983
2025/10/04,15:13:52,1957.750000,195775,78310,54949,3992,155,3,0,0.17915560,2.11402596,8.39933739,12.05257506,12.61600179,12.71430915,12.71430915
2025/10/04,15:13:53,1956.620000,195662,78265,54688,3978,154,3,0,0.17905212,2.11280475,8.36817628,12.00851920,12.56671329,12.66502065,12.66502065
2025/10/04,15:13:54,1954.890000,195489,78195,54403,3966,153,3,0,0.17889367,2.11093524,8.33374522,11.96332650,12.51641443,12.61472179,12.61472179
2025/10/04,15:13:55,1951.970000,195197,78078,54060,3949,151,3,0,0.17862602,2.10777684,8.29140069,11.90579305,12.45275575,12.55106311,12.55106311
2025/10/04,15:13:56,1948.470000,194847,77939,53681,3929,149,3,0,0.17830631,2.10400448,8.24421300,11.84028221,12.38010062,12.47732530,12.47732530
2025/10/04,15:13:57,1945.790000,194579,77831,53351,3912,147,3,0,0.17806087,2.10110824,8.20364128,11.78429554,12.31785864,12.41396970,12.41396970
2025/10/04,15:13:58,1942.690000,194269,77707,52997,3899,145,3,0,0.17777723,2.09776109,8.15974272,11.72860127,12.25540313,12.35043151,12.35043151
2025/10/04,15:13:59,1939.120000,193912,77564,52607,3886,143,3,0,0.17745034,2.09390389,8.11126644,11.66778022,12.18730770,12.28125340,12.28125340
2025/10/04,15:14:00,1935.400000,193540,77416,52203,3871,141,2,0,0.17711021,2.08989034,8.06103016,11.60377710,12.11577362,12.20752303,12.20752303
2025/10/04,15:14:01,1931.110000,193111,77244,51782,3851,139,2,0,0.17671698,2.08525043,8.00830125,11.53266006,12.03636314,12.12591625,12.12591625
2025/10/04,15:14:02,1933.090000,193309,77323,51844,3860,138,2,0,0.17689837,2.08739069,8.01749835,11.55071172,12.05249953,12.13988728,12.13988728
2025/10/04,15:14:03,1955.580000,195558,78223,53347,3991,144,2,0,0.17895630,2.11167410,8.21365376,11.86608339,12.38880177,12.47507591,12.47507591
2025/10/04,15:14:04,1981.220000,198122,79248,55021,4138,151,2,0,0.18130255,2.13935994,8.43281073,12.21983954,12.76616623,12.85355398,12.85355398
2025/10/04,15:14:05,2005.970000,200597,80239,56611,4279,157,2,0,0.18356828,2.16609532,8.64150048,12.55773118,13.12511491,13.21358534,13.21358534
2025/10/04,15:14:06,2030.790000,203079,81231,58173,4413,162,2,0,0.18583943,2.19289461,8.84698623,12.88540636,13.47193187,13.56040230,13.56040230
2025/10/04,15:14:07,2055.410000,205541,82216,59712,4543,167,2,0,0.18809238,2.21947936,9.04949854,13.20694093,13.81145906,13.90101217,13.90967734
2025/10/04,15:14:08,2078.970000,207897,83158,61161,4667,171,2,0,0.19024781,2.24491341,9.24075363,13.51185393,14.13232656,14.22187967,14.23054484
2025/10/04,15:14:09,2102.160000,210216,84086,62536,4791,175,2,0,0.19236982,2.26995284,9.42305861,13.80820391,14.44398779,14.53465452,14.54331969
2025/10/04,15:14:10,2119.230000,211923,84769,63417,4899,178,3,0,0.19393255,2.28839321,9.54226567,14.02620299,14.67283521,14.76566730,14.77433247
2025/10/04,15:14:11,2115.400000,211540,84616,62790,4882,175,2,0,0.19358185,2.28425479,9.46642806,13.93449837,14.56811403,14.65986344,14.66852861
2025/10/04,15:14:12,2108.330000,210833,84333,61976,4845,170,2,0,0.19293445,2.27661570,9.36566076,13.79953999,14.41682172,14.50637483,14.51504000
2025/10/04,15:14:13,2101.290000,210129,84051,61197,4807,166,2,0,0.19229087,2.26902142,9.26895356,13.66802768,14.26986806,14.35833849,14.36700366
2025/10/04,15:14:14,2094.860000,209486,83794,60472,4774,162,2,0,0.19170254,2.26207921,9.17903014,13.54846949,14.13716322,14.22455097,14.22455097
2025/10/04,15:14:15,2088.950000,208895,83558,59770,4744,159,2,0,0.19116140,2.25569376,9.09237801,13.43441270,14.01136552,14.09763966,14.09763966
2025/10/04,15:14:16,2083.630000,208363,83345,59125,4717,156,2,0,0.19067455,2.24994896,9.01293851,13.32992768,13.89679827,13.98198973,13.98198973
2025/10/04,15:14:17,2078.720000,207872,83148,58536,4687,154,2,0,0.19022496,2.24464363,8.94015117,13.22928362,13.78658512,13.87069390,13.87069390
2025/10/04,15:14:18,2073.980000,207398,82959,57957,4635,150,2,0,0.18979101,2.23952325,8.86882517,13.11080774,13.65585879,13.73777128,13.73777128
2025/10/04,15:14:19,2069.410000,206941,82776,57428,4591,147,2,0,0.18937358,2.23459738,8.80342964,13.00533974,13.54005199,13.62088180,13.62088180
2025/10/04,15:14:20,2063.800000,206380,82552,56843,4546,144,2,0,0.18885974,2.22853416,8.73040141,12.89049395,13.41423139,13.49394758,13.49394758
2025/10/04,15:14:21,2057.370000,205737,82294,56206,4497,141,2,0,0.18827142,2.22159196,8.65067739,12.76636627,13.27900242,13.35655325,13.35655325
2025/10/04,15:14:22,2049.150000,204915,81966,55486,4438,138,2,0,0.18751909,2.21271447,8.55937219,12.62073676,13.12073579,13.19720394,13.19720394
2025/10/04,15:14:23,2040.550000,204055,81622,54775,4378,134,2,0,0.18673266,2.20343469,8.46877536,12.47549259,12.96324117,13.03751303,13.03751303
2025/10/04,15:14:24,2034.620000,203462,81384,54239,4335,132,2,0,0.18618948,2.19702538,8.40104812,12.36888801,12.84834315,12.92261501,12.92261501
2025/10/04,15:14:25,2038.610000,203861,81544,54261,4347,132,2,0,0.18655508,2.20133925,8.40797152,12.38679908,12.86740337,12.94495420,12.94495420
2025/10/04,15:14:26,2043.300000,204330,81732,54309,4360,133,2,0,0.18698382,2.20639861,8.41844770,12.40852191,12.88937916,12.96909535,12.96909535
2025/10/04,15:14:27,2048.090000,204809,81923,54340,4363,132,2,0,0.18742197,2.21156856,8.42713595,12.42063539,12.90009053,12.97980672,12.97980672
2025/10/04,15:14:28,2053.470000,205347,82139,54406,4368,132,2,0,0.18791487,2.21738486,8.44057860,12.43776226,12.91632481,12.99715462,12.99715462
2025/10/04,15:14:29,2059.470000,205947,82379,54532,4375,132,2,0,0.18846377,2.22386183,8.46139538,12.46562443,12.94469651,13.02660900,13.02660900
2025/10/04,15:14:30,2066.830000,206683,82673,54743,4401,133,2,0,0.18913741,2.23181075,8.49347562,12.52123112,13.00298096,13.08597613,13.08597613
2025/10/04,15:14:31,2074.040000,207404,82961,54938,4429,134,2,0,0.18979693,2.23959287,8.52358341,12.57748255,13.06217033,13.14736179,13.14736179
2025/10/04,15:14:32,2077.980000,207798,83119,54923,4439,133,2,0,0.19015781,2.24385141,8.52613742,12.58853606,13.07169163,13.15688309,13.15688309
2025/10/04,15:14:33,2071.960000,207196,82878,54371,4396,130,2,0,0.18960632,2.23734393,8.45655486,12.47985013,12.95228746,13.03419995,13.03419995
2025/10/04,15:14:34,2064.170000,206417,82567,53763,4347,127,2,0,0.18889406,2.22893929,8.37854344,12.35685397,12.81588808,12.89560427,12.89560427
2025/10/04,15:14:35,2056.680000,205668,82267,53216,4310,127,2,0,0.18820824,2.22084645,8.30792078,12.25281624,12.71248997,12.79220616,12.79220616
2025/10/04,15:14:36,2049.770000,204977,81991,52716,4290,131,2,0,0.18757635,2.21339039,8.24327098,12.16913225,12.64437381,12.72520362,12.72520362
2025/10/04,15:14:37,2043.670000,204367,81747,52262,4273,135,2,0,0.18701818,2.20680378,8.18473781,12.09515118,12.58430549,12.66730066,12.66730066
2025/10/04,15:14:38,2050.330000,205033,82013,52520,4314,143,2,0,0.18762725,2.21399098,8.22142065,12.16941831,12.68971189,12.77709964,12.77709964
2025/10/04,15:14:39,2084.060000,208406,83362,53971,4482,161,3,0,0.19071365,2.25041036,8.42376207,12.52545808,13.10777002,13.20607738,13.20607738
2025/10/04,15:14:40,2116.360000,211636,84654,55433,4632,175,3,0,0.19366992,2.28529394,8.62590871,12.86478907,13.49955389,13.60441920,13.61308437
2025/10/04,15:14:41,2144.810000,214481,85792,56820,4751,187,3,0,0.19627277,2.31600759,8.81524919,13.16374727,13.83998655,13.94921351,13.95787868
2025/10/04,15:14:42,2173.500000,217350,86940,58183,4869,197,3,0,0.19889859,2.34699201,9.00220253,13.45789513,14.17280102,14.28530695,14.29397212
2025/10/04,15:14:43,2202.120000,220212,88085,59486,4973,205,3,0,0.20151776,2.37789822,9.18210168,13.73371013,14.47465274,14.58824135,14.59690652
2025/10/04,15:14:44,2227.690000,222769,89107,60749,5054,208,3,0,0.20385797,2.40551259,9.35417681,13.97991977,14.73247321,14.84606182,14.85472699
2025/10/04,15:14:45,2248.180000,224818,89927,62011,5122,211,3,0,0.20573283,2.42763574,9.52063947,14.20862423,14.97151647,15.08510508,15.09377025
2025/10/04,15:14:46,2253.650000,225365,90146,62575,5123,208,3,0,0.20623325,2.43354070,9.59108178,14.27951952,15.03373165,15.14404129,15.15270646
2025/10/04,15:14:47,2232.280000,223228,89291,61949,4994,197,3,0,0.20427803,2.41046901,9.49637953,14.06650513,14.77962585,14.88121218,14.88987735
2025/10/04,15:14:48,2213.810000,221381,88552,61390,4888,188,3,0,0.20258706,2.39051566,9.41251897,13.88621169,14.56844971,14.66347809,14.67214326
2025/10/04,15:14:49,2200.450000,220045,88018,60973,4815,183,2,0,0.20136474,2.37609260,9.35043916,13.75723677,14.41981987,14.51156928,14.52023445
2025/10/04,15:14:50,2187.990000,218799,87519,60614,4747,178,2,0,0.20022471,2.36264008,9.29589798,13.64067982,14.28603640,14.37450683,14.38317200
2025/10/04,15:14:51,2180.070000,218007,87202,60481,4702,175,2,0,0.19949959,2.35408387,9.27217394,13.57536424,14.20897990,14.29525404,14.30391921
2025/10/04,15:14:52,2185.230000,218523,87409,60744,4714,174,2,0,0.19997157,2.35965328,9.30774387,13.62237390,14.25394782,14.34022196,14.34888713
2025/10/04,15:14:53,2194.750000,219475,87790,60918,4748,174,2,0,0.20084331,2.36993977,9.33801324,13.68324714,14.31303589,14.40042364,14.40908881
2025/10/04,15:14:54,2206.450000,220645,88258,61058,4790,173,2,0,0.20191396,2.38257340,9.36661859,13.75030979,14.37818328,14.46773639,14.47640156
2025/10/04,15:14:55,2217.800000,221780,88712,61169,4830,173,2,0,0.20295256,2.39482856,9.39154129,13.81165368,14.43722886,14.52789559,14.53656076
2025/10/04,15:14:56,2227.890000,222789,89115,61183,4871,172,2,0,0.20387623,2.40572805,9.40406867,13.86186235,14.48399367,14.57574308,14.58440825
2025/10/04,15:14:57,2236.890000,223689,89475,61115,4920,171,3,0,0.20469901,2.41543683,9.40604598,13.90901750,14.52731829,14.62015038,14.62881555
2025/10/04,15:14:58,2245.650000,224565,89826,61067,4970,170,3,0,0.20550079,2.42489775,9.40994070,13.95876997,14.57387986,14.66890824,14.67757341
2025/10/04,15:14:59,2250.200000,225020,90008,60827,5000,168,3,0,0.20591703,2.42980933,9.38740055,13.96347251,14.57182117,14.66793223,14.67659740
2025/10/04,15:15:00,2244.050000,224405,89762,60179,4980,164,3,0,0.20535456,2.42317220,9.30670120,13.86441798,14.45706872,14.55317978,14.55317978
2025/10/04,15:15:01,2237.480000,223748,89499,59546,4946,159,3,0,0.20475389,2.41608418,9.22717485,13.75412578,14.33107860,14.42502430,14.42502430
2025/10/04,15:15:02,2229.830000,222983,89193,58846,4911,156,3,0,0.20405365,2.40782157,9.13880295,13.63346988,14.20072352,14.29355561,14.29355561
2025/10/04,15:15:03,2218.660000,221866,88746,58165,4888,155,2,0,0.20303125,2.39575712,9.04890760,13.52237429,14.08375928,14.17550869,14.17550869
2025/10/04,15:15:04,2206.020000,220602,88240,57567,4872,154,2,0,0.20187447,2.38210723,8.96683845,13.42556920,13.98312366,14.07487307,14.07487307
2025/10/04,15:15:05,2192.240000,219224,87689,56906,4837,152,2,0,0.20061332,2.36722564,8.87639200,13.30332284,13.85488217,13.94554890,13.94554890
2025/10/04,15:15:06,2178.310000,217831,87132,56221,4800,150,2,0,0.19933913,2.35219054,8.78300087,13.17603163,13.72108268,13.81063579,13.81063579
2025/10/04,15:15:07,2163.820000,216382,86553,55521,4763,153,2,0,0.19801286,2.33654056,8.68724572,13.04598840,13.59945938,13.69120879,13.69120879
2025/10/04,15:15:08,2146.870000,214687,85874,54748,4716,157,3,0,0.19646143,2.31823365,8.58053677,12.89620087,13.46435071,13.56046177,13.56046177
2025/10/04,15:15:09,2122.930000,212293,84917,53892,4641,159,3,0,0.19427101,2.29238678,8.45674675,12.70399666,13.27954736,13.37677204,13.37677204
2025/10/04,15:15:10,2099.120000,209912,83965,53117,4560,160,3,0,0.19209244,2.26668002,8.34238346,12.51533780,13.09369635,13.19308639,13.19308639
2025/10/04,15:15:11,2078.240000,207824,83129,52333,4477,163,3,0,0.19018149,2.24413074,8.23018400,12.32758176,12.91819076,13.02741772,13.03608289
2025/10/04,15:15:12,2057.640000,205764,82305,51464,4376,166,3,0,0.18829588,2.22188079,8.10850438,12.11337950,12.71343110,12.82813333,12.83679850
2025/10/04,15:15:13,2037.740000,203774,81509,50669,4279,168,3,0,0.18647548,2.20040022,7.99613350,11.91249323,12.52211752,12.64334676,12.65201193
2025/10/04,15:15:14,2018.200000,201820,80728,49926,4192,171,4,0,0.18468734,2.17930001,7.89002430,11.72698217,12.34694165,12.47364616,12.48231133
2025/10/04,15:15:15,1998.460000,199846,79938,49205,4113,170,4,0,0.18288084,2.15798341,7.78622337,11.55027480,12.16474868,12.29364949,12.30231466
2025/10/04,15:15:16,1980.360000,198036,79214,48559,4041,166,4,0,0.18122386,2.13843138,7.69278287,11.39094031,11.99214107,12.12212456,12.13078973
2025/10/04,15:15:17,1969.590000,196959,78783,48038,3999,164,4,0,0.18023895,2.12680928,7.62160800,11.28147011,11.87616259,12.00834237,12.01700754
2025/10/04,15:15:18,1959.260000,195926,78370,47506,3952,162,4,0,0.17929375,2.11565616,7.54957320,11.16642170,11.75205463,11.88423441,11.89289958
2025/10/04,15:15:19,1948.850000,194885,77954,46981,3893,155,4,0,0.17834051,2.10440776,7.47825102,11.04096921,11.60413937,11.72864759,11.72864759
2025/10/04,15:15:20,1940.250000,194025,77610,46569,3844,150,3,0,0.17755392,2.09512606,7.42189421,10.94020966,11.48359841,11.60154868,11.60154868
2025/10/04,15:15:21,1932.230000,193223,77289,46223,3806,145,3,0,0.17681952,2.08646024,7.37360599,10.85669630,11.38311511,11.49562104,11.49562104
2025/10/04,15:15:22,1924.210000,192421,76968,45889,3771,141,3,0,0.17608577,2.07780201,7.32671501,10.77819941,11.28828067,11.39642495,11.39642495
2025/10/04,15:15:23,1917.190000,191719,76687,45220,3736,137,3,0,0.17544348,2.07022301,7.24269863,10.66206009,11.15823221,11.26198390,11.26198390
2025/10/04,15:15:24,1911.590000,191159,76463,44720,3709,134,3,0,0.17493093,2.06417502,7.17940440,10.57381734,11.05927122,11.16085755,11.16085755
2025/10/04,15:15:25,1906.290000,190629,76251,44264,3684,131,3,0,0.17444586,2.05845119,7.12155626,10.49328282,10.96942058,11.06881062,11.06881062
2025/10/04,15:15:26,1901.320000,190132,76052,43835,3662,129,3,0,0.17399091,2.05308294,7.06711749,10.41893777,10.88741809,10.98900442,10.98900442
2025/10/04,15:15:27,1897.430000,189743,75897,43533,3646,128,3,0,0.17363510,2.04888444,7.02841042,10.36568785,10.83072070,10.94542293,10.94542293
2025/10/04,15:15:28,1893.810000,189381,75752,43287,3632,127,4,0,0.17330395,2.04497673,6.99633609,10.32068674,10.78278526,10.91168607,10.91168607
2025/10/04,15:15:29,1890.780000,189078,75631,43041,3617,126,4,0,0.17302651,2.04170296,6.96492395,10.27524878,10.73415641,10.87614218,10.87614218
2025/10/04,15:15:30,1887.750000,188775,75510,42748,3594,125,4,0,0.17274914,2.03843015,6.92808383,10.21730633,10.67213047,10.82395316,10.82395316
2025/10/04,15:15:31,1884.840000,188484,75393,42444,3570,124,5,0,0.17248295,2.03528892,6.89020377,10.15770991,10.60794104,10.76851798,10.76851798
2025/10/04,15:15:32,1882.020000,188202,75280,42154,3546,123,5,0,0.17222480,2.03224297,6.85396214,10.09942796,10.54519255,10.71341011,10.71341011
2025/10/04,15:15:33,1878.680000,187868,75147,41878,3521,122,5,0,0.17191957,2.02864127,6.81876839,10.04154784,10.48284590,10.65653873,10.65653873
2025/10/04,15:15:34,1875.110000,187511,75004,41616,3497,120,5,0,0.17159262,2.02478314,6.78502275,9.98534185,10.42153374,10.59847461,10.59847461
2025/10/04,15:15:35,1870.460000,187046,74818,41255,3467,117,5,0,0.17116691,2.01975999,6.73864432,9.91217280,10.33726340,10.50548096,10.50548096
2025/10/04,15:15:36,1864.980000,186498,74599,40780,3429,113,5,0,0.17066562,2.01384455,6.67839504,9.81698938,10.22791427,10.38412955,10.38412955
2025/10/04,15:15:37,1858.690000,185869,74347,40251,3380,109,4,0,0.17009054,2.00705869,6.61109914,9.70487070,10.10124683,10.24542889,10.24542889
2025/10/04,15:15:38,1852.010000,185201,74080,39708,3343,106,4,0,0.16947918,1.99984476,6.54184427,9.60174778,9.98561688,10.12107563,10.12107563
2025/10/04,15:15:39,1844.700000,184470,73788,39133,3307,102,4,0,0.16880983,1.99194638,6.46812402,9.49438552,9.86562112,9.99232563,9.99232563
2025/10/04,15:15:40,1837.110000,183711,73484,38528,3269,99,3,0,0.16811519,1.98374959,6.39075259,9.38295295,9.74117200,9.85912227,9.85912227
2025/10/04,15:15:41,1829.850000,182985,73194,37913,3233,95,3,0,0.16745092,1.97591126,6.31260471,9.27122803,9.61694005,9.72944598,9.72944598
2025/10/04,15:15:42,1822.760000,182276,72910,37330,3197,92,3,0,0.16680255,1.96826070,6.23819515,9.16440452,9.49863220,9.60458019,9.60458019
2025/10/04,15:15:43,1816.150000,181615,72646,36838,3166,89,3,0,0.16619710,1.96111641,6.17484675,9.07271440,9.39762596,9.49809868,9.49809868
2025/10/04,15:15:44,1810.410000,181041,72416,36460,3145,88,3,0,0.16567179,1.95491781,6.12532159,9.00334701,9.32200325,9.41811431,9.41811431
2025/10/04,15:15:45,1805.350000,180535,72214,36156,3129,87,3,0,0.16520901,1.94945708,6.08507777,8.94920640,9.26377915,9.35772485,9.35772485
2025/10/04,15:15:46,1801.340000,180134,72053,35911,3104,85,2,0,0.16484248,1.94513181,6.05274327,8.89363646,9.20323315,9.29498256,9.29498256
2025/10/04,15:15:47,1798.260000,179826,71930,35711,3079,84,2,0,0.16456003,1.94179894,6.02655960,8.84505742,9.15018757,9.23974068,9.23974068
2025/10/04,15:15:48,1795.720000,179572,71829,35569,3058,83,2,0,0.16432816,1.93906287,6.00760944,8.80665303,9.10859228,9.19706271,9.19706271
2025/10/04,15:15:49,1793.570000,179357,71742,35490,3040,82,2,0,0.16413061,1.93673196,5.99618591,8.77858648,9.07835751,9.16463165,9.16463165
2025/10/04,15:15:50,1790.990000,179099,71639,35382,3020,82,2,0,0.16389447,1.93394537,5.98113166,8.74475610,9.04184576,9.12703722,9.12703722
2025/10/04,15:15:51,1787.650000,178765,71506,35227,2996,81,2,0,0.16358908,1.93034174,5.95980317,8.70229234,8.99606463,9.07905980,9.07905980
2025/10/04,15:15:52,1781.810000,178181,71272,35011,2967,79,2,0,0.16305495,1.92403923,5.92876746,8.64411095,8.93277707,9.01249326,9.01249326
2025/10/04,15:15:53,1775.060000,177506,71002,34734,2930,77,2,0,0.16243721,1.91675001,5.88973270,8.57136920,8.85301752,8.92948567,8.92948567
2025/10/04,15:15:54,1766.860000,176686,70674,34380,2892,75,2,0,0.16168659,1.90789257,5.84038848,8.48715580,8.76165621,8.83484539,8.83484539
2025/10/04,15:15:55,1757.830000,175783,70313,33996,2863,74,2,0,0.16086000,1.89813896,5.78670242,8.40693718,8.67620857,8.74720145,8.74720145
2025/10/04,15:15:56,1748.760000,174876,69950,33608,2835,73,2,0,0.16003043,1.88835010,5.73261361,8.32718973,8.59109838,8.65989497,8.65989497
2025/10/04,15:15:57,1739.100000,173910,69564,33164,2804,71,2,0,0.15914650,1.87791965,5.67135950,8.23746395,8.49524738,8.56187861,8.56187861
2025/10/04,15:15:58,1729.970000,172997,69199,32752,2775,69,2,0,0.15831102,1.86806116,5.61433302,8.15461686,8.40716765,8.47268526,8.47268526
2025/10/04,15:15:59,1722.760000,172276,68910,32454,2767,69,2,0,0.15765105,1.86027336,5.57250527,8.10483868,8.35700641,8.42252402,8.42252402
2025/10/04,15:16:00,1718.210000,171821,68728,32214,2766,70,2,0,0.15723439,1.85535701,5.54015343,8.07174377,8.32595325,8.39258448,8.39258448
2025/10/04,15:16:01,1714.200000,171420,68568,31996,2767,70,2,0,0.15686753,1.85102790,5.51082050,8.04292787,8.29943566,8.36823225,8.36823225
2025/10/04,15:16:02,1710.480000,171048,68419,31809,2765,71,2,0,0.15652772,1.84701818,5.48551512,8.01636239,8.27503840,8.34494860,8.34494860
2025/10/04,15:16:03,1706.310000,170631,68252,31622,2752,71,2,0,0.15614622,1.84251652,5.45963294,7.97813544,8.23681145,8.30672165,8.30672165
2025/10/04,15:16:04,1701.310000,170131,68052,31401,2741,71,2,0,0.15568797,1.83710919,5.42893091,7.93738281,8.19618891,8.26718179,8.26718179
2025/10/04,15:16:05,1696.590000,169659,67863,31200,2738,71,2,0,0.15525596,1.83201167,5.40083320,7.90728102,8.16697971,8.23905527,8.23905527
2025/10/04,15:16:06,1691.310000,169131,67652,30991,2735,72,2,0,0.15477309,1.82631360,5.37120982,7.87462041,8.13495511,8.20814429,8.20814429
2025/10/04,15:16:07,1686.730000,168673,67469,30736,2717,71,2,0,0.15435427,1.82137151,5.33708710,7.82420973,8.08148363,8.15467281,8.15467281
2025/10/04,15:16:08,1681.740000,168174,67269,30454,2694,69,2,0,0.15389779,1.81598515,5.29945031,7.76498560,8.01740991,8.08948547,8.08948547
2025/10/04,15:16:09,1676.740000,167674,67069,30177,2671,68,2,0,0.15344025,1.81058639,5.26235440,7.70698045,7.95493822,8.02593110,8.02593110
2025/10/04,15:16:10,1671.800000,167180,66872,29894,2648,67,2,0,0.15298766,1.80524580,5.22467450,7.64826228,7.89149694,7.96140714,7.96140714
2025/10/04,15:16:11,1667.380000,166738,66695,29627,2627,66,2,0,0.15258305,1.80047148,5.18930979,7.59350832,7.83227645,7.90218665,7.90218665
2025/10/04,15:16:12,1663.460000,166346,66538,29386,2602,64,2,0,0.15222418,1.79623676,5.15751033,7.53918354,7.77348513,7.84119904,7.84119904
2025/10/04,15:16:13,1659.460000,165946,66378,29163,2571,63,2,0,0.15185829,1.79191910,5.12769197,7.48053937,7.71024795,7.77687918,7.77687918
2025/10/04,15:16:14,1655.780000,165578,66231,28971,2540,62,2,0,0.15152145,1.78794461,5.10181994,7.42690670,7.65278837,7.71830598,7.71830598
2025/10/04,15:16:15,1652.120000,165212,66084,28804,2511,61,2,0,0.15118649,1.78399210,5.07876918,7.37674228,7.59904999,7.66348492,7.66348492
2025/10/04,15:16:16,1649.190000,164919,65967,28694,2485,61,2,0,0.15091858,1.78083082,5.06297273,7.33783943,7.55848846,7.62184071,7.62184071
2025/10/04,15:16:17,1646.600000,164660,65864,28625,2463,60,2,0,0.15068148,1.77803281,5.05230199,7.30687440,7.52675732,7.59010957,7.59010957
2025/10/04,15:16:18,1644.140000,164414,65765,28579,2443,60,2,0,0.15045687,1.77538252,5.04439238,7.28041469,7.50016752,7.56351977,7.56351977
2025/10/04,15:16:19,1641.800000,164180,65672,28536,2424,60,2,0,0.15024252,1.77285331,5.03687860,7.25515884,7.47440214,7.53775439,7.53775439
2025/10/04,15:16:20,1639.220000,163922,65568,28483,2403,60,2,0,0.15000596,1.77006192,5.02810477,7.22777086,7.44637814,7.50861678,7.50861678
2025/10/04,15:16:21,1636.910000,163691,65476,28459,2386,60,2,0,0.14979471,1.76756896,5.02280852,7.20657465,7.42556499,7.48891724,7.48891724
2025/10/04,15:16:22,1634.750000,163475,65390,28443,2370,60,2,0,0.14959732,1.76523996,5.01872638,7.18807960,7.40744937,7.47080162,7.47080162
2025/10/04,15:16:23,1632.530000,163253,65301,28421,2355,60,2,0,0.14939421,1.76284325,5.01372838,7.16947582,7.38935874,7.45379367,7.45379367
2025/10/04,15:16:24,1629.610000,162961,65184,28342,2338,60,2,0,0.14912711,1.75969153,5.00160917,7.14129559,7.36066536,7.42510029,7.42510029
2025/10/04,15:16:25,1626.030000,162603,65041,28212,2316,60,2,0,0.14879903,1.75582004,4.98278786,7.10295509,7.32053970,7.38605731,7.38605731
2025/10/04,15:16:26,1622.280000,162228,64891,28077,2295,59,2,0,0.14845654,1.75177883,4.96334045,7.06382651,7.28000900,7.34552661,7.34552661
2025/10/04,15:16:27,1619.090000,161909,64763,27990,2284,59,2,0,0.14816423,1.74832964,4.94990187,7.04043433,7.25686978,7.32238739,7.32238739
2025/10/04,15:16:28,1627.480000,162748,65099,29290,2372,64,2,0,0.14893159,1.75738444,5.10775162,7.27910801,7.51047528,7.57927187,7.57927187
2025/10/04,15:16:29,1642.430000,164243,65697,31355,2518,69,2,0,0.15030046,1.77353685,5.36009525,7.66462874,7.91730962,7.99049880,7.99049880
2025/10/04,15:16:30,1657.830000,165783,66313,33413,2677,76,2,0,0.15170937,1.79016208,5.61206343,8.06253884,8.33742231,8.41389046,8.41389046
2025/10/04,15:16:31,1674.100000,167410,66964,35504,2840,82,2,0,0.15319830,1.80773115,5.86881288,8.46804231,8.76538855,8.84510474,8.84510474
2025/10/04,15:16:32,1691.150000,169115,67646,37679,3006,97,2,0,0.15475877,1.82614483,6.13605305,8.88749378,9.23805539,9.32760850,9.32760850
2025/10/04,15:16:33,1714.730000,171473,68589,39886,3175,116,3,0,0.15691665,1.85160754,6.41394943,9.31957259,9.74172887,9.84439788,9.84439788
2025/10/04,15:16:34,1738.080000,173808,69523,42008,3337,132,3,0,0.15905317,1.87681852,6.68191159,9.73635376,10.21453326,10.32703919,10.32703919
2025/10/04,15:16:35,1760.540000,176054,70421,44086,3475,142,3,0,0.16110803,1.90106570,6.94375563,10.12465254,10.63843423,10.75749811,10.75749811
2025/10/04,15:16:36,1767.070000,176707,70682,44718,3509,149,3,0,0.16170573,1.90811849,7.02308936,10.23510717,10.77377643,10.89720197,10.89720197
2025/10/04,15:16:37,1763.410000,176341,70536,44405,3494,153,4,0,0.16137070,1.90416501,6.98335892,10.18141588,10.73692860,10.86255043,10.86255043
2025/10/04,15:16:38,1759.140000,175914,70365,44050,3466,157,4,0,0.16098038,1.89955943,6.93813731,10.11063172,10.68056673,10.80727124,10.80727124
2025/10/04,15:16:39,1753.430000,175343,70137,43548,3427,160,4,0,0.16045743,1.89338850,6.87456663,10.01064077,10.59167707,10.71946426,10.72812943
2025/10/04,15:16:40,1746.390000,174639,69855,42903,3371,158,3,0,0.15981342,1.88578941,6.79316382,9.87827391,10.45076019,10.57310305,10.57310305
2025/10/04,15:16:41,1739.150000,173915,69566,42214,3315,152,3,0,0.15915135,1.87797683,6.70654683,9.74101682,10.29372169,10.40950660,10.40950660
2025/10/04,15:16:42,1731.770000,173177,69270,41525,3261,147,3,0,0.15847551,1.87000216,6.61981213,9.60461204,10.13894124,10.24816820,10.24816820
2025/10/04,15:16:43,1724.650000,172465,68986,40838,3209,142,3,0,0.15782385,1.86231256,6.53355638,9.47068845,9.98740808,10.08899441,10.08899441
2025/10/04,15:16:44,1717.010000,171701,68680,40106,3159,138,3,0,0.15712468,1.85406237,6.44153734,9.33300657,9.83287912,9.92790750,9.92790750
2025/10/04,15:16:45,1709.490000,170949,68379,39410,3123,134,2,0,0.15643649,1.84594185,6.35378016,9.21183341,9.69664767,9.78620078,9.78620078
2025/10/04,15:16:46,1702.150000,170215,68086,38737,3089,130,2,0,0.15576537,1.83802248,6.26895891,9.09605323,9.56695835,9.65214981,9.65214981
2025/10/04,15:16:47,1696.000000,169600,67840,38226,3063,126,2,0,0.15520258,1.83138154,6.20377508,9.00708398,9.46369329,9.54560578,9.54560578
2025/10/04,15:16:48,1690.380000,169038,67615,37749,3039,121,2,0,0.15468761,1.82530496,6.14320304,8.92440757,9.36379036,9.44242387,9.44242387
2025/10/04,15:16:49,1686.130000,168613,67445,37282,3011,116,2,0,0.15429949,1.82072513,6.08522251,8.84125249,9.26353525,9.34000340,9.34000340
2025/10/04,15:16:50,1682.290000,168229,67291,36887,2989,113,2,0,0.15394730,1.81656953,6.03581769,8.77184347,9.18034357,9.25569811,9.25569811
2025/10/04,15:16:51,1677.590000,167759,67103,36416,2964,109,2,0,0.15351759,1.81149875,5.97695434,8.68948571,9.08369362,9.15688280,9.15688280
2025/10/04,15:16:52,1673.350000,167335,66934,36007,2938,105,2,0,0.15312962,1.80692082,5.92557204,8.61435093,8.99592172,9.06799728,9.06799728
2025/10/04,15:16:53,1670.410000,167041,66816,35749,2914,103,2,0,0.15286033,1.80374334,5.89286255,8.56021517,8.93310946,9.00518502,9.00518502
2025/10/04,15:16:54,1667.500000,166750,66700,35509,2892,101,2,0,0.15259436,1.80060495,5.86233305,8.50884140,8.87446131,8.94653687,8.94653687
2025/10/04,15:16:55,1663.270000,166327,66530,35111,2860,98,2,0,0.15220673,1.79603084,5.81222285,8.42971138,8.78512258,8.85719814,8.85719814
2025/10/04,15:16:56,1658.560000,165856,66342,34667,2826,95,2,0,0.15177604,1.79094860,5.75627657,8.34325823,8.68795119,8.75786139,8.75786139
2025/10/04,15:16:57,1654.080000,165408,66163,34259,2806,92,2,0,0.15136601,1.78611041,5.70481577,8.27344134,8.60919762,8.67910782,8.67910782
2025/10/04,15:16:58,1650.130000,165013,66005,33892,2791,90,2,0,0.15100432,1.78184233,5.65858251,8.21273020,8.54031951,8.61022971,8.61022971
2025/10/04,15:16:59,1646.640000,164664,65865,33568,2777,88,2,0,0.15068542,1.77807950,5.61775020,8.15906811,8.47938304,8.54929324,8.54929324
2025/10/04,15:17:00,1642.820000,164282,65712,33218,2760,86,2,0,0.15033569,1.77395253,5.57353221,8.09982318,8.41210123,8.48201143,8.48201143
2025/10/04,15:17:01,1637.890000,163789,65515,32780,2732,83,2,0,0.14988438,1.76862718,5.51819921,8.01902462,8.32096387,8.38867778,8.38867778
2025/10/04,15:17:02,1629.320000,162932,65172,32270,2699,80,2,0,0.14910029,1.75937504,5.45056980,7.92059735,8.21066920,8.27618681,8.27618681
2025/10/04,15:17:03,1620.750000,162075,64830,31853,2670,77,2,0,0.14831606,1.75012100,5.39365501,7.83769997,8.11807265,8.18250758,8.18250758
2025/10/04,15:17:04,1612.760000,161276,64510,31495,2645,75,2,0,0.14758457,1.74148947,5.34408432,7.76521687,8.03703953,8.10039178,8.10039178
2025/10/04,15:17:05,1604.360000,160436,64174,31118,2610,72,2,0,0.14681630,1.73242418,5.29187834,7.68030594,7.94319553,8.00543417,8.00543417
2025/10/04,15:17:06,1595.710000,159571,63828,30731,2569,70,1,0,0.14602497,1.72308625,5.23822821,7.58923350,7.84280696,7.90288024,7.90288024
2025/10/04,15:17:07,1586.820000,158682,63472,30336,2527,67,1,0,0.14521075,1.71347853,5.18343590,7.49617789,7.74043523,7.79831222,7.79831222
2025/10/04,15:17:08,1577.720000,157772,63108,29953,2485,65,1,0,0.14437801,1.70365246,5.12976626,7.40430992,7.64001724,7.69681154,7.69681154
2025/10/04,15:17:09,1569.400000,156940,62776,29644,2448,63,1,0,0.14361695,1.69467203,5.08544124,7.32627883,7.55522130,7.61093292,7.61093292
2025/10/04,15:17:10,1565.360000,156536,62614,29455,2421,62,1,0,0.14324783,1.69031625,5.05950293,7.27561803,7.50022045,7.55593207,7.55593207
2025/10/04,15:17:11,1562.820000,156282,62513,29310,2418,64,1,0,0.14301499,1.68756873,5.04014144,7.25308937,7.48700791,7.54488490,7.54488490
2025/10/04,15:17:12,1560.450000,156045,62418,29195,2425,69,1,0,0.14279831,1.68501188,5.02449292,7.24438924,7.49604744,7.55612072,7.55612072
2025/10/04,15:17:13,1558.420000,155842,62337,29093,2433,74,2,0,0.14261239,1.68281824,5.01063762,7.23770837,7.50570051,7.56793915,7.56793915
2025/10/04,15:17:14,1556.100000,155610,62244,28970,2440,78,2,0,0.14239968,1.68030811,4.99400569,7.22692579,7.50997984,7.57441477,7.57441477
2025/10/04,15:17:15,1554.010000,155401,62160,28881,2449,82,2,0,0.14220853,1.67805253,4.98158297,7.22277562,7.52101444,7.58764567,7.58764567
2025/10/04,15:17:16,1552.520000,155252,62101,28837,2461,86,2,0,0.14207248,1.67644711,4.97498486,7.22752116,7.54107485,7.60987144,7.60987144
2025/10/04,15:17:17,1550.940000,155094,62037,28771,2473,90,2,0,0.14192818,1.67474445,4.96568822,7.22930919,7.55741164,7.62732184,7.62732184
2025/10/04,15:17:18,1548.540000,154854,61941,28652,2481,94,2,0,0.14170811,1.67214754,4.94948664,7.22057212,7.56156104,7.63363660,7.63363660
2025/10/04,15:17:19,1545.440000,154544,61817,28499,2466,94,2,0,0.14142475,1.66880418,4.92862042,7.18593906,7.52565234,7.59664522,7.59664522
2025/10/04,15:17:20,1541.950000,154195,61678,28324,2439,91,2,0,0.14110540,1.66503566,4.90482052,7.13712658,7.46675763,7.53666783,7.53666783
2025/10/04,15:17:21,1538.230000,153823,61529,28142,2411,88,2,0,0.14076462,1.66101447,4.88003681,7.08652135,7.40658332,7.47429723,7.47429723
2025/10/04,15:17:22,1534.870000,153487,61395,27977,2385,86,2,0,0.14045761,1.65739178,4.85756237,7.04061746,7.35212941,7.41876064,7.41876064
2025/10/04,15:17:23,1531.890000,153189,61275,27820,2360,83,2,0,0.14018444,1.65416854,4.83639214,6.99676086,7.29959270,7.36511031,7.36511031
2025/10/04,15:17:24,1529.270000,152927,61170,27693,2337,81,2,0,0.13994449,1.65133714,4.81897043,6.95843082,7.25398827,7.31842320,7.31842320
2025/10/04,15:17:25,1525.820000,152582,61033,27525,2310,79,2,0,0.13962950,1.64762010,4.79610264,6.91084055,7.19772151,7.26107376,7.26107376
2025/10/04,15:17:26,1522.080000,152208,60883,27344,2281,76,1,0,0.13928678,1.64357604,4.77132431,6.85949763,7.13731903,7.19847499,7.19847499
2025/10/04,15:17:27,1518.240000,151824,60729,27161,2253,74,1,0,0.13893572,1.63943376,4.74618938,6.80802505,7.07703986,7.13599953,7.13599953
2025/10/04,15:17:28,1515.000000,151500,60600,27008,2229,75,1,0,0.13863857,1.63592739,4.72518841,6.76543583,7.03751145,7.09758473,7.09758473
2025/10/04,15:17:29,1512.110000,151211,60484,26876,2209,78,2,0,0.13837448,1.63281095,4.70702527,6.72885254,7.01241612,7.07576837,7.07576837
2025/10/04,15:17:30,1509.170000,150917,60367,26755,2189,81,2,0,0.13810577,1.62964017,4.68996305,6.69343422,6.98835566,7.05387327,7.05387327
2025/10/04,15:17:31,1505.760000,150576,60230,26619,2167,84,2,0,0.13779317,1.62595168,4.67080773,6.65472767,6.95934829,7.02814488,7.02814488
2025/10/04,15:17:32,1501.680000,150168,60067,26440,2148,86,2,0,0.13742001,1.62154822,4.64585588,6.61229274,6.92622948,6.99613968,6.99613968
2025/10/04,15:17:33,1498.470000,149847,59938,26312,2145,92,2,0,0.13712599,1.61807901,4.62779236,6.59145004,6.92567772,6.99994958,6.99994958
2025/10/04,15:17:34,1495.660000,149566,59826,26213,2145,98,2,0,0.13686868,1.61504266,4.61344161,6.57687235,6.93266660,7.01130011,7.01130011
2025/10/04,15:17:35,1493.890000,149389,59755,26182,2149,105,2,0,0.13670700,1.61313500,4.60793078,6.57533673,6.95512235,7.03811752,7.03811752
2025/10/04,15:17:36,1492.060000,149206,59682,26147,2153,108,2,0,0.13653928,1.61115589,4.60194062,6.57222275,6.96400586,7.04919732,7.04919732
2025/10/04,15:17:37,1489.750000,148975,59590,26086,2161,109,2,0,0.13632819,1.60866484,4.59250985,6.57093550,6.96603599,7.05122745,7.05122745
2025/10/04,15:17:38,1491.410000,149141,59656,26483,2214,113,2,0,0.13647991,1.61045520,4.63968681,6.66649133,7.07792575,7.16419989,7.16419989
2025/10/04,15:17:39,1506.090000,150609,60243,28460,2386,128,2,0,0.13782316,1.62630539,4.88169845,7.06569061,7.52970440,7.61925751,7.61925751
2025/10/04,15:17:40,1522.280000,152228,60891,30547,2563,136,3,0,0.13930536,1.64379530,5.13788810,7.48343112,7.97705197,8.07099767,8.07099767
2025/10/04,15:17:41,1538.150000,153815,61526,32538,2741,143,3,0,0.14075751,1.66093059,5.38276825,7.89157521,8.40880437,8.50491543,8.50491543
2025/10/04,15:17:42,1553.620000,155362,62145,34418,2926,149,3,0,0.14217305,1.67763400,5.61452472,8.29257400,8.83251889,8.92974357,8.92974357
2025/10/04,15:17:43,1568.630000,156863,62745,36222,3106,154,3,0,0.14354692,1.69384550,5.83702792,8.67947221,9.23932499,9.33763235,9.33763235
2025/10/04,15:17:44,1584.180000,158418,63367,38062,3285,160,3,0,0.14496918,1.71062805,6.06429898,9.07104128,9.65118499,9.75165771,9.75165771
2025/10/04,15:17:45,1600.360000,160036,64014,39959,3453,166,3,0,0.14645025,1.72810462,6.29881201,9.45886465,10.05904634,10.16063267,10.16929784
2025/10/04,15:17:46,1612.640000,161264,64505,41370,3542,169,3,0,0.14757381,1.74136268,6.47339930,9.71537491,10.32678437,10.42837070,10.43703587
2025/10/04,15:17:47,1612.810000,161281,64512,41241,3547,166,3,0,0.14758958,1.74154859,6.45885352,9.70561147,10.30783490,10.40614226,10.41480743
2025/10/04,15:17:48,1611.860000,161186,64474,40980,3544,163,3,0,0.14750255,1.74052182,6.42800798,9.67182570,10.26396690,10.36007796,10.36007796
2025/10/04,15:17:49,1610.690000,161069,64427,40708,3535,161,3,0,0.14739542,1.73925771,6.39562034,9.63126159,10.21319409,10.30822247,10.30822247
2025/10/04,15:17:50,1612.010000,161201,64480,40740,3535,158,3,0,0.14751670,1.74068867,6.40070697,9.63573419,10.21000925,10.30284134,10.30284134
2025/10/04,15:17:51,1637.960000,163796,65518,43794,3662,164,3,0,0.14989107,1.76870628,6.77799853,10.12965683,10.72409274,10.81803844,10.82670361
2025/10/04,15:17:52,1680.040000,168004,67201,47335,3828,171,3,0,0.15374193,1.81414615,7.22850856,10.73221710,11.35281621,11.44892727,11.45759244
2025/10/04,15:17:53,1732.760000,173276,69310,49590,3987,177,3,0,0.15856584,1.87106800,7.54337367,11.19234512,11.83463728,11.93294464,11.94160981
2025/10/04,15:17:54,1788.750000,178875,71550,51785,4142,183,3,0,0.16368948,1.93152671,7.85486028,11.64537930,12.30732639,12.40779911,12.41646428
2025/10/04,15:17:55,1843.410000,184341,73736,53861,4288,187,3,0,0.16869227,1.99055927,8.15143732,12.07555348,12.75409107,12.85567740,12.86434257
2025/10/04,15:17:56,1897.570000,189757,75902,55850,4427,191,3,0,0.17364780,2.04903412,8.43735402,12.48899102,13.18207738,13.28474639,13.29341156
2025/10/04,15:17:57,1951.490000,195149,78059,57805,4555,195,3,0,0.17858207,2.10725823,8.71918268,12.88783877,13.59342854,13.69609755,13.70476272
2025/10/04,15:17:58,2000.820000,200082,80033,59651,4663,197,3,0,0.18309687,2.16053261,8.98366057,13.25123772,13.96538112,14.06805013,14.07671530
2025/10/04,15:17:59,2016.220000,201622,80649,60249,4641,192,3,0,0.18450594,2.17715976,9.06868274,13.31657963,14.01183421,14.11230693,14.12097210
2025/10/04,15:18:00,2009.170000,200917,80367,59736,4579,188,3,0,0.18386074,2.16954641,9.00240125,13.19322668,13.87482508,13.98296936,13.99163453
2025/10/04,15:18:01,2001.070000,200107,80043,59200,4522,190,4,0,0.18311972,2.16080239,8.93234330,13.07046050,13.75933328,13.88384150,13.89250667
2025/10/04,15:18:02,1992.480000,199248,79699,58652,4463,192,4,0,0.18233323,2.15152169,8.86033902,12.94503603,13.64054718,13.77925398,13.78791915
2025/10/04,15:18:03,1984.150000,198415,79366,58134,4418,196,4,0,0.18157062,2.14252311,8.79212693,12.83587938,13.54772446,13.69954715,13.70821232
2025/10/04,15:18:04,1976.660000,197666,79066,57681,4387,203,5,0,0.18088567,2.13444072,8.73217073,12.74690245,13.48197280,13.64691139,13.65557656
2025/10/04,15:18:05,1969.580000,196958,78783,57207,4354,209,5,0,0.18023756,2.12679306,8.67032661,12.65545650,13.41145741,13.58731560,13.59598077
2025/10/04,15:18:06,1963.790000,196379,78551,56664,4330,214,6,0,0.17970821,2.12054679,8.60201103,12.56480961,13.33956925,13.52526437,13.53392954
2025/10/04,15:18:07,1958.500000,195850,78340,56133,4328,219,6,0,0.17922356,2.11482774,8.53551932,12.49676679,13.29066820,13.48511756,13.49378273
2025/10/04,15:18:08,1952.380000,195238,78095,55562,4333,221,6,0,0.17866406,2.10822584,8.46361668,12.42906540,13.22832593,13.42277529,13.43144046
2025/10/04,15:18:09,1946.370000,194637,77855,55000,4336,217,5,0,0.17811403,2.10173554,8.39287580,12.36158870,13.14770620,13.33120502,13.33987019
2025/10/04,15:18:10,1941.080000,194108,77643,54477,4341,214,5,0,0.17763009,2.09602505,8.32730164,12.30027985,13.07414690,13.24672612,13.25539129
2025/10/04,15:18:11,1935.380000,193538,77415,53945,4332,208,5,0,0.17710801,2.08986457,8.26034024,12.22475489,12.97705537,13.13979767,13.14846284
2025/10/04,15:18:12,1928.360000,192836,77134,53343,4309,200,4,0,0.17646598,2.08228842,8.18386820,12.12737361,12.85031999,13.00214268,13.01080785
2025/10/04,15:18:13,1921.430000,192143,76857,52771,4288,192,4,0,0.17583192,2.07480664,8.11095231,12.03529450,12.73080565,12.87390503,12.88257020
2025/10/04,15:18:14,1914.140000,191414,76565,52224,4260,185,4,0,0.17516416,2.06692730,8.04055540,11.93975507,12.60974264,12.74408778,12.75275295
2025/10/04,15:18:15,1906.500000,190650,76260,51658,4209,178,4,0,0.17446564,2.05868475,7.96747651,11.82004333,12.46361474,12.58923657,12.59790174
2025/10/04,15:18:16,1899.120000,189912,75965,51098,4148,170,3,0,0.17379022,2.05071484,7.89547826,11.69136163,12.30902641,12.42697668,12.43564185
2025/10/04,15:18:17,1891.650000,189165,75666,50521,4084,163,3,0,0.17310656,2.04264770,7.82139137,11.55871715,12.15124141,12.26266466,12.27132983
2025/10/04,15:18:18,1884.360000,188436,75374,49973,4022,157,3,0,0.17243964,2.03477792,7.75086253,11.43198895,12.00154090,12.10640621,12.10640621
2025/10/04,15:18:19,1878.270000,187827,75130,49526,3969,152,3,0,0.17188176,2.02819511,7.69314505,11.32524744,11.87527456,11.97358192,11.97358192
2025/10/04,15:18:20,1873.620000,187362,74944,49183,3924,147,3,0,0.17145641,2.02317581,7.64887099,11.24015694,11.77435966,11.86830536,11.86830536
2025/10/04,15:18:21,1869.220000,186922,74769,48880,3891,144,2,0,0.17105407,2.01842820,7.60955830,11.17069336,11.69162295,11.78337236,11.78337236
2025/10/04,15:18:22,1865.360000,186536,74614,48622,3862,140,2,0,0.17070075,2.01425924,7.57578870,11.11055317,11.61961537,11.70916848,11.70916848
2025/10/04,15:18:23,1861.680000,186168,74467,48373,3834,138,2,0,0.17036401,2.01028572,7.54338594,11.05223280,11.55210535,11.64165846,11.64165846
2025/10/04,15:18:24,1858.090000,185809,74323,48150,3808,139,3,0,0.17003512,2.00640470,7.51395583,10.99921127,11.50355036,11.60621937,11.60621937
2025/10/04,15:18:25,1855.820000,185582,74232,48004,3790,142,3,0,0.16982732,2.00395270,7.49486549,10.96334888,11.47827973,11.59406464,11.59406464
2025/10/04,15:18:26,1853.140000,185314,74125,47843,3774,147,4,0,0.16958253,2.00106411,7.47350078,10.92779638,11.45944783,11.58615234,11.58615234
2025/10/04,15:18:27,1850.040000,185004,74001,47655,3758,151,4,0,0.16929820,1.99770930,7.44869281,10.88815547,11.43575780,11.57229924,11.57229924
2025/10/04,15:18:28,1846.130000,184613,73845,47452,3740,155,4,0,0.16894094,1.99349364,7.42127085,10.84444555,11.40684960,11.55103166,11.55103166
2025/10/04,15:18:29,1841.690000,184169,73667,47218,3711,159,4,0,0.16853417,1.98869359,7.38964108,10.78576710,11.36067817,11.51033550,11.51900067
2025/10/04,15:18:30,1837.320000,183732,73492,46981,3681,162,5,0,0.16813448,1.98397744,7.35789333,10.72645363,11.31323210,11.46944738,11.47811255
2025/10/04,15:18:31,1833.840000,183384,73353,46789,3655,165,5,0,0.16781642,1.98022417,7.33210927,10.67740119,11.27541105,11.43598799,11.44465316
2025/10/04,15:18:32,1830.650000,183065,73226,46610,3639,165,5,0,0.16752412,1.97677499,7.30823294,10.63843294,11.23631632,11.39253160,11.40119677
2025/10/04,15:18:33,1826.460000,182646,73058,46385,3624,163,4,0,0.16714036,1.97224663,7.27796150,10.59452369,11.18691785,11.33657518,11.34524035
2025/10/04,15:18:34,1822.470000,182247,72899,46172,3606,160,4,0,0.16677605,1.96794801,7.24933768,10.55006488,11.13046517,11.27356455,11.28222972
2025/10/04,15:18:35,1819.250000,181925,72770,45971,3590,157,4,0,0.16648116,1.96446835,7.22284560,10.50880392,11.07758977,11.21629657,11.21629657
2025/10/04,15:18:36,1816.780000,181678,72671,45662,3576,154,4,0,0.16625520,1.96180186,7.18482239,10.45808088,11.01665802,11.15100316,11.15100316
2025/10/04,15:18:37,1815.640000,181564,72625,45361,3570,152,4,0,0.16615082,1.96057017,7.14913063,10.41670082,10.96826015,11.10152261,11.10152261
2025/10/04,15:18:38,1814.880000,181488,72595,45075,3564,150,4,0,0.16608108,1.95974741,7.11561707,10.37795195,10.92312948,11.05419565,11.05419565
2025/10/04,15:18:39,1813.860000,181386,72554,44788,3568,150,4,0,0.16598794,1.95864822,7.08170183,10.34694491,10.89148282,11.02146631,11.02146631
2025/10/04,15:18:40,1812.720000,181272,72508,44528,3568,151,4,0,0.16588314,1.95741173,7.05070720,10.31640326,10.86336596,10.99115315,10.99115315
2025/10/04,15:18:41,1811.110000,181111,72444,44230,3562,151,4,0,0.16573571,1.95567192,7.01491532,10.27489105,10.82287643,10.94738465,10.94738465
2025/10/04,15:18:42,1809.500000,180950,72380,43937,3563,152,4,0,0.16558841,1.95393396,6.97957367,10.24093945,10.79351785,10.92022236,10.92022236
2025/10/04,15:18:43,1806.420000,180642,72257,43543,3562,156,4,0,0.16530693,1.95061254,6.93126153,10.19110823,10.75517097,10.89387777,10.89387777
2025/10/04,15:18:44,1802.190000,180219,72087,43047,3555,158,4,0,0.16491955,1.94604130,6.86990055,10.12392993,10.69718231,10.84464335,10.85330852
2025/10/04,15:18:45,1796.840000,179684,71873,42499,3548,160,4,0,0.16442979,1.94026217,6.80144622,10.04865715,10.62892734,10.78294633,10.79161150
2025/10/04,15:18:46,1790.720000,179072,71629,41933,3545,162,5,0,0.16387023,1.93365935,6.73007581,9.97495963,10.56135866,10.71865662,10.72732179
2025/10/04,15:18:47,1783.940000,178394,71357,41309,3535,162,5,0,0.16324975,1.92633774,6.65139427,9.88680949,10.47461064,10.63518758,10.64385275
2025/10/04,15:18:48,1777.910000,177791,71116,40744,3529,163,5,0,0.16269769,1.91982356,6.58033874,9.81048662,10.40058608,10.56444199,10.57310716
2025/10/04,15:18:49,1771.360000,177136,70854,40165,3521,163,5,0,0.16209853,1.91275360,6.50698642,9.72928086,10.32078244,10.48791732,10.49658249
2025/10/04,15:18:50,1764.880000,176488,70595,39565,3503,162,5,0,0.16150536,1.90575421,6.43139013,9.63775259,10.22606327,10.39100186,10.39966703
2025/10/04,15:18:51,1758.630000,175863,70345,38994,3484,159,4,0,0.16093362,1.89900747,6.35926991,9.54831034,10.12411400,10.27593669,10.28460186
2025/10/04,15:18:52,1752.570000,175257,70102,38477,3466,156,4,0,0.16037906,1.89246376,6.29367831,9.46614069,10.03046000,10.17028041,10.17028041
2025/10/04,15:18:53,1746.170000,174617,69847,37931,3441,153,4,0,0.15979371,1.88555682,6.22421342,9.37389243,9.92685388,10.05903366,10.05903366
2025/10/04,15:18:54,1739.100000,173910,69564,37432,3399,150,4,0,0.15914618,1.87791582,6.15958067,9.27077035,9.81288346,9.93850529,9.93850529
2025/10/04,15:18:55,1731.290000,173129,69251,36922,3349,146,3,0,0.15843156,1.86948355,6.09275901,9.15825290,9.68683993,9.80590381,9.80590381
2025/10/04,15:18:56,1722.310000,172231,68892,36310,3287,141,3,0,0.15760991,1.85978810,6.01311340,9.02150381,9.53133211,9.64275536,9.64275536
2025/10/04,15:18:57,1714.520000,171452,68580,35781,3240,136,3,0,0.15689684,1.85137396,5.94418922,8.90966302,9.40366692,9.50853223,9.50853223
2025/10/04,15:18:58,1706.420000,170642,68256,35265,3195,132,3,0,0.15615582,1.84262994,5.87636105,8.80050229,9.28034048,9.37973052,9.37973052
2025/10/04,15:18:59,1699.220000,169922,67969,34821,3156,129,3,0,0.15549698,1.83485550,5.81782357,8.70635165,9.17483197,9.26877767,9.26877767
2025/10/04,15:19:00,1692.380000,169238,67695,34390,3119,125,2,0,0.15487133,1.82747286,5.76113204,8.61550107,9.06968920,9.16035593,9.16035593
2025/10/04,15:19:01,1686.870000,168687,67474,33957,3083,124,3,0,0.15436671,1.82151831,5.70568696,8.52706095,8.97639949,9.07470685,9.07470685
2025/10/04,15:19:02,1682.030000,168203,67281,33499,3060,124,3,0,0.15392413,1.81629593,5.64807765,8.44834932,8.89781434,9.00595862,9.00595862
2025/10/04,15:19:03,1678.030000,167803,67121,33113,3052,125,3,0,0.15355782,1.81197349,5.59959663,8.39311390,8.84691898,8.96378657,8.96378657
2025/10/04,15:19:04,1674.450000,167445,66978,32791,3046,127,4,0,0.15323019,1.80810769,5.55888748,8.34661946,8.80693282,8.93255465,8.93255465
2025/10/04,15:19:05,1670.540000,167054,66821,32451,3029,128,4,0,0.15287213,1.80388253,5.51581956,8.28833059,8.75311048,8.88745562,8.88745562
2025/10/04,15:19:06,1666.600000,166660,66664,32121,3012,129,4,0,0.15251173,1.79962970,5.47379849,8.23037754,8.69758223,8.83740264,8.83740264
2025/10/04,15:19:07,1661.820000,166182,66472,31749,2994,129,4,0,0.15207423,1.79446737,5.42600847,8.16617053,8.63477733,8.78115569,8.78115569
2025/10/04,15:19:08,1656.980000,165698,66279,31401,2983,130,4,0,0.15163191,1.78924786,5.38101307,8.11080149,8.58094050,8.73168051,8.73168051
2025/10/04,15:19:09,1652.340000,165234,66093,31085,2972,128,4,0,0.15120733,1.78423805,5.33984666,8.05955245,8.52484187,8.67338559,8.67338559
2025/10/04,15:19:10,1648.040000,164804,65921,30798,2948,125,4,0,0.15081355,1.77959148,5.30236792,8.00055044,8.45371589,8.59681527,8.59681527
2025/10/04,15:19:11,1643.380000,164338,65735,30475,2910,120,4,0,0.15038697,1.77455785,5.26041030,7.92401465,8.36109913,8.49764057,8.49764057
2025/10/04,15:19:12,1638.680000,163868,65547,30132,2871,116,4,0,0.14995684,1.76948230,5.21612436,7.84388952,8.26451359,8.39449708,8.39449708
2025/10/04,15:19:13,1635.000000,163500,65400,29860,2838,112,4,0,0.14962058,1.76551450,5.18104516,7.77875552,8.18674608,8.31125430,8.31125430
2025/10/04,15:19:14,1632.250000,163225,65290,29651,2812,110,3,0,0.14936835,1.76253820,5.15412330,7.72814524,8.12618006,8.24740930,8.24740930
2025/10/04,15:19:15,1630.020000,163002,65201,29477,2787,107,3,0,0.14916443,1.76013196,5.13183517,7.68304171,8.07290956,8.19197344,8.19197344
2025/10/04,15:19:16,1628.570000,162857,65142,29354,2761,106,3,0,0.14903139,1.75856184,5.11622012,7.64360921,8.02684230,8.14262721,8.14262721
2025/10/04,15:19:17,1627.610000,162761,65104,29264,2739,104,3,0,0.14894397,1.75753034,5.10489623,7.61221706,7.98957789,8.10316650,8.10316650
2025/10/04,15:19:18,1627.160000,162716,65086,29212,2722,103,3,0,0.14890267,1.75704316,5.09848334,7.58945216,7.96234645,8.07376970,8.07376970
2025/10/04,15:19:19,1627.420000,162742,65097,29214,2709,103,3,0,0.14892691,1.75732916,5.09894710,7.57870130,7.95159559,8.06190523,8.06190523
2025/10/04,15:19:20,1627.460000,162746,65098,29213,2702,106,3,0,0.14893056,1.75737207,5.09894151,7.57187726,7.95689552,8.06720516,8.06720516
2025/10/04,15:19:21,1626.230000,162623,65049,29146,2689,109,3,0,0.14881777,1.75604121,5.08992367,7.55103168,7.94587560,8.05510256,8.05510256
2025/10/04,15:19:22,1623.900000,162390,64956,29021,2669,111,3,0,0.14860481,1.75352821,5.07309511,7.51626706,7.91774935,8.02478002,8.02478002
2025/10/04,15:19:23,1621.290000,162129,64851,28884,2648,112,3,0,0.14836518,1.75070062,5.05458657,7.47836835,7.88495318,7.98870487,7.98870487
2025/10/04,15:19:24,1618.660000,161866,64746,28762,2629,113,3,0,0.14812448,1.74786062,5.03781064,7.44388331,7.85582726,7.95741359,7.95741359
2025/10/04,15:19:25,1616.230000,161623,64649,28668,2612,115,3,0,0.14790289,1.74524562,5.02445899,7.41524574,7.83331492,7.93270496,7.93270496
2025/10/04,15:19:26,1613.670000,161367,64547,28595,2597,117,3,0,0.14766833,1.74247807,5.01332984,7.39028477,7.81511880,7.91342616,7.91342616
2025/10/04,15:19:27,1610.870000,161087,64435,28544,2583,118,3,0,0.14741216,1.73945506,5.00441337,7.36818346,7.79812365,7.89534833,7.89534833
2025/10/04,15:19:28,1608.240000,160824,64329,28523,2565,117,3,0,0.14717130,1.73661315,4.99921655,7.34711872,7.77067711,7.86678817,7.86678817
2025/10/04,15:19:29,1605.720000,160572,64228,28522,2549,115,3,0,0.14694066,1.73389137,4.99632103,7.32916422,7.74595776,7.83990346,7.83990346
2025/10/04,15:19:30,1603.520000,160352,64141,28554,2535,113,3,0,0.14673965,1.73151947,4.99762504,7.31818752,7.72987852,7.82382422,7.82382422
2025/10/04,15:19:31,1601.320000,160132,64052,28586,2522,112,3,0,0.14653783,1.72913804,4.99896791,7.30705659,7.71415096,7.80698305,7.80698305
2025/10/04,15:19:32,1598.730000,159873,63949,28590,2513,111,3,0,0.14630150,1.72634952,4.99660352,7.29716180,7.69940658,7.79223867,7.79223867
2025/10/04,15:19:33,1596.300000,159630,63852,28600,2508,110,2,0,0.14607868,1.72372022,4.99512137,7.29057427,7.68835251,7.78010192,7.78010192
2025/10/04,15:19:34,1593.970000,159397,63759,28581,2500,108,2,0,0.14586555,1.72120532,4.99042931,7.27870779,7.67100043,7.76274984,7.76274984
2025/10/04,15:19:35,1591.390000,159139,63655,28519,2490,106,2,0,0.14562964,1.71842158,4.98057660,7.25941851,7.64443677,7.73398988,7.73398988
2025/10/04,15:19:36,1588.660000,158866,63546,28437,2479,104,2,0,0.14537976,1.71547290,4.96818380,7.23755712,7.61491795,7.70230570,7.70230570
2025/10/04,15:19:37,1585.390000,158539,63415,28310,2466,101,2,0,0.14508025,1.71193888,4.95014434,7.20704294,7.57534422,7.66053568,7.66053568
2025/10/04,15:19:38,1581.320000,158132,63253,28125,2448,98,2,0,0.14470797,1.70754591,4.92465360,7.16507116,7.52239762,7.60539279,7.60539279
2025/10/04,15:19:39,1576.630000,157663,63065,27907,2427,95,2,0,0.14427864,1.70247986,4.89458784,7.11564726,7.46084975,7.54056594,7.54056594
2025/10/04,15:19:40,1571.060000,157106,62842,27637,2394,91,2,0,0.14376868,1.69646240,4.85772961,7.04860519,7.37925892,7.45461346,7.45461346
2025/10/04,15:19:41,1565.100000,156510,62604,27346,2357,87,2,0,0.14322382,1.69003308,4.81797123,6.97488268,7.29034802,7.36242358,7.36242358
2025/10/04,15:19:42,1558.760000,155876,62350,27057,2320,83,2,0,0.14264335,1.68318337,4.77804708,6.90167158,7.20297482,7.27177141,7.27177141
2025/10/04,15:19:43,1552.470000,155247,62099,26766,2284,79,2,0,0.14206802,1.67639464,4.73800604,6.82876453,7.11628511,7.18180272,7.18180272
2025/10/04,15:19:44,1546.380000,154638,61855,26481,2249,75,2,0,0.14151081,1.66981950,4.69882497,6.75704048,7.03128793,7.09352657,7.09352657
2025/10/04,15:19:45,1540.540000,154054,61621,26227,2216,72,1,0,0.14097571,1.66350554,4.66347177,6.69211749,6.95475051,7.01482379,7.01482379
2025/10/04,15:19:46,1535.390000,153539,61415,26021,2189,70,1,0,0.14050496,1.65795046,4.63440750,6.63794364,6.89126053,6.94913752,6.94913752
2025/10/04,15:19:47,1531.180000,153118,61247,25879,2170,69,1,0,0.14011958,1.65340304,4.61356112,6.59951717,6.84951668,6.90739367,6.90739367
2025/10/04,15:19:48,1528.160000,152816,61126,25815,2167,72,1,0,0.13984360,1.65014645,4.60301343,6.58625437,6.84748527,6.90755855,6.90755855
2025/10/04,15:19:49,1525.450000,152545,61018,25769,2170,75,2,0,0.13959514,1.64721490,4.59474982,6.58102890,6.85489330,6.91713194,6.91713194
2025/10/04,15:19:50,1523.040000,152304,60921,25733,2177,79,2,0,0.13937442,1.64461038,4.58809787,6.58119540,6.86794988,6.93346749,6.93346749
2025/10/04,15:19:51,1520.800000,152080,60832,25714,2193,83,2,0,0.13916921,1.64218891,4.58348711,6.59031946,6.89085660,6.95965319,6.95965319
2025/10/04,15:19:52,1518.670000,151867,60746,25705,2217,87,2,0,0.13897466,1.63989327,4.58018559,6.60951031,6.92625490,6.99833046,6.99833046
2025/10/04,15:19:53,1516.950000,151695,60678,25721,2251,94,2,0,0.13881706,1.63803333,4.58015554,6.64040716,6.98229227,7.05876042,7.05876042
2025/10/04,15:19:54,1515.140000,151514,60605,25731,2284,101,2,0,0.13865143,1.63607899,4.57931197,6.66968337,7.03632596,7.11715577,7.11715577
2025/10/04,15:19:55,1513.150000,151315,60526,25726,2315,106,2,0,0.13846972,1.63393492,4.57661452,6.69590874,7.08232912,7.16643790,7.16643790
2025/10/04,15:19:56,1510.940000,151094,60437,25701,2340,109,2,0,0.13826751,1.63154874,4.57139680,6.71324836,7.10732617,7.19360031,7.19360031
2025/10/04,15:19:57,1509.000000,150900,60360,25684,2360,110,2,0,0.13809026,1.62945712,4.56728140,6.72752109,7.12785422,7.21412836,7.21412836
2025/10/04,15:19:58,1506.790000,150679,60271,25643,2374,111,2,0,0.13788737,1.62706327,4.56028663,6.73355010,7.13809319,7.22436733,7.22436733
2025/10/04,15:19:59,1503.800000,150380,60152,25561,2378,112,2,0,0.13761439,1.62384197,4.54760919,6.72426587,7.13021469,7.21540615,7.21540615
2025/10/04,15:20:00,1501.150000,150115,60046,25496,2376,112,2,0,0.13737105,1.62097052,4.53735366,6.71252329,7.11987423,7.20398301,7.20398301
2025/10/04,15:20:01,1498.900000,149890,59956,25450,2381,113,2,0,0.13716558,1.61854615,4.52958921,6.70892806,7.11985295,7.20504441,7.20504441
2025/10/04,15:20:02,1496.910000,149691,59876,25415,2391,115,2,0,0.13698373,1.61640021,4.52348072,6.71183610,7.12862964,7.21382110,7.21382110
2025/10/04,15:20:03,1494.740000,149474,59789,25370,2401,116,2,0,0.13678531,1.61405881,4.51605375,6.71355470,7.13507135,7.22134549,7.22134549
2025/10/04,15:20:04,1492.160000,149216,59686,25300,2404,117,2,0,0.13654859,1.61126554,4.50524625,6.70520334,7.12876173,7.21395319,7.21395319
2025/10/04,15:20:05,1489.240000,148924,59569,25214,2405,117,2,0,0.13628165,1.60811570,4.49226865,6.69325981,7.11835041,7.20245919,7.20245919
2025/10/04,15:20:06,1486.100000,148610,59444,25123,2405,117,2,0,0.13599426,1.60472468,4.47842763,6.67945082,7.10543401,7.18954279,7.18954279
2025/10/04,15:20:07,1484.160000,148416,59366,25091,2415,119,2,0,0.13581629,1.60262450,4.47266377,6.68354356,7.11424986,7.19944132,7.19944132
2025/10/04,15:20:08,1482.200000,148220,59288,25058,2425,120,2,0,0.13563710,1.60051000,4.46676035,6.68678570,7.12055280,7.20682694,7.20682694
2025/10/04,15:20:09,1480.680000,148068,59227,25044,2424,118,2,0,0.13549788,1.59886736,4.46354231,6.68198453,7.10936983,7.19347861,7.19347861
2025/10/04,15:20:10,1478.820000,147882,59153,25019,2415,115,2,0,0.13532821,1.59686535,4.45863190,6.66922068,7.08639727,7.16939244,7.16939244
2025/10/04,15:20:11,1476.740000,147674,59069,24985,2400,112,2,0,0.13513764,1.59461645,4.45255770,6.64902458,7.05560941,7.13532560,7.13532560
2025/10/04,15:20:12,1474.490000,147449,58979,24949,2381,109,2,0,0.13493153,1.59218447,4.44600965,6.62502547,7.02140160,7.09895243,7.09895243
2025/10/04,15:20:13,1472.180000,147218,58887,24927,2362,107,2,0,0.13472060,1.58969534,4.44091512,6.60270591,6.98976591,7.06623406,7.06623406
2025/10/04,15:20:14,1470.500000,147050,58820,24934,2346,104,2,0,0.13456667,1.58787920,4.43990686,6.58728474,6.96656083,7.04191537,7.04191537
2025/10/04,15:20:15,1467.980000,146798,58719,24900,2321,101,2,0,0.13433577,1.58515458,4.43336906,6.55741359,6.92596782,6.99915700,6.99915700
2025/10/04,15:20:16,1464.930000,146493,58597,24842,2291,98,2,0,0.13405720,1.58186747,4.42338862,6.52019046,6.87662072,6.94653092,6.94653092
2025/10/04,15:20:17,1460.990000,146099,58439,24741,2257,94,2,0,0.13369671,1.57761366,4.40763878,6.47373976,6.81638736,6.88301859,6.88301859
2025/10/04,15:20:18,1457.810000,145781,58312,24668,2227,91,2,0,0.13340521,1.57417403,4.39578104,6.43438036,6.76490761,6.82934254,6.82934254
2025/10/04,15:20:19,1455.280000,145528,58211,24624,2202,90,2,0,0.13317376,1.57144273,4.38806506,6.40401094,6.73173034,6.80164054,6.80164054
2025/10/04,15:20:20,1452.980000,145298,58119,24588,2184,92,2,0,0.13296305,1.56895644,4.38148284,6.38042973,6.71631610,6.80150756,6.80150756
2025/10/04,15:20:21,1450.850000,145085,58034,24545,2173,95,3,0,0.13276857,1.56666173,4.37420756,6.36333079,6.70789366,6.80836638,6.80836638
2025/10/04,15:20:22,1448.810000,144881,57952,24503,2165,97,3,0,0.13258156,1.56445479,4.36724230,6.34864113,6.70213707,6.81572568,6.81572568
2025/10/04,15:20:23,1446.950000,144695,57878,24468,2157,100,3,0,0.13241141,1.56244705,4.36125164,6.33599399,6.69855309,6.82089595,6.82089595
2025/10/04,15:20:24,1445.230000,144523,57809,24442,2152,102,4,0,0.13225451,1.56059567,4.35641110,6.32637020,6.69798885,6.82905502,6.82905502
2025/10/04,15:20:25,1443.990000,144399,57759,24439,2150,105,4,0,0.13214114,1.55925811,4.35474240,6.32253636,6.70385419,6.84367460,6.84367460
2025/10/04,15:20:26,1442.460000,144246,57698,24428,2146,107,4,0,0.13200066,1.55760028,4.35177981,6.31627756,6.70614541,6.85252377,6.85252377
2025/10/04,15:20:27,1440.690000,144069,57627,24405,2141,107,4,0,0.13183850,1.55568691,4.34727716,6.30683059,6.69708149,6.84454253,6.84454253
2025/10/04,15:20:28,1439.190000,143919,57567,24399,2136,105,4,0,0.13170157,1.55407103,4.34495840,6.29998755,6.68155834,6.82246143,6.82246143
2025/10/04,15:20:29,1437.570000,143757,57502,24399,2124,102,4,0,0.13155282,1.55231593,4.34320742,6.28708693,6.65896216,6.79330730,6.79330730
2025/10/04,15:20:30,1436.080000,143608,57443,24413,2111,100,4,0,0.13141719,1.55071528,4.34323466,6.27548044,6.63842260,6.76732341,6.76732341
2025/10/04,15:20:31,1434.500000,143450,57380,24434,2098,98,3,0,0.13127215,1.54900402,4.34393893,6.26474406,6.61951564,6.74294118,6.74294118
2025/10/04,15:20:32,1432.590000,143259,57303,24443,2084,95,3,0,0.13109773,1.54694579,4.34287034,6.25010263,6.59594113,6.71389140,6.71389140
2025/10/04,15:20:33,1430.970000,143097,57238,24454,2070,93,3,0,0.13094914,1.54519258,4.34241378,6.23691329,6.57407530,6.68766391,6.68766391
2025/10/04,15:20:34,1428.880000,142888,57155,24446,2055,90,3,0,0.13075841,1.54294177,4.33925408,6.22014872,6.54850413,6.65773109,6.65773109
2025/10/04,15:20:35,1426.560000,142656,57062,24439,2040,88,3,0,0.13054609,1.54043640,4.33586007,6.20353693,6.52385186,6.62871717,6.62871717
2025/10/04,15:20:36,1424.700000,142470,56988,24466,2029,87,3,0,0.13037520,1.53842007,4.33697828,6.19447551,6.50943132,6.61101765,6.61101765
2025/10/04,15:20:37,1422.560000,142256,56902,24473,2017,85,3,0,0.13017962,1.53611207,4.33541354,6.18150307,6.48995060,6.58717528,6.58717528
2025/10/04,15:20:38,1419.440000,141944,56777,24436,2000,83,3,0,0.12989417,1.53274392,4.32780809,6.15880570,6.45882969,6.55166178,6.55166178
2025/10/04,15:20:39,1416.270000,141627,56651,24394,1986,81,2,0,0.12960422,1.52932239,4.31958775,6.13778761,6.43066731,6.51913774,6.51913774
2025/10/04,15:20:40,1413.340000,141334,56533,24359,1980,80,2,0,0.12933590,1.52615635,4.31248728,6.12464379,6.41445907,6.50073321,6.50073321
2025/10/04,15:20:41,1409.930000,140993,56397,24311,1972,79,2,0,0.12902372,1.52247265,4.30324138,6.10803037,6.39465475,6.47764992,6.47764992
2025/10/04,15:20:42,1407.150000,140715,56286,24288,1966,79,2,0,0.12876987,1.51947726,4.29762846,6.09763420,6.38451516,6.46862394,6.46862394
2025/10/04,15:20:43,1405.230000,140523,56209,24299,1966,83,3,0,0.12859358,1.51739709,4.29689343,6.09635010,6.39803278,6.49525746,6.49525746
2025/10/04,15:20:44,1402.610000,140261,56104,24272,1962,87,3,0,0.12835421,1.51457236,4.29086953,6.08686802,6.40246345,6.51277309,6.51277309
2025/10/04,15:20:45,1399.730000,139973,55989,24239,1957,90,3,0,0.12809035,1.51145876,4.28402751,6.07579272,6.40414813,6.52101572,6.52101572
2025/10/04,15:20:46,1397.140000,139714,55885,24216,1954,94,3,0,0.12785369,1.50866643,4.27861365,6.06724371,6.40848920,6.53191474,6.53191474
2025/10/04,15:20:47,1394.550000,139455,55782,24184,1948,97,4,0,0.12761691,1.50587221,4.27221225,6.05554294,6.40738019,6.53628100,6.53628100
2025/10/04,15:20:48,1392.010000,139201,55680,24148,1937,99,4,0,0.12738397,1.50312372,4.26528296,6.03785201,6.39619754,6.52946000,6.52946000
2025/10/04,15:20:49,1389.300000,138930,55572,24107,1925,100,4,0,0.12713603,1.50019794,4.25772400,6.01975744,6.38397523,6.52051667,6.52051667
2025/10/04,15:20:50,1386.460000,138646,55458,24067,1914,101,4,0,0.12687572,1.49712629,4.24999491,6.00155772,6.36947594,6.50818274,6.50818274
2025/10/04,15:20:51,1383.410000,138341,55336,24007,1900,98,4,0,0.12659748,1.49384299,4.23988914,5.97859014,6.33616956,6.46723573,6.46723573
2025/10/04,15:20:52,1380.870000,138087,55235,23965,1887,95,3,0,0.12636470,1.49109643,4.23238827,5.95919656,6.30529164,6.42871718,6.42871718
2025/10/04,15:20:53,1378.820000,137882,55153,23945,1876,93,3,0,0.12617710,1.48888277,4.22782358,5.94474325,6.28126563,6.39921590,6.39921590
2025/10/04,15:20:54,1377.270000,137727,55090,23946,1867,90,3,0,0.12603484,1.48720396,4.22632252,5.93545372,6.26368265,6.37727126,6.37727126
2025/10/04,15:20:55,1376.060000,137606,55042,23972,1860,89,3,0,0.12592406,1.48589691,4.22796426,5.93085811,6.25270525,6.36301489,6.36301489
2025/10/04,15:20:56,1374.880000,137488,54995,24014,1861,87,3,0,0.12581638,1.48462614,4.23144380,5.93488763,6.25214175,6.35917242,6.35917242
2025/10/04,15:20:57,1374.010000,137401,54960,24067,1869,86,3,0,0.12573727,1.48369281,4.23654931,5.94700559,6.26094233,6.36469402,6.36469402
2025/10/04,15:20:58,1373.240000,137324,54929,24122,1877,86,3,0,0.12566601,1.48285195,4.24205040,5.96029514,6.27231662,6.37390295,6.37390295
2025/10/04,15:20:59,1371.860000,137186,54874,24156,1890,88,3,0,0.12554040,1.48136954,4.24450630,5.97409377,6.29288010,6.39227014,6.39227014
2025/10/04,15:21:00,1370.510000,137051,54820,24185,1902,90,3,0,0.12541685,1.47991188,4.24632055,5.98750972,6.31395349,6.41006455,6.41006455
2025/10/04,15:21:01,1369.390000,136939,54775,24222,1916,92,3,0,0.12531451,1.47870401,4.24937836,6.00362334,6.33874360,6.43377198,6.43377198
2025/10/04,15:21:02,1368.210000,136821,54728,24262,1932,95,3,0,0.12520592,1.47742272,4.25262113,6.02079493,6.36472179,6.45755388,6.45755388
2025/10/04,15:21:03,1366.580000,136658,54663,24277,1945,97,2,0,0.12505710,1.47566667,4.25257785,6.03296739,6.38416863,6.47591804,6.47591804
2025/10/04,15:21:04,1364.980000,136498,54599,24286,1951,98,2,0,0.12491006,1.47393161,4.25189705,6.03800691,6.39507680,6.48462991,6.48462991
2025/10/04,15:21:05,1363.680000,136368,54547,24322,1953,100,2,0,0.12479162,1.47253400,4.25466400,6.04225999,6.40647778,6.49494821,6.49494821
2025/10/04,15:21:06,1362.460000,136246,54498,24364,1956,102,2,0,0.12467955,1.47121173,4.25813242,6.04828156,6.41836800,6.50464214,6.50464214
2025/10/04,15:21:07,1361.580000,136158,54463,24426,1959,101,2,0,0.12459956,1.47026790,4.26424543,6.05730277,6.42534747,6.51162161,6.51162161
2025/10/04,15:21:08,1360.060000,136006,54402,24470,1960,100,2,0,0.12446012,1.46862245,4.26762504,6.06129642,6.42500107,6.51347150,6.51347150
2025/10/04,15:21:09,1357.940000,135794,54317,24487,1958,99,3,0,0.12426622,1.46633445,4.26725970,6.05908897,6.41718154,6.52204685,6.52204685
2025/10/04,15:21:10,1355.580000,135558,54223,24485,1953,97,3,0,0.12405018,1.46378521,4.26450857,6.05246054,6.40378826,6.52173853,6.52173853
2025/10/04,15:21:11,1353.580000,135358,54143,24500,1955,96,4,0,0.12386727,1.46162687,4.26410738,6.05364248,6.40152273,6.53042354,6.53042354
2025/10/04,15:21:12,1351.670000,135167,54066,24534,1964,96,4,0,0.12369244,1.45956385,4.26593429,6.06393595,6.41271239,6.55361548,6.55361548
2025/10/04,15:21:13,1349.220000,134922,53969,24530,1971,96,4,0,0.12346858,1.45692217,4.26281186,6.06669581,6.41406652,6.56588921,6.56588921
2025/10/04,15:21:14,1346.730000,134673,53869,24527,1979,98,5,0,0.12324049,1.45423087,4.25979743,6.07091987,6.42582154,6.58856384,6.58856384
2025/10/04,15:21:15,1344.600000,134460,53784,24546,1986,102,5,0,0.12304513,1.45192570,4.25964116,6.07761499,6.44693533,6.62062816,6.62062816
2025/10/04,15:21:16,1342.970000,134297,53718,24577,1996,106,5,0,0.12289631,1.45016966,4.26143579,6.08858721,6.47500759,6.65634105,6.65634105
2025/10/04,15:21:17,1341.340000,134134,53653,24598,2006,113,5,0,0.12274759,1.44841457,4.26202761,6.09829257,6.50845136,6.68650585,6.68650585
2025/10/04,15:21:18,1339.520000,133952,53580,24598,2014,119,5,0,0.12258042,1.44644211,4.26013590,6.10399531,6.53610372,6.70868294,6.70868294
2025/10/04,15:21:19,1337.260000,133726,53490,24572,2015,123,5,0,0.12237424,1.44400919,4.25470981,6.09947426,6.54702402,6.71304529,6.71304529
2025/10/04,15:21:20,1334.870000,133487,53395,24526,2009,127,5,0,0.12215529,1.44142564,4.24680644,6.08543054,6.54791212,6.70957174,6.70957174
2025/10/04,15:21:21,1332.520000,133252,53300,24487,2003,131,5,0,0.12193990,1.43888405,4.23984167,6.07303645,6.54879115,6.71153345,6.71153345
2025/10/04,15:21:22,1329.880000,132988,53195,24431,1993,133,5,0,0.12169827,1.43603264,4.23055143,6.05492368,6.53680361,6.69954591,6.69954591
2025/10/04,15:21:23,1327.310000,132731,53092,24373,1982,133,5,0,0.12146300,1.43325653,4.22113060,6.03506516,6.51911331,6.67857663,6.67857663
2025/10/04,15:21:24,1324.380000,132438,52975,24299,1967,133,5,0,0.12119500,1.43009429,4.20953412,6.01021887,6.49426702,6.65048230,6.65048230
2025/10/04,15:21:25,1321.700000,132170,52868,24238,1953,132,4,0,0.12094949,1.42719710,4.19964872,5.98688965,6.46519563,6.61813194,6.61813194
2025/10/04,15:21:26,1319.400000,131940,52776,24207,1941,131,4,0,0.12073927,1.42471654,4.19368624,5.97058557,6.44429853,6.59395586,6.59395586
2025/10/04,15:21:27,1317.790000,131779,52711,24216,1938,130,4,0,0.12059207,1.42297954,4.19289038,5.96681653,6.43912376,6.58766748,6.58766748
2025/10/04,15:21:28,1316.320000,131632,52652,24228,1938,129,4,0,0.12045747,1.42139129,4.19266340,5.96616952,6.43464984,6.57991458,6.57991458
2025/10/04,15:21:29,1314.630000,131463,52585,24231,1935,126,4,0,0.12030290,1.41956754,4.19118703,5.96272201,6.42035400,6.55581275,6.55581275
2025/10/04,15:21:30,1312.720000,131272,52508,24225,1931,122,4,0,0.12012775,1.41750072,4.18851432,5.95636509,6.39995785,6.52774504,6.52774504
2025/10/04,15:21:31,1310.400000,131040,52416,24200,1928,118,3,0,0.11991623,1.41500487,4.18312631,5.94835896,6.37676694,6.49799618,6.49799618
2025/10/04,15:21:32,1308.530000,130853,52341,24199,1936,115,3,0,0.11974505,1.41298477,4.18100521,5.95305723,6.37010735,6.48697494,6.48697494
2025/10/04,15:21:33,1306.900000,130690,52276,24215,1945,113,3,0,0.11959526,1.41121726,4.18108372,5.96134423,6.36997081,6.48355942,6.48355942
2025/10/04,15:21:34,1305.260000,130526,52210,24232,1953,110,3,0,0.11944586,1.40945455,4.18118316,5.96852110,6.36898071,6.47929035,6.47929035
2025/10/04,15:21:35,1303.600000,130360,52144,24240,1955,108,3,0,0.11929349,1.40765655,4.18030617,5.97022928,6.36175582,6.46878649,6.46878649
2025/10/04,15:21:36,1302.580000,130258,52103,24273,1958,106,3,0,0.11919993,1.40655259,4.18305576,5.97546704,6.35959272,6.46226173,6.46226173
2025/10/04,15:21:37,1302.190000,130219,52087,24332,1964,104,3,0,0.11916464,1.40613598,4.18936474,5.98665628,6.36605885,6.46653157,6.46653157
2025/10/04,15:21:38,1302.130000,130213,52085,24403,1970,103,3,0,0.11915915,1.40607117,4.19740692,6.00045081,6.37602647,6.47433383,6.47433383
2025/10/04,15:21:39,1302.220000,130222,52088,24478,1973,102,3,0,0.11916697,1.40616362,4.20607098,6.01176410,6.38363933,6.47975039,6.47975039
2025/10/04,15:21:40,1302.120000,130212,52084,24541,1967,101,3,0,0.11915792,1.40605685,4.21313005,6.01365282,6.38042189,6.47325398,6.47325398
2025/10/04,15:21:41,1301.510000,130151,52060,24577,1959,99,2,0,0.11910243,1.40540192,4.21662367,6.01016602,6.37106282,6.46061593,6.46061593
2025/10/04,15:21:42,1301.150000,130115,52046,24619,1953,98,2,0,0.11906899,1.40500723,4.22106817,6.00863214,6.36416982,6.45155757,6.45155757
2025/10/04,15:21:43,1300.760000,130076,52030,24662,1947,96,2,0,0.11903392,1.40459349,4.22554612,6.00800380,6.35830884,6.44350030,6.44350030
2025/10/04,15:21:44,1299.400000,129940,51976,24659,1938,94,2,0,0.11890892,1.40311866,4.22376017,5.99762135,6.34052553,6.42352070,6.42352070
2025/10/04,15:21:45,1297.400000,129740,51896,24621,1926,92,2,0,0.11872643,1.40096509,4.21728854,5.98048600,6.31433063,6.39404682,6.39404682
2025/10/04,15:21:46,1295.380000,129538,51815,24578,1915,90,2,0,0.11854132,1.39878097,4.21013598,5.96308883,6.28850992,6.36606075,6.36606075
2025/10/04,15:21:47,1292.850000,129285,51714,24505,1901,87,2,0,0.11830954,1.39604586,4.19905551,5.93930762,6.25464648,6.32891834,6.32891834
2025/10/04,15:21:48,1289.610000,128961,51584,24397,1884,84,2,0,0.11801352,1.39255283,4.18316957,5.90752172,6.21124614,6.28223902,6.28223902
2025/10/04,15:21:49,1286.330000,128633,51453,24286,1866,80,2,0,0.11771288,1.38900545,4.16701527,5.87501540,6.16712900,6.23484291,6.23484291
2025/10/04,15:21:50,1282.840000,128284,51313,24173,1848,78,2,0,0.11739369,1.38523884,4.15024587,5.84192602,6.12484997,6.19036758,6.19036758
2025/10/04,15:21:51,1279.240000,127924,51169,24055,1832,78,2,0,0.11706429,1.38135208,4.13292406,5.80954432,6.09323438,6.15766931,6.15766931
2025/10/04,15:21:52,1275.940000,127594,51037,23961,1818,79,2,0,0.11676277,1.37779420,4.11855679,5.78225119,6.06977177,6.13420670,6.13420670
2025/10/04,15:21:53,1272.820000,127282,50913,23887,1805,80,2,0,0.11647693,1.37442131,4.10674165,5.75867237,6.05065949,6.11509442,6.11509442
2025/10/04,15:21:54,1269.960000,126996,50798,23835,1794,82,2,0,0.11621542,1.37133536,4.09774200,5.73946106,6.03680730,6.10232491,6.10232491
2025/10/04,15:21:55,1267.820000,126782,50713,23820,1786,84,2,0,0.11601958,1.36902447,4.09364972,5.72880839,6.03329892,6.09993015,6.09993015
2025/10/04,15:21:56,1266.490000,126649,50659,23839,1788,86,2,0,0.11589727,1.36758113,4.09441591,5.73070565,6.04425934,6.11305593,6.11305593
2025/10/04,15:21:57,1265.380000,126538,50615,23868,1792,89,2,0,0.11579579,1.36638374,4.09652681,5.73666182,6.05953163,6.13052451,6.13052451
2025/10/04,15:21:58,1264.420000,126442,50576,23896,1796,91,2,0,0.11570796,1.36534746,4.09865332,5.74247254,6.07286970,6.14605888,6.14605888
2025/10/04,15:21:59,1263.910000,126391,50556,23950,1803,91,2,0,0.11566126,1.36479642,4.10432299,5.75437957,6.08350109,6.15669027,6.15669027
2025/10/04,15:22:00,1263.260000,126326,50530,23999,1813,90,2,0,0.11560196,1.36409668,4.10922583,5.76836300,6.09505972,6.16933158,6.16933158
2025/10/04,15:22:01,1262.830000,126283,50513,24050,1824,90,2,0,0.11556295,1.36363623,4.11464682,5.78441660,6.11047731,6.18583185,6.18583185
2025/10/04,15:22:02,1262.320000,126232,50492,24087,1840,91,2,0,0.11551583,1.36308040,4.11829192,5.80218361,6.13219771,6.20755225,6.20755225
2025/10/04,15:22:03,1261.620000,126162,50464,24110,1853,92,2,0,0.11545194,1.36232632,4.12017551,5.81676794,6.14984646,6.22631461,6.22631461
2025/10/04,15:22:04,1260.670000,126067,50426,24123,1862,92,2,0,0.11536469,1.36129672,4.12064055,5.82524747,6.16075079,6.23721894,6.23721894
2025/10/04,15:22:05,1259.750000,125975,50390,24140,1869,93,2,0,0.11528073,1.36030619,4.12160504,5.83254632,6.17009138,6.24655953,6.24655953
2025/10/04,15:22:06,1258.700000,125870,50348,24150,1875,93,2,0,0.11518452,1.35917080,4.12158054,5.83762720,6.17670447,6.25205901,6.25205901
2025/10/04,15:22:07,1257.380000,125738,50295,24139,1878,93,2,0,0.11506398,1.35774841,4.11887363,5.83792641,6.17725664,6.25152850,6.25152850
2025/10/04,15:22:08,1256.280000,125628,50251,24130,1881,94,2,0,0.11496315,1.35655863,4.11665784,5.83839279,6.17823616,6.25142534,6.25142534
2025/10/04,15:22:09,1255.080000,125508,50203,24122,1882,93,2,0,0.11485383,1.35526878,4.11441461,5.83724769,6.17542876,6.24861794,6.24861794
2025/10/04,15:22:10,1253.900000,125390,50156,24112,1878,91,2,0,0.11474589,1.35399510,4.11203828,5.83109106,6.16238080,6.23337368,6.23337368
2025/10/04,15:22:11,1252.420000,125242,50097,24094,1873,89,2,0,0.11461048,1.35239732,4.10841673,5.82288025,6.14715218,6.21706238,6.21706238
2025/10/04,15:22:12,1256.160000,125616,50246,24590,1908,90,2,0,0.11495239,1.35643185,4.16915213,5.91570565,6.24201932,6.31081591,6.31081591
2025/10/04,15:22:13,1267.020000,126702,50681,25795,1998,93,2,0,0.11594623,1.36815886,4.31873144,6.14798394,6.48731417,6.55722437,6.55722437
2025/10/04,15:22:14,1277.780000,127778,51111,26967,2087,97,2,0,0.11693114,1.37978096,4.46438454,6.37446098,6.72591518,6.79690806,6.79690806
2025/10/04,15:22:15,1288.140000,128814,51525,28088,2171,99,2,0,0.11787867,1.39096171,4.60381596,6.59106414,6.95234399,7.02333687,7.02333687
2025/10/04,15:22:16,1299.270000,129927,51970,29416,2266,103,2,0,0.11889722,1.40298043,4.76766329,6.84213473,7.21541207,7.28748763,7.28748763
2025/10/04,15:22:17,1324.760000,132476,52990,35380,2475,118,2,0,0.12123023,1.43050995,5.47748211,7.74284818,8.16959747,8.24823098,8.24823098
2025/10/04,15:22:18,1356.920000,135692,54276,43054,2729,134,2,0,0.12417260,1.46522955,6.38986831,8.88752655,9.37234081,9.45753227,9.45753227
2025/10/04,15:22:19,1388.800000,138880,55552,47673,2972,144,2,0,0.12708989,1.49965359,6.95272539,9.67304522,10.19614303,10.28680976,10.28680976
2025/10/04,15:22:20,1415.680000,141568,56627,50256,3171,153,3,0,0.12954967,1.52867888,7.27716342,10.17962032,10.73424046,10.83035152,10.83035152
2025/10/04,15:22:21,1435.530000,143553,57421,52470,3325,160,3,0,0.13136613,1.55011277,7.55179036,10.59488888,11.17541565,11.27588837,11.27588837
2025/10/04,15:22:22,1454.800000,145480,58192,54554,3466,170,3,0,0.13313020,1.57092888,7.81102746,10.98368385,11.60032595,11.71719354,11.72585871
2025/10/04,15:22:23,1473.920000,147392,58956,56523,3581,184,4,0,0.13487950,1.59157054,8.05690957,11.33475640,11.99976429,12.13630573,12.14497090
2025/10/04,15:22:24,1492.420000,149242,59697,58362,3689,199,5,0,0.13657273,1.61155056,8.28724884,11.66362963,12.38517389,12.54463721,12.55330238
2025/10/04,15:22:25,1496.750000,149675,59870,58279,3712,207,5,0,0.13696925,1.61622955,8.28243533,11.67998342,12.43138770,12.60944219,12.61810736
2025/10/04,15:22:26,1494.410000,149441,59776,57476,3701,212,6,0,0.13675493,1.61370036,8.18804231,11.57534580,12.34295753,12.53412791,12.54279308
2025/10/04,15:22:27,1492.600000,149260,59704,56782,3695,217,6,0,0.13658931,1.61174603,8.10666545,11.48850759,12.27334945,12.47760480,12.48626997
2025/10/04,15:22:28,1490.810000,149081,59632,56172,3689,221,6,0,0.13642498,1.60980694,8.03491769,11.41097545,12.21125866,12.42754723,12.43621240
2025/10/04,15:22:29,1489.020000,148902,59561,55582,3674,224,7,0,0.13626168,1.60788023,7.96558561,11.32816661,12.14044731,12.36437650,12.37304167
2025/10/04,15:22:30,1487.970000,148797,59519,55095,3668,225,7,0,0.13616570,1.60674766,7.90866906,11.26607972,12.07950597,12.30235248,12.31101765
2025/10/04,15:22:31,1487.610000,148761,59504,54731,3658,222,6,0,0.13613241,1.60635488,7.86665848,11.21472957,12.01743758,12.23261253,12.24127770
2025/10/04,15:22:32,1487.460000,148746,59498,54390,3645,216,6,0,0.13611845,1.60618998,7.82753369,11.16342107,11.94494556,12.14811823,12.15678340
2025/10/04,15:22:33,1487.310000,148731,59492,54052,3631,210,6,0,0.13610504,1.60603170,7.78868604,11.11209962,11.87282002,12.06507308,12.07373825
2025/10/04,15:22:34,1487.080000,148708,59483,53677,3615,204,5,0,0.13608404,1.60578386,7.74555201,11.05422873,11.79414866,11.97764748,11.98631265
2025/10/04,15:22:35,1498.440000,149844,59937,54076,3663,204,5,0,0.13712324,1.61804662,7.80346799,11.15574033,11.89489416,12.07403133,12.08269650
2025/10/04,15:22:36,1531.280000,153128,61251,55835,3823,213,5,0,0.14012902,1.65351457,8.04012994,11.53937826,12.31056394,12.49078379,12.49944896
2025/10/04,15:22:37,1565.160000,156516,62606,57665,3990,222,5,0,0.14322932,1.69009792,8.28600216,11.93733275,12.74284860,12.92526474,12.93392991
2025/10/04,15:22:38,1598.940000,159894,63957,59471,4160,232,5,0,0.14632002,1.72656785,8.52912328,12.33615538,13.17536178,13.35886060,13.36752577
2025/10/04,15:22:39,1631.310000,163131,65252,61075,4322,239,5,0,0.14928249,1.76152481,8.74748065,12.70320180,13.56946398,13.75296280,13.76162797
2025/10/04,15:22:40,1662.930000,166293,66517,62579,4489,245,5,0,0.15217570,1.79566475,8.95362584,13.06197924,13.94801921,14.12935267,14.13801784
2025/10/04,15:22:41,1695.790000,169579,67831,64046,4655,249,5,0,0.15518351,1.83115656,9.15692609,13.41726475,14.31900265,14.49705714,14.50572231
2025/10/04,15:22:42,1737.560000,173756,69502,65406,4824,253,5,0,0.15900544,1.87625512,9.35759769,13.77270079,14.68860440,14.86337991,14.87204508
2025/10/04,15:22:43,1763.310000,176331,70532,65941,4930,251,5,0,0.16136188,1.90406109,9.44665707,13.95812808,14.86777998,15.03599754,15.04466271
2025/10/04,15:22:44,1759.570000,175957,70383,65094,4927,241,5,0,0.16101980,1.90002464,9.34566311,13.85506599,14.72643072,14.88372868,14.89239385
2025/10/04,15:22:45,1753.890000,175389,70155,64113,4914,230,4,0,0.16050025,1.89389377,9.22735840,13.72448148,14.55590396,14.70556129,14.71422646
2025/10/04,15:22:46,1747.750000,174775,69910,63087,4885,219,5,0,0.15993833,1.88726329,9.10337951,13.57393800,14.36579767,14.52089934,14.52956451
2025/10/04,15:22:47,1742.460000,174246,69698,62153,4853,209,5,0,0.15945358,1.88154327,8.99078534,13.43209706,14.18745834,14.34692166,14.35558683
2025/10/04,15:22:48,1737.850000,173785,69514,61268,4814,200,5,0,0.15903168,1.87656493,8.88464043,13.29001596,14.01538713,14.18140840,14.19007357
2025/10/04,15:22:49,1733.010000,173301,69320,60407,4780,193,5,0,0.15858943,1.87134638,8.78095772,13.15543838,13.85566903,14.02716557,14.03583074
2025/10/04,15:22:50,1729.130000,172913,69165,59648,4742,187,5,0,0.15823378,1.86714977,8.68988197,13.02942849,13.70707350,13.88621067,13.89487584
2025/10/04,15:22:51,1725.080000,172508,69003,58910,4699,181,5,0,0.15786376,1.86278350,8.60114085,12.90142294,13.55762785,13.74224029,13.75090546
2025/10/04,15:22:52,1721.620000,172162,68865,58235,4652,176,6,0,0.15754699,1.85904547,8.52023431,12.77737376,13.41456337,13.60353746,13.61220263
2025/10/04,15:22:53,1718.780000,171878,68751,57624,4606,171,6,0,0.15728684,1.85597574,8.44719029,12.66286724,13.28219071,13.47116480,13.47982997
2025/10/04,15:22:54,1715.480000,171548,68619,57007,4559,166,5,0,0.15698452,1.85240834,8.37303447,12.54501880,13.14596298,13.32182117,13.33048634
2025/10/04,15:22:55,1712.600000,171260,68504,56465,4519,162,5,0,0.15672104,1.84929950,8.30798569,12.44345274,13.02959520,13.19561647,13.20428164
2025/10/04,15:22:56,1709.220000,170922,68368,55938,4487,159,5,0,0.15641203,1.84565299,8.24401077,12.35029603,12.92559016,13.08180544,13.09047061
2025/10/04,15:22:57,1705.100000,170510,68204,55368,4441,155,4,0,0.15603505,1.84120473,8.17445566,12.23869641,12.80224962,12.94862798,12.94862798
2025/10/04,15:22:58,1700.030000,170003,68001,54776,4387,152,4,0,0.15557073,1.83572588,8.10126054,12.11583028,12.66700656,12.80463068,12.80463068
2025/10/04,15:22:59,1694.720000,169472,67789,54203,4335,149,4,0,0.15508527,1.82999729,8.02992010,11.99695195,12.53689684,12.66688033,12.66688033
2025/10/04,15:23:00,1689.680000,168968,67587,53617,4283,146,3,0,0.15462395,1.82455374,7.95742267,11.87724058,12.40608418,12.52950972,12.52950972
2025/10/04,15:23:01,1685.520000,168552,67421,53042,4231,143,3,0,0.15424358,1.82006544,7.88716101,11.75966706,12.27753585,12.39440344,12.39440344
2025/10/04,15:23:02,1681.590000,168159,67263,52510,4182,140,3,0,0.15388348,1.81581639,7.82211104,11.64914734,12.15718686,12.26861011,12.26861011
2025/10/04,15:23:03,1676.930000,167693,67077,51923,4124,137,3,0,0.15345706,1.81078468,7.74990832,11.52404238,12.02021450,12.12616249,12.12616249
2025/10/04,15:23:04,1671.760000,167176,66870,51318,4054,133,3,0,0.15298394,1.80520193,7.67510254,11.38566972,11.86691002,11.96521738,11.96521738
2025/10/04,15:23:05,1666.790000,166679,66671,50769,3993,129,3,0,0.15252934,1.79983751,7.60698206,11.26141485,11.72951212,11.82234421,11.82234421
2025/10/04,15:23:06,1661.700000,166170,66468,50223,3937,124,2,0,0.15206382,1.79434439,7.53901575,11.14200041,11.59159191,11.67897966,11.67897966
2025/10/04,15:23:07,1656.560000,165656,66262,49671,3879,118,2,0,0.15159329,1.78879215,7.47029956,11.02034995,11.44875793,11.53175310,11.53175310
2025/10/04,15:23:08,1651.230000,165123,66049,49112,3819,112,2,0,0.15110579,1.78303971,7.40067628,10.89556229,11.30278675,11.38142026,11.38142026
2025/10/04,15:23:09,1645.510000,164551,65820,48556,3758,107,2,0,0.15058162,1.77685449,7.33083836,10.77068902,11.15774902,11.23310356,11.23310356
2025/10/04,15:23:10,1639.780000,163978,65591,48020,3702,102,2,0,0.15005783,1.77067396,7.26336415,10.65179871,11.02086609,11.09185897,11.09185897
2025/10/04,15:23:11,1634.710000,163471,65388,47554,3652,97,2,0,0.14959321,1.76519136,7.20458585,10.54713062,10.90050008,10.96929667,10.96929667
2025/10/04,15:23:12,1630.400000,163040,65216,47142,3606,94,2,0,0.14919959,1.76054667,7.15283780,10.45314497,10.79375083,10.86146474,10.86146474
2025/10/04,15:23:13,1625.990000,162599,65039,46727,3559,90,2,0,0.14879586,1.75578285,7.10057885,10.35764638,10.68574883,10.75126644,10.75126644
2025/10/04,15:23:14,1621.620000,162162,64865,46340,3513,87,2,0,0.14839611,1.75106575,7.05163843,10.26704945,10.58379404,10.64822897,10.64822897
2025/10/04,15:23:15,1616.200000,161620,64648,45939,3464,84,2,0,0.14789956,1.74520651,6.99984333,10.17059264,10.47597936,10.53821800,10.53821800
2025/10/04,15:23:16,1607.380000,160738,64295,44955,3389,81,1,0,0.14709239,1.73568175,6.87782960,9.97929262,10.27242528,10.33249856,10.33249856
2025/10/04,15:23:17,1598.570000,159857,63943,43960,3309,78,1,0,0.14628657,1.72617315,6.75445864,9.78272422,10.06475559,10.12371526,10.12371526
2025/10/04,15:23:18,1590.930000,159093,63637,43129,3236,75,1,0,0.14558714,1.71792011,6.65114261,9.61257713,9.88554895,9.94342594,9.94342594
2025/10/04,15:23:19,1583.620000,158362,63344,42344,3165,73,1,0,0.14491812,1.71002554,6.55354936,9.45038294,9.71531427,9.77210857,9.77210857
2025/10/04,15:23:20,1576.130000,157613,63045,41552,3095,71,1,0,0.14423317,1.70194315,6.45479067,9.28705533,9.54458580,9.60029742,9.60029742
2025/10/04,15:23:21,1568.770000,156877,62751,40781,3026,69,1,0,0.14355959,1.69399515,6.35870326,9.12782108,9.37807717,9.43267518,9.43267518
2025/10/04,15:23:22,1562.040000,156204,62481,40136,2964,67,1,0,0.14294347,1.68672499,6.27763739,8.99029779,9.23544771,9.29004572,9.29004572
2025/10/04,15:23:23,1556.500000,155650,62260,39641,2915,67,1,0,0.14243620,1.68073901,6.21503130,8.88270695,9.12530560,9.17990361,9.17990361
2025/10/04,15:23:24,1553.970000,155397,62158,39235,2884,66,1,0,0.14220481,1.67800866,6.16583183,8.80523073,9.04706328,9.10277490,9.10277490
2025/10/04,15:23:25,1551.820000,155182,62073,38832,2855,66,1,0,0.14200839,1.67569108,6.11743690,8.73082118,8.97176114,9.02855544,9.02855544
2025/10/04,15:23:26,1548.140000,154814,61925,38266,2819,65,1,0,0.14167198,1.67172140,6.04876837,8.62851064,8.86625970,8.92305400,8.92305400
2025/10/04,15:23:27,1543.150000,154315,61726,37625,2780,64,1,0,0.14121528,1.66633220,5.97004809,8.51424218,8.74816072,8.80495502,8.80495502
2025/10/04,15:23:28,1538.560000,153856,61542,37061,2755,64,1,0,0.14079474,1.66137006,5.90060911,8.42221382,8.65370757,8.71158456,8.71158456
2025/10/04,15:23:29,1534.420000,153442,61377,36566,2740,63,1,0,0.14041625,1.65690368,5.83944587,8.34747774,8.57782594,8.63678561,8.63678561
2025/10/04,15:23:30,1530.220000,153022,61208,36058,2727,63,1,0,0.14003158,1.65236483,5.77684076,8.27236588,8.50156492,8.56163820,8.56163820
2025/10/04,15:23:31,1526.370000,152637,61055,35608,2713,63,1,0,0.13967949,1.64821020,5.72120008,8.20441246,8.43246235,8.49361831,8.49361831
2025/10/04,15:23:32,1523.460000,152346,60938,35257,2702,63,2,0,0.13941353,1.64507182,5.67790205,8.15112880,8.37892211,8.44116075,8.44116075
2025/10/04,15:23:33,1520.640000,152064,60825,34934,2700,64,2,0,0.13915477,1.64201830,5.63786392,8.10902254,8.34166544,8.40610037,8.40610037
2025/10/04,15:23:34,1518.280000,151828,60731,34679,2714,69,2,0,0.13893889,1.63947097,5.60615221,8.09004360,8.34004311,8.40667434,8.40667434
2025/10/04,15:23:35,1516.140000,151614,60645,34411,2725,73,2,0,0.13874305,1.63716008,5.57319042,8.06703541,8.33260275,8.40139934,8.40139934
2025/10/04,15:23:36,1513.320000,151332,60533,34080,2721,77,2,0,0.13848555,1.63412177,5.53230299,8.02307780,8.30140874,8.37131894,8.37131894
2025/10/04,15:23:37,1510.040000,151004,60401,33740,2711,80,2,0,0.13818478,1.63057251,5.48985446,7.97122474,8.26193261,8.33292549,8.33292549
2025/10/04,15:23:38,1506.570000,150657,60263,33399,2698,83,2,0,0.13786792,1.62683353,5.44710710,7.91681161,8.21862438,8.29069994,8.29069994
2025/10/04,15:23:39,1502.820000,150282,60113,33017,2682,86,2,0,0.13752455,1.62278186,5.39943799,7.85463168,8.16588706,8.23796262,8.23796262
2025/10/04,15:23:40,1498.540000,149854,59941,32592,2664,88,2,0,0.13713245,1.61815527,5.34615301,7.78418664,8.10271640,8.17479196,8.17479196
2025/10/04,15:23:41,1493.840000,149384,59753,32129,2635,88,2,0,0.13670296,1.61308733,5.28816088,7.69953292,8.01946479,8.09373665,8.09373665
2025/10/04,15:23:42,1488.270000,148827,59531,31682,2593,85,2,0,0.13619294,1.60706895,5.23094733,7.60463899,7.91461873,8.00200648,8.00200648
2025/10/04,15:23:43,1482.770000,148277,59311,31321,2557,83,3,0,0.13568961,1.60112965,5.18382237,7.52435702,7.82642275,7.92581279,7.92581279
2025/10/04,15:23:44,1477.210000,147721,59088,30949,2520,81,3,0,0.13518095,1.59512745,5.13524499,7.44181459,7.73520382,7.84443078,7.84443078
2025/10/04,15:23:45,1471.600000,147160,58864,30555,2482,78,3,0,0.13466718,1.58906517,5.08408699,7.35623948,7.63967296,7.75545787,7.75545787
2025/10/04,15:23:46,1470.850000,147085,58834,31036,2486,78,3,0,0.13459909,1.58826151,5.13834830,7.41379700,7.69710400,7.82052954,7.82052954
2025/10/04,15:23:47,1489.540000,148954,59581,34991,2641,88,4,0,0.13630902,1.60843887,5.61085257,8.02839791,8.34743720,8.48834029,8.48834029
2025/10/04,15:23:48,1510.990000,151099,60439,39330,2815,99,5,0,0.13827210,1.63160307,6.13032451,8.70706157,9.06540710,9.22378774,9.22378774
2025/10/04,15:23:49,1533.010000,153301,61320,43618,2990,109,5,0,0.14028721,1.65538120,6.64456143,9.38110425,9.77671427,9.94712813,9.94712813
2025/10/04,15:23:50,1556.260000,155626,62250,46657,3163,118,5,0,0.14241487,1.68048733,7.01734186,9.91210730,10.34153434,10.51522717,10.51522717
2025/10/04,15:23:51,1580.170000,158017,63207,48307,3333,127,5,0,0.14460271,1.70630370,7.23181794,10.28228489,10.74323426,10.91800977,10.91800977
2025/10/04,15:23:52,1610.880000,161088,64435,50300,3518,134,5,0,0.14741248,1.73945886,7.49291595,10.71243122,11.19775501,11.37469588,11.37469588
2025/10/04,15:23:53,1650.090000,165009,66003,52667,3707,141,5,0,0.15100076,1.78180037,7.80608639,11.19907726,11.71183989,11.88989438,11.88989438
2025/10/04,15:23:54,1683.980000,168398,67359,54566,3862,147,5,0,0.15410226,1.81839802,8.05984575,11.59441622,12.12734330,12.30428417,12.30428417
2025/10/04,15:23:55,1700.460000,170046,68018,54957,3902,146,5,0,0.15561032,1.83619301,8.12239319,11.69322288,12.22397813,12.38891672,12.38891672
2025/10/04,15:23:56,1715.780000,171578,68631,55140,3926,145,4,0,0.15701231,1.85273628,8.15986449,11.75276652,12.27854570,12.43148201,12.43148201
2025/10/04,15:23:57,1730.960000,173096,69238,55305,3948,144,4,0,0.15840135,1.86912700,8.19517171,11.80853000,12.33048227,12.47358165,12.47358165
2025/10/04,15:23:58,1746.110000,174611,69844,55478,3977,143,4,0,0.15978773,1.88548626,8.23121897,11.87078679,12.39069732,12.52504246,12.52504246
2025/10/04,15:23:59,1761.610000,176161,70464,55689,4012,144,4,0,0.16120588,1.90222020,8.27208011,11.94396396,12.46438402,12.59217121,12.59217121
2025/10/04,15:24:00,1768.910000,176891,70756,55550,4018,142,3,0,0.16187442,1.91010905,8.26417900,11.94168617,12.45827571,12.57950495,12.57950495
2025/10/04,15:24:01,1765.290000,176529,70611,55012,3992,140,3,0,0.16154285,1.90619657,8.19870622,11.85200794,12.36004746,12.47691505,12.47691505
2025/10/04,15:24:02,1762.190000,176219,70487,54528,3976,138,3,0,0.16125937,1.90285133,8.13996887,11.77856668,12.27971487,12.39330348,12.39330348
2025/10/04,15:24:03,1760.870000,176087,70434,54177,3983,138,3,0,0.16113834,1.90142321,8.09838511,11.74334931,12.24245576,12.35496169,12.35496169
2025/10/04,15:24:04,1759.420000,175942,70377,53834,4002,138,3,0,0.16100607,1.89986259,8.05754147,11.72050579,12.21935928,12.33186521,12.33186521
2025/10/04,15:24:05,1757.580000,175758,70303,53483,4025,138,3,0,0.16083731,1.89787109,8.01549532,11.69943385,12.19815724,12.30958049,12.30958049
2025/10/04,15:24:06,1755.360000,175536,70214,53122,4040,137,3,0,0.16063410,1.89547342,7.97172223,11.66874860,12.16606988,12.27637952,12.27637952
2025/10/04,15:24:07,1753.170000,175317,70127,52740,4049,136,3,0,0.16043423,1.89311488,7.92570188,11.63106578,12.12596226,12.23518922,12.23518922
2025/10/04,15:24:08,1750.880000,175088,70035,52366,4065,136,3,0,0.16022481,1.89064382,7.88046988,11.60111969,12.09410091,12.20224519,12.20224519
2025/10/04,15:24:09,1748.590000,174859,69943,52009,4097,138,3,0,0.16001476,1.88816516,7.83712068,11.58646820,12.08774648,12.19697344,12.19697344
2025/10/04,15:24:10,1747.470000,174747,69899,51728,4136,144,3,0,0.15991241,1.88695728,7.80380364,11.58873137,12.11234233,12.22265197,12.22265197
2025/10/04,15:24:11,1746.350000,174635,69854,51438,4159,150,3,0,0.15981029,1.88575226,7.76945143,11.57564346,12.11865277,12.22896241,12.22896241
2025/10/04,15:24:12,1745.970000,174597,69838,51189,4172,155,3,0,0.15977464,1.88533181,7.74050474,11.55910651,12.11998197,12.23029161,12.23029161
2025/10/04,15:24:13,1745.310000,174531,69812,50951,4181,159,3,0,0.15971437,1.88462064,7.71253983,11.53863906,12.11495586,12.22526550,12.22526550
2025/10/04,15:24:14,1742.380000,174238,69695,50650,4185,164,3,0,0.15944689,1.88146417,7.67503642,11.50523990,12.09878322,12.20909286,12.21775803
2025/10/04,15:24:15,1727.380000,172738,69095,50332,4153,168,3,0,0.15807407,1.86526504,7.62244643,11.42379115,12.03137370,12.14060066,12.14926583
2025/10/04,15:24:16,1707.890000,170789,68315,50000,4099,170,3,0,0.15629020,1.84421538,7.56345478,11.31499946,11.93176804,12.03771603,12.04638120
2025/10/04,15:24:17,1688.180000,168818,67527,49602,4021,169,3,0,0.15448709,1.82293879,7.49657747,11.17647581,11.78967406,11.89126039,11.89992556
2025/10/04,15:24:18,1671.260000,167126,66850,49100,3921,164,3,0,0.15293799,1.80465950,7.42091868,11.00923237,11.60226616,11.69837722,11.69837722
2025/10/04,15:24:19,1651.130000,165113,66045,48499,3809,157,2,0,0.15109626,1.78292722,7.33044400,10.81660448,11.38653949,11.47500992,11.47500992
2025/10/04,15:24:20,1624.430000,162443,64977,47860,3685,150,2,0,0.14865254,1.75409162,7.22846719,10.60071079,11.14576184,11.22659165,11.22659165
2025/10/04,15:24:21,1597.170000,159717,63887,47223,3562,144,2,0,0.14615850,1.72466212,7.12623986,10.38592459,10.90736372,10.98163558,10.98163558
2025/10/04,15:24:22,1571.040000,157104,62841,46632,3439,137,2,0,0.14376707,1.69644335,7.03042584,10.17813371,10.67341325,10.74220984,10.74220984
2025/10/04,15:24:23,1553.620000,155362,62145,46063,3322,130,2,0,0.14217347,1.67763877,6.94655078,9.98674110,10.45917843,10.52361336,10.52361336
2025/10/04,15:24:24,1539.390000,153939,61575,44982,3226,124,2,0,0.14087052,1.66226429,6.80751443,9.75970639,10.20866188,10.27201413,10.27201413
2025/10/04,15:24:25,1525.850000,152585,61034,43807,3138,120,2,0,0.13963182,1.64764772,6.65843060,9.53015369,9.96634558,10.03733846,10.03733846
2025/10/04,15:24:26,1512.720000,151272,60509,42765,3059,118,2,0,0.13843071,1.63347447,6.52509530,9.32465593,9.75229781,9.83201400,9.83201400
2025/10/04,15:24:27,1501.990000,150199,60079,41912,2993,117,2,0,0.13744819,1.62188093,6.41595449,9.15527648,9.57832534,9.66571309,9.66571309
2025/10/04,15:24:28,1497.090000,149709,59883,41113,2942,116,3,0,0.13699989,1.61659088,6.31929349,9.01201466,9.43289169,9.52683739,9.52683739
2025/10/04,15:24:29,1492.500000,149250,59700,40319,2891,115,3,0,0.13658026,1.61163923,6.22346765,8.86942694,9.28839232,9.38886504,9.38886504
2025/10/04,15:24:30,1488.490000,148849,59539,39638,2845,115,3,0,0.13621321,1.60730823,6.14128551,8.74539429,9.16397662,9.26992461,9.26992461
2025/10/04,15:24:31,1484.580000,148458,59383,38994,2802,115,3,0,0.13585514,1.60308303,6.06338985,8.62791117,9.04661997,9.15804322,9.15804322
2025/10/04,15:24:32,1480.540000,148054,59221,38348,2758,115,3,0,0.13548511,1.59871675,5.98515935,8.50983424,8.92560872,9.04031095,9.04031095
2025/10/04,15:24:33,1476.590000,147659,59063,37724,2716,110,3,0,0.13512397,1.59445533,5.90944512,8.39540465,8.79599074,8.90630038,8.90630038
2025/10/04,15:24:34,1473.160000,147316,58926,37182,2687,106,3,0,0.13481002,1.59075066,5.84376002,8.30266995,8.68922042,8.79625109,8.79625109
2025/10/04,15:24:35,1470.530000,147053,58821,36744,2664,104,3,0,0.13456968,1.58791450,5.79080720,8.22867977,8.60450839,8.70826008,8.70826008
2025/10/04,15:24:36,1467.720000,146772,58708,36315,2640,101,3,0,0.13431211,1.58487527,5.73877820,8.15545053,8.52119692,8.62278325,8.62278325
2025/10/04,15:24:37,1465.110000,146511,58604,35916,2619,98,3,0,0.13407378,1.58206291,5.69030050,8.08771261,8.44439945,8.54378949,8.54378949
2025/10/04,15:24:38,1462.870000,146287,58515,35560,2601,96,3,0,0.13386873,1.57964333,5.64713163,8.02786777,8.37638764,8.47361232,8.47361232
2025/10/04,15:24:39,1460.610000,146061,58424,35210,2586,94,3,0,0.13366206,1.57720469,5.60468684,7.97117113,8.31177699,8.40680537,8.40680537
2025/10/04,15:24:40,1458.360000,145836,58334,34855,2570,92,3,0,0.13345562,1.57476890,5.56161077,7.91407016,8.24689211,8.33972420,8.33972420
2025/10/04,15:24:41,1455.830000,145583,58233,34461,2552,89,2,0,0.13322424,1.57203856,5.51382097,7.84954034,8.17393875,8.26349186,8.26349186
2025/10/04,15:24:42,1453.680000,145368,58147,34110,2527,87,2,0,0.13302704,1.56971148,5.47135449,7.78429048,8.10077850,8.18705264,8.18705264
2025/10/04,15:24:43,1451.240000,145124,58049,33732,2502,85,2,0,0.13280444,1.56708502,5.42546209,7.71596977,8.02403425,8.10702942,8.10702942
2025/10/04,15:24:44,1449.520000,144952,57981,33437,2491,83,2,0,0.13264690,1.56522600,5.38993876,7.66991174,7.97249062,8.05440311,8.05440311
2025/10/04,15:24:45,1447.850000,144785,57914,33170,2481,82,2,0,0.13249414,1.56342326,5.35753774,7.62810619,7.92634501,8.00717482,8.00717482
2025/10/04,15:24:46,1446.020000,144602,57840,32893,2469,81,2,0,0.13232641,1.56144414,5.32392608,7.58412089,7.87763660,7.95735279,7.95735279
2025/10/04,15:24:47,1444.360000,144436,57774,32635,2456,79,2,0,0.13217459,1.55965279,5.29255434,7.54043641,7.82910253,7.90665336,7.90665336
2025/10/04,15:24:48,1442.990000,144299,57719,32414,2446,78,2,0,0.13204881,1.55816848,5.26580770,7.50496424,7.78954688,7.86601503,7.86601503
2025/10/04,15:24:49,1441.620000,144162,57665,32224,2446,78,2,0,0.13192391,1.55669461,5.24258568,7.48151619,7.76354756,7.84001571,7.84001571
2025/10/04,15:24:50,1439.590000,143959,57583,31976,2445,77,2,0,0.13173799,1.55450097,5.21201941,7.44959282,7.72792376,7.80327830,7.80327830
2025/10/04,15:24:51,1436.960000,143696,57478,31664,2444,75,2,0,0.13149740,1.55166194,5.17350854,7.41011285,7.68372068,7.75799254,7.75799254
2025/10/04,15:24:52,1433.630000,143363,57345,31288,2430,73,2,0,0.13119291,1.54806883,5.12693224,7.35106184,7.61752538,7.68960094,7.68960094
2025/10/04,15:24:53,1430.590000,143059,57223,30957,2417,71,2,0,0.13091473,1.54478646,5.08578463,7.29805446,7.55775315,7.62766335,7.62766335
2025/10/04,15:24:54,1427.150000,142715,57086,30624,2403,70,2,0,0.13059932,1.54106463,5.04396730,7.24327741,7.49634134,7.56405525,7.56405525
2025/10/04,15:24:55,1423.070000,142307,56922,30263,2387,68,2,0,0.13022599,1.53665927,4.99824303,7.18310820,7.42966386,7.49518147,7.49518147
2025/10/04,15:24:56,1418.520000,141852,56741,29887,2368,66,2,0,0.12981030,1.53175434,4.95038316,7.11799128,7.35841810,7.42285303,7.42285303
2025/10/04,15:24:57,1414.250000,141425,56570,29550,2344,64,2,0,0.12941921,1.52713927,4.90725258,7.05278836,7.28708995,7.34932859,7.34932859
2025/10/04,15:24:58,1411.980000,141198,56479,29462,2335,64,2,0,0.12921115,1.52468439,4.89473146,7.03176774,7.26543332,7.33314723,7.33314723
2025/10/04,15:24:59,1426.470000,142647,57059,31354,2454,72,3,0,0.13053791,1.54034009,5.12673698,7.37319789,7.63608748,7.73547752,7.73547752
2025/10/04,15:25:00,1447.520000,144752,57900,33896,2621,83,4,0,0.13246334,1.56306002,5.44023234,7.83909855,8.14206048,8.27312665,8.27312665
2025/10/04,15:25:01,1467.640000,146764,58705,36212,2779,94,5,0,0.13430458,1.58478657,5.72683385,8.27015493,8.61114385,8.77388615,8.77388615
2025/10/04,15:25:02,1487.220000,148722,59489,38346,2928,103,6,0,0.13609719,1.60593923,5.99207070,8.67222107,9.04677405,9.23355185,9.23355185
2025/10/04,15:25:03,1506.650000,150665,60266,40394,3073,112,6,0,0.13787477,1.62691455,6.24729834,9.05942977,9.46448239,9.66985135,9.66985135
2025/10/04,15:25:04,1525.690000,152569,61027,42323,3211,119,7,0,0.13961706,1.64747327,6.48857744,9.42722859,9.85946348,10.08011370,10.08011370
2025/10/04,15:25:05,1545.720000,154572,61828,44365,3358,127,7,0,0.14144980,1.66909971,6.74378568,9.81713301,10.27782942,10.51051286,10.51051286
2025/10/04,15:25:06,1567.980000,156798,62719,46181,3497,132,7,0,0.14348688,1.69313715,6.97554883,10.17632091,10.65551947,10.89584354,10.89584354
2025/10/04,15:25:07,1573.780000,157378,62951,46291,3513,132,7,0,0.14401784,1.69940248,6.99436046,10.21003046,10.68769681,10.91598766,10.91598766
2025/10/04,15:25:08,1572.840000,157284,62913,46095,3491,129,6,0,0.14393172,1.69838623,6.97088116,10.16612692,10.63486020,10.84239452,10.84239452
2025/10/04,15:25:09,1572.360000,157236,62894,45955,3471,126,5,0,0.14388825,1.69787334,6.95440056,10.13145220,10.58716893,10.77066775,10.77066775
2025/10/04,15:25:10,1572.630000,157263,62905,45881,3456,122,5,0,0.14391226,1.69815649,6.94623335,10.10945317,10.55228344,10.71722203,10.71722203
2025/10/04,15:25:11,1573.140000,157314,62925,45729,3446,119,4,0,0.14395903,1.69870846,6.92942397,10.08336920,10.51560409,10.66742678,10.66742678
2025/10/04,15:25:12,1574.280000,157428,62971,45639,3458,117,4,0,0.14406325,1.69993826,6.92026851,10.08523343,10.51096004,10.65405942,10.65405942
2025/10/04,15:25:13,1574.560000,157456,62982,45368,3466,115,4,0,0.14408887,1.70024048,6.88966133,10.06209168,10.48080048,10.61734192,10.61734192
2025/10/04,15:25:14,1570.630000,157063,62825,44588,3452,120,4,0,0.14372974,1.69600288,6.79613706,9.95531760,10.38946775,10.52709187,10.52709187
2025/10/04,15:25:15,1566.540000,156654,62661,43800,3431,126,4,0,0.14335496,1.69158036,6.70156748,9.84216590,10.29941484,10.43923525,10.43923525
2025/10/04,15:25:16,1563.440000,156344,62537,43179,3416,131,4,0,0.14307171,1.68823798,6.62723280,9.75412843,10.22809435,10.37008012,10.37008012
2025/10/04,15:25:17,1561.110000,156111,62444,42652,3407,135,4,0,0.14285864,1.68572400,6.56443491,9.68241101,10.17054264,10.31580738,10.31580738
2025/10/04,15:25:18,1558.760000,155876,62350,42101,3396,138,4,0,0.14264351,1.68318528,6.49887362,9.60657308,10.10759479,10.25613851,10.25613851
2025/10/04,15:25:19,1556.460000,155646,62258,41546,3379,141,4,0,0.14243271,1.68069801,6.43292352,9.52549904,10.03813519,10.18995788,10.18995788
2025/10/04,15:25:20,1554.270000,155427,62171,41017,3336,144,4,0,0.14223267,1.67833756,6.37006103,9.42311315,9.94544847,10.09946746,10.09946746
2025/10/04,15:25:21,1551.720000,155172,62069,40483,3286,146,5,0,0.14199944,1.67558528,6.30624933,9.31370267,9.84356533,9.99866700,9.99866700
2025/10/04,15:25:22,1548.950000,154895,61958,39943,3250,144,4,0,0.14174527,1.67258608,6.24137881,9.21628917,9.73683571,9.88429675,9.88429675
2025/10/04,15:25:23,1545.550000,154555,61822,39338,3215,139,4,0,0.14143454,1.66891955,6.16854176,9.11087712,9.61662194,9.75532874,9.75532874
2025/10/04,15:25:24,1541.930000,154193,61677,38697,3198,136,4,0,0.14110330,1.66501088,6.09137063,9.01809704,9.51120836,9.64338814,9.64338814
2025/10/04,15:25:25,1537.790000,153779,61511,38007,3190,133,4,0,0.14072422,1.66053781,6.00788314,8.92714412,9.40825794,9.53496245,9.53496245
2025/10/04,15:25:26,1533.310000,153331,61332,37312,3179,129,3,0,0.14031461,1.65570438,5.92361906,8.83357342,9.30320290,9.42443214,9.42443214
2025/10/04,15:25:27,1528.610000,152861,61144,36662,3168,125,3,0,0.13988431,1.65062690,5.84420072,8.74407153,9.19863910,9.31442401,9.31442401
2025/10/04,15:25:28,1523.850000,152385,60954,36046,3158,120,3,0,0.13944917,1.64549223,5.76860689,8.65868608,9.09513455,9.20544419,9.20544419
2025/10/04,15:25:29,1519.380000,151938,60775,35491,3146,116,3,0,0.13904004,1.64066455,5.70031237,8.58011492,9.00009936,9.10604735,9.10604735
2025/10/04,15:25:30,1515.150000,151515,60606,35002,3122,111,3,0,0.13865247,1.63609137,5.63971684,8.49735005,8.90176666,9.00223938,9.00223938
2025/10/04,15:25:31,1511.310000,151131,60452,34584,3102,108,3,0,0.13830112,1.63194533,5.58777680,8.42711889,8.81826238,8.91437344,8.91437344
2025/10/04,15:25:32,1507.800000,150780,60312,34194,3066,104,2,0,0.13798044,1.62816150,5.53944251,8.34562759,8.72260536,8.81435477,8.81435477
2025/10/04,15:25:33,1504.170000,150417,60167,33810,3018,100,2,0,0.13764816,1.62424045,5.49154864,8.25378304,8.61595909,8.70442952,8.70442952
2025/10/04,15:25:34,1500.430000,150043,60017,33444,2971,96,2,0,0.13730551,1.62019732,5.44561708,8.16519384,8.51371371,8.59782249,8.59782249
2025/10/04,15:25:35,1496.900000,149690,59876,33103,2927,93,2,0,0.13698234,1.61638399,5.40283974,8.08224704,8.41851646,8.50042895,8.50042895
2025/10/04,15:25:36,1492.510000,149251,59700,32688,2888,89,2,0,0.13658081,1.61164591,5.35065904,7.99354815,8.31743703,8.39607054,8.39607054
2025/10/04,15:25:37,1487.750000,148775,59510,32240,2852,86,2,0,0.13614479,1.60650075,5.29424996,7.90488710,8.21626896,8.29162350,8.29162350
2025/10/04,15:25:38,1483.330000,148333,59333,31809,2821,83,2,0,0.13574057,1.60173120,5.24013526,7.82181663,8.12184062,8.19502980,8.19502980
2025/10/04,15:25:39,1479.210000,147921,59168,31415,2790,80,2,0,0.13536376,1.59728483,5.19072231,7.74399699,8.03368579,8.10467867,8.10467867
2025/10/04,15:25:40,1475.040000,147504,59001,31034,2758,77,2,0,0.13498220,1.59278225,5.14262666,7.66662254,7.94622911,8.01394302,8.01394302
2025/10/04,15:25:41,1471.030000,147103,58841,30677,2727,77,2,0,0.13461508,1.58845028,5.09741604,7.59371717,7.87294069,7.94501625,7.94501625
2025/10/04,15:25:42,1467.530000,146753,58701,30374,2704,81,2,0,0.13429531,1.58467696,5.05898876,7.53370164,7.82977224,7.91496370,7.91496370
2025/10/04,15:25:43,1464.440000,146444,58577,30121,2689,89,3,0,0.13401238,1.58133838,5.02668780,7.48811885,7.81047552,7.90986556,7.90986556
2025/10/04,15:25:44,1461.480000,146148,58459,29895,2669,96,3,0,0.13374082,1.57813419,4.99763152,7.44025441,7.78762512,7.89793476,7.89793476
2025/10/04,15:25:45,1458.350000,145835,58334,29654,2642,102,3,0,0.13345498,1.57476129,4.96677464,7.38457804,7.75338885,7.87133912,7.87133912
2025/10/04,15:25:46,1454.900000,145490,58196,29395,2611,107,3,0,0.13313924,1.57103564,4.93341598,7.32326566,7.71070871,7.83413425,7.83413425
2025/10/04,15:25:47,1451.320000,145132,58053,29145,2578,111,4,0,0.13281155,1.56716892,4.90090600,7.26079788,7.66432191,7.79322272,7.79322272
2025/10/04,15:25:48,1447.370000,144737,57894,28887,2545,115,4,0,0.13244970,1.56289893,4.86711201,7.19633596,7.61440514,7.74658492,7.74658492
2025/10/04,15:25:49,1444.070000,144407,57763,28671,2518,117,4,0,0.13214825,1.55934201,4.83888252,7.14338399,7.56847459,7.70065437,7.70065437
2025/10/04,15:25:50,1440.810000,144081,57632,28457,2497,115,4,0,0.13184997,1.55582229,4.81083560,7.09597893,7.51175341,7.63845792,7.63845792
2025/10/04,15:25:51,1437.010000,143701,57480,28189,2467,109,3,0,0.13150176,1.55171342,4.77612845,7.03422310,7.43047275,7.54953663,7.54953663
2025/10/04,15:25:52,1433.480000,143348,57339,27946,2439,104,3,0,0.13117917,1.54790675,4.74448629,6.97682438,7.35495131,7.46745724,7.46745724
2025/10/04,15:25:53,1430.180000,143018,57207,27743,2415,100,3,0,0.13087717,1.54434318,4.71773255,6.92812733,7.29119596,7.39822663,7.39822663
2025/10/04,15:25:54,1427.390000,142739,57095,27586,2399,97,3,0,0.13062139,1.54132490,4.69675916,6.89257906,7.24569195,7.34836096,7.34836096
2025/10/04,15:25:55,1424.710000,142471,56988,27433,2394,95,3,0,0.13037601,1.53842962,4.67633302,6.86714455,7.21374916,7.31533549,7.31533549
2025/10/04,15:25:56,1422.620000,142262,56905,27313,2398,94,3,0,0.13018560,1.53618262,4.66041671,6.85507351,7.19797769,7.29845041,7.29845041
2025/10/04,15:25:57,1420.460000,142046,56818,27203,2399,93,3,0,0.12998740,1.53384406,4.64545099,6.84162686,7.18095709,7.28034713,7.28034713
2025/10/04,15:25:58,1418.760000,141876,56750,27138,2396,93,3,0,0.12983212,1.53201175,4.63613771,6.82946944,7.16612191,7.26551195,7.26551195
2025/10/04,15:25:59,1417.380000,141738,56695,27100,2395,92,3,0,0.12970544,1.53051693,4.63036521,6.82272784,7.15772162,7.25711166,7.25711166
2025/10/04,15:26:00,1416.060000,141606,56642,27080,2395,92,3,0,0.12958499,1.52909549,4.62660899,6.81861565,7.15220370,7.25051106,7.25051106
2025/10/04,15:26:01,1414.470000,141447,56579,27041,2391,91,3,0,0.12943963,1.52738042,4.62043036,6.80910878,7.14027204,7.23749672,7.23749672
2025/10/04,15:26:02,1412.500000,141250,56500,26977,2383,90,3,0,0.12925875,1.52524593,4.61097652,6.79202845,7.11821564,7.21324402,7.21324402
2025/10/04,15:26:03,1410.870000,141087,56434,26949,2377,89,3,0,0.12910978,1.52348797,4.60601127,6.78176291,7.10348357,7.19631566,7.19631566
2025/10/04,15:26:04,1408.180000,140818,56327,26863,2361,87,2,0,0.12886391,1.52058696,4.59325825,6.75430598,7.06875225,7.15722268,7.15722268
2025/10/04,15:26:05,1404.880000,140488,56195,26741,2343,86,2,0,0.12856175,1.51702148,4.57580935,6.71992305,7.03245406,7.12312079,7.12312079
2025/10/04,15:26:06,1400.850000,140085,56034,26563,2321,88,3,0,0.12819285,1.51266853,4.55103325,6.67507778,6.99360754,7.09519387,7.09519387
2025/10/04,15:26:07,1396.740000,139674,55869,26375,2299,89,3,0,0.12781711,1.50823458,4.52508552,6.62896479,6.95323672,7.06354636,7.06354636
2025/10/04,15:26:08,1393.070000,139307,55723,26211,2279,91,3,0,0.12748108,1.50426963,4.50240608,6.58864029,6.91929402,7.03507893,7.03507893
2025/10/04,15:26:09,1389.700000,138970,55588,26082,2268,93,3,0,0.12717278,1.50063169,4.48407282,6.55993339,6.89888056,7.02010980,7.02010980
2025/10/04,15:26:10,1386.370000,138637,55455,25971,2264,96,4,0,0.12686836,1.49703954,4.46767987,6.53950117,6.88789456,7.01459907,7.01459907
2025/10/04,15:26:11,1383.000000,138300,55320,25855,2253,98,4,0,0.12655909,1.49339016,4.45080545,6.51341621,6.87112572,7.00330550,7.00330550
2025/10/04,15:26:12,1380.110000,138011,55204,25781,2251,101,4,0,0.12629499,1.49027370,4.43919013,6.49995879,6.86851302,7.00505446,7.00505446
2025/10/04,15:26:13,1377.660000,137766,55106,25743,2254,103,4,0,0.12607120,1.48763295,4.43224344,6.49491918,6.86972873,7.00843553,7.00843553
2025/10/04,15:26:14,1375.940000,137594,55037,25763,2260,103,4,0,0.12591307,1.48576727,4.43263168,6.50102774,6.87519767,7.01065642,7.01065642
2025/10/04,15:26:15,1374.020000,137402,54961,25775,2265,103,4,0,0.12573776,1.48369854,4.43195247,6.50519584,6.87770708,7.00877325,7.00877325
2025/10/04,15:26:16,1372.270000,137227,54890,25790,2274,102,4,0,0.12557740,1.48180617,4.43180512,6.51322404,6.88509927,7.01400008,7.01400008
2025/10/04,15:26:17,1370.440000,137044,54817,25798,2279,102,4,0,0.12541032,1.47983466,4.43072236,6.51634253,6.88655545,7.01217728,7.01217728
2025/10/04,15:26:18,1368.040000,136804,54721,25770,2272,101,3,0,0.12519025,1.47723778,4.42497069,6.50496845,6.87020531,6.99363085,6.99363085
2025/10/04,15:26:19,1364.490000,136449,54579,25680,2258,98,3,0,0.12486611,1.47341298,4.41086964,6.47748765,6.83391791,6.95186818,6.95186818
2025/10/04,15:26:20,1359.560000,135956,54382,25566,2241,95,3,0,0.12441481,1.46808766,4.39245677,6.44320777,6.78942933,6.90301794,6.90301794
2025/10/04,15:26:21,1354.210000,135421,54168,25435,2222,92,3,0,0.12392521,1.46231041,4.37169733,6.40551431,6.73999495,6.84702562,6.84702562
2025/10/04,15:26:22,1348.050000,134805,53922,25250,2198,88,3,0,0.12336135,1.45565706,4.34383720,6.35606684,6.67663834,6.77494570,6.77494570
2025/10/04,15:26:23,1341.940000,134194,53677,25074,2175,85,2,0,0.12280227,1.44905996,4.31716434,6.30835571,6.61578418,6.70753359,6.70753359
2025/10/04,15:26:24,1335.340000,133534,53413,24876,2147,81,2,0,0.12219821,1.44193188,4.28737533,6.25293918,6.54620193,6.63031071,6.63031071
2025/10/04,15:26:25,1329.330000,132933,53173,24707,2121,77,2,0,0.12164824,1.43544250,4.26150895,6.20328829,6.48391754,6.56255105,6.56255105
2025/10/04,15:26:26,1323.730000,132373,52949,24562,2098,74,2,0,0.12113554,1.42939263,4.23891774,6.15965881,6.42956621,6.50383807,6.50383807
2025/10/04,15:26:27,1318.400000,131840,52736,24428,2082,72,2,0,0.12064782,1.42363735,4.21779263,6.12331184,6.38415969,6.45515257,6.45515257
2025/10/04,15:26:28,1314.220000,131422,52569,24302,2062,69,2,0,0.12026583,1.41912996,4.19889693,6.08670702,6.33925781,6.40805440,6.40805440
2025/10/04,15:26:29,1310.300000,131030,52412,24178,2042,67,2,0,0.11990680,1.41489335,4.18049826,6.04995226,6.29459265,6.36122388,6.36122388
2025/10/04,15:26:30,1307.380000,130738,52295,24103,2028,66,2,0,0.11963960,1.41174064,4.16879407,6.02477222,6.26392340,6.32944101,6.32944101
2025/10/04,15:26:31,1305.270000,130527,52211,24059,2017,65,2,0,0.11944661,1.40946313,4.16139873,6.00719725,6.24252152,6.30695645,6.30695645
2025/10/04,15:26:32,1303.730000,130373,52149,24042,2011,67,2,0,0.11930587,1.40780242,4.15780713,5.99817633,6.24077498,6.30740621,6.30740621
2025/10/04,15:26:33,1302.080000,130208,52083,24022,2005,70,2,0,0.11915446,1.40601586,4.15373429,5.98912715,6.24244404,6.31015795,6.31015795
2025/10/04,15:26:34,1300.410000,130041,52016,23997,1999,72,2,0,0.11900183,1.40421500,4.14909376,5.97921836,6.24185138,6.31176158,6.31176158
2025/10/04,15:26:35,1298.560000,129856,51942,23965,1988,74,2,0,0.11883201,1.40221108,4.14347867,5.96303563,6.23345256,6.30444544,6.30444544
2025/10/04,15:26:36,1297.130000,129713,51885,23959,1977,77,2,0,0.11870171,1.40067337,4.14118146,5.95097882,6.22969281,6.30176837,6.30176837
2025/10/04,15:26:37,1295.920000,129592,51837,23958,1967,79,2,0,0.11859118,1.39936919,4.13981265,5.93994742,6.22682838,6.30001756,6.30001756
2025/10/04,15:26:38,1294.360000,129436,51774,23937,1954,81,2,0,0.11844786,1.39767798,4.13572203,5.92461107,6.21812678,6.29131596,6.29131596
2025/10/04,15:26:39,1291.970000,129197,51679,23890,1939,82,2,0,0.11822972,1.39510396,4.12777569,5.90270388,6.20106918,6.27425836,6.27425836
2025/10/04,15:26:40,1289.000000,128900,51560,23823,1919,80,2,0,0.11795745,1.39189123,4.11687598,5.87377111,6.16562813,6.23662101,6.23662101
2025/10/04,15:26:41,1285.990000,128599,51439,23751,1900,78,2,0,0.11768179,1.38863844,4.10545147,5.84470154,6.12992381,6.20091669,6.20091669
2025/10/04,15:26:42,1283.680000,128368,51347,23717,1891,80,2,0,0.11747077,1.38614833,4.09900280,5.82962434,6.11943962,6.20135211,6.20135211
2025/10/04,15:26:43,1282.060000,128206,51282,23715,1886,82,3,0,0.11732250,1.38439895,4.09708379,5.82314902,6.11998211,6.21281420,6.21281420
2025/10/04,15:26:44,1280.050000,128005,51202,23698,1880,83,3,0,0.11713871,1.38223012,4.09290331,5.81334522,6.11592410,6.21751043,6.21751043
2025/10/04,15:26:45,1277.200000,127720,51088,23644,1871,84,3,0,0.11687782,1.37915176,4.08371337,5.79594678,6.10184304,6.21107000,6.21107000
2025/10/04,15:26:46,1274.520000,127452,50980,24003,1883,87,3,0,0.11663205,1.37625171,4.12178085,5.84526091,6.16174893,6.27533754,6.27533754
2025/10/04,15:26:47,1303.560000,130356,52142,32730,2268,128,3,0,0.11928971,1.40761175,5.15137119,7.22755480,7.69182155,7.81305079,7.81305079
2025/10/04,15:26:48,1363.190000,136319,54527,44831,2796,159,4,0,0.12474644,1.47200107,6.59993024,9.15873124,9.73364231,9.86254312,9.86254312
2025/10/04,15:26:49,1422.300000,142230,56892,50154,3288,184,4,0,0.13015587,1.53583178,7.27264253,10.28171194,10.94761603,11.08196117,11.09062634
2025/10/04,15:26:50,1480.820000,148082,59232,54723,3669,205,4,0,0.13551106,1.59902279,7.85846600,11.21671672,11.95855192,12.08853541,12.09720058
2025/10/04,15:26:51,1539.450000,153945,61578,59207,3977,222,4,0,0.14087602,1.66232911,8.43462140,12.07412425,12.87683226,13.00353677,13.01220194
2025/10/04,15:26:52,1598.620000,159862,63945,63657,4276,237,4,0,0.14629126,1.72622847,9.00756067,12.92117325,13.78079706,13.90530528,13.91397045
2025/10/04,15:26:53,1658.200000,165820,66328,68001,4567,252,3,0,0.15174356,1.79056537,9.56872243,13.74888323,14.66146946,14.78489500,14.79356017
2025/10/04,15:26:54,1726.660000,172666,69066,72095,4839,265,3,0,0.15800783,1.86448331,10.11093088,14.53915476,15.49729893,15.61964179,15.62830696
2025/10/04,15:26:55,1764.010000,176401,70560,72697,4847,255,3,0,0.16142564,1.90481328,10.22014862,14.65648400,15.57825987,15.69732375,15.70598892
2025/10/04,15:26:56,1759.940000,175994,70397,71816,4741,236,3,0,0.16105383,1.90042602,10.11493817,14.45422663,15.30938391,15.42408614,15.43275131
2025/10/04,15:26:57,1755.840000,175584,70233,70965,4613,219,3,0,0.16067789,1.89599014,10.01316914,14.23521248,15.03000648,15.14031612,15.14898129
2025/10/04,15:26:58,1751.340000,175134,70053,69966,4474,204,3,0,0.16026611,1.89113099,9.89408012,13.98853673,14.72615835,14.83318902,14.84185419
2025/10/04,15:26:59,1745.780000,174578,69831,68855,4355,191,3,0,0.15975735,1.88512781,9.76096540,13.74670933,14.43902958,14.54061591,14.54928108
2025/10/04,15:27:00,1739.950000,173995,69598,67734,4245,180,3,0,0.15922461,1.87884151,9.62652943,13.51138025,14.16298853,14.26021321,14.26887838
2025/10/04,15:27:01,1734.590000,173459,69383,66692,4144,170,3,0,0.15873398,1.87305191,9.50146465,13.29401886,13.90976838,14.00260047,14.01126564
2025/10/04,15:27:02,1729.490000,172949,69179,65688,4046,161,2,0,0.15826668,1.86753779,9.38113902,13.08427372,13.66696871,13.75652182,13.75652182
2025/10/04,15:27:03,1724.260000,172426,68970,64691,3936,152,2,0,0.15778807,1.86189023,9.26151197,12.86359250,13.41476878,13.49996024,13.49996024
2025/10/04,15:27:04,1719.030000,171903,68761,63713,3835,145,2,0,0.15730969,1.85624552,9.14395593,12.65364286,13.17801992,13.25993241,13.25993241
2025/10/04,15:27:05,1713.510000,171351,68540,62741,3775,140,2,0,0.15680500,1.85029003,9.02680811,12.48171775,12.98912126,13.06883745,13.06883745
2025/10/04,15:27:06,1708.340000,170834,68333,61947,3736,137,2,0,0.15633195,1.84470822,8.93044511,12.34951556,12.84492158,12.92138973,12.92138973
2025/10/04,15:27:07,1703.540000,170354,68141,61233,3701,134,2,0,0.15589222,1.83951922,8.84353116,12.23070562,12.71615950,12.79043136,12.79043136
2025/10/04,15:27:08,1697.620000,169762,67905,60423,3659,131,2,0,0.15535091,1.83313187,8.74456498,12.09328214,12.56724806,12.63932362,12.63932362
2025/10/04,15:27:09,1689.110000,168911,67564,59456,3609,126,2,0,0.15457143,1.82393408,8.62469199,11.92777834,12.38630291,12.45621311,12.45621311
2025/10/04,15:27:10,1677.180000,167718,67087,58313,3544,122,2,0,0.15347968,1.81105161,8.48113920,11.72440694,12.16595795,12.24350878,12.24350878
2025/10/04,15:27:11,1662.000000,166200,66480,57219,3488,118,2,0,0.15209064,1.79466091,8.33957998,11.53165856,11.96095913,12.04942956,12.04942956
2025/10/04,15:27:12,1646.700000,164670,65868,56156,3428,115,3,0,0.15069085,1.77814339,8.20148887,11.33914614,11.75657931,11.85380399,11.85380399
2025/10/04,15:27:13,1632.200000,163220,65288,55215,3370,113,3,0,0.14936383,1.76248481,8.07816850,11.16227746,11.57077756,11.67672555,11.67672555
2025/10/04,15:27:14,1617.590000,161759,64703,54278,3313,110,3,0,0.14802656,1.74670516,7.95527633,10.98754915,11.38762571,11.50013164,11.50013164
2025/10/04,15:27:15,1603.210000,160321,64128,53386,3260,108,3,0,0.14671111,1.73118292,7.83769076,10.82139162,11.21342769,11.33137796,11.33137796
2025/10/04,15:27:16,1589.720000,158972,63589,52607,3215,106,4,0,0.14547694,1.71661976,7.73396206,10.67645939,11.06300986,11.18751808,11.18751808
2025/10/04,15:27:17,1578.880000,157888,63155,52018,3181,106,4,0,0.14448443,1.70490803,7.65495408,10.56636254,10.95048822,11.08047171,11.08047171
2025/10/04,15:27:18,1572.650000,157265,62906,51594,3166,104,4,0,0.14391475,1.69818603,7.59971094,10.49767559,10.87414383,11.00084834,11.00084834
2025/10/04,15:27:19,1569.990000,156999,62799,51198,3143,101,3,0,0.14367151,1.69531555,7.55158312,10.42841250,10.79454194,10.91688480,10.91688480
2025/10/04,15:27:20,1567.920000,156792,62717,50850,3120,98,3,0,0.14348187,1.69307806,7.50948098,10.36517508,10.72211849,10.84118237,10.84118237
2025/10/04,15:27:21,1565.460000,156546,62618,50470,3083,95,3,0,0.14325607,1.69041348,7.46338083,10.28514283,10.63149448,10.74619671,10.74619671
2025/10/04,15:27:22,1562.540000,156254,62501,50070,3042,92,3,0,0.14298962,1.68726938,7.41442189,10.19869660,10.53394334,10.64536659,10.64536659
2025/10/04,15:27:23,1559.720000,155972,62389,49698,3002,89,3,0,0.14273157,1.68422442,7.36885425,10.11619073,10.44110229,10.54813296,10.54813296
2025/10/04,15:27:24,1556.650000,155665,62266,49316,2961,87,3,0,0.14245026,1.68090490,7.32183265,10.03148784,10.34631717,10.44790350,10.44790350
2025/10/04,15:27:25,1552.830000,155283,62113,48876,2916,84,3,0,0.14210098,1.67678362,7.26740072,9.93659545,10.24159912,10.34098916,10.34098916
2025/10/04,15:27:26,1548.860000,154886,61954,48440,2875,82,3,0,0.14173751,1.67249456,7.21330200,9.84468640,10.14330827,10.25145255,10.25145255
2025/10/04,15:27:27,1544.650000,154465,61786,47999,2836,81,3,0,0.14135236,1.66794999,7.15828115,9.75366440,10.04641401,10.16219892,10.16219892
2025/10/04,15:27:28,1539.720000,153972,61588,47516,2794,79,3,0,0.14090100,1.66262373,7.09773241,9.65495027,9.94144817,10.06159473,10.06159473
2025/10/04,15:27:29,1535.150000,153515,61406,47084,2758,78,4,0,0.14048314,1.65769305,7.04335147,9.56757338,9.84986132,9.97436954,9.97436954
2025/10/04,15:27:30,1530.640000,153064,61225,46681,2723,77,4,0,0.14007036,1.65282243,6.99233887,9.48498782,9.76382829,9.89272910,9.89272910
2025/10/04,15:27:31,1525.510000,152551,61020,46255,2687,76,4,0,0.13960074,1.64728071,6.93807813,9.39702100,9.67216104,9.80322721,9.80322721
2025/10/04,15:27:32,1519.640000,151964,60785,45669,2646,74,4,0,0.13906396,1.64094674,6.86476704,9.28635166,9.55625906,9.68952152,9.68952152
2025/10/04,15:27:33,1514.150000,151415,60566,44622,2610,73,4,0,0.13856095,1.63501127,6.73909188,9.12777846,9.39270979,9.52488957,9.52488957
2025/10/04,15:27:34,1508.940000,150894,60357,43643,2587,71,4,0,0.13808418,1.62938561,6.62148625,8.98919862,9.24787463,9.37349646,9.37349646
2025/10/04,15:27:35,1503.660000,150366,60146,42667,2563,69,3,0,0.13760082,1.62368181,6.50410137,8.84996834,9.10200959,9.21887718,9.21887718
2025/10/04,15:27:36,1499.190000,149919,59967,41851,2544,68,3,0,0.13719234,1.61886174,6.40596733,8.73486733,8.98154946,9.09297271,9.09297271
2025/10/04,15:27:37,1494.670000,149467,59787,41021,2525,66,3,0,0.13677859,1.61397967,6.30615564,8.61747556,8.85854200,8.96448999,8.96448999
2025/10/04,15:27:38,1490.960000,149096,59638,40370,2513,65,3,0,0.13643920,1.60997472,6.22770872,8.52742693,8.76517599,8.86564871,8.86564871
2025/10/04,15:27:39,1488.120000,148812,59525,39855,2505,65,3,0,0.13617953,1.60691068,6.16574629,8.45890411,8.69550402,8.79381138,8.79381138
2025/10/04,15:27:40,1488.890000,148889,59555,39898,2570,70,3,0,0.13624988,1.60774104,6.17147646,8.52409691,8.77792333,8.87731337,8.87731337
2025/10/04,15:27:41,1503.960000,150396,60158,42051,2952,82,3,0,0.13762829,1.62400594,6.43397858,9.13574831,9.43386065,9.53761234,9.53761234
2025/10/04,15:27:42,1520.950000,152095,60838,44409,3364,94,3,0,0.13918359,1.64235861,6.72208978,9.80083348,10.14386414,10.25089481,10.25089481
2025/10/04,15:27:43,1537.960000,153796,61518,46207,3681,106,3,0,0.14073974,1.66072084,6.94603681,10.31527520,10.70144262,10.81175226,10.81175226
2025/10/04,15:27:44,1554.350000,155435,62174,47061,3967,117,3,0,0.14223955,1.67841861,7.06146761,10.69230990,11.11803651,11.23054244,11.23054244
2025/10/04,15:27:45,1570.490000,157049,62819,47878,4245,127,3,0,0.14371642,1.69584559,7.17230956,11.05754839,11.51964691,11.63323552,11.63323552
2025/10/04,15:27:46,1586.900000,158690,63476,48696,4523,133,3,0,0.14521818,1.71356624,7.28364707,11.42318543,11.90698062,12.02168285,12.02168285
2025/10/04,15:27:47,1603.650000,160365,64146,49526,4802,139,3,0,0.14675135,1.73165770,7.39657539,11.79093123,12.29501736,12.41080227,12.41080227
2025/10/04,15:27:48,1617.420000,161742,64697,50148,5024,142,3,0,0.14801163,1.74652882,7.48267707,12.08095131,12.59435356,12.71013847,12.71013847
2025/10/04,15:27:49,1617.110000,161711,64684,49920,5013,141,3,0,0.14798287,1.74618943,7.45622308,12.04405872,12.55631181,12.67426208,12.67426208
2025/10/04,15:27:50,1614.950000,161495,64598,49592,4965,143,4,0,0.14778564,1.74386232,7.41640236,11.96067532,12.47841401,12.60731482,12.60731482
2025/10/04,15:27:51,1612.470000,161247,64498,49252,4894,144,4,0,0.14755813,1.74117773,7.37485076,11.85413477,12.37544742,12.51198886,12.51198886
2025/10/04,15:27:52,1609.970000,160997,64399,48922,4797,145,4,0,0.14732975,1.73848265,7.33442369,11.72473934,12.24885983,12.39304189,12.39304189
2025/10/04,15:27:53,1607.270000,160727,64291,48588,4694,145,4,0,0.14708269,1.73556736,7.29324727,11.58890808,12.11519679,12.26485412,12.26485412
2025/10/04,15:27:54,1604.160000,160416,64166,48226,4588,146,5,0,0.14679798,1.73220780,7.24848804,11.44700493,11.97584853,12.13095020,12.13095020
2025/10/04,15:27:55,1601.110000,160111,64044,47866,4487,149,5,0,0.14651867,1.72891210,7.20404306,11.31039238,11.84918812,12.00976506,12.00976506
2025/10/04,15:27:56,1598.250000,159825,63930,47531,4391,152,5,0,0.14625755,1.72583089,7.16259972,11.18114468,11.73142476,11.89744603,11.89744603
2025/10/04,15:27:57,1594.160000,159416,63766,47126,4287,153,5,0,0.14588284,1.72140933,7.11185855,11.03542473,11.59157708,11.75651567,11.75651567
2025/10/04,15:27:58,1588.280000,158828,63531,46702,4181,154,5,0,0.14534454,1.71505725,7.05698122,10.88392052,11.44096545,11.59718073,11.59718073
2025/10/04,15:27:59,1582.080000,158208,63283,46301,4096,154,4,0,0.14477777,1.70836957,7.00451107,10.75363164,11.31169925,11.46135658,11.46135658
2025/10/04,15:28:00,1576.250000,157625,63050,45932,4031,154,4,0,0.14424374,1.70206802,6.95590096,10.64510684,11.20521619,11.34939825,11.34939825
2025/10/04,15:28:01,1570.710000,157071,62828,45166,3974,155,4,0,0.14373679,1.69608586,6.86240541,10.49909706,11.06175768,11.20157809,11.20157809
2025/10/04,15:28:02,1565.240000,156524,62609,44340,3917,156,4,0,0.14323636,1.69018087,6.76194231,10.34657179,10.91191378,11.04737253,11.04737253
2025/10/04,15:28:03,1558.900000,155890,62356,43412,3849,155,4,0,0.14265628,1.68333592,6.64898259,10.17198430,10.73553751,10.86660368,10.86660368
2025/10/04,15:28:04,1552.390000,155239,62095,42483,3781,154,4,0,0.14206026,1.67630312,6.53571378,9.99608568,10.55581198,10.68251649,10.68251649
2025/10/04,15:28:05,1546.460000,154646,61858,41672,3724,153,3,0,0.14151792,1.66990340,6.43656972,9.84462047,10.39898765,10.52133051,10.52133051
2025/10/04,15:28:06,1542.070000,154207,61682,40932,3676,151,3,0,0.14111581,1.66515861,6.34709470,9.71132381,10.25701088,10.37496115,10.37496115
2025/10/04,15:28:07,1538.450000,153845,61538,40291,3634,149,3,0,0.14078521,1.66125758,6.26995546,9.59550215,10.13417141,10.24995632,10.24995632
2025/10/04,15:28:08,1580.690000,158069,63227,42801,3759,158,3,0,0.14465012,1.70686330,6.60259619,10.04299592,10.61739746,10.73754402,10.73754402
2025/10/04,15:28:09,1676.430000,167643,67057,47169,4085,182,4,0,0.15341175,1.81024986,7.20558665,10.94452759,11.60519904,11.73737882,11.74604399
2025/10/04,15:28:10,1799.190000,179919,71967,49602,4399,203,4,0,0.16464525,1.94280470,7.61642725,11.64279270,12.37965183,12.52163760,12.53030277
2025/10/04,15:28:11,1926.250000,192625,77050,51946,4704,221,4,0,0.17627246,2.08000517,8.02181498,12.32681536,13.12799116,13.27653488,13.28520005
2025/10/04,15:28:12,2052.130000,205213,82085,54191,4998,237,4,0,0.18779190,2.21593387,8.41447928,12.98825707,13.84813746,14.00215645,14.01082162
2025/10/04,15:28:13,2177.740000,217774,87109,56387,5281,253,5,0,0.19928678,2.35157278,8.80130761,13.63423316,14.54911770,14.70858102,14.71724619
2025/10/04,15:28:14,2301.260000,230126,92050,58471,5537,265,5,0,0.21058996,2.48494942,9.17308499,14.24049987,15.20145189,15.36419419,15.37285936
2025/10/04,15:28:15,2418.280000,241828,96731,60452,5749,274,5,0,0.22129847,2.61130947,9.52601850,14.78772122,15.78096166,15.94370396,15.95236913
2025/10/04,15:28:16,2471.210000,247121,98848,61058,5795,270,5,0,0.22614187,2.66846110,9.65247803,14.95599831,15.93507304,16.09017471,16.09883988
2025/10/04,15:28:17,2450.820000,245082,98033,60049,5633,252,4,0,0.22427661,2.64645139,9.51504270,14.67064994,15.58196053,15.72178094,15.73044611
2025/10/04,15:28:18,2431.250000,243125,97250,59112,5480,235,4,0,0.22248579,2.62531972,9.38675812,14.40194885,15.25225654,15.38004373,15.38870890
2025/10/04,15:28:19,2412.560000,241256,96502,58252,5335,220,3,0,0.22077520,2.60513473,9.26819384,14.15114545,14.94747166,15.06433925,15.07300442
2025/10/04,15:28:20,2394.560000,239456,95782,57454,5209,207,3,0,0.21912808,2.58569902,9.15747995,13.92444654,14.67291649,14.78214345,14.79080862
2025/10/04,15:28:21,2376.400000,237640,95056,56664,5090,195,3,0,0.21746620,2.56608889,9.04755313,13.70619412,14.41369915,14.51417187,14.52283704
2025/10/04,15:28:22,2360.330000,236033,94413,55983,5002,190,3,0,0.21599557,2.54873530,8.95231202,13.53025903,14.21696359,14.31199197,14.32065714
2025/10/04,15:28:23,2350.390000,235039,94015,55374,4954,187,3,0,0.21508608,2.53800358,8.87193714,13.40622356,14.08501411,14.17895981,14.18762498
2025/10/04,15:28:24,2341.430000,234143,93657,54793,4909,186,2,0,0.21426572,2.52832338,8.79571607,13.28818492,13.96046719,14.05221660,14.06088177
2025/10/04,15:28:25,2332.900000,233290,93316,54264,4869,184,2,0,0.21348527,2.51911415,8.72597656,13.18250923,13.84994192,13.94060865,13.94927382
2025/10/04,15:28:26,2324.210000,232421,92968,53755,4839,183,2,0,0.21268980,2.50972761,8.65847137,13.08701829,13.75100712,13.84167385,13.85033902
2025/10/04,15:28:27,2314.330000,231433,92573,53194,4800,182,2,0,0.21178574,2.49905975,8.58362567,12.97688246,13.63576513,13.72531824,13.73398341
2025/10/04,15:28:28,2305.030000,230503,92201,52676,4749,180,2,0,0.21093526,2.48902398,8.51425926,12.86078620,13.51481928,13.60328971,13.61195488
2025/10/04,15:28:29,2296.160000,229616,91846,52193,4694,178,2,0,0.21012347,2.47944486,8.44947791,12.74513872,13.39087835,13.47934878,13.48801395
2025/10/04,15:28:30,2286.590000,228659,91463,51677,4625,172,2,0,0.20924759,2.46910970,8.38008274,12.61275777,13.23769693,13.32288839,13.33155356
2025/10/04,15:28:31,2276.610000,227661,91064,51155,4555,167,2,0,0.20833416,2.45833127,8.30967890,12.47856102,13.08231305,13.16530822,13.17397339
2025/10/04,15:28:32,2267.450000,226745,90698,50695,4492,161,2,0,0.20749563,2.44843660,8.24717517,12.35791974,12.94303952,13.02386933,13.02386933
2025/10/04,15:28:33,2258.310000,225831,90332,50249,4427,157,2,0,0.20665993,2.43857530,8.18624394,12.23771988,12.80535657,12.88399008,12.88399008
2025/10/04,15:28:34,2250.070000,225007,90002,49844,4360,152,2,0,0.20590523,2.42967014,8.13097868,12.12085888,12.67203516,12.74850331,12.74850331
2025/10/04,15:28:35,2242.920000,224292,89716,49508,4301,148,2,0,0.20525124,2.42195291,8.08488720,12.02150919,12.55890281,12.63425735,12.63425735
2025/10/04,15:28:36,2235.130000,223513,89405,49150,4252,144,2,0,0.20453824,2.41353970,8.03546208,11.92671223,12.45057615,12.52376533,12.52376533
2025/10/04,15:28:37,2227.930000,222793,89117,48829,4214,142,2,0,0.20387988,2.40577096,7.99101573,11.84778380,12.36156549,12.43475467,12.43475467
2025/10/04,15:28:38,2220.110000,222011,88804,48489,4174,139,2,0,0.20316359,2.39731868,7.94368832,11.76384120,12.26728770,12.33936326,12.33936326
2025/10/04,15:28:39,2212.170000,221217,88486,48149,4134,136,2,0,0.20243727,2.38874818,7.89616594,11.67938059,12.17287134,12.24494690,12.24494690
2025/10/04,15:28:40,2204.000000,220400,88160,47806,4093,133,2,0,0.20169011,2.37993173,7.84815935,11.59430766,12.07810285,12.14909573,12.14909573
2025/10/04,15:28:41,2195.710000,219571,87828,47471,4053,131,2,0,0.20093115,2.37097606,7.80084968,11.51031782,11.98466679,12.05565967,12.05565967
2025/10/04,15:28:42,2184.590000,218459,87384,47076,4005,128,2,0,0.19991389,2.35897259,7.74370599,11.40957943,11.87295359,11.94175018,11.94175018
2025/10/04,15:28:43,2169.730000,216973,86789,46696,3958,123,2,0,0.19855400,2.34292602,7.68425211,11.30623893,11.75200352,11.81971743,11.81971743
2025/10/04,15:28:44,2155.060000,215506,86202,46337,3907,118,2,0,0.19721076,2.32707584,7.62730926,11.20279317,11.63043505,11.69595266,11.69595266
2025/10/04,15:28:45,2139.230000,213923,85569,45930,3844,112,2,0,0.19576210,2.30998157,7.56368526,11.08170971,11.48689243,11.54913107,11.54913107
2025/10/04,15:28:46,2123.090000,212309,84923,45059,3783,106,1,0,0.19428539,2.29255647,7.44657210,10.90865616,11.29341785,11.35349113,11.35349113
2025/10/04,15:28:47,2101.870000,210187,84075,44107,3713,101,1,0,0.19234387,2.26964680,7.31477652,10.71284165,11.07897109,11.13684808,11.13684808
2025/10/04,15:28:48,2079.200000,207920,83168,43189,3641,96,1,0,0.19026930,2.24516701,7.18527672,10.51767389,10.86708635,10.92388065,10.92388065
2025/10/04,15:28:49,2056.410000,205641,82256,42287,3570,92,1,0,0.18818335,2.22055281,7.05746817,10.32526439,10.65846939,10.71306740,10.71306740
2025/10/04,15:28:50,2034.480000,203448,81379,41382,3501,88,1,0,0.18617704,2.19687858,6.93034510,10.13483342,10.45298013,10.50649546,10.50649546
2025/10/04,15:28:51,2015.460000,201546,80618,40417,3426,83,1,0,0.18443672,2.17634276,6.79939658,9.93462973,10.23759166,10.28891070,10.28891070
2025/10/04,15:28:52,1996.360000,199636,79854,39451,3329,79,1,0,0.18268862,2.15571540,6.66823940,9.71544217,10.00410829,10.05326197,10.05326197
2025/10/04,15:28:53,1977.530000,197753,79101,38558,3237,76,1,0,0.18096543,2.13538169,6.54586261,9.50894524,9.78510796,9.83314802,9.83314802
2025/10/04,15:28:54,1959.770000,195977,78390,37762,3156,73,1,0,0.17933990,2.11620054,6.43554877,9.32368885,9.58925619,9.63621357,9.63621357
2025/10/04,15:28:55,1947.700000,194770,77908,37050,3102,71,1,0,0.17823586,2.10317318,6.34109946,9.18066758,9.43781500,9.48477238,9.48477238
2025/10/04,15:28:56,1937.960000,193796,77518,36397,3064,69,1,0,0.17734418,2.09265120,6.25584064,9.06034558,9.31072815,9.35876821,9.35876821
2025/10/04,15:28:57,1929.620000,192962,77185,35858,3046,68,1,0,0.17658125,2.08364881,6.18522544,8.97295742,9.22040566,9.27283831,9.27283831
2025/10/04,15:28:58,1922.850000,192285,76914,35435,3046,69,1,0,0.17596103,2.07633008,6.12957545,8.91743737,9.16756336,9.22435766,9.22435766
2025/10/04,15:28:59,1916.900000,191690,76676,35085,3053,70,1,0,0.17541704,2.06991124,6.08302933,8.87767767,9.13278334,9.19285662,9.19285662
2025/10/04,15:29:00,1911.580000,191158,76463,34787,3064,72,2,0,0.17493019,2.06416642,6.04325669,8.84756763,9.10777585,9.17112810,9.17112810
2025/10/04,15:29:01,1906.520000,190652,76260,34508,3077,73,2,0,0.17446709,2.05870189,6.00592938,8.82181000,9.08737734,9.15400857,9.15400857
2025/10/04,15:29:02,1900.570000,190057,76022,34200,3084,74,2,0,0.17392223,2.05227259,5.96417973,8.78694377,9.05672469,9.12552128,9.12552128
