Date,Time,PC0.1_calibrated,PC0.1,PC0.3,PC0.5,PC1.0,PC2.5,PC5.0,PC10,PM0.1,PM0.3,PM0.5,PM1.0,PM2.5,PM5.0,PM10
2025/11/07,15:30:01,2234.690000,223469,89387,51662,4381,130,2,0,0.20449801,2.41306494,8.32236970,12.33193107,12.80487793,12.88898671,12.88898671
2025/11/07,15:30:02,0.000000,0,88148,49991,4221,124,2,0,0.20166270,2.37960852,8.09772903,11.96105749,12.41230768,12.49313749,12.49313749
2025/11/07,15:30:03,2194.020000,219402,87760,49497,4163,120,2,0,0.20077626,2.36914851,8.03079828,11.84086852,12.27489219,12.35352570,12.35352570
2025/11/07,15:30:04,2183.660000,218366,87346,48990,4103,115,2,0,0.19982808,2.35796014,7.96165678,11.71695065,12.13310818,12.20957633,12.20957633
2025/11/07,15:30:05,2172.550000,217255,86902,48456,4039,109,2,0,0.19881166,2.34596621,7.88855093,11.58480221,11.98194444,12.05513362,12.05513362
2025/11/07,15:30:06,2160.790000,216079,86431,47896,3968,104,2,0,0.19773558,2.33326871,7.81177659,11.44319998,11.82005127,11.88996147,11.88996147
2025/11/07,15:30:07,2149.600000,214960,85984,47367,3900,99,2,0,0.19671114,2.32118038,7.73914996,11.30810551,11.66619808,11.73282931,11.73282931
2025/11/07,15:30:08,2139.660000,213966,85586,46904,3837,94,2,0,0.19580201,2.31045250,7.67550602,11.18752006,11.52914860,11.59250085,11.59250085
2025/11/07,15:30:09,2129.350000,212935,85174,46436,3776,90,2,0,0.19485843,2.29931847,7.61080566,11.06639431,11.39309103,11.46628021,11.46628021
2025/11/07,15:30:10,2119.720000,211972,84789,46020,3730,87,2,0,0.19397725,2.28892043,7.55286400,10.96647310,11.28308760,11.37483701,11.37483701
2025/11/07,15:30:11,2111.430000,211143,84457,45446,3699,86,3,0,0.19321884,2.27997143,7.47823852,10.86327987,11.17440877,11.28143944,11.28143944
2025/11/07,15:30:12,2104.980000,210498,84199,44926,3676,85,3,0,0.19262809,2.27300063,7.41186845,10.77667956,11.08614977,11.20301736,11.20301736
2025/11/07,15:30:13,2099.600000,209960,83984,44566,3661,87,4,0,0.19213591,2.26719291,7.36483069,10.71558396,11.03041329,11.15603512,11.15603512
2025/11/07,15:30:14,2094.140000,209414,83765,44239,3649,92,4,0,0.19163613,2.26129556,7.32156097,10.66100353,10.99612379,11.13046893,11.13046893
2025/11/07,15:30:15,2089.190000,208919,83567,43998,3640,98,4,0,0.19118315,2.25595023,7.28861040,10.61997350,10.97716987,11.11915564,11.11915564
2025/11/07,15:30:16,2088.230000,208823,83529,44780,3674,111,4,0,0.19109541,2.25491490,7.37703949,10.73923340,11.14109513,11.29291782,11.29291782
2025/11/07,15:30:17,2088.590000,208859,83543,45900,3732,125,4,0,0.19112876,2.25530861,7.50549800,10.92153122,11.37329456,11.52511725,11.52511725
2025/11/07,15:30:18,2088.870000,208887,83554,46339,3792,133,4,0,0.19115390,2.25560512,7.55609304,11.02622454,11.50925363,11.65563199,11.65563199
2025/11/07,15:30:19,2088.920000,208892,83556,46733,3849,140,4,0,0.19115833,2.25565753,7.60110380,11.12420159,11.63134852,11.77333429,11.77333429
2025/11/07,15:30:20,2088.410000,208841,83536,47068,3903,146,4,0,0.19111228,2.25511414,7.63897103,11.21083479,11.73942182,11.87812862,11.87812862
2025/11/07,15:30:21,2087.300000,208730,83492,47362,3951,152,4,0,0.19101026,2.25391008,7.67138278,11.28768222,11.83745277,11.97727318,11.97727318
2025/11/07,15:30:22,2086.220000,208622,83449,47661,3998,158,4,0,0.19091185,2.25274892,7.70439894,11.36322698,11.93673594,12.08747595,12.09614112
2025/11/07,15:30:23,2084.380000,208438,83375,47916,4040,164,5,0,0.19074355,2.25076309,7.73162187,11.42864824,12.02359729,12.18306061,12.19172578
2025/11/07,15:30:24,2078.600000,207860,83144,47761,4038,166,5,0,0.19021430,2.24451781,7.70755486,11.40351513,12.00471589,12.16857180,12.17723697
2025/11/07,15:30:25,2071.480000,207148,82859,47454,4010,166,5,0,0.18956231,2.23682437,7.66483584,11.33510453,11.93643177,12.10137036,12.11003553
2025/11/07,15:30:26,2064.650000,206465,82586,47164,3970,166,5,0,0.18893801,2.22945793,7.62424546,11.25786693,11.85868463,12.02470590,12.03337107
2025/11/07,15:30:27,2057.360000,205736,82294,46859,3920,165,5,0,0.18827029,2.22157862,7.58153445,11.16900716,11.76752655,11.93246514,11.94113031
2025/11/07,15:30:28,2048.700000,204870,81948,46509,3866,164,5,0,0.18747827,2.21223304,7.53215447,11.06995709,11.66452309,11.82837900,11.83704417
2025/11/07,15:30:29,2039.210000,203921,81568,46130,3809,161,5,0,0.18660927,2.20197894,7.47849305,10.96475053,11.54987031,11.70933363,11.71799880
2025/11/07,15:30:30,2029.300000,202930,81172,45522,3750,155,4,0,0.18570289,2.19128346,7.39829991,10.83081418,11.39334832,11.53753038,11.53753038
2025/11/07,15:30:31,2019.400000,201940,80776,44597,3693,149,4,0,0.18479657,2.18058893,7.28173288,10.66150688,11.20209140,11.33315757,11.33315757
2025/11/07,15:30:32,2009.370000,200937,80375,43665,3636,144,3,0,0.18387932,2.16976567,7.16428597,10.49212683,11.01254689,11.13269345,11.13269345
2025/11/07,15:30:33,2001.890000,200189,80075,42909,3590,139,3,0,0.18319415,2.16168044,7.06981424,10.35574053,10.86007962,10.97258555,10.97258555
2025/11/07,15:30:34,2025.810000,202581,81032,45010,3708,146,3,0,0.18538376,2.18751778,7.33594284,10.72961271,11.25781669,11.37140530,11.37140530
2025/11/07,15:30:35,2072.510000,207251,82900,47872,3944,160,3,0,0.18965667,2.23793787,7.71377171,11.32334970,11.90285740,12.02080767,12.02080767
2025/11/07,15:30:36,2120.020000,212002,84800,50516,4178,174,3,0,0.19400456,2.28924267,8.06746922,11.89111231,12.52038792,12.64273078,12.65139595
2025/11/07,15:30:37,2169.720000,216972,86788,53248,4416,188,4,0,0.19855238,2.34290693,8.43361269,12.47497306,13.15440324,13.28110775,13.28977292
2025/11/07,15:30:38,2220.600000,222060,88824,55974,4654,201,4,0,0.20320857,2.39784966,8.80034387,13.05958349,13.78737945,13.91844562,13.92711079
2025/11/07,15:30:39,2271.240000,227124,90849,58530,4886,212,4,0,0.20784320,2.45253787,9.14741527,13.61894285,14.38770374,14.52096620,14.52963137
2025/11/07,15:30:40,2320.400000,232040,92816,60842,5106,221,4,0,0.21234110,2.50561298,9.46496535,14.13756719,14.93912604,15.07458479,15.08324996
2025/11/07,15:30:41,2362.720000,236272,94509,62847,5290,228,4,0,0.21621451,2.55131885,9.73996721,14.58123028,15.40627096,15.54061610,15.54928127
2025/11/07,15:30:42,2362.510000,236251,94500,63473,5272,221,4,0,0.21619470,2.55108526,9.81131568,14.63593573,15.43749458,15.56528177,15.57394694
2025/11/07,15:30:43,2357.800000,235780,94312,63160,5214,213,3,0,0.21576408,2.54600399,9.77049394,14.54198481,15.31227791,15.43350715,15.44217232
2025/11/07,15:30:44,2383.570000,238357,95342,63339,5284,212,3,0,0.21812200,2.57382713,9.81876036,14.65423814,15.42261598,15.54276254,15.55142771
2025/11/07,15:30:45,2406.000000,240600,96240,63240,5334,210,3,0,0.22017524,2.59805525,9.83163382,14.71300138,15.47308577,15.58995336,15.59861853
2025/11/07,15:30:46,2424.230000,242423,96969,63005,5356,206,3,0,0.22184262,2.61773023,9.82446696,14.72667879,15.47374663,15.58733524,15.59600041
2025/11/07,15:30:47,2441.400000,244140,97656,62817,5374,204,3,0,0.22341424,2.63627547,9.82147828,14.73991310,15.47740824,15.58883149,15.59749666
2025/11/07,15:30:48,2457.090000,245709,98283,62747,5390,202,3,0,0.22485049,2.65322295,9.83042367,14.76317531,15.49531133,15.60453829,15.61320346
2025/11/07,15:30:49,2473.070000,247307,98922,62784,5408,201,3,0,0.22631208,2.67046976,9.85187953,14.80140322,15.52932928,15.63747356,15.64613873
2025/11/07,15:30:50,2500.040000,250004,100001,63041,5464,202,3,0,0.22878036,2.69959519,9.91048046,14.91122626,15.64310571,15.75124999,15.75991516
2025/11/07,15:30:51,2508.300000,250830,100332,62699,5438,198,3,0,0.22953609,2.70851269,9.88025220,14.85698655,15.57342465,15.67717634,15.68584151
2025/11/07,15:30:52,2482.110000,248211,99284,61585,5274,186,3,0,0.22713987,2.68023766,9.72451425,14.55146050,15.22540146,15.31934716,15.32801233
2025/11/07,15:30:53,2451.050000,245105,98042,60700,5113,176,2,0,0.22429723,2.64669451,9.58972778,14.26885798,14.90757980,14.99496755,15.00363272
2025/11/07,15:30:54,2421.240000,242124,96849,59936,4975,169,2,0,0.22156977,2.61451078,9.47018817,14.02328366,14.63431007,14.71730524,14.72597041
2025/11/07,15:30:55,2392.350000,239235,95694,59275,4849,162,2,0,0.21892546,2.58330806,9.36341658,13.80085008,14.38814170,14.46897151,14.46897151
2025/11/07,15:30:56,2364.880000,236488,94595,58710,4751,157,2,0,0.21641229,2.55365261,9.26912679,13.61765781,14.18733624,14.26596975,14.26596975
2025/11/07,15:30:57,2341.710000,234171,93668,58281,4680,154,2,0,0.21429183,2.52863134,9.19499062,13.47843569,14.03586367,14.11341450,14.11341450
2025/11/07,15:30:58,2319.690000,231969,92787,58003,4616,153,2,0,0.21227679,2.50485414,9.13948000,13.36378548,13.91738655,13.99929904,13.99929904
2025/11/07,15:30:59,2299.350000,229935,91974,57934,4562,161,3,0,0.21041528,2.48288831,9.10957270,13.28485324,13.86806137,13.97837101,13.97837101
2025/11/07,15:31:00,2284.080000,228408,91363,57923,4526,170,4,0,0.20901749,2.46639460,9.09183084,13.23398731,13.85088599,13.98306577,13.99173094
2025/11/07,15:31:01,2275.740000,227574,91029,57859,4505,179,4,0,0.20825459,2.45739227,9.07546467,13.19803697,13.84543529,13.99725798,14.00592315
2025/11/07,15:31:02,2269.070000,226907,90763,57740,4484,186,5,0,0.20764452,2.45019359,9.05465319,13.15838531,13.83258285,13.99971773,14.00838290
2025/11/07,15:31:03,2260.800000,226080,90432,57485,4454,192,5,0,0.20688701,2.44125511,9.01655033,13.09245775,13.78796890,13.96818875,13.97685392
2025/11/07,15:31:04,2252.700000,225270,90108,57155,4401,196,6,0,0.20614632,2.43251491,8.97006613,12.99830663,13.70925913,13.89823322,13.90689839
2025/11/07,15:31:05,2244.430000,224443,89777,56808,4351,200,6,0,0.20538962,2.42358596,8.92155116,12.90354590,13.62840754,13.82502226,13.83368743
2025/11/07,15:31:06,2235.430000,223543,89417,56328,4311,202,6,0,0.20456581,2.41386480,8.85684979,12.80261734,13.53386078,13.73483715,13.74350232
2025/11/07,15:31:07,2226.430000,222643,89057,55763,4271,195,6,0,0.20374222,2.40414648,8.78247700,12.69137130,13.39760069,13.58437849,13.59304366
2025/11/07,15:31:08,2217.140000,221714,88685,55182,4233,187,5,0,0.20289180,2.39411164,8.70602253,12.57972462,13.25787916,13.43045838,13.43912355
2025/11/07,15:31:09,2208.150000,220815,88326,54633,4209,180,5,0,0.20206925,2.38440570,8.63358478,12.48544056,13.13896411,13.29954105,13.30820622
2025/11/07,15:31:10,2199.170000,219917,87966,54108,4187,174,4,0,0.20124759,2.37471027,8.56377118,12.39565479,13.02684566,13.17758567,13.18625084
2025/11/07,15:31:11,2191.690000,219169,87667,53688,4173,172,4,0,0.20056274,2.36662884,8.50766538,12.32646115,12.94859247,13.09713619,13.10580136
2025/11/07,15:31:12,2185.060000,218506,87402,53363,4166,174,4,0,0.19995687,2.35947975,8.46335793,12.27643338,12.90647509,13.06049408,13.06915925
2025/11/07,15:31:13,2178.500000,217850,87140,53036,4169,176,5,0,0.19935652,2.35239553,8.41889722,12.23442881,12.87315063,13.03372757,13.04239274
2025/11/07,15:31:14,2172.410000,217241,86896,52722,4166,179,5,0,0.19879896,2.34581653,8.37630712,12.18925354,12.83665186,13.00378674,13.01245191
2025/11/07,15:31:15,2165.940000,216594,86637,52351,4171,181,5,0,0.19820653,2.33882572,8.32688251,12.14467624,12.79998496,12.97256418,12.98122935
2025/11/07,15:31:16,2159.300000,215930,86372,51973,4184,183,5,0,0.19759946,2.33166236,8.27655421,12.10588559,12.76910831,12.94604918,12.95471435
2025/11/07,15:31:17,2152.030000,215203,86081,51583,4182,185,5,0,0.19693413,2.32381160,8.22406412,12.05155339,12.72077486,12.90210832,12.91077349
2025/11/07,15:31:18,2145.580000,214558,85823,51241,4183,187,6,0,0.19634380,2.31684560,8.17799685,12.00613219,12.68237147,12.86806659,12.87673176
2025/11/07,15:31:19,2140.370000,214037,85614,50962,4204,191,6,0,0.19586671,2.31121611,8.14047633,11.98819584,12.68025952,12.86703732,12.87570249
2025/11/07,15:31:20,2136.380000,213638,85455,50725,4233,194,5,0,0.19550169,2.30690892,8.10908503,11.98320716,12.68535307,12.86776921,12.87643438
2025/11/07,15:31:21,2133.060000,213306,85322,50513,4249,196,5,0,0.19519801,2.30332534,8.08118026,11.97032933,12.68153479,12.86067196,12.86933713
2025/11/07,15:31:22,2129.210000,212921,85168,50281,4266,198,5,0,0.19484560,2.29916691,8.05055585,11.95489384,12.67363025,12.84840576,12.85707093
2025/11/07,15:31:23,2125.780000,212578,85031,50082,4276,201,5,0,0.19453154,2.29546127,8.02399129,11.93770087,12.66434768,12.83476154,12.84342671
2025/11/07,15:31:24,2123.010000,212301,84920,51676,4294,205,5,0,0.19427786,2.29246778,8.20333181,12.13362035,12.87443287,13.04156775,13.05023292
2025/11/07,15:31:25,2119.640000,211964,84785,54274,4318,209,5,0,0.19396998,2.28883463,8.49691292,12.44836877,13.20449616,13.36835207,13.37701724
2025/11/07,15:31:26,2116.010000,211601,84640,56756,4345,213,5,0,0.19363744,2.28491071,8.77685721,12.75358460,13.52362113,13.68419807,13.69286324
2025/11/07,15:31:27,2112.270000,211227,84491,59173,4360,212,5,0,0.19329553,2.28087618,9.04935530,13.03926753,13.80598668,13.96108835,13.96975352
2025/11/07,15:31:28,2107.530000,210753,84301,61433,4362,208,4,0,0.19286207,2.27576152,9.30272115,13.29460543,14.04869108,14.19723480,14.20589997
2025/11/07,15:31:29,2102.060000,210206,84082,63567,4359,204,4,0,0.19236077,2.26984607,9.54089801,13.53074618,14.27130574,14.41329151,14.42195668
2025/11/07,15:31:30,2096.300000,209630,83852,65536,4355,201,4,0,0.19183385,2.26362840,9.75991678,13.74533767,14.47415631,14.61069775,14.61936292
2025/11/07,15:31:31,2090.360000,209036,83614,67146,4352,198,4,0,0.19129012,2.25721243,9.93756772,13.92027350,14.63862686,14.76969303,14.77835820
2025/11/07,15:31:32,2083.760000,208376,83350,66812,4330,194,4,0,0.19068651,2.25009004,9.89228120,13.85482172,14.55607504,14.68169687,14.69036204
2025/11/07,15:31:33,2077.660000,207766,83106,65380,4300,188,3,0,0.19012785,2.24349773,9.72190775,13.65756064,14.34018172,14.46141096,14.47007613
2025/11/07,15:31:34,2071.630000,207163,82865,64009,4266,184,3,0,0.18957643,2.23699118,9.55861228,13.46285327,14.12811773,14.24498532,14.25365049
2025/11/07,15:31:35,2065.780000,206578,82631,62689,4241,180,3,0,0.18904143,2.23067819,9.40124631,13.28260692,13.93332262,14.04691123,14.05557640
2025/11/07,15:31:36,2059.810000,205981,82392,61414,4222,176,3,0,0.18849431,2.22422219,9.24892791,13.11293446,13.75101666,13.86243991,13.87110508
2025/11/07,15:31:37,2054.800000,205480,82192,60243,4208,173,3,0,0.18803654,2.21882058,9.10968917,12.96073692,13.58886337,13.69917301,13.70783818
2025/11/07,15:31:38,2050.370000,205037,82015,59217,4188,170,3,0,0.18763097,2.21403483,8.98750252,12.82055014,13.43846788,13.54769484,13.55636001
2025/11/07,15:31:39,2044.200000,204420,81768,58394,4157,167,3,0,0.18706623,2.20737102,8.88670073,12.69140663,13.29592476,13.40187275,13.41053792
2025/11/07,15:31:40,2036.890000,203689,81475,57613,4123,163,3,0,0.18639754,2.19948026,8.78943442,12.56243741,13.15266335,13.25533236,13.26399753
2025/11/07,15:31:41,2030.850000,203085,81234,56958,4096,160,3,0,0.18584418,2.19295082,8.70797437,12.45664288,13.03576753,13.13843654,13.13843654
2025/11/07,15:31:42,2025.030000,202503,81001,56348,4071,157,3,0,0.18531202,2.18667123,8.63199100,12.35745610,12.92649852,13.02808485,13.02808485
2025/11/07,15:31:43,2017.500000,201750,80700,55629,4026,153,3,0,0.18462335,2.17854497,8.54163491,12.22602551,12.78102870,12.87933606,12.87933606
2025/11/07,15:31:44,2010.000000,201000,80400,54883,3977,149,3,0,0.18393636,2.17043872,8.44815617,12.08804703,12.62888451,12.72391289,12.72391289
2025/11/07,15:31:45,2001.730000,200173,80069,54115,3935,145,3,0,0.18317983,2.16151167,8.35137635,11.95297188,12.47990022,12.57273231,12.57273231
2025/11/07,15:31:46,1992.410000,199241,79696,53315,3890,141,2,0,0.18232725,2.15145112,8.24981148,11.81020348,12.32245657,12.41200968,12.41200968
2025/11/07,15:31:47,1983.640000,198364,79345,52573,3848,138,2,0,0.18152409,2.14197400,8.15549100,11.67694069,12.17617723,12.26356498,12.26356498
2025/11/07,15:31:48,1980.310000,198031,79212,52047,3831,136,2,0,0.18121992,2.13838469,8.09170265,11.59835143,12.09222524,12.17961299,12.17961299
2025/11/07,15:31:49,2045.440000,204544,81817,53109,3964,145,3,0,0.18717960,2.20870855,8.28350722,11.91115031,12.43705597,12.53208435,12.53208435
2025/11/07,15:31:50,2132.750000,213275,85310,54643,4153,161,3,0,0.19516980,2.30299264,8.55320586,12.35435657,12.93756470,13.04351269,13.04351269
2025/11/07,15:31:51,2220.500000,222050,88820,56208,4346,176,3,0,0.20319984,2.39774670,8.82699776,12.80466222,13.44312747,13.55671608,13.56538125
2025/11/07,15:31:52,2308.410000,230841,92336,57824,4547,191,3,0,0.21124395,2.49266668,9.10675628,13.26791491,13.95895952,14.07910608,14.08777125
2025/11/07,15:31:53,2394.900000,239490,95796,59320,4732,203,4,0,0.21915921,2.58606608,9.37128442,13.70168538,14.43854451,14.56305273,14.57171790
2025/11/07,15:31:54,2481.560000,248156,99262,60802,4914,216,4,0,0.22708923,2.67963992,9.63436322,14.13155035,14.91230873,15.04009592,15.04876109
2025/11/07,15:31:55,2568.290000,256829,102731,62287,5095,227,4,0,0.23502621,2.77329576,9.89793191,14.56119419,15.38431961,15.51538578,15.52405095
2025/11/07,15:31:56,2649.230000,264923,105969,63539,5248,236,4,0,0.24243335,2.86069963,10.12853627,14.93189202,15.78794550,15.92120796,15.92987313
2025/11/07,15:31:57,2659.780000,265978,106391,63086,5242,234,4,0,0.24339790,2.87208149,10.08806446,14.88563491,15.73237226,15.85907677,15.86774194
2025/11/07,15:31:58,2646.770000,264677,105871,62083,5171,223,3,0,0.24220800,2.85804074,9.95934946,14.69199594,15.50121222,15.62027610,15.62894127
2025/11/07,15:31:59,2633.090000,263309,105323,61056,5095,213,3,0,0.24095573,2.84326401,9.82708707,14.49038229,15.26297370,15.37547963,15.38414480
2025/11/07,15:32:00,2618.270000,261827,104731,59974,5005,203,3,0,0.23959998,2.82726608,9.68729390,14.26789014,15.00423612,15.10798781,15.11665298
2025/11/07,15:32:01,2604.950000,260495,104198,59023,4921,195,3,0,0.23838068,2.81287833,9.56412947,14.06768299,14.77289332,14.86900438,14.87766955
2025/11/07,15:32:02,2590.780000,259078,103631,58051,4834,186,2,0,0.23708420,2.79758012,9.43769956,13.86217426,14.53675485,14.62742158,14.63608675
2025/11/07,15:32:03,2576.210000,257621,103048,57077,4746,178,2,0,0.23575058,2.78184338,9.31048362,13.65400536,14.29859584,14.38270462,14.39136979
2025/11/07,15:32:04,2562.410000,256241,102496,56190,4663,170,2,0,0.23448797,2.76694464,9.19411142,13.46143051,14.07896520,14.15759871,14.16626388
2025/11/07,15:32:05,2549.300000,254930,101972,55371,4590,164,2,0,0.23328812,2.75278660,9.08632429,13.28749133,13.88345945,13.95881399,13.95881399
2025/11/07,15:32:06,2537.270000,253727,101491,54634,4533,160,2,0,0.23218741,2.73979835,8.98902993,13.13810185,13.71888519,13.79207437,13.79207437
2025/11/07,15:32:07,2525.230000,252523,101009,53919,4478,156,2,0,0.23108583,2.72679961,8.89422950,12.99272630,13.55921383,13.63020671,13.63020671
2025/11/07,15:32:08,2514.930000,251493,100597,53330,4432,153,2,0,0.23014300,2.71567416,8.81574729,12.87229658,13.42742625,13.49733645,13.49733645
2025/11/07,15:32:09,2504.840000,250484,100193,52773,4389,150,2,0,0.22921929,2.70477464,8.74117882,12.75830171,13.30296971,13.37287991,13.37287991
2025/11/07,15:32:10,2495.580000,249558,99823,52280,4353,148,2,0,0.22837227,2.69477986,8.67480229,12.65902714,13.19476207,13.26467227,13.26467227
2025/11/07,15:32:11,2486.930000,248693,99477,51827,4321,146,2,0,0.22758077,2.68544004,8.61362493,12.56834496,13.09603940,13.16594960,13.16594960
2025/11/07,15:32:12,2478.480000,247848,99139,51386,4289,143,2,0,0.22680759,2.67631659,8.55402531,12.47936954,12.99953303,13.06944323,13.06944323
2025/11/07,15:32:13,2470.130000,247013,98805,50966,4252,141,2,0,0.22604304,2.66729514,8.49697148,12.38854466,12.89926554,12.96917574,12.96917574
2025/11/07,15:32:14,2461.180000,246118,98447,50541,4205,137,2,0,0.22522407,2.65763118,8.43865301,12.28717964,12.78501045,12.85380704,12.85380704
2025/11/07,15:32:15,2451.770000,245177,98071,50111,4156,134,2,0,0.22436364,2.64747816,8.37942147,12.18351333,12.66883712,12.73655103,12.73655103
2025/11/07,15:32:16,2440.770000,244077,97631,49618,4102,130,2,0,0.22335704,2.63560051,8.31109734,12.06487214,12.53679632,12.60342755,12.60342755
2025/11/07,15:32:17,2429.080000,242908,97163,49096,4043,125,2,0,0.22228714,2.62297548,8.23876203,11.93911755,12.39304911,12.45748404,12.45748404
2025/11/07,15:32:18,2418.100000,241810,96724,48613,3985,119,2,0,0.22128183,2.61111308,8.17169728,11.81892362,12.25077546,12.31301410,12.31301410
2025/11/07,15:32:19,2405.270000,240527,96210,48156,3927,113,1,0,0.22010754,2.59725635,8.10546987,11.69953591,12.11071376,12.17078704,12.17078704
2025/11/07,15:32:20,2391.330000,239133,95653,47724,3870,108,1,0,0.21883232,2.58220888,8.04102475,11.58338368,11.97529327,12.03317026,12.03317026
2025/11/07,15:32:21,2376.730000,237673,95069,47283,3813,103,1,0,0.21749635,2.56644449,7.97488108,11.46436980,11.83739057,11.89418487,11.89418487
2025/11/07,15:32:22,2362.320000,236232,94493,46859,3756,98,1,0,0.21617783,2.55088603,7.91082973,11.34861226,11.70504252,11.75964053,11.75964053
2025/11/07,15:32:23,2349.090000,234909,93963,46507,3707,94,1,0,0.21496683,2.53659644,7.85627949,11.24872129,11.59200852,11.64660653,11.64660653
2025/11/07,15:32:24,2337.470000,233747,93498,46234,3668,92,1,0,0.21390313,2.52404482,7.81245096,11.16934458,11.50395531,11.55966693,11.55966693
2025/11/07,15:32:25,2326.500000,232650,93060,45992,3633,90,1,0,0.21289995,2.51220723,7.77298789,11.09798460,11.42519086,11.48090248,11.48090248
2025/11/07,15:32:26,2315.110000,231511,92604,45534,3599,88,1,0,0.21185709,2.49990156,7.70827516,11.00198991,11.32205188,11.37884618,11.37884618
2025/11/07,15:32:27,2305.740000,230574,92229,44920,3567,86,1,0,0.21099957,2.48978285,7.62789940,10.89278742,11.20672416,11.26460115,11.26460115
2025/11/07,15:32:28,2297.240000,229724,91889,44273,3536,85,1,0,0.21022219,2.48060984,7.54475705,10.78123837,11.08917637,11.14813604,11.14813604
2025/11/07,15:32:29,2290.300000,229030,91612,43783,3518,84,1,0,0.20958740,2.47311945,7.48122818,10.70142246,11.00591299,11.06706895,11.06706895
2025/11/07,15:32:30,2284.410000,228441,91376,43404,3506,83,2,0,0.20904813,2.46675593,7.43148159,10.64010619,10.94268507,11.00492371,11.00492371
2025/11/07,15:32:31,2278.550000,227855,91142,43021,3500,83,2,0,0.20851199,2.46042959,7.38133593,10.58504824,10.88647796,10.95091289,10.95091289
2025/11/07,15:32:32,2271.290000,227129,90851,42517,3490,82,2,0,0.20784714,2.45258455,7.31590539,10.51037514,10.80874044,10.87425805,10.87425805
2025/11/07,15:32:33,2263.210000,226321,90528,41958,3478,81,2,0,0.20710767,2.44385868,7.24313905,10.42604004,10.72057843,10.78720966,10.78720966
2025/11/07,15:32:34,2254.200000,225420,90168,41347,3468,80,2,0,0.20628360,2.43413465,7.16354973,10.33791919,10.62901011,10.69564134,10.69564134
2025/11/07,15:32:35,2243.030000,224303,89721,40704,3457,79,2,0,0.20526110,2.42206921,7.07801183,10.24233069,10.52895507,10.59666898,10.59666898
2025/11/07,15:32:36,2232.540000,223254,89301,40170,3450,78,2,0,0.20430152,2.41074642,7.00554875,10.16321022,10.44677380,10.51557039,10.51557039
2025/11/07,15:32:37,2222.060000,222206,88882,39628,3431,77,2,0,0.20334204,2.39942458,6.93226672,10.07257413,10.35256376,10.42136035,10.42136035
2025/11/07,15:32:38,2211.240000,221124,88449,39063,3411,76,2,0,0.20235186,2.38774048,6.85591202,9.97757233,10.25411448,10.32291107,10.32291107
2025/11/07,15:32:39,2200.530000,220053,88021,38506,3389,75,2,0,0.20137250,2.37618412,6.78068683,9.88214985,10.15435556,10.22315215,10.22315215
2025/11/07,15:32:40,2190.780000,219078,87631,38040,3368,74,2,0,0.20047991,2.36565167,6.71679394,9.79944789,10.06782308,10.13661967,10.13661967
2025/11/07,15:32:41,2181.960000,218196,87278,37669,3352,73,2,0,0.19967264,2.35612591,6.66489911,9.73317218,9.99925267,10.06804926,10.06804926
2025/11/07,15:32:42,2174.750000,217475,86990,37416,3335,73,2,0,0.19901267,2.34833811,6.62818919,9.68062728,9.94581157,10.01460816,10.01460816
2025/11/07,15:32:43,2169.290000,216929,86771,37186,3318,73,2,0,0.19851354,2.34244840,6.59595864,9.63246474,9.89675644,9.96555303,9.96555303
2025/11/07,15:32:44,2164.140000,216414,86565,36939,3303,74,2,0,0.19804162,2.33687995,6.56209020,9.58502346,9.85403827,9.92394847,9.92394847
2025/11/07,15:32:45,2158.530000,215853,86341,36668,3299,79,2,0,0.19752859,2.33082626,6.52509073,9.54424277,9.83316547,9.90524103,9.90524103
2025/11/07,15:32:46,2156.520000,215652,86260,36799,3317,87,2,0,0.19734471,2.32865645,6.53787474,9.57328180,9.88913019,9.96340205,9.96340205
2025/11/07,15:32:47,2173.690000,217369,86947,39397,3464,105,2,0,0.19891611,2.34719886,6.85362340,10.02421165,10.40488985,10.48460604,10.48460604
2025/11/07,15:32:48,2194.440000,219444,87777,42487,3596,127,3,0,0.20081455,2.36960038,7.22938267,10.52054428,10.98276928,11.07671498,11.07671498
2025/11/07,15:32:49,2214.820000,221482,88592,45545,3726,146,4,0,0.20267980,2.39161010,7.60119558,11.01150848,11.54098809,11.66769260,11.66769260
2025/11/07,15:32:50,2230.930000,223093,89237,46898,3851,166,4,0,0.20415448,2.40901135,7.77339436,11.29755917,11.90016566,12.05310197,12.06176714
2025/11/07,15:32:51,2241.540000,224154,89661,48039,3974,186,5,0,0.20512505,2.42046379,7.91540388,11.55232156,12.22562651,12.40256738,12.41123255
2025/11/07,15:32:52,2252.050000,225205,90082,49178,4093,204,6,0,0.20608702,2.43181516,8.05696507,11.80269243,12.54044414,12.73597618,12.74464135
2025/11/07,15:32:53,2262.700000,226270,90508,50304,4201,218,6,0,0.20706136,2.44331241,8.19726627,12.04252963,12.83234756,13.04207818,13.05074335
2025/11/07,15:32:54,2269.720000,226972,90789,51255,4293,231,7,0,0.20770375,2.45089241,8.31366344,12.24262691,13.07749325,13.29922615,13.30789132
2025/11/07,15:32:55,2256.740000,225674,90269,51148,4273,235,7,0,0.20651612,2.43687836,8.28734947,12.19840891,13.05075834,13.28016280,13.28882797
2025/11/07,15:32:56,2240.210000,224021,89608,50815,4240,238,7,0,0.20500370,2.41903190,8.23142765,12.11152816,12.97345029,13.20174114,13.21040631
2025/11/07,15:32:57,2224.090000,222409,88963,50477,4216,237,6,0,0.20352828,2.40162205,8.17536491,12.03403914,12.89072863,13.10045925,13.10912442
2025/11/07,15:32:58,2211.130000,221113,88445,50152,4192,232,6,0,0.20234232,2.38762798,8.12422861,11.96115445,12.80074390,12.99299696,13.00166213
2025/11/07,15:32:59,2203.380000,220338,88135,49793,4165,226,5,0,0.20163329,2.37926149,8.07474921,11.88685556,12.70679008,12.88373095,12.89239612
2025/11/07,15:33:00,2195.810000,219581,87832,49444,4139,221,5,0,0.20094026,2.37108378,8.02669872,11.81485860,12.61654393,12.78039984,12.78906501
2025/11/07,15:33:01,2187.570000,218757,87503,49071,4111,216,5,0,0.20018625,2.36218630,7.97506044,11.73752782,12.52071099,12.67581266,12.68447783
2025/11/07,15:33:02,2178.110000,217811,87124,48638,4076,211,4,0,0.19932065,2.35197225,7.91538411,11.64559952,12.40810871,12.55337345,12.56203862
2025/11/07,15:33:03,2168.570000,216857,86743,48218,4041,205,4,0,0.19844752,2.34166952,7.85707313,11.55571558,12.29933595,12.43696007,12.44562524
2025/11/07,15:33:04,2158.650000,215865,86346,47808,3999,199,4,0,0.19753952,2.33095498,7.79943710,11.45897618,12.17975433,12.30973782,12.31840299
2025/11/07,15:33:05,2147.650000,214765,85906,47369,3942,192,4,0,0.19653292,2.31907733,7.73734579,11.34550171,12.04152239,12.16930958,12.17797475
2025/11/07,15:33:06,2137.690000,213769,85507,47000,3892,189,4,0,0.19562120,2.30831894,7.68437573,11.24622183,11.92973549,12.06299795,12.07166312
2025/11/07,15:33:07,2128.660000,212866,85146,46684,3846,186,4,0,0.19479502,2.29857012,7.63842193,11.15838549,11.83283960,11.97266001,11.98132518
2025/11/07,15:33:08,2119.010000,211901,84760,46329,3797,183,4,0,0.19391262,2.28815778,7.58747431,11.06274413,11.72698953,11.87225427,11.88091944
2025/11/07,15:33:09,2110.320000,211032,84413,46014,3760,181,4,0,0.19311737,2.27877405,7.54202286,10.98355366,11.64001153,11.79075154,11.79941671
2025/11/07,15:33:10,2103.070000,210307,84122,45612,3732,180,5,0,0.19245310,2.27093573,7.48823644,10.90420469,11.55632612,11.71254140,11.72120657
2025/11/07,15:33:11,2097.050000,209705,83882,45176,3711,179,5,0,0.19190284,2.26444255,7.43187298,10.82822503,11.47868777,11.64034739,11.64901256
2025/11/07,15:33:12,2091.630000,209163,83665,44770,3692,179,5,0,0.19140662,2.25858715,7.37960898,10.75867194,11.40798552,11.57512040,11.58378557
2025/11/07,15:33:13,2087.290000,208729,83491,44453,3676,178,5,0,0.19100912,2.25389673,7.33861258,10.70319766,11.34676907,11.51390395,11.52256912
2025/11/07,15:33:14,2083.180000,208318,83327,44141,3660,174,5,0,0.19063328,2.24946181,7.29850570,10.64822490,11.27826661,11.43884355,11.44750872
2025/11/07,15:33:15,2079.160000,207916,83166,43842,3645,170,4,0,0.19026558,2.24512316,7.25993735,10.59556667,11.21335793,11.36737692,11.37604209
2025/11/07,15:33:16,2074.770000,207477,82990,43513,3628,167,4,0,0.18986372,2.24038124,7.21754419,10.53788759,11.14342840,11.29088944,11.29955461
2025/11/07,15:33:17,2069.260000,206926,82770,43082,3598,163,4,0,0.18935968,2.23443340,7.16227545,10.45566717,11.04742532,11.18941109,11.19807626
2025/11/07,15:33:18,2063.210000,206321,82528,42593,3570,159,4,0,0.18880584,2.22789827,7.09985935,10.36746157,10.94479744,11.08025619,11.08892136
2025/11/07,15:33:19,2056.520000,205652,82261,42049,3543,155,4,0,0.18819376,2.22067579,7.03036567,10.27282629,10.83548691,10.96438772,10.96438772
2025/11/07,15:33:20,2049.440000,204944,81977,41506,3514,151,3,0,0.18754591,2.21303099,6.96070818,10.17718621,10.72580760,10.84923314,10.84923314
2025/11/07,15:33:21,2041.030000,204103,81641,40860,3482,147,3,0,0.18677629,2.20394950,6.87766948,10.06418971,10.59813586,10.71608613,10.71608613
2025/11/07,15:33:22,2032.070000,203207,81282,40161,3449,143,3,0,0.18595593,2.19426932,6.78802550,9.94494390,10.46344870,10.57595463,10.57595463
2025/11/07,15:33:23,2022.610000,202261,80904,39443,3405,139,3,0,0.18509049,2.18405718,6.69569254,9.81224748,10.31505436,10.42100235,10.42100235
2025/11/07,15:33:24,2013.270000,201327,80530,38760,3361,135,3,0,0.18423562,2.17396990,6.60746736,9.68394892,10.17208055,10.27255327,10.27255327
2025/11/07,15:33:25,2004.670000,200467,80187,38175,3323,131,3,0,0.18344887,2.16468629,6.53135200,9.57264136,10.04852254,10.14355092,10.14355092
2025/11/07,15:33:26,1996.270000,199627,79851,37639,3279,128,2,0,0.18268031,2.15561720,6.46089224,9.46191422,9.92669411,10.01736084,10.01736084
2025/11/07,15:33:27,1987.500000,198750,79500,37074,3228,123,2,0,0.18187724,2.14614103,6.38687472,9.34106984,9.78683443,9.87310857,9.87310857
2025/11/07,15:33:28,1978.670000,197867,79146,36515,3178,118,2,0,0.18106939,2.13660862,6.31339873,9.22248008,9.65050501,9.73350018,9.73350018
2025/11/07,15:33:29,1970.970000,197097,78839,36073,3137,114,2,0,0.18036521,2.12829933,6.25442740,9.12569843,9.54006718,9.62089699,9.62089699
2025/11/07,15:33:30,1963.670000,196367,78547,35659,3096,111,2,0,0.17969700,2.12041429,6.19919662,9.03239835,9.43426008,9.51397627,9.51397627
2025/11/07,15:33:31,1956.910000,195691,78276,35283,3056,108,2,0,0.17907820,2.11311267,6.14894419,8.94569270,9.33619656,9.41374739,9.41374739
2025/11/07,15:33:32,1949.960000,194996,77998,34914,3016,104,2,0,0.17844269,2.10561371,6.09919730,8.85978359,9.23918616,9.31454070,9.31454070
2025/11/07,15:33:33,1943.510000,194351,77740,34596,2990,102,2,0,0.17785194,2.09864291,6.05590828,8.79235410,9.16295008,9.23722194,9.23722194
2025/11/07,15:33:34,1937.340000,193734,77493,34301,2971,100,2,0,0.17728747,2.09198196,6.01552651,8.73445629,9.09790798,9.17217984,9.17217984
2025/11/07,15:33:35,1932.670000,193267,77307,34107,2960,99,2,0,0.17686024,2.08694071,5.98819596,8.69743112,9.05705228,9.13240682,9.13240682
2025/11/07,15:33:36,1927.440000,192744,77097,33869,2946,98,2,0,0.17638131,2.08128934,5.95536750,8.65135285,9.00587147,9.08122601,9.08122601
2025/11/07,15:33:37,1919.860000,191986,76794,33526,2922,95,2,0,0.17568779,2.07310588,5.90800602,8.58237109,8.92872274,9.00299460,9.00299460
2025/11/07,15:33:38,1905.990000,190599,76239,33125,2889,93,2,0,0.17441894,2.05813371,5.84715038,8.49178459,8.82792392,8.89999948,8.89999948
2025/11/07,15:33:39,1890.440000,189044,75617,32686,2854,90,2,0,0.17299597,2.04134259,5.78014160,8.39190981,8.71745738,8.78736758,8.78736758
2025/11/07,15:33:40,1875.930000,187593,75037,32307,2821,87,2,0,0.17166760,2.02566784,5.72103940,8.30333481,8.61969635,8.68849294,8.68849294
2025/11/07,15:33:41,1861.430000,186143,74457,31902,2778,84,2,0,0.17034132,2.01001786,5.65908182,8.20214484,8.50740147,8.57403270,8.57403270
2025/11/07,15:33:42,1846.970000,184697,73879,31506,2730,81,2,0,0.16901786,1.99440123,5.59821997,8.09684730,8.39049311,8.45384536,8.45384536
2025/11/07,15:33:43,1832.210000,183221,73288,31108,2686,79,1,0,0.16766728,1.97846431,5.53673083,7.99554376,8.28408340,8.34523936,8.34523936
2025/11/07,15:33:44,1818.830000,181883,72753,30801,2660,82,1,0,0.16644222,1.96400883,5.48720940,7.92168785,8.21814150,8.27929746,8.27929746
2025/11/07,15:33:45,1808.320000,180832,72333,30626,2645,86,2,0,0.16548106,1.95266700,5.45582006,7.87679064,8.18817250,8.25041114,8.25041114
2025/11/07,15:33:46,1803.650000,180365,72146,30506,2642,93,2,0,0.16505341,1.94762096,5.43704821,7.85520759,8.19300922,8.25964045,8.25964045
2025/11/07,15:33:47,1799.610000,179961,71984,30379,2639,100,2,0,0.16468413,1.94326329,5.41811647,7.83368976,8.19599229,8.26698517,8.26698517
2025/11/07,15:33:48,1794.990000,179499,71799,30238,2635,106,2,0,0.16426094,1.93826969,5.39707029,7.80889531,8.19455320,8.26882506,8.26882506
2025/11/07,15:33:49,1790.170000,179017,71607,30102,2631,113,2,0,0.16382021,1.93306924,5.37628588,7.78465271,8.19327929,8.27083012,8.27083012
2025/11/07,15:33:50,1795.570000,179557,71823,32298,2692,126,2,0,0.16431400,1.93889602,5.63327794,8.09719716,8.55317046,8.63616563,8.63616563
2025/11/07,15:33:51,1822.790000,182279,72911,40431,2883,143,3,0,0.16680475,1.96828647,6.59293181,9.23136161,9.74935688,9.84438526,9.84438526
2025/11/07,15:33:52,1850.340000,185034,74013,46966,3064,160,3,0,0.16932567,1.99803344,7.37022856,10.17441047,10.75353512,10.86276208,10.86276208
2025/11/07,15:33:53,1877.550000,187755,75102,50166,3239,175,3,0,0.17181583,2.02741718,7.76563358,10.73023528,11.36461705,11.48256732,11.49123249
2025/11/07,15:33:54,1904.670000,190467,76186,53258,3409,188,3,0,0.17429743,2.05669990,8.14850442,11.26874266,11.94919190,12.07261744,12.08128261
2025/11/07,15:33:55,1931.910000,193191,77276,56204,3540,200,4,0,0.17679082,2.08612178,8.51498508,11.75515061,12.47809699,12.60588418,12.61454935
2025/11/07,15:33:56,1958.910000,195891,78356,59035,3661,211,4,0,0.17926105,2.11527009,8.86786225,12.21890652,12.98166866,13.11384844,13.12251361
2025/11/07,15:33:57,1986.520000,198652,79461,61819,3783,221,4,0,0.18178795,2.14508760,9.21618167,12.67858877,13.48014762,13.61560637,13.62427154
2025/11/07,15:33:58,2004.960000,200496,80198,63646,3860,228,4,0,0.18347520,2.16499708,9.44500839,12.97747869,13.80354205,13.94116617,13.94983134
2025/11/07,15:33:59,2001.610000,200161,80064,63013,3835,225,4,0,0.18316894,2.16138300,9.36901248,12.87886046,13.69203375,13.82637889,13.83504406
2025/11/07,15:34:00,1997.200000,199720,79888,62270,3805,218,4,0,0.18276498,2.15661630,9.27927317,12.76178147,13.54968414,13.67638865,13.68505382
2025/11/07,15:34:01,1992.810000,199281,79712,61555,3776,211,3,0,0.18236328,2.15187632,9.19278000,12.64882071,13.41298858,13.53421782,13.54288299
2025/11/07,15:34:02,1988.110000,198811,79524,60835,3745,205,3,0,0.18193305,2.14679978,9.10537663,12.53265558,13.27346810,13.39033569,13.39900086
2025/11/07,15:34:03,1983.190000,198319,79327,60138,3712,198,3,0,0.18148353,2.14149542,9.02024986,12.41763598,13.13637239,13.24887832,13.25754349
2025/11/07,15:34:04,1979.090000,197909,79163,59507,3680,193,3,0,0.18110843,2.13706910,8.94368809,12.31131041,13.01013894,13.11828322,13.12694839
2025/11/07,15:34:05,1974.580000,197458,78983,58869,3647,188,3,0,0.18069510,2.13219182,8.86579886,12.20378732,12.88360055,12.98735224,12.99601741
2025/11/07,15:34:06,1968.900000,196890,78756,58176,3611,182,3,0,0.18017593,2.12606566,8.78044004,12.08540052,12.74403023,12.84342027,12.85208544
2025/11/07,15:34:07,1962.250000,196225,78490,57426,3572,176,3,0,0.17956666,2.11887653,8.68750679,11.95666103,12.59321102,12.68823940,12.69690457
2025/11/07,15:34:08,1955.590000,195559,78223,56694,3533,170,2,0,0.17895749,2.11168836,8.59661028,11.83040943,12.44615895,12.53571206,12.54437723
2025/11/07,15:34:09,1948.770000,194877,77951,55963,3494,164,2,0,0.17833388,2.10432958,8.50555940,11.70368134,12.29939650,12.38458796,12.38458796
2025/11/07,15:34:10,1942.810000,194281,77712,55322,3462,160,2,0,0.17778763,2.09788406,8.42585955,11.59418566,12.17318022,12.25617539,12.25617539
2025/11/07,15:34:11,1937.900000,193790,77516,54781,3439,156,2,0,0.17733869,2.09258638,8.35865418,11.50574801,12.07172601,12.15472118,12.15472118
2025/11/07,15:34:12,1932.360000,193236,77294,54214,3421,153,2,0,0.17683219,2.08660989,8.28781321,11.41878106,11.97263509,12.05563026,12.05563026
2025/11/07,15:34:13,1926.450000,192645,77058,53642,3399,149,2,0,0.17629056,2.08021871,8.21600806,11.32716571,11.86851272,11.95042521,11.95042521
2025/11/07,15:34:14,1921.140000,192114,76845,53127,3382,146,2,0,0.17580533,2.07449298,8.15131531,11.24676701,11.77765235,11.86064752,11.86064752
2025/11/07,15:34:15,1916.260000,191626,76650,52662,3367,144,2,0,0.17535823,2.06921722,8.09294185,11.17475573,11.69657791,11.77957308,11.77957308
2025/11/07,15:34:16,1911.930000,191193,76477,52250,3354,142,2,0,0.17496186,2.06454014,8.04103615,11.11108727,11.62486896,11.70897774,11.70897774
2025/11/07,15:34:17,1907.820000,190782,76312,51856,3342,140,2,0,0.17458563,2.06010046,7.99162601,11.05039845,11.55652632,11.64063510,11.64063510
2025/11/07,15:34:18,1903.960000,190396,76158,51486,3329,138,2,0,0.17423306,2.05594011,7.94508024,10.99166897,11.49039236,11.57450114,11.57450114
2025/11/07,15:34:19,1900.600000,190060,76024,51145,3310,135,2,0,0.17392492,2.05230406,7.90247217,10.93160984,11.42305885,11.50605402,11.50605402
2025/11/07,15:34:20,1897.390000,189739,75895,50835,3277,133,2,0,0.17363164,2.04884345,7.86348922,10.86305710,11.34633915,11.42825164,11.42825164
2025/11/07,15:34:21,1893.960000,189396,75758,50523,3244,131,2,0,0.17331817,2.04514451,7.82410631,10.79290926,11.26764129,11.34735748,11.34735748
2025/11/07,15:34:22,1889.850000,188985,75594,50180,3207,128,2,0,0.17294136,2.04069814,7.78044144,10.71531137,11.18098385,11.25853468,11.25853468
2025/11/07,15:34:23,1886.200000,188620,75448,49870,3173,125,2,0,0.17260753,2.03675896,7.74110104,10.64540005,11.09792588,11.17439403,11.17439403
2025/11/07,15:34:24,1883.180000,188318,75327,49604,3147,122,2,0,0.17233112,2.03349756,7.70740287,10.58749643,11.02943050,11.10589865,11.10589865
2025/11/07,15:34:25,1880.230000,188023,75209,49354,3122,119,2,0,0.17206154,2.03031630,7.67559036,10.53344960,10.96594106,11.04240921,11.04240921
2025/11/07,15:34:26,1877.070000,187707,75083,49092,3101,117,2,0,0.17177253,2.02690621,7.64226863,10.48080268,10.90448755,10.98095570,10.98095570
2025/11/07,15:34:27,1873.790000,187379,74951,48832,3096,115,2,0,0.17147208,2.02336075,7.60898516,10.44228389,10.86035307,10.93790390,10.93790390
2025/11/07,15:34:28,1870.890000,187089,74835,48599,3094,114,2,0,0.17120683,2.02023094,7.57922362,10.41113322,10.82588502,10.90451853,10.90451853
2025/11/07,15:34:29,1868.530000,186853,74741,48398,3096,114,2,0,0.17099047,2.01767789,7.55361777,10.38707847,10.79966205,10.88049186,10.88049186
2025/11/07,15:34:30,1866.440000,186644,74657,48210,3098,115,2,0,0.17079899,2.01541848,7.52986883,10.36507464,10.78365697,10.87212740,10.87212740
2025/11/07,15:34:31,1863.960000,186396,74558,48009,3099,123,3,0,0.17057239,2.01274441,7.50423083,10.34027671,10.78706037,10.89956630,10.89956630
2025/11/07,15:34:32,1861.060000,186106,74442,47791,3097,129,4,0,0.17030674,2.00960982,7.47610054,10.31033634,10.78009230,10.90899311,10.90899311
2025/11/07,15:34:33,1861.890000,186189,74475,47943,3122,135,4,0,0.17038259,2.01050498,7.49446605,10.35200226,10.84192268,10.98502206,10.98502206
2025/11/07,15:34:34,1864.080000,186408,74563,48272,3155,141,4,0,0.17058295,2.01286926,7.53445720,10.42201619,10.93222754,11.08624653,11.08624653
2025/11/07,15:34:35,1866.330000,186633,74653,48599,3171,146,5,0,0.17078971,2.01530886,7.57424904,10.47686700,11.00468792,11.16854383,11.16854383
2025/11/07,15:34:36,1868.080000,186808,74723,48892,3183,150,5,0,0.17094936,2.01719266,7.60961140,10.52315297,11.06667181,11.23816835,11.23816835
2025/11/07,15:34:37,1868.810000,186881,74752,49130,3190,154,5,0,0.17101609,2.01798012,7.63770109,10.55725307,11.11429800,11.29123887,11.29990404
2025/11/07,15:34:38,1869.380000,186938,74775,49371,3198,156,5,0,0.17106867,2.01860073,7.66590257,10.59253198,11.15825702,11.33739419,11.34605936
2025/11/07,15:34:39,1869.230000,186923,74769,49567,3201,154,5,0,0.17105504,2.01843964,7.68805914,10.61756472,11.17678149,11.34391637,11.34391637
2025/11/07,15:34:40,1867.710000,186771,74708,49679,3196,152,4,0,0.17091581,2.01679700,7.69921730,10.62439260,11.17454620,11.32856519,11.32856519
2025/11/07,15:34:41,1861.200000,186120,74448,49358,3157,147,4,0,0.17031941,2.00975947,7.65550216,10.54529034,11.07949306,11.22147883,11.22147883
2025/11/07,15:34:42,1853.190000,185319,74127,48851,3106,142,4,0,0.16958657,2.00111179,7.58886897,10.43170127,10.94816433,11.08034411,11.08034411
2025/11/07,15:34:43,1845.150000,184515,73806,48354,3057,138,3,0,0.16885143,1.99243734,7.52331991,10.32152252,10.82152155,10.94494709,10.94494709
2025/11/07,15:34:44,1837.410000,183741,73496,47885,3011,134,3,0,0.16814272,1.98407468,7.46135454,10.21761056,10.70242482,10.81820973,10.81820973
2025/11/07,15:34:45,1829.380000,182938,73175,47419,2966,130,3,0,0.16740794,1.97540408,7.39938024,10.11443272,10.58533784,10.69564748,10.69564748
2025/11/07,15:34:46,1821.710000,182171,72868,46972,2923,125,3,0,0.16670602,1.96712148,7.33995485,10.01567794,10.46820377,10.57087278,10.57087278
2025/11/07,15:34:47,1815.320000,181532,72613,46594,2887,119,3,0,0.16612164,1.96022599,7.28980967,9.93189074,10.36476526,10.46198994,10.46198994
2025/11/07,15:34:48,1810.090000,181009,72403,46281,2856,115,3,0,0.16564238,1.95457078,7.24842199,9.86280740,10.27985752,10.37268961,10.37268961
2025/11/07,15:34:49,1804.880000,180488,72195,45991,2828,111,2,0,0.16516555,1.94894420,7.20955523,9.79824906,10.20177309,10.29243982,10.29243982
2025/11/07,15:34:50,1798.100000,179810,71924,45322,2796,108,3,0,0.16454588,1.94163210,7.12576538,9.68518041,10.07810906,10.17641642,10.17641642
2025/11/07,15:34:51,1790.850000,179085,71634,44459,2764,106,3,0,0.16388241,1.93380329,7.01919766,9.54910787,9.93386956,10.04417920,10.04417920
2025/11/07,15:34:52,1783.690000,178369,71347,43616,2736,104,3,0,0.16322729,1.92607270,6.91502668,9.41879233,9.79615316,9.91521704,9.91521704
2025/11/07,15:34:53,1778.120000,177812,71125,42946,2715,103,4,0,0.16271750,1.92005714,6.83234749,9.31707895,9.68959019,9.81737738,9.81737738
2025/11/07,15:34:54,1773.360000,177336,70934,42370,2697,102,4,0,0.16228177,1.91491578,6.76132365,9.22937914,9.59831643,9.73485787,9.73485787
2025/11/07,15:34:55,1773.600000,177360,70944,42726,2710,103,4,0,0.16230384,1.91517606,6.80239796,9.28257219,9.65674212,9.80312048,9.80312048
2025/11/07,15:34:56,1774.270000,177427,70970,43228,2727,105,5,0,0.16236460,1.91589298,6.86051463,9.35645979,9.73598884,9.89109051,9.89109051
2025/11/07,15:34:57,1775.990000,177599,71039,43803,2748,106,5,0,0.16252221,1.91775293,6.92808743,9.44287369,9.82891101,9.99165331,9.99165331
2025/11/07,15:34:58,1779.080000,177908,71163,44483,2772,107,5,0,0.16280524,1.92109247,7.00921749,9.54623715,9.93610500,10.09884730,10.09884730
2025/11/07,15:34:59,1781.690000,178169,71267,45066,2790,107,5,0,0.16304412,1.92391148,7.07878750,9.63277321,10.02200143,10.17821671,10.17821671
2025/11/07,15:35:00,1782.290000,178229,71291,45516,2806,107,4,0,0.16309890,1.92455784,7.13083904,9.69946461,10.08626804,10.23592537,10.23592537
2025/11/07,15:35:01,1780.780000,178078,71231,45883,2833,106,4,0,0.16296042,1.92292382,7.17123494,9.76403301,10.14828517,10.29246723,10.29246723
2025/11/07,15:35:02,1777.820000,177782,71112,45965,2853,105,4,0,0.16268970,1.91972919,7.17737130,9.78862247,10.16840809,10.30494953,10.30494953
2025/11/07,15:35:03,1769.360000,176936,70774,45334,2839,101,4,0,0.16191546,1.91059335,7.09607978,9.69456615,10.06107864,10.18886583,10.18886583
2025/11/07,15:35:04,1760.200000,176020,70408,44419,2824,97,3,0,0.16107700,1.90069961,6.98154166,9.56603424,9.91991323,10.04005979,10.04005979
2025/11/07,15:35:05,1751.510000,175151,70060,43593,2825,95,3,0,0.16028211,1.89131975,6.87771270,9.46298129,9.80754416,9.92224639,9.92224639
2025/11/07,15:35:06,1743.430000,174343,69737,42859,2831,93,3,0,0.15954271,1.88259482,6.78492404,9.37623598,9.71467362,9.82498326,9.82498326
2025/11/07,15:35:07,1735.480000,173548,69419,42170,2839,92,3,0,0.15881542,1.87401287,6.69758206,9.29580945,9.62914093,9.73508892,9.73508892
2025/11/07,15:35:08,1729.460000,172946,69178,41600,2844,91,3,0,0.15826432,1.86751013,6.62587147,9.22904318,9.55803822,9.66070723,9.66070723
2025/11/07,15:35:09,1725.130000,172513,69005,41076,2835,89,3,0,0.15786828,1.86283689,6.56123345,9.15619666,9.48059507,9.57998511,9.57998511
2025/11/07,15:35:10,1721.120000,172112,68845,40616,2827,88,3,0,0.15750133,1.85850682,6.50433881,9.09177254,9.41247052,9.51077788,9.51077788
2025/11/07,15:35:11,1717.030000,171703,68681,40169,2819,87,3,0,0.15712687,1.85408813,6.44874508,9.02893941,9.34606705,9.44217811,9.44217811
2025/11/07,15:35:12,1712.990000,171299,68519,39743,2808,86,3,0,0.15675675,1.84972087,6.39571931,8.96563701,9.27931718,9.37326288,9.37326288
2025/11/07,15:35:13,1707.760000,170776,68310,39207,2777,84,2,0,0.15627863,1.84407904,6.32873130,8.87027524,9.17642445,9.26709118,9.26709118
2025/11/07,15:35:14,1702.440000,170244,68097,38646,2741,82,2,0,0.15579161,1.83833231,6.25880273,8.76770669,9.06403025,9.15030439,9.15030439
2025/11/07,15:35:15,1697.690000,169769,67907,38147,2708,79,2,0,0.15535679,1.83320145,6.19663562,8.67480669,8.96194422,9.04493939,9.04493939
2025/11/07,15:35:16,1692.650000,169265,67706,37654,2673,77,2,0,0.15489557,1.82775885,6.13475466,8.58164285,8.86099285,8.94070904,8.94070904
2025/11/07,15:35:17,1688.730000,168873,67549,37213,2648,75,2,0,0.15453676,1.82352508,6.08013349,8.50368924,8.77666106,8.85421189,8.85421189
2025/11/07,15:35:18,1685.780000,168578,67431,36843,2635,74,2,0,0.15426740,1.82034664,6.03465061,8.44683069,8.71571902,8.79218717,8.79218717
2025/11/07,15:35:19,1683.600000,168360,67344,36545,2627,73,2,0,0.15406745,1.81798716,5.99821481,8.40228339,8.66810730,8.74346184,8.74346184
2025/11/07,15:35:20,1681.490000,168149,67259,36255,2617,72,2,0,0.15387452,1.81571058,5.96266980,8.35823980,8.62036328,8.69463514,8.69463514
2025/11/07,15:35:21,1679.910000,167991,67196,36062,2613,72,2,0,0.15373029,1.81400885,5.93889678,8.33065262,8.59213648,8.66640834,8.66640834
2025/11/07,15:35:22,1678.280000,167828,67131,35889,2611,72,2,0,0.15358044,1.81224045,5.91741213,8.30758484,8.56958184,8.64493638,8.64493638
2025/11/07,15:35:23,1676.620000,167662,67064,35726,2611,72,2,0,0.15342872,1.81045009,5.89692351,8.28648218,8.54975482,8.62622297,8.62622297
2025/11/07,15:35:24,1675.040000,167504,67001,35566,2611,73,2,0,0.15328442,1.80874742,5.87691836,8.26657404,8.53061279,8.60816362,8.60816362
2025/11/07,15:35:25,1673.510000,167351,66940,35394,2605,73,2,0,0.15314384,1.80708860,5.85555128,8.23984261,8.50400783,8.58155866,8.58155866
2025/11/07,15:35:26,1671.290000,167129,66851,35159,2587,72,2,0,0.15294122,1.80469764,5.82637110,8.19376043,8.45575743,8.53222558,8.53222558
2025/11/07,15:35:27,1668.510000,166851,66740,34879,2567,71,2,0,0.15268695,1.80169746,5.79135475,8.14116400,8.40073621,8.47720436,8.47720436
2025/11/07,15:35:28,1665.360000,166536,66614,34583,2554,71,2,0,0.15239830,1.79829121,5.75401756,8.09132006,8.34948654,8.42595469,8.42595469
2025/11/07,15:35:29,1661.900000,166190,66476,34245,2538,70,2,0,0.15208150,1.79455316,5.71168313,8.03437872,8.28999393,8.36534847,8.36534847
2025/11/07,15:35:30,1657.960000,165796,66318,33858,2518,69,2,0,0.15172159,1.79030606,5.66311594,7.96794044,8.21959864,8.29387050,8.29387050
2025/11/07,15:35:31,1654.020000,165402,66161,33492,2499,68,2,0,0.15136093,1.78605035,5.61703631,7.90440975,8.15236752,8.22555670,8.22555670
2025/11/07,15:35:32,1650.980000,165098,66039,33239,2486,68,2,0,0.15108220,1.78276134,5.58479705,7.85988978,8.10669839,8.17877395,8.17877395
2025/11/07,15:35:33,1647.800000,164780,65912,32992,2483,69,2,0,0.15079135,1.77932934,5.55315393,7.82569443,8.07735263,8.15162449,8.15162449
2025/11/07,15:35:34,1644.560000,164456,65782,32745,2487,72,2,0,0.15049491,1.77583153,5.52129550,7.79719626,8.05740448,8.13275902,8.13275902
2025/11/07,15:35:35,1641.170000,164117,65646,32492,2487,74,2,0,0.15018477,1.77217169,5.48877428,7.76528908,8.03315474,8.10962289,8.10962289
2025/11/07,15:35:36,1638.270000,163827,65530,32285,2483,76,2,0,0.14991903,1.76903615,5.46188306,7.73477862,8.00953561,8.08600376,8.08600376
2025/11/07,15:35:37,1635.370000,163537,65415,32070,2479,77,2,0,0.14965435,1.76591301,5.43420447,7.70306075,7.98394296,8.06041111,8.06041111
2025/11/07,15:35:38,1632.800000,163280,65312,31879,2476,79,2,0,0.14941860,1.76313115,5.40957357,7.67545668,7.96195458,8.03842273,8.03842273
2025/11/07,15:35:39,1629.870000,162987,65195,31661,2470,80,2,0,0.14915112,1.75997467,5.38155464,7.64268652,7.93339439,8.00874893,8.00874893
2025/11/07,15:35:40,1626.000000,162600,65040,31372,2460,81,2,0,0.14879667,1.75579238,5.34423718,7.59625644,7.88951919,7.96379105,7.96379105
2025/11/07,15:35:41,1621.950000,162195,64878,31078,2440,80,2,0,0.14842626,1.75142135,5.30630283,7.53970702,7.82939582,7.90258500,7.90258500
2025/11/07,15:35:42,1617.930000,161793,64717,30792,2413,78,2,0,0.14805849,1.74708174,5.26918366,7.47767228,7.75996022,7.82987042,7.82987042
2025/11/07,15:35:43,1614.110000,161411,64564,30535,2388,76,2,0,0.14770841,1.74295093,5.23565410,7.42135934,7.69713900,7.76593559,7.76593559
2025/11/07,15:35:44,1610.660000,161066,64426,30301,2365,74,2,0,0.14739300,1.73922910,5.20521979,7.36978976,7.63906115,7.70569238,7.70569238
2025/11/07,15:35:45,1607.130000,160713,64285,30072,2341,72,2,0,0.14706944,1.73541100,5.17516185,7.31820946,7.58122553,7.64674314,7.64674314
2025/11/07,15:35:46,1603.130000,160313,64125,29825,2318,71,2,0,0.14670352,1.73109333,5.14263306,7.26399542,7.52126932,7.58570425,7.58570425
2025/11/07,15:35:47,1599.390000,159939,63975,29617,2301,70,2,0,0.14636106,1.72705215,5.11480394,7.22136538,7.47493884,7.53937377,7.53937377
2025/11/07,15:35:48,1595.330000,159533,63813,29386,2285,68,2,0,0.14599029,1.72267725,5.08394682,7.17499631,7.42372019,7.48815512,7.48815512
2025/11/07,15:35:49,1591.450000,159145,63658,29172,2268,67,2,0,0.14563507,1.71848546,5.05529246,7.13083000,7.37508734,7.43843959,7.43843959
2025/11/07,15:35:50,1587.810000,158781,63512,28985,2252,66,2,0,0.14530188,1.71455389,5.03004499,7.09152468,7.33182502,7.39517727,7.39517727
2025/11/07,15:35:51,1584.040000,158404,63361,28796,2237,65,2,0,0.14495664,1.71048026,5.00432020,7.05164504,7.28811847,7.35147072,7.35147072
2025/11/07,15:35:52,1579.750000,157975,63190,28591,2221,64,2,0,0.14456432,1.70585086,4.97618962,7.00906953,7.24171243,7.30395107,7.30395107
2025/11/07,15:35:53,1575.560000,157556,63022,28410,2209,63,2,0,0.14418104,1.70132823,4.95101771,6.97274797,7.20245655,7.26580880,7.26580880
2025/11/07,15:35:54,1572.060000,157206,62882,28298,2209,63,2,0,0.14386040,1.69754445,4.93435227,6.95585650,7.18518202,7.24961695,7.24961695
2025/11/07,15:35:55,1568.740000,156874,62749,28198,2205,63,2,0,0.14355685,1.69396276,4.91939168,6.93795476,7.16651418,7.23203179,7.23203179
2025/11/07,15:35:56,1566.550000,156655,62662,28180,2207,63,2,0,0.14335584,1.69159085,4.91495562,6.93500575,7.16458785,7.23121908,7.23121908
2025/11/07,15:35:57,1587.570000,158757,63502,30687,2360,70,2,0,0.14527958,1.71429077,5.22442392,7.38495461,7.63878103,7.71085659,7.71085659
2025/11/07,15:35:58,1641.070000,164107,65643,36597,2707,81,2,0,0.15017578,1.77206584,5.95814657,8.43557457,8.73164517,8.81027868,8.81027868
2025/11/07,15:35:59,1697.660000,169766,67906,42443,3066,95,2,0,0.15535398,1.83316810,6.68794569,9.49422777,9.84006627,9.92853670,9.92853670
2025/11/07,15:36:00,1771.480000,177148,70859,46812,3436,124,3,0,0.16210946,1.91288234,7.26740522,10.41178394,10.86329070,10.98124097,10.98124097
2025/11/07,15:36:01,1844.780000,184478,73791,49057,3691,146,4,0,0.16881701,1.99203122,7.60337846,10.98163339,11.50983737,11.65401943,11.65401943
2025/11/07,15:36:02,1917.010000,191701,76680,51235,3918,168,5,0,0.17542683,2.07002661,7.93053160,11.51655021,12.12528192,12.29897475,12.30763992
2025/11/07,15:36:03,1988.370000,198837,79535,53327,4135,189,6,0,0.18195761,2.14708958,8.24688796,12.03152468,12.71465529,12.91127001,12.91993518
2025/11/07,15:36:04,2058.550000,205855,82342,55341,4344,208,6,0,0.18837942,2.22286656,8.55298295,12.52893433,13.28085175,13.49494402,13.50360919
2025/11/07,15:36:05,2097.090000,209709,83883,56308,4439,222,7,0,0.19190656,2.26448642,8.70520938,12.76770502,13.57130561,13.79743110,13.80609627
2025/11/07,15:36:06,2091.210000,209121,83648,55818,4386,232,7,0,0.19136849,2.25813719,8.64278529,12.65709697,13.49642985,13.72911329,13.73777846
2025/11/07,15:36:07,2082.600000,208260,83304,55249,4316,240,7,0,0.19058051,2.24883926,8.56840075,12.51853152,13.38594286,13.62298795,13.63165312
2025/11/07,15:36:08,2073.420000,207342,82937,54657,4234,241,7,0,0.18974027,2.23892457,8.49075356,12.36594178,13.23896520,13.47053502,13.47920019
2025/11/07,15:36:09,2064.850000,206485,82594,54106,4166,240,7,0,0.18895621,2.22967243,8.41855559,12.23092000,13.09845782,13.32238701,13.33105218
2025/11/07,15:36:10,2056.750000,205675,82270,53562,4111,234,6,0,0.18821486,2.22092462,8.34756484,12.10970919,12.95759209,13.16840539,13.17707056
2025/11/07,15:36:11,2048.620000,204862,81944,53031,4062,229,6,0,0.18747035,2.21213960,8.27798291,11.99604755,12.82529820,13.02410921,13.03277438
2025/11/07,15:36:12,2040.870000,204087,81635,52538,4030,225,6,0,0.18676158,2.20377599,8.21324156,11.90151037,12.71468366,12.90693672,12.91560189
2025/11/07,15:36:13,2032.660000,203266,81306,51993,3995,220,6,0,0.18601022,2.19490995,8.14201133,11.79828623,12.59486901,12.78276042,12.79142559
2025/11/07,15:36:14,2025.370000,202537,81015,51512,3966,216,6,0,0.18534327,2.18704013,8.07916542,11.70855361,12.49135373,12.67704885,12.68571402
2025/11/07,15:36:15,2019.620000,201962,80785,51140,3945,214,6,0,0.18481731,2.18083392,8.03042040,11.64138752,12.41665669,12.60343449,12.61209966
2025/11/07,15:36:16,2014.730000,201473,80589,50799,3928,212,6,0,0.18436966,2.17555149,7.98617396,11.58085404,12.34744671,12.53533812,12.54400329
2025/11/07,15:36:17,2008.760000,200876,80350,50416,3904,208,5,0,0.18382277,2.16909835,7.93584099,11.50848076,12.26218335,12.44679579,12.45546096
2025/11/07,15:36:18,2002.740000,200274,80109,50047,3880,205,5,0,0.18327251,2.16260516,7.88712801,11.43830947,12.18027115,12.36268729,12.37135246
2025/11/07,15:36:19,1997.340000,199734,79893,49717,3855,202,5,0,0.18277855,2.15677646,7.84355931,11.37186039,12.10437946,12.28571292,12.29437809
2025/11/07,15:36:20,1991.160000,199116,79646,49348,3814,199,5,0,0.18221220,2.15009357,7.79472537,11.28570114,12.00775493,12.18797478,12.19663995
2025/11/07,15:36:21,1984.920000,198492,79397,48999,3775,197,5,0,0.18164165,2.14336111,7.74809589,11.20281244,11.91542363,12.09456080,12.10322597
2025/11/07,15:36:22,1977.510000,197751,79100,48604,3730,194,5,0,0.18096323,2.13535592,7.69491823,11.10904437,11.81080722,11.98774809,11.99641326
2025/11/07,15:36:23,1969.030000,196903,78761,48166,3681,189,5,0,0.18018714,2.12619816,7.63559520,11.00415550,11.69009395,11.86159049,11.87025566
2025/11/07,15:36:24,1964.560000,196456,78582,47921,3665,185,5,0,0.17977795,2.12136952,7.60270906,10.95714654,11.62598496,11.78764458,11.79630975
2025/11/07,15:36:25,2011.990000,201199,80479,49494,3881,201,5,0,0.18411840,2.17258661,7.83391726,11.38603579,12.11421481,12.28351505,12.29218022
2025/11/07,15:36:26,2092.810000,209281,83712,52062,4227,226,5,0,0.19151430,2.25985794,8.21494117,12.08379503,12.90271049,13.08404395,13.09270912
2025/11/07,15:36:27,2173.980000,217398,86959,54520,4569,250,6,0,0.19894254,2.34751062,8.58374753,12.76542740,13.67022972,13.86140010,13.87006527
2025/11/07,15:36:28,2254.860000,225486,90194,56888,4912,279,6,0,0.20634387,2.43484584,8.94186329,13.43772535,14.44819231,14.64916868,14.65783385
2025/11/07,15:36:29,2334.320000,233432,93372,59083,5240,306,6,0,0.21361502,2.52064522,9.27873496,14.07452828,15.18274949,15.39139743,15.40006260
2025/11/07,15:36:30,2413.400000,241340,96536,61174,5558,331,6,0,0.22085163,2.60603660,9.60337546,14.69008350,15.88661636,16.10179131,16.11912165
2025/11/07,15:36:31,2492.180000,249218,99687,63184,5875,353,7,0,0.22806090,2.69110570,9.91830606,15.29489476,16.57259137,16.79215891,16.80948925
2025/11/07,15:36:32,2564.860000,256486,102594,64873,6160,371,7,0,0.23471183,2.76958632,10.18997859,15.82749218,17.16976565,17.39041587,17.40774621
2025/11/07,15:36:33,2582.680000,258268,103307,64698,6189,365,6,0,0.23634311,2.78883516,10.18927279,15.85373806,17.17597355,17.38022890,17.39755924
2025/11/07,15:36:34,2566.960000,256696,102678,63539,6083,350,6,0,0.23490421,2.77185622,10.03962412,15.60701045,16.87462483,17.06031995,17.07765029
2025/11/07,15:36:35,2551.680000,255168,102067,62513,5981,336,5,0,0.23350571,2.75535397,9.90584221,15.37976883,16.59620958,16.76662344,16.78395378
2025/11/07,15:36:36,2537.480000,253748,101499,61593,5878,316,5,0,0.23220696,2.74002905,9.78530741,15.16441631,16.30926601,16.46436768,16.47303285
2025/11/07,15:36:37,2524.850000,252485,100994,60794,5784,298,4,0,0.23105061,2.72638396,9.68022663,14.97363225,16.05173687,16.19591893,16.20458410
2025/11/07,15:36:38,2512.840000,251284,100513,60108,5697,282,4,0,0.22995191,2.71341951,9.58876065,14.80244047,15.82197060,15.95631574,15.96498091
2025/11/07,15:36:39,2498.880000,249888,99955,59506,5598,267,4,0,0.22867443,2.69834534,9.50481083,14.62810112,15.59492540,15.72054723,15.72921240
2025/11/07,15:36:40,2486.170000,248617,99447,59026,5493,254,3,0,0.22751135,2.68462111,9.43621551,14.46304089,15.38417714,15.50432370,15.51298887
2025/11/07,15:36:41,2475.750000,247575,99030,58531,5405,244,3,0,0.22655795,2.67337079,9.36840570,14.31489124,15.19736088,15.31206311,15.32072828
2025/11/07,15:36:42,2464.980000,246498,98599,57996,5318,234,3,0,0.22557251,2.66174290,9.29556488,14.16284257,15.00932335,15.11963299,15.12829816
2025/11/07,15:36:43,2452.900000,245290,98116,57424,5232,224,3,0,0.22446664,2.64869364,9.21703302,14.00532888,14.81709644,14.92304443,14.93170960
2025/11/07,15:36:44,2440.350000,244035,97614,56847,5159,215,3,0,0.22331794,2.63513908,9.13754359,13.85939640,14.63862257,14.74020890,14.74887407
2025/11/07,15:36:45,2428.470000,242847,97139,56382,5098,208,3,0,0.22223107,2.62231387,9.07151956,13.73723798,14.48889883,14.58828887,14.59695404
2025/11/07,15:36:46,2415.950000,241595,96638,55862,5034,200,3,0,0.22108518,2.60879265,8.99844156,13.60557036,14.33043200,14.42654306,14.43520823
2025/11/07,15:36:47,2405.180000,240518,96207,55292,4977,193,3,0,0.22010017,2.59716959,8.92171165,13.47655225,14.17550726,14.26945296,14.27811813
2025/11/07,15:36:48,2395.390000,239539,95815,54745,4938,188,2,0,0.21920387,2.58659325,8.84857724,13.36783671,14.04815947,14.13990888,14.14857405
2025/11/07,15:36:49,2386.860000,238686,95474,54315,4916,184,2,0,0.21842319,2.57738117,8.79011289,13.28891610,13.95673184,14.04848125,14.05714642
2025/11/07,15:36:50,2373.430000,237343,94937,53909,4897,181,2,0,0.21719403,2.56287710,8.72921635,13.21105351,13.86776796,13.95843469,13.96709986
2025/11/07,15:36:51,2354.370000,235437,94174,53520,4892,179,2,0,0.21544980,2.54229548,8.66415702,13.14169593,13.78896777,13.87963450,13.88829967
2025/11/07,15:36:52,2332.940000,233294,93317,53124,4876,176,2,0,0.21348892,2.51915706,8.59564013,13.05841015,13.69610930,13.78566241,13.79432758
2025/11/07,15:36:53,2310.650000,231065,92426,52677,4851,173,2,0,0.21144909,2.49508721,8.52051637,12.96056799,13.58754890,13.67601933,13.68468450
2025/11/07,15:36:54,2288.920000,228892,91556,52270,4829,170,2,0,0.20946055,2.47162270,8.45041712,12.87020556,13.48787034,13.57414448,13.58280965
2025/11/07,15:36:55,2266.660000,226666,90666,51889,4809,168,2,0,0.20742379,2.44758906,8.38286716,12.78362141,13.39247960,13.47767106,13.48633623
2025/11/07,15:36:56,2237.060000,223706,89482,51521,4770,164,2,0,0.20471469,2.41562178,8.30879733,12.67448841,13.26828830,13.35239708,13.35239708
2025/11/07,15:36:57,2205.870000,220587,88234,51143,4724,159,2,0,0.20186042,2.38194136,8.23184285,12.55481132,13.13163766,13.21246747,13.21246747
2025/11/07,15:36:58,2180.160000,218016,87206,50791,4677,155,2,0,0.19950815,2.35418491,8.16380974,12.44389363,13.00489556,13.08352907,13.08352907
2025/11/07,15:36:59,2160.200000,216020,86408,50419,4612,150,2,0,0.19768193,2.33263569,8.09979034,12.32102564,12.86518050,12.94164865,12.94164865
2025/11/07,15:37:00,2143.590000,214359,85743,50120,4551,146,2,0,0.19616186,2.31469868,8.04759926,12.21263611,12.74300831,12.81836285,12.81836285
2025/11/07,15:37:01,2129.200000,212920,85168,49970,4502,144,2,0,0.19484447,2.29915355,8.01493516,12.13482529,12.65562840,12.73098294,12.73098294
2025/11/07,15:37:02,2115.860000,211586,84634,49967,4462,142,2,0,0.19362403,2.28475243,8.00020691,12.08390279,12.59896373,12.67431827,12.67431827
2025/11/07,15:37:03,2103.660000,210366,84146,49972,4425,141,2,0,0.19250707,2.27157255,7.98761678,12.03744462,12.54727292,12.62262746,12.62262746
2025/11/07,15:37:04,2098.600000,209860,83944,49947,4392,139,2,0,0.19204423,2.26611090,7.97927509,11.99875712,12.50335278,12.57870732,12.57870732
2025/11/07,15:37:05,2095.960000,209596,83838,49955,4376,138,2,0,0.19180314,2.26326613,7.97736334,11.98240043,12.48469778,12.56116593,12.56116593
2025/11/07,15:37:06,2093.790000,209379,83751,49978,4362,138,2,0,0.19160430,2.26091995,7.97763069,11.97016104,12.47054312,12.54701127,12.54701127
2025/11/07,15:37:07,2092.550000,209255,83702,50040,4353,138,2,0,0.19149119,2.25958529,7.98331650,11.96741232,12.46664886,12.54419969,12.54419969
2025/11/07,15:37:08,2090.500000,209050,83620,50052,4339,137,2,0,0.19130337,2.25736879,7.98250976,11.95390484,12.45058649,12.52813732,12.52813732
2025/11/07,15:37:09,2087.110000,208711,83484,49933,4318,136,2,0,0.19099319,2.25370891,7.96522896,11.91674886,12.40832797,12.48587880,12.48587880
2025/11/07,15:37:10,2082.160000,208216,83286,49649,4286,133,2,0,0.19054037,2.24836547,7.92736447,11.84989658,12.33305215,12.40952030,12.40952030
2025/11/07,15:37:11,2077.160000,207716,83086,49372,4254,131,2,0,0.19008251,2.24296291,7.89037787,11.78382519,12.25919684,12.33455138,12.33455138
2025/11/07,15:37:12,2072.130000,207213,82885,49104,4218,129,2,0,0.18962232,2.23753269,7.85418363,11.71476494,12.18235268,12.25770722,12.25770722
2025/11/07,15:37:13,2066.180000,206618,82647,48785,4165,125,2,0,0.18907740,2.23110244,7.81127777,11.62338412,12.07629300,12.14948218,12.14948218
2025/11/07,15:37:14,2058.660000,205866,82346,48385,4106,120,2,0,0.18838911,2.22298093,7.75747879,11.51522880,11.94925247,12.02024535,12.02024535
2025/11/07,15:37:15,2050.110000,205011,82004,47937,4043,114,2,0,0.18760737,2.21375644,7.69702275,11.39689327,11.81126202,11.87897593,11.87897593
2025/11/07,15:37:16,2041.230000,204123,81649,47481,3979,109,2,0,0.18679487,2.20416878,7.63519766,11.27660759,11.67196104,11.73747865,11.73747865
2025/11/07,15:37:17,2028.470000,202847,81138,46996,3912,103,2,0,0.18562636,2.19038063,7.56594066,11.14594885,11.52152451,11.58376315,11.58376315
2025/11/07,15:37:18,2015.420000,201542,80616,46606,3854,99,1,0,0.18443220,2.17628937,7.50723020,11.03417418,11.39354238,11.45361566,11.45361566
2025/11/07,15:37:19,2003.090000,200309,80123,46259,3801,95,1,0,0.18330457,2.16298363,7.45431419,10.93300924,11.27846469,11.33853797,11.33853797
2025/11/07,15:37:20,1991.760000,199176,79670,45995,3763,93,1,0,0.18226730,2.15074376,7.41182742,10.85623439,11.19339640,11.25455236,11.25455236
2025/11/07,15:37:21,2001.100000,200110,80044,48521,3997,115,3,0,0.18312247,2.16083482,7.71090451,11.36882752,11.78638717,11.88577721,11.88577721
2025/11/07,15:37:22,2022.790000,202279,80911,52614,4347,139,4,0,0.18510729,2.18425545,8.20245814,12.18070461,12.68517379,12.82279791,12.82279791
2025/11/07,15:37:23,2044.600000,204460,81784,56618,4644,156,5,0,0.18710291,2.20780381,8.68394011,12.93393717,13.49953212,13.66666700,13.67533217
2025/11/07,15:37:24,2066.200000,206620,82648,60431,4894,171,6,0,0.18907988,2.23113197,9.14346996,13.62262494,14.24386006,14.43611312,14.44477829
2025/11/07,15:37:25,2091.580000,209158,83663,63995,5138,186,6,0,0.19140210,2.25853378,9.57856336,14.28073500,14.95493254,15.16902481,15.17768998
2025/11/07,15:37:26,2119.340000,211934,84773,67498,5380,200,7,0,0.19394202,2.28850477,10.00911659,14.93314270,15.65864396,15.89241008,15.90107525
2025/11/07,15:37:27,2146.790000,214679,85871,70889,5640,214,8,0,0.19645455,2.31815260,10.42666311,15.58841070,16.36393644,16.61626279,16.62492796
2025/11/07,15:37:28,2172.000000,217200,86880,73994,5890,226,8,0,0.19876115,2.34537038,10.80906441,16.19958101,17.01887952,17.28432177,17.29298694
2025/11/07,15:37:29,2176.680000,217668,87067,74199,5863,223,8,0,0.19918944,2.35042402,10.83752235,16.20331738,17.01215061,17.26231160,17.27097677
2025/11/07,15:37:30,2169.370000,216937,86774,72745,5716,214,7,0,0.19852039,2.34252943,10.66337447,15.89427932,16.66993154,16.89494341,16.90360858
2025/11/07,15:37:31,2162.680000,216268,86507,71320,5620,206,6,0,0.19790873,2.33531171,10.49311086,15.63617932,16.38311706,16.58848602,16.59715119
2025/11/07,15:37:32,2157.170000,215717,86287,70049,5572,200,6,0,0.19740459,2.32936291,10.34184492,15.44099473,16.16407120,16.35304529,16.36171046
2025/11/07,15:37:33,2151.390000,215139,86055,68979,5538,194,5,0,0.19687573,2.32312237,10.21320690,15.28162382,15.98300362,16.15886181,16.16752698
2025/11/07,15:37:34,2143.870000,214387,85755,67803,5497,187,5,0,0.19618729,2.31499896,10.07054348,15.10137611,15.77965713,15.94239943,15.95106460
2025/11/07,15:37:35,2137.500000,213750,85500,66811,5443,181,4,0,0.19560407,2.30811683,9.95015850,14.93122313,15.58883016,15.74176647,15.75043164
2025/11/07,15:37:36,2132.030000,213203,85281,66175,5386,183,5,0,0.19510323,2.30220707,9.87154779,14.80045324,15.46201727,15.61931523,15.62798040
2025/11/07,15:37:37,2126.110000,212611,85044,65543,5328,185,5,0,0.19456234,2.29582449,9.79290451,14.66926370,15.34065339,15.50559198,15.51425715
2025/11/07,15:37:38,2120.990000,212099,84839,64988,5276,188,5,0,0.19409382,2.29029608,9.72388102,14.55228229,15.23324468,15.40474122,15.41340639
2025/11/07,15:37:39,2114.900000,211490,84596,64389,5221,190,5,0,0.19353564,2.28370949,9.64874591,14.42663611,15.11487288,15.29181375,15.30047892
2025/11/07,15:37:40,2106.950000,210695,84278,63673,5158,191,5,0,0.19280852,2.27512946,9.55833193,14.27908570,14.97076633,15.14990350,15.15856867
2025/11/07,15:37:41,2098.450000,209845,83938,62908,5084,191,5,0,0.19203033,2.26594692,9.46157137,14.11449296,14.80719626,14.98741611,14.99608128
2025/11/07,15:37:42,2090.040000,209004,83601,62163,5009,191,5,0,0.19126094,2.25686828,9.36727374,13.95145719,14.64441345,14.82574691,14.83441208
2025/11/07,15:37:43,2081.180000,208118,83247,61303,4928,191,5,0,0.19045060,2.24730629,9.25936471,13.76964060,14.46017207,14.64150553,14.65017070
2025/11/07,15:37:44,2072.740000,207274,82909,60272,4853,184,5,0,0.18967790,2.23818859,9.13235335,13.57350310,14.23991672,14.40921696,14.41788213
2025/11/07,15:37:45,2064.470000,206447,82578,59302,4786,176,5,0,0.18892114,2.22925869,9.01244525,13.39300130,14.03159303,14.18780831,14.19647348
2025/11/07,15:37:46,2055.290000,205529,82211,58313,4724,169,4,0,0.18808098,2.21934492,8.88944063,13.21318419,13.82561633,13.97088107,13.97954624
2025/11/07,15:37:47,2046.460000,204646,81858,57395,4669,163,4,0,0.18727332,2.20981443,8.77486176,13.04770717,13.63704053,13.77358197,13.78224714
2025/11/07,15:37:48,2039.260000,203926,81570,56626,4619,157,4,0,0.18661461,2.20204185,8.67914354,12.90681020,13.47687169,13.60685518,13.60685518
2025/11/07,15:37:49,2031.460000,203146,81258,55865,4568,152,4,0,0.18590057,2.19361626,8.58371355,12.76468238,13.31713430,13.44164252,13.44164252
2025/11/07,15:37:50,2023.710000,202371,80948,55161,4519,148,3,0,0.18519115,2.18524503,8.49473227,12.63094239,13.16769638,13.28784294,13.28784294
2025/11/07,15:37:51,2014.310000,201431,80572,54393,4464,144,3,0,0.18433127,2.17509863,8.39677760,12.48263862,13.00305868,13.11884359,13.11884359
2025/11/07,15:37:52,2005.020000,200502,80200,53633,4411,139,3,0,0.18348070,2.16506190,8.29982123,12.33717435,12.84227954,12.95258918,12.95258918
2025/11/07,15:37:53,1996.680000,199668,79867,52934,4363,136,3,0,0.18271764,2.15605766,8.21081683,12.20347621,12.69518180,12.80221247,12.80221247
2025/11/07,15:37:54,1989.760000,198976,79590,52335,4317,132,3,0,0.18208462,2.14858824,8.13485551,12.08547129,12.56581901,12.66848802,12.66848802
2025/11/07,15:37:55,1983.700000,198370,79348,51800,4273,130,3,0,0.18152990,2.14204262,8.06713746,11.97790681,12.44855535,12.54902807,12.54902807
2025/11/07,15:37:56,1977.430000,197743,79097,51254,4230,126,3,0,0.18095622,2.13527301,7.99788653,11.86900254,12.32727415,12.42449883,12.42449883
2025/11/07,15:37:57,1972.180000,197218,78887,50788,4193,123,3,0,0.18047589,2.12960539,7.93896359,11.77663250,12.22112145,12.31723251,12.31723251
2025/11/07,15:37:58,1967.600000,196760,78704,50355,4160,119,3,0,0.18005652,2.12465663,7.88444744,11.69177054,12.12400543,12.21795113,12.21795113
2025/11/07,15:37:59,1963.780000,196378,78551,49973,4132,116,3,0,0.17970660,2.12052771,7.83665681,11.61819133,12.04098362,12.13492932,12.13492932
2025/11/07,15:38:00,1959.220000,195922,78369,49569,4093,113,3,0,0.17928987,2.11561040,7.78545615,11.53115148,11.94309543,12.03592752,12.03592752
2025/11/07,15:38:01,1954.520000,195452,78180,49177,4051,110,2,0,0.17885919,2.11052817,7.73554071,11.44313472,11.84410386,11.93477059,11.93477059
2025/11/07,15:38:02,1949.650000,194965,77986,48765,4007,107,2,0,0.17841377,2.10527241,7.68320984,11.35011735,11.73909261,11.82756304,11.82756304
2025/11/07,15:38:03,1944.840000,194484,77793,48353,3962,104,2,0,0.17797371,2.10007960,7.63086528,11.25695635,11.63355107,11.71874253,11.71874253
2025/11/07,15:38:04,1939.230000,193923,77569,47922,3915,100,2,0,0.17746020,2.09402019,7.57556161,11.15886601,11.52282723,11.60473972,11.60473972
2025/11/07,15:38:05,1933.270000,193327,77330,47488,3868,97,2,0,0.17691502,2.08758707,7.51947634,11.05928213,11.41086281,11.48949632,11.48949632
2025/11/07,15:38:06,1927.850000,192785,77114,47097,3830,94,2,0,0.17641944,2.08173930,7.46891249,10.97465623,11.31654134,11.39409217,11.39409217
2025/11/07,15:38:07,1922.270000,192227,76891,46731,3797,92,2,0,0.17590842,2.07570944,7.42103458,10.89614242,11.22934742,11.30470196,11.30470196
2025/11/07,15:38:08,1916.790000,191679,76671,46382,3764,89,2,0,0.17540735,2.06979684,7.37520871,10.82029469,11.14494967,11.21922153,11.21922153
2025/11/07,15:38:09,1911.790000,191179,76471,46044,3731,87,2,0,0.17494958,2.06439523,7.33114209,10.74565623,11.06214425,11.13421981,11.13421981
2025/11/07,15:38:10,1906.090000,190609,76243,45409,3695,85,2,0,0.17442751,2.05823476,7.25226054,10.63371467,10.94152619,11.01251907,11.01251907
2025/11/07,15:38:11,1898.550000,189855,75942,44413,3653,82,2,0,0.17373803,2.05009900,7.13024217,10.47323992,10.77135226,10.84014885,10.84014885
2025/11/07,15:38:12,1891.160000,189116,75646,43507,3613,80,2,0,0.17306142,2.04211481,7.01860725,10.32492483,10.61435706,10.68098829,10.68098829
2025/11/07,15:38:13,1884.550000,188455,75382,42739,3577,78,2,0,0.17245661,2.03497812,6.92367441,10.19783702,10.48050801,10.54602562,10.54602562
2025/11/07,15:38:14,1877.250000,187725,75090,41946,3542,76,2,0,0.17178869,2.02709686,6.82505634,10.06638589,10.34229203,10.40672696,10.40672696
2025/11/07,15:38:15,1869.880000,186988,74795,41178,3506,74,2,0,0.17111417,2.01913747,6.72926843,9.93763497,10.20690636,10.27025861,10.27025861
2025/11/07,15:38:16,1862.900000,186290,74516,40487,3472,72,2,0,0.17047560,2.01160231,6.64268648,9.82048118,10.08413687,10.14748912,10.14748912
2025/11/07,15:38:17,1855.200000,185520,74208,39763,3434,71,2,0,0.16977077,2.00328538,6.55150547,9.69452708,9.95167450,10.01391314,10.01391314
2025/11/07,15:38:18,1847.690000,184769,73907,39094,3389,69,2,0,0.16908372,1.99517821,6.46689630,9.56868235,9.82034055,9.88257919,9.88257919
2025/11/07,15:38:19,1842.360000,184236,73694,38620,3356,69,2,0,0.16859580,1.98942099,6.40697899,9.47829021,9.72765010,9.78988874,9.78988874
2025/11/07,15:38:20,1837.000000,183700,73480,38158,3324,68,2,0,0.16810533,1.98363329,6.34825098,9.39008940,9.63740755,9.70075980,9.70075980
2025/11/07,15:38:21,1831.530000,183153,73261,37684,3290,67,2,0,0.16760458,1.97772449,6.28813760,9.29930718,9.54471368,9.60806593,9.60806593
2025/11/07,15:38:22,1826.370000,182637,73054,37252,3248,67,2,0,0.16713211,1.97214938,6.23318497,9.20628617,9.44952083,9.51395576,9.51395576
2025/11/07,15:38:23,1821.960000,182196,72878,36866,3207,66,2,0,0.16672896,1.96739224,6.18429350,9.11951941,9.36122548,9.42566041,9.42566041
2025/11/07,15:38:24,1817.190000,181719,72687,36458,3164,66,2,0,0.16629237,1.96224041,6.13245843,9.02848397,9.26789172,9.33232665,9.33232665
2025/11/07,15:38:25,1812.110000,181211,72484,36069,3123,65,2,0,0.16582756,1.95675586,6.08251631,8.94118359,9.17880256,9.24323749,9.24323749
2025/11/07,15:38:26,1806.940000,180694,72277,35708,3093,65,2,0,0.16535460,1.95117500,6.03560852,8.86671008,9.10356656,9.16908417,9.16908417
2025/11/07,15:38:27,1800.820000,180082,72032,35303,3061,65,2,0,0.16479407,1.94456075,5.98270692,8.78459375,9.01978793,9.08530554,9.08530554
2025/11/07,15:38:28,1796.190000,179619,71848,35030,3038,65,2,0,0.16437120,1.93957099,5.94643612,8.72676764,8.96209191,9.02872314,9.02872314
2025/11/07,15:38:29,1791.860000,179186,71674,34785,3016,65,2,0,0.16397452,1.93489011,5.91376626,8.67409449,8.90992829,8.97764220,8.97764220
2025/11/07,15:38:30,1787.310000,178731,71492,34525,2993,65,2,0,0.16355796,1.92997470,5.87904009,8.61865308,8.85372078,8.92251737,8.92251737
2025/11/07,15:38:31,1782.270000,178227,71291,34243,2977,64,2,0,0.16309696,1.92453495,5.84139429,8.56636743,8.80092559,8.87083579,8.87083579
2025/11/07,15:38:32,1776.430000,177643,71057,33927,2964,64,2,0,0.16256260,1.91822958,5.79900507,8.51211845,8.74629356,8.81728644,8.81728644
2025/11/07,15:38:33,1769.540000,176954,70781,33594,2949,64,2,0,0.16193155,1.91078308,5.75337420,8.45223572,8.68526167,8.75625455,8.75625455
2025/11/07,15:38:34,1762.390000,176239,70495,33268,2925,64,2,0,0.16127811,1.90307250,5.70836800,8.38570625,8.61707352,8.68698372,8.68698372
2025/11/07,15:38:35,1755.470000,175547,70219,32939,2901,63,2,0,0.16064445,1.89559545,5.66330034,8.31811419,8.54731323,8.61722343,8.61722343
2025/11/07,15:38:36,1747.970000,174797,69918,32565,2873,62,2,0,0.15995788,1.88749399,5.61243382,8.24213809,8.46801976,8.53681635,8.53681635
2025/11/07,15:38:37,1740.680000,174068,69627,32227,2849,61,2,0,0.15929086,1.87962324,5.56588193,8.17357792,8.39703479,8.46474870,8.46474870
2025/11/07,15:38:38,1734.080000,173408,69363,31951,2839,62,2,0,0.15868728,1.87250088,5.52714328,8.12556468,8.35042367,8.41922026,8.41922026
2025/11/07,15:38:39,1728.200000,172820,69128,31716,2826,62,2,0,0.15814857,1.86614402,5.49395671,8.08093837,8.30758253,8.37637912,8.37637912
2025/11/07,15:38:40,1723.480000,172348,68939,31552,2813,63,2,0,0.15771681,1.86104940,5.47015571,8.04475966,8.27331908,8.34322928,8.34322928
2025/11/07,15:38:41,1720.650000,172065,68826,31443,2804,63,2,0,0.15745763,1.85799108,5.45463586,8.02083731,8.25182152,8.32173172,8.32173172
2025/11/07,15:38:42,1719.170000,171917,68766,31382,2797,64,2,0,0.15732245,1.85639614,5.44603257,8.00622361,8.24014215,8.31113503,8.31113503
2025/11/07,15:38:43,1719.030000,171903,68761,31406,2797,66,2,0,0.15730937,1.85624171,5.44864518,8.00867425,8.24757247,8.31964803,8.31964803
2025/11/07,15:38:44,1719.030000,171903,68761,31437,2805,67,2,0,0.15730953,1.85624360,5.45218961,8.01910210,8.26374249,8.33801435,8.33801435
2025/11/07,15:38:45,1717.860000,171786,68714,31390,2808,68,2,0,0.15720304,1.85498709,5.44554854,8.01549918,8.26434954,8.33970408,8.33970408
2025/11/07,15:38:46,1715.460000,171546,68618,31266,2795,68,2,0,0.15698329,1.85239402,5.42873678,7.98711774,8.23558504,8.30985690,8.30985690
2025/11/07,15:38:47,1712.920000,171292,68517,31142,2779,68,2,0,0.15675103,1.84965321,5.41177740,7.95568048,8.20287215,8.27606133,8.27606133
2025/11/07,15:38:48,1718.660000,171866,68746,31921,2823,70,2,0,0.15727608,1.85584892,5.50709816,8.09097670,8.34646543,8.42073729,8.42073729
2025/11/07,15:38:49,1766.670000,176667,70666,40722,3160,86,2,0,0.16166898,1.90768473,6.56566725,9.45820258,9.77022406,9.85321923,9.85321923
2025/11/07,15:38:50,1819.610000,181961,72784,50778,3506,103,2,0,0.16651412,1.96485730,7.77304411,10.98157171,11.35510563,11.44685504,11.44685504
2025/11/07,15:38:51,1869.250000,186925,74770,57423,3752,117,3,0,0.17105623,2.01845390,8.58669228,12.02053162,12.44523917,12.54246385,12.54246385
2025/11/07,15:38:52,1918.760000,191876,76750,63911,3984,129,3,0,0.17558703,2.07191707,9.38229252,13.02880782,13.49677861,13.59836494,13.59836494
2025/11/07,15:38:53,1969.470000,196947,78779,70301,4214,136,3,0,0.18022770,2.12667674,10.16795162,14.02465472,14.51929463,14.62524262,14.62524262
2025/11/07,15:38:54,2020.650000,202065,80826,76500,4439,143,3,0,0.18491119,2.18194168,10.93223858,14.99470219,15.51473920,15.62396616,15.62396616
2025/11/07,15:38:55,2071.930000,207193,82877,82533,4660,150,3,0,0.18960367,2.23731247,11.67771490,15.94212487,16.48679287,16.59821612,16.59821612
2025/11/07,15:38:56,2114.410000,211441,84576,87934,4830,155,3,0,0.19349079,2.28318039,12.34137527,16.76158466,17.32373575,17.43515900,17.43515900
2025/11/07,15:38:57,2113.550000,211355,84542,89848,4779,152,3,0,0.19341268,2.28225851,12.55942475,16.93345335,17.48411648,17.59006447,17.59006447
2025/11/07,15:38:58,2106.650000,210665,84266,88133,4700,148,3,0,0.19278137,2.27480913,12.35574581,16.65699700,17.19221878,17.29160882,17.29160882
2025/11/07,15:38:59,2102.090000,210209,84083,86632,4637,145,3,0,0.19236358,2.26987942,12.17918236,16.42287800,16.94789108,17.04291946,17.04291946
2025/11/07,15:39:00,2097.270000,209727,83891,85149,4581,143,2,0,0.19192294,2.26467990,12.00428811,16.19721371,16.71469945,16.80644886,16.80644886
2025/11/07,15:39:01,2090.810000,209081,83632,83497,4520,140,2,0,0.19133171,2.25770341,11.80834490,15.94513702,16.45317654,16.54272965,16.54272965
2025/11/07,15:39:02,2085.430000,208543,83417,82111,4467,138,2,0,0.19083930,2.25189281,11.64404473,15.73210292,16.23274158,16.32121201,16.32121201
2025/11/07,15:39:03,2079.850000,207985,83194,81445,4415,136,2,0,0.19032860,2.24586676,11.56187218,15.60274846,16.09585978,16.18541289,16.18541289
2025/11/07,15:39:04,2073.700000,207370,82948,80846,4363,134,2,0,0.18976597,2.23922773,11.48663626,15.47952167,15.96446240,16.05401551,16.05401551
2025/11/07,15:39:05,2067.120000,206712,82685,80220,4309,131,2,0,0.18916375,2.23212155,11.40794401,15.35115933,15.82742357,15.91809030,15.91809030
2025/11/07,15:39:06,2060.280000,206028,82411,79625,4256,129,2,0,0.18853761,2.22473319,11.33253627,15.22811670,15.69608749,15.78675422,15.78675422
2025/11/07,15:39:07,2052.770000,205277,82111,78973,4201,125,2,0,0.18785056,2.21662601,11.24979336,15.09457172,15.54875985,15.63942658,15.63942658
2025/11/07,15:39:08,2045.030000,204503,81801,78315,4142,120,2,0,0.18714179,2.20826240,11.16618390,14.95696098,15.39327935,15.48283246,15.48283246
2025/11/07,15:39:09,2038.540000,203854,81541,77869,4094,117,2,0,0.18654829,2.20125918,11.10813088,14.85469922,15.27864067,15.36819378,15.36819378
2025/11/07,15:39:10,2031.020000,203102,81241,77255,4044,113,2,0,0.18586017,2.19313959,11.02977849,14.73110311,15.14228096,15.23294769,15.23294769
2025/11/07,15:39:11,2022.770000,202277,80911,75892,3991,109,2,0,0.18510542,2.18423352,10.86501251,14.51792714,14.91494289,15.00233064,15.00233064
2025/11/07,15:39:12,2015.120000,201512,80605,74553,3942,106,2,0,0.18440554,2.17597479,10.70360840,14.31176432,14.69703915,14.78223061,14.78223061
2025/11/07,15:39:13,2008.560000,200856,80342,73339,3899,103,2,0,0.18380525,2.16889147,10.55766702,14.12578251,14.50097512,14.58508390,14.58508390
2025/11/07,15:39:14,2001.030000,200103,80041,72046,3850,100,2,0,0.18311545,2.16075187,10.40157261,13.92480035,14.28786898,14.36869879,14.36869879
2025/11/07,15:39:15,1992.750000,199275,79710,70721,3799,97,2,0,0.18235795,2.15181340,10.24113679,13.71769873,14.06902645,14.14765996,14.14765996
2025/11/07,15:39:16,1984.650000,198465,79386,69406,3749,94,2,0,0.18161716,2.14307223,10.08202928,13.51283138,13.85267475,13.92914290,13.92914290
2025/11/07,15:39:17,1976.810000,197681,79072,68077,3696,90,2,0,0.18089966,2.13460565,9.92145145,13.30413366,13.63095686,13.70414604,13.70414604
2025/11/07,15:39:18,1968.530000,196853,78741,66716,3642,86,2,0,0.18014200,2.12566526,9.75688541,13.09044659,13.40285112,13.47276132,13.47276132
2025/11/07,15:39:19,1960.700000,196070,78428,65460,3607,83,2,0,0.17942505,2.11720536,9.60480500,12.90582321,13.20903810,13.27566933,13.27566933
2025/11/07,15:39:20,1953.180000,195318,78127,64289,3577,82,2,0,0.17873742,2.10909148,9.46265200,12.73678258,13.03387224,13.10050347,13.10050347
2025/11/07,15:39:21,1946.740000,194674,77869,63263,3554,81,2,0,0.17814757,2.10213119,9.33838380,12.59073305,12.88476191,12.95139314,12.95139314
2025/11/07,15:39:22,1941.910000,194191,77676,62413,3537,81,2,0,0.17770555,2.09691547,9.23591168,12.47307201,12.76862946,12.83742605,12.83742605
2025/11/07,15:39:23,1938.620000,193862,77545,61733,3531,93,2,0,0.17740500,2.09336904,9.15459486,12.38622887,12.72390041,12.81564982,12.81564982
2025/11/07,15:39:24,1952.320000,195232,78092,62254,3625,129,4,0,0.17865824,2.10815722,9.22898420,12.54628945,13.01515282,13.15277694,13.15277694
2025/11/07,15:39:25,1986.840000,198684,79473,64011,3813,161,6,0,0.18181697,2.14542986,9.46728521,12.95745294,13.54104413,13.73329719,13.74196236
2025/11/07,15:39:26,2022.350000,202235,80894,65810,4008,190,7,0,0.18506648,2.18377401,9.71137980,13.37987044,14.06912627,14.30725404,14.31591921
2025/11/07,15:39:27,2055.930000,205593,82237,67575,4184,215,8,0,0.18814005,2.22004182,9.94952013,13.77872157,14.55858737,14.82730859,14.83597376
2025/11/07,15:39:28,2087.640000,208764,83505,69358,4340,237,9,0,0.19104118,2.25427520,10.18764580,14.15997794,15.01845260,15.30573405,15.31439922
2025/11/07,15:39:29,2119.350000,211935,84774,71611,4498,258,9,0,0.19394322,2.28851907,10.47962292,14.59599081,15.52899446,15.83486708,15.84353225
2025/11/07,15:39:30,2151.200000,215120,86048,74486,4665,277,10,0,0.19685747,2.32290689,10.84287366,15.11213185,16.11481490,16.43596878,16.44463395
2025/11/07,15:39:31,2183.280000,218328,87331,77294,4826,289,10,0,0.19979399,2.35755783,11.19875717,15.61521737,16.66154671,16.98050429,16.98916946
2025/11/07,15:39:32,2198.300000,219830,87932,78870,4885,285,9,0,0.20116842,2.37377599,11.39516844,15.86604996,16.89859664,17.18915707,17.19782224
2025/11/07,15:39:33,2192.020000,219202,87681,79151,4848,270,8,0,0.20059344,2.36699112,11.42059374,15.85702612,16.83533475,17.08438212,17.09304729
2025/11/07,15:39:34,2183.610000,218361,87344,79230,4800,256,6,0,0.19982366,2.35790772,11.42055046,15.81387223,16.74177333,16.95478292,16.96344809
2025/11/07,15:39:35,2171.350000,217135,86854,78988,4751,244,6,0,0.19870217,2.34467443,11.37954231,15.72739432,16.61267180,16.80384218,16.81250735
2025/11/07,15:39:36,2159.930000,215993,86397,78659,4719,236,5,0,0.19765673,2.33233826,11.32968026,15.64841454,16.50178665,16.67872752,16.68739269
2025/11/07,15:39:37,2146.870000,214687,85874,77710,4698,231,5,0,0.19646150,2.31823458,11.20700179,15.50647585,16.34172524,16.50666383,16.51532900
2025/11/07,15:39:38,2132.960000,213296,85318,76071,4667,226,4,0,0.19518854,2.30321381,11.00443207,15.27549943,16.09428841,16.24830740,16.25697257
2025/11/07,15:39:39,2118.450000,211845,84738,74442,4634,222,4,0,0.19386081,2.28754666,10.80253698,15.04400251,15.84645394,15.99063600,15.99930117
2025/11/07,15:39:40,2101.360000,210136,84054,72684,4595,217,4,0,0.19229668,2.26909004,10.58295099,14.78786630,15.57206854,15.70641368,15.71507885
2025/11/07,15:39:41,2079.310000,207931,83172,70716,4551,211,4,0,0.19027941,2.24528620,10.33404408,14.49885398,15.26327843,15.38890026,15.39756543
2025/11/07,15:39:42,2058.160000,205816,82326,68926,4520,207,3,0,0.18834339,2.22244135,10.10645467,14.24347283,14.99283537,15.11189925,15.12056442
2025/11/07,15:39:43,2042.720000,204272,81709,67494,4497,204,3,0,0.18693115,2.20577702,9.92594858,14.04131443,14.77919262,14.89389485,14.90256002
2025/11/07,15:39:44,2028.910000,202891,81156,66179,4474,200,3,0,0.18566692,2.19085921,9.76068068,13.85539626,14.58128058,14.69159022,14.70025539
2025/11/07,15:39:45,2015.190000,201519,80607,64907,4432,193,3,0,0.18441190,2.17605006,9.60034438,13.65653860,14.35702582,14.46297381,14.47163898
2025/11/07,15:39:46,2001.590000,200159,80063,63654,4386,186,3,0,0.18316690,2.16135914,9.44228745,13.45643716,14.13114423,14.23273056,14.24139573
2025/11/07,15:39:47,1987.670000,198767,79507,62384,4340,179,3,0,0.18189356,2.14633362,9.28203367,13.25426881,13.90460146,14.00182614,14.01049131
2025/11/07,15:39:48,1977.030000,197703,79081,61368,4305,174,3,0,0.18091976,2.13484303,9.15434605,13.09449119,13.72542549,13.82045387,13.82911904
2025/11/07,15:39:49,1972.010000,197201,78880,60660,4274,170,3,0,0.18046022,2.12942045,9.06796192,12.98002340,13.59526339,13.68920909,13.69787426
2025/11/07,15:39:50,1967.620000,196762,78704,59971,4230,165,2,0,0.18005836,2.12467856,8.98440349,12.85590750,13.45404384,13.54579325,13.55445842
2025/11/07,15:39:51,1963.680000,196368,78547,59321,4187,161,2,0,0.17969829,2.12042954,8.90574888,12.73753549,13.31972095,13.40927406,13.40927406
2025/11/07,15:39:52,1959.400000,195940,78376,58672,4140,156,2,0,0.17930580,2.11579822,8.82687358,12.61619656,13.18230466,13.27077509,13.27077509
2025/11/07,15:39:53,1955.210000,195521,78208,58048,4095,152,2,0,0.17892275,2.11127843,8.75101411,12.49874555,13.05004831,13.13632245,13.13632245
2025/11/07,15:39:54,1950.810000,195081,78032,57460,4049,148,2,0,0.17852009,2.10652702,8.67895833,12.38513026,12.92239379,13.00758525,13.00758525
2025/11/07,15:39:55,1946.320000,194632,77853,56902,4007,145,2,0,0.17810967,2.10168406,8.61036978,12.27756829,12.80181526,12.88481043,12.88481043
2025/11/07,15:39:56,1941.130000,194113,77645,56320,3974,141,2,0,0.17763471,2.09607941,8.53818789,12.17568758,12.68768410,12.76959659,12.76959659
2025/11/07,15:39:57,1935.200000,193520,77408,55740,3942,138,2,0,0.17709121,2.08966629,8.46537928,12.07353520,12.57379080,12.65570329,12.65570329
2025/11/07,15:39:58,1929.100000,192910,77164,55195,3911,135,2,0,0.17653352,2.08308541,8.39644645,11.97629267,12.46583003,12.54665984,12.54665984
2025/11/07,15:39:59,1922.700000,192270,76908,54629,3878,132,2,0,0.17594801,2.07617658,8.32486690,11.87440026,12.35334586,12.43306205,12.43306205
2025/11/07,15:40:00,1915.800000,191580,76632,54025,3843,129,2,0,0.17531647,2.06872435,8.24827652,11.76533187,12.23330266,12.31193617,12.31193617
2025/11/07,15:40:01,1908.830000,190883,76353,53429,3809,125,2,0,0.17467854,2.06119680,8.17259233,11.65852678,12.11143566,12.18898649,12.18898649
2025/11/07,15:40:02,1901.930000,190193,76077,52836,3775,120,2,0,0.17404665,2.05374074,8.09736738,11.55269797,11.98888986,12.06535801,12.06535801
2025/11/07,15:40:03,1896.940000,189694,75877,52428,3749,116,2,0,0.17359050,2.04835819,8.04530160,11.47687880,11.89916156,11.97451610,11.97451610
2025/11/07,15:40:04,1910.360000,191036,76414,54560,3846,119,2,0,0.17481847,2.06284797,8.30359282,11.82368541,12.25553725,12.33308808,12.33308808
2025/11/07,15:40:05,1930.560000,193056,77222,57517,3988,124,2,0,0.17666705,2.08466128,8.66370917,12.31381169,12.76404282,12.84375901,12.84375901
2025/11/07,15:40:06,1951.480000,195148,78059,60484,4150,133,2,0,0.17858175,2.10725443,9.02565150,12.82373204,13.30650455,13.39169601,13.39169601
2025/11/07,15:40:07,1971.730000,197173,78869,63250,4315,142,2,0,0.18043495,2.12912206,9.36388815,13.31314591,13.82935239,13.92001912,13.92001912
2025/11/07,15:40:08,1991.590000,199159,79663,65800,4474,151,3,0,0.18225179,2.15056070,9.67702335,13.77141590,14.31786907,14.41289745,14.41289745
2025/11/07,15:40:09,2011.100000,201110,80444,68232,4626,158,3,0,0.18403713,2.17162757,9.97627086,14.21030391,14.78457897,14.88288633,14.88288633
2025/11/07,15:40:10,2030.390000,203039,81215,70576,4776,166,3,0,0.18580226,2.19245606,10.26518961,14.63582500,15.23613317,15.33771950,15.34638467
2025/11/07,15:40:11,2046.880000,204688,81875,72594,4908,172,3,0,0.18731129,2.21026249,10.51377855,15.00547231,15.62798668,15.73173837,15.74040354
2025/11/07,15:40:12,2044.350000,204435,81774,71959,4901,174,3,0,0.18707990,2.20753214,10.43846850,14.92363390,15.55252645,15.65519546,15.66386063
2025/11/07,15:40:13,2035.050000,203505,81402,70445,4846,174,3,0,0.18622917,2.19749350,10.25526110,14.69030343,15.31945256,15.41992528,15.42859045
2025/11/07,15:40:14,2025.080000,202508,81003,68865,4770,169,3,0,0.18531687,2.18672841,10.06378990,14.42918997,15.04264118,15.13875224,15.14741741
2025/11/07,15:40:15,2015.330000,201533,80613,67425,4687,163,2,0,0.18442428,2.17619596,9.88848667,14.17820113,14.76804402,14.85871075,14.85871075
2025/11/07,15:40:16,2006.570000,200657,80262,66197,4613,157,2,0,0.18362267,2.16673694,9.73857806,13.96003939,14.52997440,14.61624854,14.61624854
2025/11/07,15:40:17,1997.740000,199774,79909,65015,4548,152,2,0,0.18281459,2.15720167,9.59390090,13.75586757,14.30767986,14.39178864,14.39178864
2025/11/07,15:40:18,1989.450000,198945,79578,63907,4489,148,2,0,0.18205611,2.14825172,9.45818680,13.56624919,14.10172755,14.18364004,14.18364004
2025/11/07,15:40:19,1982.150000,198215,79286,62920,4436,144,2,0,0.18138803,2.14036857,9.33733004,13.39730548,13.91861813,13.99833432,13.99833432
2025/11/07,15:40:20,1975.370000,197537,79014,62016,4387,140,2,0,0.18076755,2.13304694,9.22665256,13.24164325,13.75019591,13.82882942,13.82882942
2025/11/07,15:40:21,1968.850000,196885,78754,61148,4340,137,2,0,0.18017066,2.12600368,9.12030488,13.09195893,13.58877068,13.66632151,13.66632151
2025/11/07,15:40:22,1961.930000,196193,78477,60280,4292,134,2,0,0.17953768,2.11853430,9.01355944,12.94119784,13.42626867,13.50273682,13.50273682
2025/11/07,15:40:23,1953.870000,195387,78155,59314,4243,131,2,0,0.17880021,2.10983225,8.89436383,12.77730849,13.25216700,13.32643886,13.32643886
2025/11/07,15:40:24,1944.970000,194497,77798,58251,4207,130,2,0,0.17798551,2.10021879,8.76317290,12.61376858,13.08429064,13.15856250,13.15856250
2025/11/07,15:40:25,1937.110000,193711,77484,57287,4175,129,2,0,0.17726685,2.09173884,8.64441351,12.46514839,12.93324566,13.00751752,13.00751752
2025/11/07,15:40:26,1929.690000,192969,77187,56382,4142,128,2,0,0.17658765,2.08372415,8.53287734,12.32375142,12.78967685,12.86394871,12.86394871
2025/11/07,15:40:27,1921.990000,192199,76879,55485,4107,128,2,0,0.17588305,2.07541009,8.42203945,12.18121062,12.64433182,12.71860368,12.71860368
2025/11/07,15:40:28,1913.850000,191385,76554,54586,4074,127,2,0,0.17513808,2.06661938,8.31042614,12.03883239,12.49786650,12.57322104,12.57322104
2025/11/07,15:40:29,1906.990000,190699,76279,53843,4062,128,2,0,0.17451017,2.05921004,8.21801994,11.93592261,12.39904381,12.47551196,12.47551196
2025/11/07,15:40:30,1916.980000,191698,76679,55101,4147,134,2,0,0.17542473,2.07000183,8.37271098,12.16791534,12.65477134,12.73776651,12.73776651
2025/11/07,15:40:31,1933.420000,193342,77337,57067,4257,142,2,0,0.17692898,2.08775199,8.61528546,12.51147993,13.02500866,13.11456177,13.11456177
2025/11/07,15:40:32,1949.780000,194978,77991,58924,4342,147,3,0,0.17842572,2.10541350,8.84540687,12.81951615,13.35103750,13.44498320,13.44498320
2025/11/07,15:40:33,1967.880000,196788,78715,60894,4436,154,3,0,0.18008189,2.12495598,9.09020992,13.14982938,13.70751394,13.80582130,13.80582130
2025/11/07,15:40:34,2005.050000,200505,80202,64367,4613,170,3,0,0.18348338,2.16509339,9.52767790,13.74943023,14.36505327,14.47100126,14.47966643
2025/11/07,15:40:35,2050.870000,205087,82034,68369,4803,186,3,0,0.18767663,2.21457348,10.03487347,14.43026337,15.10420433,15.21671026,15.22537543
2025/11/07,15:40:36,2085.130000,208513,83405,72168,4929,197,3,0,0.19081157,2.25156580,10.50641123,15.01730115,15.72991234,15.84461457,15.85327974
2025/11/07,15:40:37,2112.130000,211213,84485,75642,5002,203,3,0,0.19328267,2.28072458,10.93286432,15.51058438,16.24744351,16.36103212,16.36969729
2025/11/07,15:40:38,2122.010000,212201,84880,76979,4976,204,3,0,0.19418689,2.29139433,11.09647345,15.65060301,16.38835472,16.49758168,16.50624685
2025/11/07,15:40:39,2126.170000,212617,85046,77617,4926,202,3,0,0.19456709,2.29588073,11.17402831,15.68249412,16.41513967,16.51889136,16.52755653
2025/11/07,15:40:40,2130.960000,213096,85238,78407,4900,202,3,0,0.19500540,2.30105259,11.26955735,15.75433474,16.48455550,16.58502822,16.59369339
2025/11/07,15:40:41,2133.490000,213349,85339,78975,4865,198,3,0,0.19523728,2.30378867,11.33727515,15.78944551,16.50664971,16.60276077,16.61142594
2025/11/07,15:40:42,2115.450000,211545,84618,77810,4736,185,2,0,0.19358661,2.28431104,11.18443702,15.51887725,16.18848177,16.27586952,16.28453469
2025/11/07,15:40:43,2088.240000,208824,83529,75990,4592,171,2,0,0.19109606,2.25492254,10.94695119,15.14979836,15.76988794,15.84852145,15.85718662
2025/11/07,15:40:44,2073.760000,207376,82950,74394,4515,163,2,0,0.18977178,2.23929635,10.74876885,14.88090675,15.47177232,15.54712686,15.54712686
2025/11/07,15:40:45,2065.610000,206561,82624,72953,4469,158,2,0,0.18902592,2.23049516,10.57507164,14.66555395,15.23663811,15.31090997,15.31090997
2025/11/07,15:40:46,2058.640000,205864,82345,71687,4430,153,2,0,0.18838766,2.22296379,10.42282100,14.47762518,15.03186226,15.10505144,15.10505144
2025/11/07,15:40:47,2052.220000,205222,82089,70514,4391,149,2,0,0.18780024,2.21603210,10.28171693,14.30071487,14.83925765,14.91133321,14.91133321
2025/11/07,15:40:48,2044.680000,204468,81787,69264,4333,144,2,0,0.18710979,2.20788486,10.13050669,14.09650447,14.61807369,14.68798389,14.68798389
2025/11/07,15:40:49,2036.610000,203661,81464,67930,4263,139,2,0,0.18637159,2.19917422,9.96919593,13.87056074,14.37515640,14.44178763,14.44178763
2025/11/07,15:40:50,2028.970000,202897,81158,66684,4197,135,2,0,0.18567235,2.19092310,9.81846333,13.65962245,14.14966935,14.21518696,14.21518696
2025/11/07,15:40:51,2020.960000,202096,80838,65449,4130,131,2,0,0.18493996,2.18228108,9.66858408,13.44863246,13.92477022,13.98812247,13.98812247
2025/11/07,15:40:52,2011.500000,201150,80460,64142,4058,127,2,0,0.18407348,2.17205655,9.50879298,13.22246237,13.68149648,13.74373512,13.74373512
2025/11/07,15:40:53,2001.310000,200131,80052,62816,3983,120,1,0,0.18314147,2.16105887,9.34616469,12.99190490,13.42605505,13.48612833,13.48612833
2025/11/07,15:40:54,1990.610000,199061,79624,61484,3909,113,1,0,0.18216227,2.14950442,9.18232124,12.75967929,13.16996456,13.22784155,13.22784155
2025/11/07,15:40:55,1979.880000,197988,79195,60198,3836,107,1,0,0.18118040,2.13791849,9.02353989,12.53409891,12.92218159,12.97897589,12.97897589
2025/11/07,15:40:56,1970.320000,197032,78812,59050,3769,102,1,0,0.18030542,2.12759385,8.88200378,12.33161404,12.70080790,12.75651952,12.75651952
2025/11/07,15:40:57,1961.130000,196113,78445,58055,3710,97,1,0,0.17946422,2.11766770,8.75815876,12.15389677,12.50586050,12.56045851,12.56045851
2025/11/07,15:40:58,1951.430000,195143,78057,57091,3651,92,1,0,0.17857729,2.10720196,8.63746609,11.97920282,12.31432308,12.36675573,12.36675573
2025/11/07,15:40:59,1942.010000,194201,77680,56194,3595,88,1,0,0.17771502,2.09702703,8.52471082,11.81519342,12.13525539,12.18549175,12.18549175
2025/11/07,15:41:00,1933.220000,193322,77329,55371,3543,84,1,0,0.17691082,2.08753750,8.42112780,11.66371745,11.97037981,12.01841987,12.01841987
2025/11/07,15:41:01,1924.520000,192452,76980,54583,3493,81,1,0,0.17611395,2.07813472,8.32159410,11.51835893,11.81328037,11.86023775,11.86023775
2025/11/07,15:41:02,1916.690000,191669,76667,53872,3447,78,1,0,0.17539765,2.06968243,8.23182075,11.38680005,11.67189584,11.71885322,11.71885322
2025/11/07,15:41:03,1909.660000,190966,76386,53227,3391,76,1,0,0.17475407,2.06208815,8.15037425,11.25426047,11.53144225,11.58059593,11.58059593
2025/11/07,15:41:04,1903.450000,190345,76138,52649,3340,74,1,0,0.17418652,2.05539096,8.07755632,11.13490669,11.40558019,11.45689923,11.45689923
2025/11/07,15:41:05,1897.940000,189794,75917,52129,3295,73,1,0,0.17368222,2.04944024,8.01211345,11.02738728,11.29270166,11.34729967,11.34729967
2025/11/07,15:41:06,1892.860000,189286,75714,51651,3252,72,1,0,0.17321725,2.04395378,7.95195790,10.92806431,11.18865558,11.24325359,11.24325359
2025/11/07,15:41:07,1887.030000,188703,75481,51155,3207,70,1,0,0.17268321,2.03765222,7.88893522,10.82409615,11.07932830,11.13503992,11.13503992
2025/11/07,15:41:08,1881.220000,188122,75249,50675,3165,69,1,0,0.17215225,2.03138689,7.82778668,10.72455529,10.97519443,11.03090605,11.03090605
2025/11/07,15:41:09,1875.420000,187542,75017,50215,3135,68,1,0,0.17162129,2.02512154,7.76891238,10.63856733,10.88575900,10.94255330,10.94255330
2025/11/07,15:41:10,1869.530000,186953,74781,49750,3108,67,1,0,0.17108176,2.01875517,7.70936744,10.55439691,10.79763157,10.85550856,10.85550856
2025/11/07,15:41:11,1863.140000,186314,74525,49259,3079,65,1,0,0.17049725,2.01185779,7.64632658,10.46411336,10.70224548,10.76012247,10.76012247
2025/11/07,15:41:12,1856.600000,185660,74264,48769,3049,64,1,0,0.16989849,2.00479260,7.58313403,10.37358112,10.60724670,10.66512369,10.66512369
2025/11/07,15:41:13,1850.080000,185008,74003,48280,3019,63,1,0,0.16930192,1.99775315,7.52023785,10.28308628,10.51215523,10.56894953,10.56894953
2025/11/07,15:41:14,1844.960000,184496,73798,47878,2995,62,1,0,0.16883391,1.99223049,7.46864596,10.20964808,10.43552975,10.49232405,10.49232405
2025/11/07,15:41:15,1842.330000,184233,73693,47614,2983,62,1,0,0.16859305,1.98938857,7.43564591,10.16575737,10.39138246,10.44925945,10.44925945
2025/11/07,15:41:16,1840.990000,184099,73639,47419,2977,62,1,0,0.16847074,1.98794521,7.41190112,10.13651920,10.36341993,10.42349321,10.42349321
2025/11/07,15:41:17,1840.150000,184015,73606,47253,2962,63,1,0,0.16839392,1.98703861,7.39204978,10.10322405,10.33089088,10.39204684,10.39204684
2025/11/07,15:41:18,1838.160000,183816,73526,47058,2941,62,2,0,0.16821149,1.98488596,7.36754309,10.05919816,10.28660842,10.34884706,10.34884706
2025/11/07,15:41:19,1836.110000,183611,73444,46866,2921,63,2,0,0.16802412,1.98267518,7.34340252,10.01657246,10.24462235,10.30797460,10.30797460
2025/11/07,15:41:20,1834.060000,183406,73362,46687,2903,63,2,0,0.16783652,1.98046152,7.32074146,9.97788242,10.20886663,10.27438424,10.27438424
2025/11/07,15:41:21,1831.920000,183192,73276,46523,2889,70,2,0,0.16764013,1.97814397,7.29957616,9.94349934,10.19745586,10.26953142,10.26953142
2025/11/07,15:41:22,1829.360000,182936,73174,46346,2874,78,2,0,0.16740632,1.97538501,7.27657170,9.90682503,10.18911297,10.26774648,10.26774648
2025/11/07,15:41:23,1825.640000,182564,73025,46129,2855,85,2,0,0.16706609,1.97137050,7.24779173,9.86043203,10.16913613,10.25432759,10.25432759
2025/11/07,15:41:24,1821.480000,182148,72859,45904,2842,97,3,0,0.16668540,1.96687837,7.21757677,9.81913240,10.17109613,10.26612451,10.26612451
2025/11/07,15:41:25,1817.580000,181758,72703,45426,2842,112,3,0,0.16632856,1.96266750,7.15868056,9.75988113,10.16582995,10.27177794,10.27177794
2025/11/07,15:41:26,1814.900000,181490,72596,45038,2846,127,3,0,0.16608318,1.95977219,7.11134392,9.71642271,10.17571339,10.28930200,10.28930200
2025/11/07,15:41:27,1812.790000,181279,72511,44738,2853,135,3,0,0.16589009,1.95749372,7.07479125,9.68633343,10.17778244,10.29901168,10.29901168
2025/11/07,15:41:28,1810.710000,181071,72428,44450,2870,144,4,0,0.16569926,1.95524195,7.03965880,9.66667998,10.18722652,10.31393103,10.31393103
2025/11/07,15:41:29,1808.360000,180836,72334,44113,2886,148,4,0,0.16548403,1.95270226,6.99852685,9.63983283,10.17595081,10.30485162,10.30485162
2025/11/07,15:41:30,1806.170000,180617,72246,43792,2901,151,4,0,0.16528360,1.95033704,6.95941528,9.61464916,10.16148538,10.29038619,10.29038619
2025/11/07,15:41:31,1804.380000,180438,72175,43495,2916,154,4,0,0.16512040,1.94841129,6.92357071,9.59286244,10.14965441,10.27963790,10.27963790
2025/11/07,15:41:32,1801.850000,180185,72074,43132,2928,154,4,0,0.16488876,1.94567807,6.87930045,9.55954782,10.11671923,10.24670272,10.24670272
2025/11/07,15:41:33,1798.580000,179858,71943,42734,2931,154,4,0,0.16458928,1.94214406,6.83023447,9.51326101,10.07005298,10.20767710,10.20767710
2025/11/07,15:41:34,1795.060000,179506,71802,42341,2934,154,4,0,0.16426698,1.93834118,6.78144888,9.46725460,10.02455610,10.16982084,10.16982084
2025/11/07,15:41:35,1791.480000,179148,71659,41959,2939,154,4,0,0.16393971,1.93447923,6.73396160,9.42393562,9.98187314,10.13369583,10.13369583
2025/11/07,15:41:36,1787.710000,178771,71508,41537,2939,154,5,0,0.16359489,1.93041039,6.68156139,9.37137435,9.92816632,10.08438160,10.08438160
2025/11/07,15:41:37,1784.040000,178404,71361,41141,2936,153,5,0,0.16325903,1.92644736,6.63237338,9.31985923,9.87601158,10.03767120,10.03767120
2025/11/07,15:41:38,1779.650000,177965,71186,40707,2930,153,5,0,0.16285743,1.92170832,6.57799832,9.26005485,9.81442203,9.97936062,9.97936062
2025/11/07,15:41:39,1775.150000,177515,71006,40287,2924,152,5,0,0.16244507,1.91684249,6.52501124,9.20144536,9.75377080,9.92198836,9.92198836
2025/11/07,15:41:40,1770.820000,177082,70832,39886,2917,151,5,0,0.16204886,1.91216733,6.47443648,9.14431021,9.69229559,9.86051315,9.86051315
2025/11/07,15:41:41,1766.950000,176695,70678,39533,2910,148,5,0,0.16169522,1.90799454,6.42989403,9.09346543,9.63149506,9.78987570,9.78987570
2025/11/07,15:41:42,1772.320000,177232,70892,40081,2944,148,4,0,0.16218595,1.91378513,6.49839207,9.19250328,9.72772506,9.87846507,9.87846507
2025/11/07,15:41:43,1882.610000,188261,75304,48884,3305,165,5,0,0.17227942,2.03288744,7.62441342,10.64909179,11.24761118,11.40490914,11.41357431
2025/11/07,15:41:44,2021.700000,202170,80868,55825,3644,185,5,0,0.18500701,2.18307236,8.56853247,11.90406479,12.57494495,12.73880086,12.74746603
2025/11/07,15:41:45,2159.570000,215957,86383,62516,3935,203,5,0,0.19762425,2.33195500,9.48274624,13.08434177,13.82145386,13.99075410,13.99941927
2025/11/07,15:41:46,2291.220000,229122,91649,68612,4193,218,5,0,0.20967142,2.47411091,10.32216952,14.15967645,14.94821874,15.11863260,15.12729777
2025/11/07,15:41:47,2413.230000,241323,96529,74127,4408,228,5,0,0.22083667,2.60586020,11.08481506,15.11916298,15.94331108,16.11261132,16.12127649
2025/11/07,15:41:48,2533.090000,253309,101323,79328,4606,236,5,0,0.23180456,2.73528049,11.80909213,16.02476908,16.87890729,17.04604217,17.05470734
2025/11/07,15:41:49,2651.430000,265143,106057,84294,4801,243,5,0,0.24263442,2.86307246,12.50493952,16.89877832,17.77971575,17.94465434,17.95331951
2025/11/07,15:41:50,2758.580000,275858,110343,88612,4965,247,5,0,0.25243995,2.97877709,13.11453636,17.65855035,18.55428950,18.71375282,18.72241799
2025/11/07,15:41:51,2758.980000,275898,110359,87342,4881,232,4,0,0.25247608,2.97920323,12.96962523,17.43630550,18.27678753,18.41988691,18.42855208
2025/11/07,15:41:52,2730.380000,273038,109215,84318,4752,214,4,0,0.24985881,2.94831985,12.59284894,16.94144402,17.71760939,17.84431390,17.85297907
2025/11/07,15:41:53,2701.890000,270189,108075,81379,4627,198,3,0,0.24725150,2.91755375,12.22596108,16.46067222,17.17749337,17.28999930,17.29866447
2025/11/07,15:41:54,2675.790000,267579,107031,78757,4529,185,3,0,0.24486314,2.88937121,11.89782549,16.04250216,16.71401833,16.81449105,16.82315622
2025/11/07,15:41:55,2649.690000,264969,105987,76269,4464,177,3,0,0.24247510,2.86119247,11.58505153,15.67029852,16.31106209,16.40389418,16.41255935
2025/11/07,15:41:56,2623.040000,262304,104921,73952,4409,170,2,0,0.24003626,2.83241412,11.29134171,15.32617463,15.94154110,16.03001153,16.03867670
2025/11/07,15:41:57,2597.730000,259773,103909,71807,4354,164,2,0,0.23772029,2.80508574,11.01862438,15.00310729,15.59614108,15.68024986,15.68024986
2025/11/07,15:41:58,2572.220000,257222,102889,69734,4289,158,2,0,0.23538605,2.77754193,10.75399259,14.67901287,15.25098962,15.33181943,15.33181943
2025/11/07,15:41:59,2546.950000,254695,101878,67972,4225,153,2,0,0.23307363,2.75025552,10.52508004,14.39205977,14.94540427,15.02403778,15.02403778
2025/11/07,15:42:00,2521.140000,252114,100845,66299,4158,147,2,0,0.23071145,2.72238186,10.30594126,14.11109922,14.64581147,14.72116601,14.72116601
2025/11/07,15:42:01,2494.760000,249476,99790,64639,4088,142,2,0,0.22829771,2.69389995,10.08749487,13.82908595,14.34542253,14.41861171,14.41861171
2025/11/07,15:42:02,2472.110000,247211,98884,63194,4025,138,2,0,0.22622428,2.66943350,9.89780125,13.58144878,14.08208744,14.15308032,14.15308032
2025/11/07,15:42:03,2459.120000,245912,98365,62160,3971,134,2,0,0.22503615,2.65541372,9.76552830,13.39966680,13.88741538,13.95732558,13.95732558
2025/11/07,15:42:04,2448.730000,244873,97949,61231,3918,131,2,0,0.22408482,2.64418818,9.64806675,13.23411830,13.70923338,13.77694729,13.77694729
2025/11/07,15:42:05,2438.030000,243803,97521,60301,3865,127,2,0,0.22310578,2.63263562,9.53011267,13.06765632,13.52886226,13.59549349,13.59549349
2025/11/07,15:42:06,2427.510000,242751,97100,59425,3824,122,2,0,0.22214349,2.62128046,9.41852808,12.91793837,13.36063854,13.42726977,13.42726977
2025/11/07,15:42:07,2417.270000,241727,96690,58602,3790,117,2,0,0.22120598,2.61021792,9.31327506,12.78169348,13.20742009,13.27293770,13.27293770
2025/11/07,15:42:08,2407.680000,240768,96307,57844,3760,113,2,0,0.22032891,2.59986848,9.21630898,12.65722574,13.06776758,13.13220251,13.13220251
2025/11/07,15:42:09,2398.600000,239860,95944,57157,3733,109,2,0,0.21949788,2.59006245,9.12793680,12.54413108,12.94152627,13.00596120,13.00596120
2025/11/07,15:42:10,2389.490000,238949,95579,56496,3706,109,2,0,0.21866418,2.58022497,9.04244158,12.43404332,12.82825123,12.89704782,12.89704782
2025/11/07,15:42:11,2379.320000,237932,95173,55797,3676,115,2,0,0.21773330,2.56924062,8.95153782,12.31634893,12.73352552,12.81979966,12.81979966
2025/11/07,15:42:12,2368.410000,236841,94736,55073,3644,121,3,0,0.21673513,2.55746215,8.85689126,12.19206760,12.63119382,12.73278015,12.73278015
2025/11/07,15:42:13,2357.130000,235713,94285,54349,3611,126,3,0,0.21570252,2.54527754,8.76195570,12.06646412,12.52524527,12.63775120,12.63775120
2025/11/07,15:42:14,2343.720000,234372,93749,53646,3570,130,3,0,0.21447571,2.53080112,8.66705509,11.93401125,12.40529942,12.52436330,12.52436330
2025/11/07,15:42:15,2326.380000,232638,93055,52901,3522,132,4,0,0.21288896,2.51207757,8.56310843,11.78650191,12.26659306,12.39221489,12.39221489
2025/11/07,15:42:16,2308.410000,230841,92336,52124,3473,135,4,0,0.21124421,2.49266956,8.45476113,11.63326687,12.12152860,12.25259477,12.25259477
2025/11/07,15:42:17,2290.970000,229097,91639,51396,3421,137,4,0,0.20964857,2.47384113,8.35270512,11.48370500,11.98026017,12.11788429,12.11788429
2025/11/07,15:42:18,2274.270000,227427,90970,50711,3375,138,4,0,0.20811999,2.45580399,8.25637646,11.34497676,11.84484931,11.98466972,11.98466972
2025/11/07,15:42:19,2258.780000,225878,90351,50101,3340,135,4,0,0.20670216,2.43907388,8.16987405,11.22706245,11.71545066,11.84871312,11.84871312
2025/11/07,15:42:20,2244.600000,224460,89784,49576,3312,132,4,0,0.20540458,2.42376233,8.09446035,11.12534313,11.60352263,11.73130982,11.73130982
2025/11/07,15:42:21,2230.070000,223007,89203,49046,3280,129,3,0,0.20407546,2.40807897,8.01815382,11.02030778,11.48865801,11.61208355,11.61208355
2025/11/07,15:42:22,2217.670000,221767,88706,48556,3253,126,3,0,0.20294060,2.39468746,7.94866732,10.92619580,11.38152947,11.50167603,11.50167603
2025/11/07,15:42:23,2209.690000,220969,88387,48173,3252,122,3,0,0.20221057,2.38607312,7.89630229,10.87266676,11.31587646,11.43274405,11.43274405
2025/11/07,15:42:24,2201.800000,220180,88072,47814,3262,119,3,0,0.20148829,2.37755027,7.84668677,10.83255277,11.26504423,11.37974646,11.37974646
2025/11/07,15:42:25,2193.730000,219373,87749,47466,3280,116,3,0,0.20075008,2.36883962,7.79819623,10.79980022,11.22208298,11.33458891,11.33458891
2025/11/07,15:42:26,2185.440000,218544,87417,47126,3291,113,3,0,0.19999154,2.35988875,7.75037835,10.76238800,11.17420547,11.28343243,11.28343243
2025/11/07,15:42:27,2177.740000,217774,87109,46806,3297,111,3,0,0.19928655,2.35156993,7.70545856,10.72344751,11.12607534,11.23310601,11.23310601
2025/11/07,15:42:28,2169.810000,216981,86792,46465,3303,108,3,0,0.19856127,2.34301181,7.65788393,10.68065522,11.07333092,11.17599993,11.17599993
2025/11/07,15:42:29,2162.570000,216257,86502,46157,3312,106,3,0,0.19789813,2.33518682,7.61481935,10.64586410,11.03100884,11.13148156,11.13148156
2025/11/07,15:42:30,2156.370000,215637,86255,45904,3336,108,3,0,0.19733130,2.32849821,7.57912386,10.63204695,11.02484912,11.12423916,11.12423916
2025/11/07,15:42:31,2149.390000,214939,85975,45257,3340,111,3,0,0.19669266,2.32096209,7.49766290,10.55439923,10.95600800,11.05431536,11.05431536
2025/11/07,15:42:32,2142.300000,214230,85692,44570,3332,112,3,0,0.19604358,2.31330298,7.41144164,10.46077752,10.86889456,10.96500562,10.96500562
2025/11/07,15:42:33,2135.800000,213580,85432,43929,3317,114,3,0,0.19544830,2.30627878,7.33107423,10.36725730,10.78200910,10.87595480,10.87595480
2025/11/07,15:42:34,2129.730000,212973,85189,43316,3298,116,3,0,0.19489343,2.29973128,7.25439481,10.27319179,10.69547455,10.78830664,10.78830664
2025/11/07,15:42:35,2122.460000,212246,84898,42628,3274,118,2,0,0.19422803,2.29187959,7.16786396,10.16423263,10.59136497,10.68203170,10.68203170
2025/11/07,15:42:36,2113.380000,211338,84535,41832,3242,118,2,0,0.19339723,2.28207641,7.06697247,10.03403031,10.46307792,10.55046567,10.55046567
2025/11/07,15:42:37,2103.420000,210342,84136,41005,3206,118,2,0,0.19248551,2.27131802,6.96159947,9.89559730,10.32426185,10.40837063,10.40837063
2025/11/07,15:42:38,2093.040000,209304,83721,40178,3154,114,2,0,0.19153595,2.26011343,6.85586914,9.74216711,10.15628290,10.23599909,10.23599909
2025/11/07,15:42:39,2083.400000,208340,83336,39424,3101,110,2,0,0.19065354,2.24970108,6.75921979,9.59762481,9.99540305,10.07187120,10.07187120
2025/11/07,15:42:40,2074.070000,207407,82962,38714,3051,106,2,0,0.18979935,2.23962148,6.66787175,9.45986995,9.84322952,9.91641870,9.91641870
2025/11/07,15:42:41,2064.740000,206474,82589,38041,3000,102,2,0,0.18894609,2.22955325,6.58079652,9.32651693,9.69583727,9.76574747,9.76574747
2025/11/07,15:42:42,2054.790000,205479,82191,37354,2947,98,2,0,0.18803509,2.21880342,6.49152903,9.18922746,9.54361598,9.60913359,9.60913359
2025/11/07,15:42:43,2044.550000,204455,81782,36666,2895,93,2,0,0.18709790,2.20774471,6.40170217,9.05128070,9.39074102,9.45409327,9.45409327
2025/11/07,15:42:44,2036.040000,203604,81441,36113,2851,91,2,0,0.18631981,2.19856314,6.32935677,8.93879786,9.26881196,9.33216421,9.33216421
2025/11/07,15:42:45,2029.290000,202929,81171,35703,2818,93,2,0,0.18570192,2.19127201,6.27518841,8.85412264,9.19243380,9.26998463,9.26998463
2025/11/07,15:42:46,2023.680000,202368,80947,35385,2791,97,3,0,0.18518873,2.18521642,6.23275409,8.78732181,9.13788342,9.23182912,9.23182912
2025/11/07,15:42:47,2018.000000,201800,80720,35074,2764,100,3,0,0.18466833,2.17907595,6.19099428,8.72109849,9.08301797,9.19116225,9.19116225
2025/11/07,15:42:48,2011.760000,201176,80470,34743,2737,102,3,0,0.18409762,2.17234158,6.14642704,8.65135670,9.02323193,9.14009952,9.14009952
2025/11/07,15:42:49,2005.850000,200585,80234,34450,2712,105,4,0,0.18355729,2.16596568,6.10652820,8.58870651,8.97091692,9.09542514,9.09542514
2025/11/07,15:42:50,2005.460000,200546,80218,34858,2722,112,4,0,0.18352071,2.16553383,6.15275133,8.64436621,9.05146058,9.18580572,9.18580572
2025/11/07,15:42:51,2040.880000,204088,81635,39476,2941,141,5,0,0.18676229,2.20378456,6.71925735,9.41062142,9.92108573,10.08822061,10.08822061
2025/11/07,15:42:52,2090.020000,209002,83601,45441,3231,168,6,0,0.19125974,2.25685398,7.45462831,10.41160352,11.01880302,11.21869671,11.22736188
2025/11/07,15:42:53,2138.610000,213861,85544,48057,3510,191,6,0,0.19570538,2.30931232,7.80628831,11.01882315,11.70986776,11.92504271,11.93370788
2025/11/07,15:42:54,2187.040000,218704,87481,50367,3727,212,7,0,0.20013752,2.36161142,8.12280387,11.53366674,12.30255772,12.52868321,12.53734838
2025/11/07,15:42:55,2234.520000,223452,89381,52557,3935,232,7,0,0.20448282,2.41288571,8.42459718,12.02564365,12.86497653,13.09874265,13.10740782
2025/11/07,15:42:56,2282.000000,228200,91280,54674,4138,249,7,0,0.20882789,2.46415715,8.71795729,12.50472712,13.40697455,13.64729862,13.65596379
2025/11/07,15:42:57,2328.530000,232853,93141,56690,4334,264,7,0,0.21308519,2.51439323,8.99876988,12.96509161,13.91928239,14.16616440,14.17482957
2025/11/07,15:42:58,2368.760000,236876,94750,58333,4500,274,8,0,0.21676735,2.55784253,9.23021640,13.34832940,14.34080374,14.58876843,14.59743360
2025/11/07,15:42:59,2372.700000,237270,94908,58196,4508,266,7,0,0.21712762,2.56209347,9.21878238,13.34490987,14.30688456,14.53301005,14.54167522
2025/11/07,15:43:00,2356.970000,235697,94279,57377,4453,250,6,0,0.21568840,2.54511073,9.10806966,13.18355705,14.09027101,14.28908202,14.29774719
2025/11/07,15:43:01,2335.730000,233573,93429,56503,4377,235,5,0,0.21374445,2.52217246,8.98517671,12.99111793,13.84219172,14.02024621,14.02891138
2025/11/07,15:43:02,2313.890000,231389,92555,55611,4299,220,5,0,0.21174592,2.49858977,8.85957518,12.79445206,13.59180095,13.75126427,13.75992944
2025/11/07,15:43:03,2293.150000,229315,91726,54808,4244,207,4,0,0.20984755,2.47618919,8.74538353,12.62920028,13.37945902,13.52583738,13.53450255
2025/11/07,15:43:04,2272.560000,227256,90902,54033,4194,196,4,0,0.20796397,2.45396310,8.63444028,12.47256125,13.18159849,13.31594363,13.32460880
2025/11/07,15:43:05,2252.450000,225245,90098,53307,4154,187,4,0,0.20612305,2.43224036,8.52965558,12.33112933,13.00890082,13.13452265,13.14318782
2025/11/07,15:43:06,2232.610000,223261,89304,52607,4126,179,3,0,0.20430814,2.41082457,8.42824362,12.20412279,12.85445544,12.97132303,12.97998820
2025/11/07,15:43:07,2213.660000,221366,88546,51967,4101,173,3,0,0.20257322,2.39035261,8.33454558,12.08744737,12.71340560,12.82371524,12.83238041
2025/11/07,15:43:08,2200.370000,220037,88014,51435,4084,168,3,0,0.20135731,2.37600490,8.25936870,11.99685554,12.60749890,12.71672586,12.72539103
2025/11/07,15:43:09,2192.830000,219283,87713,50994,4074,169,3,0,0.20066728,2.36786245,8.20075409,11.92970940,12.54099238,12.65894265,12.66760782
2025/11/07,15:43:10,2185.330000,218533,87413,50554,4064,169,4,0,0.19998143,2.35976958,8.14236280,11.86172049,12.47415263,12.60085714,12.60952231
2025/11/07,15:43:11,2177.770000,217777,87110,50122,4051,171,4,0,0.19928930,2.35160235,8.08478980,11.79206077,12.41125415,12.54559929,12.55426446
2025/11/07,15:43:12,2169.730000,216973,86789,49688,4039,174,4,0,0.19855319,2.34291648,8.02640728,11.72340162,12.35267723,12.49466300,12.50332817
2025/11/07,15:43:13,2159.840000,215984,86393,49212,4015,177,4,0,0.19764897,2.33224674,7.96134709,11.63636609,12.27712966,12.42678699,12.43545216
2025/11/07,15:43:14,2149.820000,214982,85993,48769,3982,182,5,0,0.19673176,2.32142352,7.89977708,11.54412724,12.20224380,12.36498610,12.37365127
2025/11/07,15:43:15,2139.570000,213957,85583,48322,3950,186,5,0,0.19579409,2.31035907,7.83766283,11.45292820,12.12712574,12.30081857,12.30948374
2025/11/07,15:43:16,2129.810000,212981,85192,47903,3921,189,5,0,0.19490054,2.29981518,7.77909057,11.36766232,12.05283467,12.23197184,12.24063701
2025/11/07,15:43:17,2120.410000,212041,84816,47496,3892,188,5,0,0.19404033,2.28966497,7.72242675,11.28478988,11.96549569,12.14243656,12.15110173
2025/11/07,15:43:18,2123.490000,212349,84939,49237,3923,194,5,0,0.19432223,2.29299118,7.92492319,11.51533705,12.21646028,12.39559745,12.40426262
2025/11/07,15:43:19,2151.110000,215111,86044,55114,4041,209,6,0,0.19684962,2.32281442,8.62694946,12.32562394,13.08124180,13.26913321,13.27779838
2025/11/07,15:43:20,2180.500000,218050,87220,60964,4155,222,6,0,0.19953911,2.35455007,9.32788275,13.13022951,13.93395658,14.12729233,14.13595750
2025/11/07,15:43:21,2211.830000,221183,88473,66739,4269,233,6,0,0.20240641,2.38838401,10.02227820,13.92942739,14.77450244,14.97111716,14.97978233
2025/11/07,15:43:22,2244.520000,224452,89781,72428,4384,243,6,0,0.20539786,2.42368319,10.70827063,14.72044920,15.59883535,15.79328471,15.80194988
2025/11/07,15:43:23,2278.710000,227871,91148,78209,4503,252,6,0,0.20852660,2.46060213,11.40639746,15.52712766,16.44022342,16.63355917,16.64222434
2025/11/07,15:43:24,2312.750000,231275,92510,83953,4618,261,6,0,0.21164186,2.49736188,12.10018830,16.32630294,17.27245323,17.46578898,17.47445415
2025/11/07,15:43:25,2345.960000,234596,93838,89461,4727,271,6,0,0.21468083,2.53322163,12.76607167,17.09243335,18.07176466,18.26401772,18.27268289
2025/11/07,15:43:26,2365.750000,236575,94630,92518,4772,272,5,0,0.21649146,2.55458689,13.13713912,17.50421933,18.48737755,18.67198999,18.68065516
2025/11/07,15:43:27,2360.820000,236082,94433,91261,4713,261,5,0,0.21604055,2.54926628,12.98797988,17.30154381,18.24539579,18.41580965,18.42447482
2025/11/07,15:43:28,2355.250000,235525,94210,89949,4656,251,5,0,0.21553075,2.54325074,12.83188476,17.09270751,18.00031767,18.16089461,18.16955978
2025/11/07,15:43:29,2350.920000,235092,94037,88764,4625,243,4,0,0.21513449,2.53857464,12.69170326,16.92444326,17.80346543,17.95640174,17.96506691
2025/11/07,15:43:30,2346.450000,234645,93858,87617,4603,236,4,0,0.21472494,2.53374216,12.55563506,16.76788585,17.62100139,17.76626613,17.77493130
2025/11/07,15:43:31,2340.500000,234050,93620,86306,4578,228,4,0,0.21418121,2.52732620,12.39933752,16.58903188,17.41624079,17.55494759,17.56361276
2025/11/07,15:43:32,2333.200000,233320,93328,84921,4564,222,4,0,0.21351290,2.51944020,12.23296607,16.40989471,17.21349530,17.34675776,17.35542293
2025/11/07,15:43:33,2325.620000,232562,93025,83602,4563,216,4,0,0.21281948,2.51125772,12.07392850,16.24969404,17.03198463,17.16088544,17.16955061
2025/11/07,15:43:34,2318.710000,231871,92748,82444,4564,211,4,0,0.21218695,2.50379403,11.93402132,16.11127391,16.87505873,17.00068056,17.00934573
2025/11/07,15:43:35,2312.250000,231225,92490,81396,4568,206,3,0,0.21159555,2.49681558,11.80713355,15.98735932,16.73519326,16.85753612,16.86620129
2025/11/07,15:43:36,2305.560000,230556,92222,80381,4569,202,3,0,0.21098390,2.48959791,11.68381162,15.86500648,16.59701602,16.71716258,16.72582775
2025/11/07,15:43:37,2297.570000,229757,91903,79248,4545,197,3,0,0.21025247,2.48096732,11.54561759,15.70496615,16.41732077,16.53418836,16.54285353
2025/11/07,15:43:38,2290.240000,229024,91609,78169,4516,191,3,0,0.20958142,2.47304891,11.41425544,15.54749238,16.24044864,16.35295457,16.36161974
2025/11/07,15:43:39,2283.930000,228393,91357,77151,4489,186,3,0,0.20900440,2.46624016,11.29107992,15.39920637,16.07340391,16.18263087,16.19129604
2025/11/07,15:43:40,2279.140000,227914,91165,76218,4453,181,3,0,0.20856570,2.46106353,11.17911801,15.25499249,15.91030121,16.01405290,16.02271807
2025/11/07,15:43:41,2275.140000,227514,91005,75382,4411,176,3,0,0.20819998,2.45674781,11.07923430,15.11590933,15.75348200,15.85287204,15.86153721
2025/11/07,15:43:42,2271.820000,227182,90873,74631,4373,172,3,0,0.20789620,2.45316325,10.98967136,14.99196131,15.61434559,15.71045665,15.71912182
2025/11/07,15:43:43,2268.570000,226857,90742,73888,4337,168,3,0,0.20759831,2.44964829,10.90118379,14.87018770,15.47853636,15.57136845,15.58003362
2025/11/07,15:43:44,2264.960000,226496,90598,73109,4301,164,2,0,0.20726780,2.44574821,10.80819904,14.74433694,15.33890294,15.42845605,15.42845605
2025/11/07,15:43:45,2260.890000,226089,90435,72258,4264,160,2,0,0.20689584,2.44135904,10.70642422,14.60850007,15.18953637,15.27581051,15.27581051
2025/11/07,15:43:46,2255.650000,225565,90226,71334,4222,156,2,0,0.20641610,2.43569812,10.59514130,14.45901882,15.02601950,15.10901467,15.10901467
2025/11/07,15:43:47,2250.200000,225020,90008,70400,4181,153,2,0,0.20591751,2.42981505,10.48244058,14.30866884,14.86239639,14.94322620,14.94322620
2025/11/07,15:43:48,2244.450000,224445,89778,69398,4138,149,2,0,0.20539085,2.42360028,10.36161619,14.14912909,14.68958352,14.76821703,14.76821703
2025/11/07,15:43:49,2238.250000,223825,89530,68354,4093,145,2,0,0.20482408,2.41691260,10.23547569,13.98185003,14.50890485,14.58537300,14.58537300
2025/11/07,15:43:50,2232.030000,223203,89281,67335,4048,142,2,0,0.20425466,2.41019348,10.11226055,13.81720441,14.33111619,14.40538805,14.40538805
2025/11/07,15:43:51,2224.880000,222488,88995,66270,4000,138,2,0,0.20360067,2.40247624,9.98266272,13.64359185,14.14423051,14.21630607,14.21630607
2025/11/07,15:43:52,2218.060000,221806,88722,65265,3954,135,2,0,0.20297663,2.39511266,9.86039064,13.47895222,13.96759339,14.03750359,14.03750359
2025/11/07,15:43:53,2212.070000,221207,88483,64417,3918,132,2,0,0.20242822,2.38864141,9.75689725,13.34252785,13.82134336,13.89013995,13.89013995
2025/11/07,15:43:54,2206.300000,220630,88252,63610,3898,130,2,0,0.20189974,2.38240560,9.65835335,13.22572577,13.69688385,13.76679405,13.76679405
2025/11/07,15:43:55,2200.650000,220065,88026,62840,3880,128,2,0,0.20138268,2.37630425,9.56422560,13.11534209,13.57909930,13.64900950,13.64900950
2025/11/07,15:43:56,2195.340000,219534,87813,62138,3865,125,2,0,0.20089706,2.37057375,9.47808693,13.01514557,13.46831102,13.53930390,13.53930390
2025/11/07,15:43:57,2189.980000,218998,87599,61464,3849,122,2,0,0.20040633,2.36478319,9.39531373,12.91783043,13.35976450,13.43075738,13.43075738
2025/11/07,15:43:58,2180.260000,218026,87210,60633,3827,118,2,0,0.19951752,2.35429551,9.28972668,12.79201315,13.22106076,13.29205364,13.29205364
2025/11/07,15:43:59,2166.160000,216616,86646,59720,3804,115,2,0,0.19822712,2.33906882,9.17003726,12.65193152,13.06872506,13.13971794,13.13971794
2025/11/07,15:44:00,2151.540000,215154,86061,58802,3780,111,2,0,0.19688947,2.32328443,9.04931762,12.50923654,12.91377963,12.98477251,12.98477251
2025/11/07,15:44:01,2135.860000,213586,85434,57839,3747,107,2,0,0.19545412,2.30634743,8.92221430,12.35178833,12.74203923,12.81303211,12.81303211
2025/11/07,15:44:02,2119.340000,211934,84773,56847,3697,103,2,0,0.19394209,2.28850571,8.79083747,12.17439269,12.54767003,12.61646662,12.61646662
2025/11/07,15:44:03,2101.580000,210158,84063,55793,3641,98,2,0,0.19231753,2.26933600,8.65110406,11.98317820,12.33794978,12.40458101,12.40458101
2025/11/07,15:44:04,2083.800000,208380,83352,54745,3585,93,2,0,0.19069000,2.25013106,8.51203830,11.79282627,12.12934865,12.19270090,12.19270090
2025/11/07,15:44:05,2066.190000,206619,82647,53714,3530,88,1,0,0.18907859,2.23111672,8.37508992,11.60623892,11.92553478,11.98669074,11.98669074
2025/11/07,15:44:06,2052.750000,205275,82110,52867,3483,84,1,0,0.18784894,2.21660693,8.26369937,11.45157670,11.75632380,11.81528347,11.81528347
2025/11/07,15:44:07,2044.560000,204456,81782,52202,3439,80,1,0,0.18709952,2.20776378,8.17878235,11.32613424,11.61748173,11.67535872,11.67535872
2025/11/07,15:44:08,2037.860000,203786,81514,51623,3388,77,1,0,0.18648641,2.20052893,8.10533388,11.20650590,11.48662201,11.54341631,11.54341631
2025/11/07,15:44:09,2032.980000,203298,81319,51155,3360,78,1,0,0.18603969,2.19525790,8.04654090,11.12160039,11.40579998,11.46259428,11.46259428
2025/11/07,15:44:10,2028.750000,202875,81150,50742,3353,84,1,0,0.18565254,2.19068952,7.99479241,11.06377651,11.37056535,11.43063863,11.43063863
2025/11/07,15:44:11,2025.180000,202518,81007,50381,3349,91,2,0,0.18532543,2.18682947,7.94962968,11.01518855,11.34418359,11.40753584,11.40753584
2025/11/07,15:44:12,2021.060000,202106,80842,50009,3342,96,2,0,0.18494901,2.18238787,7.90258053,10.96151403,11.31092649,11.37644410,11.37644410
2025/11/07,15:44:13,2017.630000,201763,80705,49690,3341,102,2,0,0.18463505,2.17868320,7.86236388,10.92032829,11.29194694,11.36074353,11.36074353
2025/11/07,15:44:14,2014.430000,201443,80577,49399,3342,108,2,0,0.18434194,2.17522449,7.82570537,10.88454187,11.27798367,11.35005923,11.35005923
2025/11/07,15:44:15,2010.090000,201009,80403,49072,3337,114,2,0,0.18394460,2.17053596,7.78359997,10.83813914,11.25084920,11.32512106,11.32512106
2025/11/07,15:44:16,2000.530000,200053,80021,48634,3324,118,2,0,0.18306957,2.16021040,7.72319001,10.76531943,11.19474647,11.27010101,11.27010101
2025/11/07,15:44:17,1988.340000,198834,79533,48155,3304,119,2,0,0.18195470,2.14705527,7.65522841,10.67935680,11.11223132,11.18869947,11.18869947
2025/11/07,15:44:18,1976.010000,197601,79040,47674,3277,116,2,0,0.18082653,2.13374288,7.58686718,10.58633805,11.00555639,11.07982825,11.07982825
2025/11/07,15:44:19,1962.900000,196290,78516,47168,3247,111,2,0,0.17962645,2.11958200,7.51478954,10.48614563,10.89068872,10.96387790,10.96387790
2025/11/07,15:44:20,1949.410000,194941,77976,46658,3222,108,2,0,0.17839179,2.10501311,7.44190001,10.39050476,10.78100862,10.85200150,10.85200150
2025/11/07,15:44:21,1935.710000,193571,77428,46145,3203,104,2,0,0.17713816,2.09022020,7.36841071,10.30034041,10.67616903,10.74496562,10.74496562
2025/11/07,15:44:22,1921.830000,192183,76873,45297,3190,100,2,0,0.17586786,2.07523087,7.25648411,10.17645613,10.53952476,10.60723867,10.60723867
2025/11/07,15:44:23,1909.470000,190947,76379,44251,3206,101,2,0,0.17473736,2.06189083,7.12345688,10.05813281,10.42554150,10.49545170,10.49545170
2025/11/07,15:44:24,1901.640000,190164,76065,43448,3232,104,2,0,0.17402009,2.05342710,7.02315758,9.98084292,10.35884337,10.43091893,10.43091893
2025/11/07,15:44:25,1895.790000,189579,75831,42744,3249,110,2,0,0.17348499,2.04711313,6.93630218,9.91027548,10.30958593,10.39477739,10.39477739
2025/11/07,15:44:26,1890.950000,189095,75638,42170,3263,119,3,0,0.17304274,2.04189456,6.86541525,9.85186326,10.28218650,10.38921717,10.38921717
2025/11/07,15:44:27,1887.630000,188763,75505,41766,3285,128,3,0,0.17273841,2.03830337,6.81565383,9.82239613,10.28615334,10.40849620,10.40849620
2025/11/07,15:44:28,1885.090000,188509,75403,41440,3303,133,4,0,0.17250589,2.03555965,6.77558212,9.79861238,10.28176795,10.41722670,10.41722670
2025/11/07,15:44:29,1882.390000,188239,75295,41136,3312,138,4,0,0.17225899,2.03264625,6.73791389,9.76911970,10.27090751,10.41836855,10.41836855
2025/11/07,15:44:30,1882.780000,188278,75311,41692,3361,146,5,0,0.17229477,2.03306858,6.80192830,9.87815180,10.40673883,10.56620215,10.56620215
2025/11/07,15:44:31,1883.850000,188385,75354,42635,3407,152,5,0,0.17239214,2.03421736,6.91100550,10.02917560,10.57856310,10.74678066,10.74678066
2025/11/07,15:44:32,1884.950000,188495,75398,43579,3448,156,5,0,0.17249280,2.03540521,7.02019863,10.17608296,10.74270059,10.91964146,10.92830663
2025/11/07,15:44:33,1885.690000,188569,75427,44437,3475,159,5,0,0.17256106,2.03621077,7.11907248,10.29954936,10.87420747,11.04898298,11.05764815
2025/11/07,15:44:34,1885.940000,188594,75437,45205,3498,159,5,0,0.17258410,2.03648250,7.20721710,10.40840921,10.98408639,11.14902498,11.15769015
2025/11/07,15:44:35,1886.480000,188648,75459,45923,3521,159,5,0,0.17263345,2.03706496,7.28988802,10.51240849,11.08897825,11.24627621,11.25494138
2025/11/07,15:44:36,1887.820000,188782,75513,46262,3546,159,4,0,0.17275625,2.03851403,7.33009509,10.57575492,11.15347384,11.30421385,11.31287902
2025/11/07,15:44:37,1889.350000,188935,75574,46588,3569,159,4,0,0.17289618,2.04016520,7.36912275,10.63594988,11.21405185,11.35931659,11.36798176
2025/11/07,15:44:38,1888.700000,188870,75548,46590,3560,157,4,0,0.17283601,2.03945500,7.36861043,10.62687309,11.19616847,11.33379259,11.33379259
2025/11/07,15:44:39,1887.020000,188702,75481,46407,3534,154,4,0,0.17268266,2.03764556,7.34590121,10.58057337,11.13710877,11.26817494,11.26817494
2025/11/07,15:44:40,1884.920000,188492,75396,46208,3506,150,4,0,0.17249006,2.03537280,7.32084228,10.52978991,11.07343523,11.19794345,11.19794345
2025/11/07,15:44:41,1882.160000,188216,75286,45997,3477,146,3,0,0.17223766,2.03239457,7.29365998,10.47584993,11.00686175,11.12592563,11.12592563
2025/11/07,15:44:42,1879.090000,187909,75163,45690,3448,143,3,0,0.17195738,2.02908744,7.25525864,10.41123906,10.93089302,11.04448163,11.04448163
2025/11/07,15:44:43,1875.510000,187551,75020,45184,3407,140,3,0,0.17162963,2.02521977,7.19352672,10.31205280,10.82047537,10.92970233,10.92970233
2025/11/07,15:44:44,1870.620000,187062,74825,44589,3361,137,3,0,0.17118194,2.01993730,7.12024923,10.19640776,10.69308941,10.79575842,10.79575842
2025/11/07,15:44:45,1864.760000,186476,74590,43938,3312,134,3,0,0.17064549,2.01360714,7.03942059,10.07085335,10.55554113,10.65165219,10.65165219
2025/11/07,15:44:46,1858.090000,185809,74323,43220,3261,130,2,0,0.17003519,2.00640564,6.95008203,9.93436399,10.40692780,10.49648091,10.49648091
2025/11/07,15:44:47,1850.800000,185080,74032,42475,3210,129,2,0,0.16936811,1.99853396,6.85695910,9.79522224,10.26472163,10.35319206,10.35319206
2025/11/07,15:44:48,1843.850000,184385,73754,41789,3165,130,2,0,0.16873218,1.99103023,6.77096998,9.66731855,10.13758404,10.22713715,10.22713715
2025/11/07,15:44:49,1838.360000,183836,73534,41244,3126,130,2,0,0.16822975,1.98510144,6.70274975,9.56358217,10.03691208,10.12757881,10.12757881
2025/11/07,15:44:50,1833.030000,183303,73321,40701,3088,131,2,0,0.16774232,1.97934993,6.63493305,9.46109030,9.93722806,10.02897747,10.02897747
2025/11/07,15:44:51,1827.520000,182752,73100,40139,3058,132,3,0,0.16723763,1.97339445,6.56464623,9.36388291,9.84218889,9.93502098,9.93502098
2025/11/07,15:44:52,1822.450000,182245,72898,39617,3035,132,3,0,0.16677356,1.96791847,6.49949222,9.27698051,9.75758480,9.85153050,9.85153050
2025/11/07,15:44:53,1818.310000,181831,72732,39184,3026,134,3,0,0.16639487,1.96345016,6.44551314,9.21540697,9.69971169,9.79582275,9.79582275
2025/11/07,15:44:54,1814.560000,181456,72582,38803,3024,135,3,0,0.16605161,1.95939946,6.39789762,9.16533531,9.65321398,9.75043866,9.75043866
2025/11/07,15:44:55,1811.400000,181140,72456,38502,3021,133,3,0,0.16576270,1.95599033,6.35998003,9.12541364,9.60844273,9.70455379,9.70455379
2025/11/07,15:44:56,1807.870000,180787,72315,38179,3021,131,3,0,0.16544001,1.95218270,6.31930480,9.08402737,9.55939902,9.65223111,9.65223111
2025/11/07,15:44:57,1803.400000,180340,72136,37788,3017,129,2,0,0.16503040,1.94734927,6.26967454,9.03087487,9.49743993,9.58699304,9.58699304
2025/11/07,15:44:58,1799.150000,179915,71966,37429,3015,125,2,0,0.16464179,1.94276373,6.22404883,8.98321305,9.43752766,9.52491541,9.52491541
2025/11/07,15:44:59,1813.780000,181378,72551,39362,3154,131,2,0,0.16598067,1.95856243,6.46089505,9.34777503,9.82148799,9.91104110,9.91104110
2025/11/07,15:45:00,1856.230000,185623,74249,44427,3479,143,3,0,0.16986472,2.00439410,7.08608842,10.27018454,10.79034803,10.89521334,10.89521334
2025/11/07,15:45:01,1898.180000,189818,75927,47276,3723,163,4,0,0.17370426,2.04970049,7.45734532,10.86445901,11.45583411,11.59129286,11.59995803
2025/11/07,15:45:02,1940.500000,194050,77620,49240,3969,183,5,0,0.17757622,2.09538919,7.72769283,11.35986020,12.02372255,12.18429949,12.19296466
2025/11/07,15:45:03,1982.680000,198268,79307,51132,4208,202,5,0,0.18143676,2.14094345,7.98958067,11.84062842,12.57135871,12.75157856,12.76024373
2025/11/07,15:45:04,2026.110000,202611,81044,53038,4444,219,6,0,0.18541075,2.18783619,8.25457225,12.32165714,13.11619818,13.31500919,13.32367436
2025/11/07,15:45:05,2073.190000,207319,82927,55085,4683,236,6,0,0.18971911,2.23867479,8.53955004,12.82522431,13.68165722,13.89794579,13.90661096
2025/11/07,15:45:06,2120.790000,212079,84831,57089,4912,252,7,0,0.19407501,2.29007397,8.82010384,13.31596590,14.22829556,14.45986538,14.46853055
2025/11/07,15:45:07,2147.970000,214797,85919,58014,5020,259,7,0,0.19656258,2.31942722,8.95523248,13.54933750,14.48795684,14.72828091,14.73694608
2025/11/07,15:45:08,2147.040000,214704,85881,57626,4977,257,7,0,0.19647685,2.31841572,8.90984027,13.46445392,14.39477981,14.63290758,14.64157275
2025/11/07,15:45:09,2146.420000,214642,85856,57289,4924,247,6,0,0.19642029,2.31774839,8.87062506,13.37711973,14.27234935,14.48863792,14.49730309
2025/11/07,15:45:10,2145.140000,214514,85805,56937,4863,236,6,0,0.19630363,2.31637176,8.82909279,13.27938901,14.13582192,14.33463293,14.34329810
2025/11/07,15:45:11,2144.050000,214405,85762,56629,4819,227,6,0,0.19620361,2.31519154,8.79266886,13.20266568,14.02617416,14.21186928,14.22053445
2025/11/07,15:45:12,2142.320000,214232,85692,56302,4779,219,5,0,0.19604519,2.31332204,8.75332999,13.12739062,13.92065602,14.09543153,14.10409670
2025/11/07,15:45:13,2136.460000,213646,85458,55756,4729,210,5,0,0.19550864,2.30699091,8.68454180,13.01255159,13.77442115,13.93716345,13.94582862
2025/11/07,15:45:14,2129.820000,212982,85193,55208,4682,203,4,0,0.19490141,2.29982564,8.61467308,12.89973331,13.63429412,13.78723043,13.79589560
2025/11/07,15:45:15,2125.590000,212559,85023,54821,4648,197,4,0,0.19451403,2.29525440,8.56584638,12.81965668,13.53265092,13.67791566,13.68658083
2025/11/07,15:45:16,2121.530000,212153,84861,54440,4613,191,4,0,0.19414261,2.29087191,8.51790708,12.74014442,13.43284772,13.57266813,13.58133330
2025/11/07,15:45:17,2116.610000,211661,84664,53991,4575,185,4,0,0.19369260,2.28556182,8.46125632,12.64813856,13.31940177,13.45266423,13.46132940
2025/11/07,15:45:18,2111.200000,211120,84448,53521,4536,180,4,0,0.19319745,2.27971883,8.40169750,12.55296751,13.20457579,13.33892093,13.34758610
2025/11/07,15:45:19,2104.730000,210473,84189,53002,4480,174,4,0,0.19260531,2.27273179,8.33525068,12.43549258,13.06694002,13.21003940,13.21870457
2025/11/07,15:45:20,2097.810000,209781,83912,52470,4417,168,4,0,0.19197255,2.26526527,8.26696311,12.30935755,12.91961786,13.06927519,13.07794036
2025/11/07,15:45:21,2091.450000,209145,83658,52000,4359,163,5,0,0.19138981,2.25838886,8.20635063,12.19551980,12.78753091,12.94263258,12.95129775
2025/11/07,15:45:22,2084.630000,208463,83385,51525,4300,159,5,0,0.19076601,2.25102813,8.14461168,12.07994154,12.65459965,12.81406297,12.82272814
2025/11/07,15:45:23,2076.960000,207696,83078,51014,4238,154,5,0,0.19006402,2.24274461,8.07787815,11.95645958,12.51350451,12.67624681,12.67624681
2025/11/07,15:45:24,2069.660000,206966,82786,50530,4179,149,5,0,0.18939620,2.23486431,8.01468650,11.83958969,12.38068374,12.54670501,12.54670501
2025/11/07,15:45:25,2063.100000,206310,82524,50094,4125,146,5,0,0.18879559,2.22777721,7.95770487,11.73322897,12.26104989,12.43146375,12.43146375
2025/11/07,15:45:26,2057.510000,205751,82300,49717,4079,142,5,0,0.18828473,2.22174924,7.90857247,11.64160000,12.15780648,12.32602404,12.32602404
2025/11/07,15:45:27,2052.370000,205237,82094,49382,4036,139,5,0,0.18781388,2.21619320,7.86471905,11.55832018,12.06291584,12.22129648,12.22129648
2025/11/07,15:45:28,2047.550000,204755,81902,49060,3995,136,4,0,0.18737269,2.21098702,7.82260489,11.47923577,11.97310958,12.12165330,12.12165330
2025/11/07,15:45:29,2043.310000,204331,81732,48759,3958,133,4,0,0.18698473,2.20640911,7.78363165,11.40587744,11.88954254,12.03044563,12.03044563
2025/11/07,15:45:30,2040.740000,204074,81629,48838,3957,133,4,0,0.18674946,2.20363299,7.78996428,11.41104698,11.89203432,12.02965844,12.02965844
2025/11/07,15:45:31,2038.990000,203899,81559,50120,4038,136,4,0,0.18658933,2.20174347,7.93464005,11.62995426,12.12421112,12.26291792,12.26291792
2025/11/07,15:45:32,2037.310000,203731,81492,51699,4127,141,4,0,0.18643590,2.19993307,8.11341463,11.89087693,12.40044866,12.54135175,12.54135175
2025/11/07,15:45:33,2035.330000,203533,81413,53258,4216,145,4,0,0.18625444,2.19779187,8.28958827,12.14768141,12.67192838,12.81283147,12.81283147
2025/11/07,15:45:34,2032.740000,203274,81309,54755,4296,149,4,0,0.18601749,2.19499574,8.45808250,12.39005118,12.93139819,13.07558025,13.07558025
2025/11/07,15:45:35,2030.390000,203039,81215,56220,4377,161,5,0,0.18580281,2.19246271,8.62311542,12.62912161,13.21437149,13.37603111,13.38469628
2025/11/07,15:45:36,2026.730000,202673,81069,57571,4450,173,5,0,0.18546801,2.18851209,8.77371594,12.84652116,13.47503066,13.65197153,13.66063670
2025/11/07,15:45:37,2021.900000,202190,80876,58839,4518,184,6,0,0.18502527,2.18328781,8.91354218,13.04816917,13.71624148,13.90301928,13.91168445
2025/11/07,15:45:38,2015.800000,201580,80632,59727,4558,193,6,0,0.18446726,2.17670312,9.00847944,13.17984973,13.87854817,14.07080123,14.07946640
2025/11/07,15:45:39,2008.020000,200802,80321,59351,4522,196,6,0,0.18375581,2.16830804,8.95712954,13.09579580,13.80687478,13.99912784,14.00779301
2025/11/07,15:45:40,1999.380000,199938,79975,58616,4473,198,6,0,0.18296502,2.15897676,8.86364555,12.95768212,13.67629205,13.86634882,13.87501399
2025/11/07,15:45:41,1991.090000,199109,79644,57887,4441,201,6,0,0.18220661,2.15002777,8.77138421,12.83543095,13.56195128,13.75092537,13.75959054
2025/11/07,15:45:42,1982.770000,198277,79310,57171,4412,201,5,0,0.18144459,2.14103591,8.68042103,12.71871122,13.44816587,13.63277831,13.64144348
2025/11/07,15:45:43,1974.660000,197466,78986,56480,4383,194,5,0,0.18070269,2.13228142,8.59264789,12.60430943,13.30875365,13.47477492,13.48344009
2025/11/07,15:45:44,1967.570000,196757,78703,55879,4360,187,4,0,0.18005416,2.12462897,8.51627741,12.50690068,13.18607428,13.33461800,13.34328317
2025/11/07,15:45:45,1961.700000,196170,78468,55372,4343,181,4,0,0.17951683,2.11828834,8.45192703,12.42665034,13.08400441,13.22271121,13.23137638
2025/11/07,15:45:46,1955.750000,195575,78230,54861,4318,176,4,0,0.17897188,2.11185806,8.38711148,12.33908436,12.97550787,13.10549136,13.11415653
2025/11/07,15:45:47,1950.650000,195065,78026,54431,4288,170,3,0,0.17850571,2.10635733,8.33241498,12.25695117,12.87474243,12.99816797,13.00683314
2025/11/07,15:45:48,1945.540000,194554,77821,54027,4259,166,3,0,0.17803744,2.10083178,8.28059796,12.17850459,12.77919581,12.89606340,12.90472857
2025/11/07,15:45:49,1939.490000,193949,77579,53583,4210,161,3,0,0.17748402,2.09430142,8.22333293,12.07680479,12.65886377,12.77136970,12.77136970
2025/11/07,15:45:50,1932.890000,193289,77315,53103,4155,155,3,0,0.17688060,2.08718094,8.16126861,11.96384140,12.52739461,12.63334260,12.63334260
2025/11/07,15:45:51,1927.620000,192762,77104,52857,4109,152,3,0,0.17639795,2.08148571,8.12743501,11.88789923,12.44060410,12.54327311,12.54327311
2025/11/07,15:45:52,1922.550000,192255,76902,53209,4076,155,3,0,0.17593388,2.07600975,8.16219945,11.89302890,12.45415731,12.56010530,12.56010530
2025/11/07,15:45:53,1916.580000,191658,76663,53537,4041,157,3,0,0.17538763,2.06956422,8.19329203,11.89180545,12.46071778,12.56774845,12.56774845
2025/11/07,15:45:54,1911.130000,191113,76445,53910,4009,159,3,0,0.17488876,2.06367738,8.23006112,11.89897179,12.47630766,12.58553462,12.58553462
2025/11/07,15:45:55,1906.130000,190613,76245,54322,3988,162,3,0,0.17443171,2.05828435,8.27183197,11.92174048,12.50903210,12.61934174,12.62800691
2025/11/07,15:45:56,1901.280000,190128,76051,54752,3972,165,3,0,0.17398768,2.05304480,8.31575593,11.95112250,12.54874930,12.66017255,12.66883772
2025/11/07,15:45:57,1896.760000,189676,75870,55188,3958,168,3,0,0.17357386,2.04816180,8.36079170,11.98365153,12.59136056,12.70494917,12.71361434
2025/11/07,15:45:58,1892.780000,189278,75711,55656,3948,170,3,0,0.17321007,2.04386894,8.41002068,12.02347597,12.64139371,12.75609594,12.76476111
2025/11/07,15:45:59,1888.480000,188848,75539,55961,3935,172,3,0,0.17281668,2.03922713,8.44029132,12.04140184,12.66416917,12.77887140,12.78753657
2025/11/07,15:46:00,1883.640000,188364,75345,55623,3906,168,3,0,0.17237314,2.03399331,8.39638037,11.97131430,12.57902333,12.68933297,12.69799814
2025/11/07,15:46:01,1878.530000,187853,75141,55195,3876,163,3,0,0.17190561,2.02847637,8.34193829,11.88888647,12.48026157,12.58512688,12.59379205
2025/11/07,15:46:02,1872.710000,187271,74908,54705,3841,158,3,0,0.17137352,2.02219768,8.27955661,11.79531892,12.36984694,12.46923698,12.46923698
2025/11/07,15:46:03,1865.650000,186565,74626,54104,3792,153,3,0,0.17072702,2.01456908,8.20324212,11.67411668,12.22911987,12.32195196,12.32195196
2025/11/07,15:46:04,1858.830000,185883,74353,53498,3741,148,2,0,0.17010282,2.00720360,8.12650011,11.55032179,12.08630968,12.17258382,12.17258382
2025/11/07,15:46:05,1852.400000,185240,74096,52927,3692,143,2,0,0.16951489,2.00026616,8.05426194,11.43296893,11.95173030,12.03364279,12.03364279
2025/11/07,15:46:06,1845.720000,184572,73828,52362,3642,139,2,0,0.16890307,1.99304654,7.98241209,11.31597327,11.81852719,11.89607802,11.89607802
2025/11/07,15:46:07,1837.720000,183772,73508,51735,3589,134,2,0,0.16817116,1.98441023,7.90201597,11.18635821,11.67181209,11.74500127,11.74500127
2025/11/07,15:46:08,1829.420000,182942,73177,51118,3535,129,2,0,0.16741172,1.97544887,7.82248644,11.05816064,11.52740707,11.59620366,11.59620366
2025/11/07,15:46:09,1821.140000,182114,72845,50533,3484,123,2,0,0.16665415,1.96650944,7.74671538,10.93546572,11.38288900,11.44840661,11.44840661
2025/11/07,15:46:10,1812.760000,181276,72510,49971,3431,117,2,0,0.16588663,1.95745275,7.67333536,10.81341674,11.23850734,11.30185959,11.30185959
2025/11/07,15:46:11,1804.870000,180487,72194,49464,3368,112,1,0,0.16516490,1.94893656,7.60676504,10.68954893,11.09575071,11.15690667,11.15690667
2025/11/07,15:46:12,1796.880000,179688,71875,49000,3309,107,1,0,0.16443390,1.94031078,7.54511018,10.57376376,10.96375809,11.02491405,11.02491405
2025/11/07,15:46:13,1789.550000,178955,71582,48579,3257,104,1,0,0.16376326,1.93239714,7.48901879,10.46997251,10.84605770,10.90721366,10.90721366
2025/11/07,15:46:14,1781.720000,178172,71268,48129,3204,100,1,0,0.16304648,1.92393914,7.42908675,10.36130654,10.72309954,10.78425550,10.78425550
2025/11/07,15:46:15,1773.830000,177383,70953,47668,3151,96,1,0,0.16232491,1.91542486,7.36790690,10.25194273,10.59969650,10.65976978,10.65976978
2025/11/07,15:46:16,1766.890000,176689,70675,47278,3106,93,1,0,0.16168966,1.90792880,7.31571912,10.15845442,10.49510689,10.55626285,10.55626285
2025/11/07,15:46:17,1760.760000,176076,70430,46949,3067,90,1,0,0.16112897,1.90131264,7.27150423,10.07859435,10.40605718,10.46721314,10.46721314
2025/11/07,15:46:18,1754.350000,175435,70174,46614,3027,87,1,0,0.16054184,1.89438472,7.22624656,9.99717446,10.31455506,10.37571102,10.37571102
2025/11/07,15:46:19,1748.180000,174818,69927,46291,2988,85,1,0,0.15997737,1.88772377,7.18266562,9.91781839,10.22537333,10.28652929,10.28652929
2025/11/07,15:46:20,1742.790000,174279,69711,45983,2951,82,1,0,0.15948444,1.88190744,7.14162171,9.84251934,10.14024863,10.20032191,10.20032191
2025/11/07,15:46:21,1736.930000,173693,69477,45381,2911,79,1,0,0.15894798,1.87557727,7.06642001,9.73067042,10.01819100,10.07715067,10.07715067
2025/11/07,15:46:22,1731.660000,173166,69266,44756,2875,77,1,0,0.15846582,1.86988776,6.98924944,9.62073085,9.89969780,9.95757479,9.95757479
2025/11/07,15:46:23,1727.150000,172715,69086,44269,2844,75,1,0,0.15805307,1.86501717,6.92870788,9.53194456,9.80427675,9.86215374,9.86215374
2025/11/07,15:46:24,1722.510000,172251,68900,43801,2813,73,1,0,0.15762810,1.86000262,6.87011899,9.44433494,9.71054191,9.76841890,9.76841890
2025/11/07,15:46:25,1720.840000,172084,68833,43657,2797,73,1,0,0.15747541,1.85820081,6.85190110,9.41180114,9.67570979,9.73466946,9.73466946
2025/11/07,15:46:26,1757.670000,175767,70307,46136,2973,81,2,0,0.16084588,1.89797214,7.17518513,9.89579596,10.19084388,10.25636149,10.25636149
2025/11/07,15:46:27,1806.470000,180647,72259,47592,3201,92,2,0,0.16531188,1.95067071,7.39439538,10.32425694,10.65733546,10.72941102,10.72941102
2025/11/07,15:46:28,1853.110000,185311,74124,48883,3414,101,2,0,0.16957994,2.00103360,7.59250307,10.71710453,11.08272444,11.15919259,11.15919259
2025/11/07,15:46:29,1898.300000,189830,75932,50037,3569,109,2,0,0.17371470,2.04982350,7.77319108,11.03937214,11.43344995,11.51208346,11.51208346
2025/11/07,15:46:30,1943.920000,194392,77756,51199,3719,117,2,0,0.17788943,2.09908526,7.95545795,11.35875839,11.78359242,11.86550491,11.86550491
2025/11/07,15:46:31,1989.550000,198955,79582,52344,3866,125,2,0,0.18206539,2.14836134,8.13571925,11.67390896,12.12835005,12.21354151,12.21354151
2025/11/07,15:46:32,2034.980000,203498,81399,53437,4009,131,2,0,0.18622261,2.19741628,8.30974082,11.97884550,12.45306799,12.53934213,12.53934213
2025/11/07,15:46:33,2078.130000,207813,83125,54421,4141,134,2,0,0.19017122,2.24400966,8.46888780,12.25850178,12.74586731,12.83325506,12.83325506
2025/11/07,15:46:34,2083.000000,208300,83320,54178,4131,133,2,0,0.19061680,2.24926734,8.44633024,12.22686272,12.70759349,12.79058866,12.79058866
2025/11/07,15:46:35,2076.190000,207619,83047,53640,4082,130,2,0,0.18999373,2.24191520,8.37740567,12.11314740,12.58341289,12.66096372,12.66096372
2025/11/07,15:46:36,2071.470000,207147,82859,53260,4043,128,2,0,0.18956205,2.23682149,8.32884413,12.02919965,12.49206428,12.56741882,12.56741882
2025/11/07,15:46:37,2067.800000,206780,82712,52970,4012,125,2,0,0.18922605,2.23285657,8.29176428,11.96339007,12.41783116,12.49210302,12.49210302
2025/11/07,15:46:38,2064.060000,206406,82562,52657,3975,122,2,0,0.18888366,2.22881635,8.25191485,11.88960762,12.33218131,12.40537049,12.40537049
2025/11/07,15:46:39,2060.040000,206004,82401,52326,3940,119,2,0,0.18851580,2.22447579,8.20977367,11.81547345,12.24770834,12.31870122,12.31870122
2025/11/07,15:46:40,2056.090000,205609,82243,52026,3929,121,2,0,0.18815450,2.22021247,8.17111090,11.76701813,12.20486871,12.27694427,12.27694427
2025/11/07,15:46:41,2051.120000,205112,82045,51706,3919,123,2,0,0.18769964,2.21484518,8.12922350,11.71611512,12.16136657,12.23455575,12.23455575
2025/11/07,15:46:42,2045.520000,204552,81821,51367,3907,124,2,0,0.18718742,2.20880102,8.08440922,11.66053920,12.11204596,12.18631782,12.18631782
2025/11/07,15:46:43,2038.490000,203849,81539,50961,3905,127,2,0,0.18654393,2.20120770,8.03033866,11.60414152,12.06522098,12.14057552,12.14057552
2025/11/07,15:46:44,2030.830000,203083,81233,50537,3929,130,2,0,0.18584314,2.19293844,7.97358865,11.56959288,12.04292279,12.12047362,12.12047362
2025/11/07,15:46:45,2024.020000,202402,80961,50183,3957,134,2,0,0.18521975,2.18558250,7.92572568,11.54687243,12.03117715,12.11089334,12.11089334
2025/11/07,15:46:46,2017.180000,201718,80687,49864,3988,137,2,0,0.18459330,2.17819033,7.88179728,11.53173874,12.02765429,12.11064946,12.11064946
2025/11/07,15:46:47,2010.530000,201053,80421,49576,4017,140,2,0,0.18398526,2.17101553,7.84166917,11.51833628,12.02459063,12.11086477,12.11086477
2025/11/07,15:46:48,2003.870000,200387,80155,49302,4023,140,2,0,0.18337567,2.16382257,7.80315880,11.48502920,11.99306872,12.08045647,12.08045647
2025/11/07,15:46:49,1997.100000,199710,79884,49013,4023,140,2,0,0.18275583,2.15650857,7.76283887,11.44496733,11.95237084,12.03975859,12.03975859
2025/11/07,15:46:50,1990.430000,199043,79617,48736,4023,140,2,0,0.18214579,2.14930992,7.72393917,11.40619666,11.91296054,12.00034829,12.00034829
2025/11/07,15:46:51,1983.180000,198318,79327,48440,4010,138,2,0,0.18148272,2.14148589,7.68222058,11.35200427,11.85391856,11.94130631,11.94130631
2025/11/07,15:46:52,1975.460000,197546,79018,48108,3978,135,2,0,0.18077563,2.13314226,7.63588646,11.27664941,11.76695288,11.85214434,11.85214434
2025/11/07,15:46:53,1966.200000,196620,78648,47700,3950,132,2,0,0.17992838,2.12314463,7.57927834,11.19483471,11.67339726,11.75639243,11.75639243
2025/11/07,15:46:54,1957.360000,195736,78294,47316,3923,129,2,0,0.17911950,2.11359982,7.52583345,11.11653831,11.58361290,11.66444271,11.66444271
2025/11/07,15:46:55,1948.050000,194805,77922,46912,3895,124,2,0,0.17826770,2.10354880,7.46950308,11.03403135,11.48362285,11.56225636,11.56225636
2025/11/07,15:46:56,1949.860000,194986,77994,46837,3882,120,2,0,0.17843300,2.10549931,7.46287398,11.01615561,11.45260408,11.52907223,11.52907223
2025/11/07,15:46:57,2053.690000,205369,82147,52165,4030,130,2,0,0.18793507,2.21762320,8.18443683,11.87267361,12.34293910,12.42265529,12.42265529
2025/11/07,15:46:58,2202.770000,220277,88111,60200,4279,140,2,0,0.20157716,2.37859896,9.26445061,13.18106931,13.68936540,13.77347418,13.77347418
2025/11/07,15:46:59,2352.740000,235274,94109,67330,4532,151,3,0,0.21530114,2.54054134,10.24200241,14.38932923,14.93705804,15.03536540,15.03536540
2025/11/07,15:47:00,2501.960000,250196,100078,73765,4767,163,4,0,0.22895633,2.70167155,11.13914598,15.50196088,16.09269635,16.22487613,16.23354130
2025/11/07,15:47:01,2651.060000,265106,106042,80055,4989,187,5,0,0.24259994,2.86266541,12.01962388,16.58580721,17.26255602,17.43296988,17.44163505
2025/11/07,15:47:02,2799.370000,279937,111974,86215,5223,213,6,0,0.25617213,3.02281650,12.88439406,17.66441645,18.43739092,18.64492524,18.65359041
2025/11/07,15:47:03,2947.340000,294734,117893,92237,5483,236,7,0,0.26971272,3.18259482,13.73297738,18.75114129,19.60732125,19.84436634,19.85303151
2025/11/07,15:47:04,3082.070000,308207,123283,97684,5709,254,8,0,0.28204237,3.32808364,14.50146135,19.72667882,20.64589981,20.90586679,20.91453196
2025/11/07,15:47:05,3109.740000,310974,124389,97588,5745,261,8,0,0.28457419,3.35795929,14.52041848,19.77856601,20.72420316,20.99948233,21.00814750
2025/11/07,15:47:06,3091.900000,309190,123676,94715,5678,264,9,0,0.28294181,3.33869712,14.17254389,19.36925766,20.32357492,20.61085637,20.61952154
2025/11/07,15:47:07,3072.220000,307222,122889,92562,5602,265,9,0,0.28114138,3.31745202,13.90496869,19.03165219,19.99209468,20.28485140,20.29351657
2025/11/07,15:47:08,3047.880000,304788,121915,90833,5514,266,9,0,0.27891354,3.29116373,13.68088757,18.72690912,19.69015945,19.98508153,19.99374670
2025/11/07,15:47:09,3023.110000,302311,120924,89472,5425,254,9,0,0.27664678,3.26441598,13.49855466,18.46317027,19.38404995,19.67680667,19.68547184
2025/11/07,15:47:10,2997.790000,299779,119911,88035,5316,239,9,0,0.27432948,3.23707233,13.30685624,18.17242085,19.03676777,19.32404922,19.33271439
2025/11/07,15:47:11,2972.860000,297286,118914,86656,5183,226,9,0,0.27204883,3.21016059,13.12213768,17.86531976,18.68461827,18.96645539,18.97512056
2025/11/07,15:47:12,2949.530000,294953,117981,85389,5066,218,9,0,0.26991389,3.18496864,12.95204471,17.58806430,18.37686317,18.65542131,18.66408648
2025/11/07,15:47:13,2931.420000,293142,117256,84207,4981,211,8,0,0.26825589,3.16540427,12.79726582,17.35624270,18.12194278,18.39830463,18.40696980
2025/11/07,15:47:14,2913.750000,291375,116550,83015,4900,205,8,0,0.26663934,3.14632895,12.64190948,17.12636384,17.87036726,18.14453282,18.15319799
2025/11/07,15:47:15,2896.260000,289626,115850,81803,4818,199,8,0,0.26503902,3.12744524,12.48433733,16.89410811,17.61514284,17.88494674,17.89361191
2025/11/07,15:47:16,2875.830000,287583,115033,80662,4747,192,7,0,0.26316918,3.10538122,12.33176872,16.67596855,17.37071360,17.61648200,17.62514717
2025/11/07,15:47:17,2846.500000,284650,113860,79205,4677,185,6,0,0.26048502,3.07370849,12.13342269,16.41418559,17.08353354,17.29870849,17.30737366
2025/11/07,15:47:18,2817.030000,281703,112681,77791,4610,178,6,0,0.25778836,3.04188801,11.93993772,16.15887885,16.80385238,16.99502276,17.00368793
2025/11/07,15:47:19,2787.580000,278758,111503,76394,4542,171,5,0,0.25509314,3.01008466,11.74832803,15.90505938,16.52655107,16.69913029,16.70779546
2025/11/07,15:47:20,2757.900000,275790,110316,74999,4473,165,5,0,0.25237741,2.97803919,11.55667410,15.65025861,16.24954410,16.40575938,16.41442455
2025/11/07,15:47:21,2727.370000,272737,109095,73526,4399,159,4,0,0.24958357,2.94507185,11.35528031,15.38154876,15.95773547,16.10191753,16.11058270
2025/11/07,15:47:22,2696.970000,269697,107878,72086,4327,153,4,0,0.24680117,2.91223986,11.15763316,15.11813757,15.67275771,15.80602017,15.80602017
2025/11/07,15:47:23,2668.190000,266819,106727,70828,4264,148,4,0,0.24416769,2.88116488,10.98273968,14.88497750,15.42173149,15.54735332,15.54735332
2025/11/07,15:47:24,2647.370000,264737,105895,69682,4207,144,3,0,0.24226272,2.85868617,10.82917875,14.67941846,15.20047453,15.31953841,15.31953841
2025/11/07,15:47:25,2635.820000,263582,105432,68536,4153,140,3,0,0.24120531,2.84620888,10.68557887,14.48689156,14.99301943,15.10660804,15.10660804
2025/11/07,15:47:26,2618.680000,261868,104747,67274,4101,136,3,0,0.23963715,2.82770463,10.52273911,14.27619087,14.76840599,14.87763295,14.87763295
2025/11/07,15:47:27,2596.710000,259671,103868,65963,4061,132,3,0,0.23762689,2.80398370,10.34910022,14.06606582,14.54564743,14.64831644,14.64831644
2025/11/07,15:47:28,2575.980000,257598,103039,64792,4045,130,3,0,0.23572990,2.78159932,10.19276559,13.89486622,14.36793956,14.46732960,14.46732960
2025/11/07,15:47:29,2555.120000,255512,102205,63652,4035,129,3,0,0.23382118,2.75907673,10.03984742,13.73244651,14.20054378,14.29557216,14.29557216
2025/11/07,15:47:30,2534.240000,253424,101369,62543,4036,128,2,0,0.23191030,2.73652839,9.89046229,13.58403139,14.04676954,14.13851895,14.13851895
2025/11/07,15:47:31,2513.250000,251325,100530,61451,4040,125,2,0,0.22998901,2.71385710,9.74287687,13.44067925,13.89575997,13.98531308,13.98531308
2025/11/07,15:47:32,2492.610000,249261,99704,60427,4043,123,2,0,0.22810032,2.69157093,9.60347267,13.30324619,13.75105252,13.83844027,13.83844027
2025/11/07,15:47:33,2473.360000,247336,98934,59528,4047,122,2,0,0.22633852,2.67078152,9.47983229,13.18335408,13.62605425,13.71124571,13.71124571
2025/11/07,15:47:34,2460.100000,246010,98404,58806,4052,121,2,0,0.22512557,2.65646904,9.38288598,13.09112605,13.53038236,13.61557382,13.61557382
2025/11/07,15:47:35,2450.760000,245076,98030,58114,4041,119,2,0,0.22427064,2.64638084,9.29362574,12.99158918,13.42497323,13.50796840,13.50796840
2025/11/07,15:47:36,2440.710000,244071,97628,57374,4013,116,2,0,0.22335107,2.63552995,9.19816976,12.87057065,13.29004556,13.37087537,13.37087537
2025/11/07,15:47:37,2432.330000,243233,97293,56768,3998,113,2,0,0.22258419,2.62648087,9.11986539,12.77853238,13.18715896,13.26798877,13.26798877
2025/11/07,15:47:38,2424.240000,242424,96969,56190,3973,110,2,0,0.22184414,2.61774832,9.04495147,12.68093208,13.07909338,13.15880957,13.15880957
2025/11/07,15:47:39,2416.610000,241661,96664,55651,3947,107,2,0,0.22114529,2.60950194,8.97503166,12.58703285,12.97562506,13.05425857,13.05425857
2025/11/07,15:47:40,2409.920000,240992,96397,55164,3929,105,2,0,0.22053363,2.60228425,8.91213500,12.50784915,12.89005956,12.96869307,12.96869307
2025/11/07,15:47:41,2424.970000,242497,96998,55656,4016,113,2,0,0.22191039,2.61853006,8.98472629,12.65984229,13.06974450,13.15385328,13.15385328
2025/11/07,15:47:42,2468.510000,246851,98740,57391,4233,130,3,0,0.22589497,2.66554769,9.23019102,13.10473318,13.57691393,13.67085963,13.67085963
2025/11/07,15:47:43,2513.900000,251390,100556,59225,4458,141,3,0,0.23004912,2.71456640,9.48894709,13.56879679,14.08079331,14.18346232,14.18346232
2025/11/07,15:47:44,2559.380000,255938,102375,61046,4674,151,3,0,0.23421102,2.76367660,9.74632826,14.02369795,14.57295897,14.68438222,14.68438222
2025/11/07,15:47:45,2604.630000,260463,104185,62828,4890,161,3,0,0.23835191,2.81253894,9.99899390,14.47407667,15.05830387,15.17408878,15.18275395
2025/11/07,15:47:46,2650.120000,265012,106004,64614,5133,172,3,0,0.24251404,2.86165198,10.25239511,14.94994547,15.57296937,15.69639491,15.70506008
2025/11/07,15:47:47,2695.690000,269569,107827,66395,5379,190,4,0,0.24668428,2.91086040,10.50530995,15.42807505,16.11809699,16.26664071,16.27530588
2025/11/07,15:47:48,2740.350000,274035,109614,68087,5614,210,5,0,0.25077121,2.95908591,10.74709098,15.88502113,16.64599811,16.82077362,16.82943879
2025/11/07,15:47:49,2763.450000,276345,110538,68791,5741,223,6,0,0.25288559,2.98403567,10.85259017,16.10689243,16.91610871,17.11164075,17.12030592
2025/11/07,15:47:50,2758.380000,275838,110335,68250,5732,229,6,0,0.25242104,2.97855400,10.78528157,16.03144031,16.86184011,17.07157073,17.08023590
2025/11/07,15:47:51,2751.440000,275144,110057,67591,5715,234,7,0,0.25178579,2.97105791,10.70239437,15.93239418,16.77874848,16.99939870,17.00806387
2025/11/07,15:47:52,2743.030000,274303,109721,66917,5705,238,7,0,0.25101698,2.96198598,10.61617818,15.83742043,16.69908598,16.92957312,16.93823829
2025/11/07,15:47:53,2733.910000,273391,109356,66196,5678,241,7,0,0.25018247,2.95213893,10.52381843,15.72043520,16.59460778,16.83381823,16.84248340
2025/11/07,15:47:54,2724.750000,272475,108990,65465,5621,243,7,0,0.24934385,2.94224331,10.43035596,15.57432946,16.45488384,16.69956956,16.70823473
2025/11/07,15:47:55,2715.590000,271559,108623,64743,5557,236,7,0,0.24850517,2.93234673,10.33786193,15.42321287,16.27939283,16.51096265,16.51962782
2025/11/07,15:47:56,2706.430000,270643,108257,64043,5494,227,6,0,0.24766694,2.92245584,10.24795874,15.27568916,16.09958069,16.31367296,16.32233813
2025/11/07,15:47:57,2697.240000,269724,107889,63349,5432,219,6,0,0.24682638,2.91253732,10.15859355,15.13006055,15.92230328,16.12111429,16.12977946
2025/11/07,15:47:58,2687.010000,268701,107480,62597,5367,210,5,0,0.24589049,2.90149385,10.06153533,14.97308673,15.73368065,15.91829309,15.92695826
2025/11/07,15:47:59,2676.650000,267665,107066,61847,5300,202,5,0,0.24494199,2.89030166,9.96453840,14.81462400,15.54586744,15.71844666,15.72711183
2025/11/07,15:48:00,2667.620000,266762,106705,61114,5226,194,5,0,0.24411598,2.88055476,9.87102254,14.65379208,15.35695705,15.51753399,15.52619916
2025/11/07,15:48:01,2657.690000,265769,106307,60415,5153,187,4,0,0.24320733,2.86983260,9.78033670,14.49650213,15.17414714,15.32488715,15.33355232
2025/11/07,15:48:02,2641.330000,264133,105653,59758,5082,180,4,0,0.24171010,2.85216536,9.68751248,14.33836593,14.99176300,15.13266609,15.14133126
2025/11/07,15:48:03,2624.320000,262432,104973,59158,5014,174,4,0,0.24015373,2.83380026,9.60054648,14.18951319,14.82096063,14.95422309,14.96288826
2025/11/07,15:48:04,2608.250000,260825,104330,58641,4962,169,4,0,0.23868290,2.81644474,9.52404619,14.06486097,14.67907828,14.80578279,14.81444796
2025/11/07,15:48:05,2592.020000,259202,103681,58127,4918,170,4,0,0.23719763,2.79891860,9.44771465,13.94887700,14.56577568,14.69028390,14.69894907
2025/11/07,15:48:06,2576.960000,257696,103078,57710,4884,173,3,0,0.23581948,2.78265655,9.38369886,13.85322328,14.48097029,14.60439583,14.61306100
2025/11/07,15:48:07,2562.500000,256250,102500,57347,4854,176,3,0,0.23449654,2.76704569,9.32663582,13.76936961,14.40821791,14.53164345,14.54030862
2025/11/07,15:48:08,2547.700000,254770,101908,56972,4825,179,3,0,0.23314198,2.75106204,9.26776999,13.68403619,14.33283663,14.45626217,14.46492734
2025/11/07,15:48:09,2534.170000,253417,101366,56628,4802,182,3,0,0.23190367,2.73645023,9.21375792,13.60885682,14.26799606,14.39142160,14.40008677
2025/11/07,15:48:10,2527.330000,252733,101093,56294,4782,185,3,0,0.23127812,2.72906856,9.16814349,13.54482224,14.21404371,14.33746925,14.34613442
2025/11/07,15:48:11,2520.880000,252088,100835,55906,4759,187,3,0,0.23068785,2.72210347,9.11687032,13.47276885,14.15054034,14.27396588,14.28263105
2025/11/07,15:48:12,2512.520000,251252,100501,55417,4720,188,3,0,0.22992276,2.71307536,9.05186836,13.37118464,14.05303961,14.17538247,14.18404764
2025/11/07,15:48:13,2503.630000,250363,100145,54918,4680,184,3,0,0.22910860,2.70346857,8.98516882,13.26790285,13.93546563,14.05341590,14.06208107
2025/11/07,15:48:14,2494.730000,249473,99789,54428,4642,179,3,0,0.22829416,2.69385801,8.91955215,13.16806308,13.81661056,13.93019917,13.93886434
2025/11/07,15:48:15,2486.950000,248695,99478,54016,4612,175,3,0,0.22758255,2.68546101,8.86397104,13.08504436,13.71789392,13.82931717,13.83798234
2025/11/07,15:48:16,2479.940000,247994,99197,53671,4587,171,3,0,0.22694106,2.67789151,8.81702552,13.01505741,13.63489041,13.74411737,13.75278254
2025/11/07,15:48:17,2472.360000,247236,98894,53289,4555,167,3,0,0.22624738,2.66970615,8.76506122,12.93339428,13.53982768,13.64577567,13.65444084
2025/11/07,15:48:18,2464.740000,246474,98589,52896,4521,164,3,0,0.22554983,2.66147505,8.71196065,12.84978684,13.44294711,13.54561612,13.55428129
2025/11/07,15:48:19,2456.670000,245667,98267,52492,4487,160,3,0,0.22481204,2.65276917,8.65703604,12.76332130,13.34346501,13.44285505,13.44285505
2025/11/07,15:48:20,2449.230000,244923,97969,52130,4466,157,3,0,0.22413038,2.64472585,8.60752031,12.69470641,13.26413188,13.36135656,13.36135656
2025/11/07,15:48:21,2441.770000,244177,97671,51760,4439,154,3,0,0.22344850,2.63667968,8.55717359,12.61963720,13.17859739,13.27470845,13.27470845
2025/11/07,15:48:22,2433.070000,243307,97323,51338,4403,151,3,0,0.22265206,2.62728170,8.49948873,12.52892436,13.07627011,13.16910220,13.16910220
2025/11/07,15:48:23,2423.050000,242305,96922,50845,4359,147,3,0,0.22173475,2.61645751,8.43228680,12.42148799,12.95594367,13.05205473,13.05205473
2025/11/07,15:48:24,2413.240000,241324,96529,50361,4323,146,3,0,0.22083715,2.60586591,8.36639998,12.32283217,12.85116262,12.96586485,12.96586485
2025/11/07,15:48:25,2404.770000,240477,96190,49955,4304,147,4,0,0.22006181,2.59671676,8.31071297,12.24979110,12.78169551,12.91387529,12.91387529
2025/11/07,15:48:26,2396.710000,239671,95868,49571,4287,148,4,0,0.21932483,2.58802041,8.25818929,12.18146447,12.71694283,12.86440387,12.86440387
2025/11/07,15:48:27,2391.020000,239102,95641,49362,4282,150,5,0,0.21880427,2.58187806,8.22812975,12.14739768,12.69091652,12.85477243,12.85477243
2025/11/07,15:48:28,2387.260000,238726,95490,49423,4298,156,5,0,0.21845971,2.57781210,8.23103164,12.16445442,12.73068900,12.90874349,12.91740866
2025/11/07,15:48:29,2382.590000,238259,95303,49446,4308,162,6,0,0.21803249,2.57277083,8.22860390,12.17156025,12.76000102,12.95005779,12.95872296
2025/11/07,15:48:30,2379.500000,237950,95180,49546,4324,168,6,0,0.21774955,2.56943224,8.23670484,12.19433307,12.80446690,13.00544327,13.01410844
2025/11/07,15:48:31,2377.620000,237762,95104,49737,4346,174,6,0,0.21757730,2.56739972,8.25651335,12.23433979,12.86642324,13.07287488,13.08154005
2025/11/07,15:48:32,2375.450000,237545,95018,50135,4374,180,6,0,0.21737943,2.56506501,8.29968636,12.30275140,12.95474274,13.15355375,13.16221892
2025/11/07,15:48:33,2371.030000,237103,94841,50476,4385,182,6,0,0.21697499,2.56029259,8.33388596,12.34706657,13.00812107,13.19601248,13.20467765
2025/11/07,15:48:34,2365.530000,236553,94621,50766,4390,184,5,0,0.21647175,2.55435427,8.36112719,12.37925212,13.04681490,13.22267309,13.23133826
2025/11/07,15:48:35,2358.700000,235870,94348,50935,4387,185,5,0,0.21584616,2.54697255,8.37313460,12.38860938,13.05859695,13.22353554,13.23220071
2025/11/07,15:48:36,2350.960000,235096,94038,50885,4360,182,4,0,0.21513827,2.53861943,8.35903741,12.34966068,13.00765076,13.16166975,13.17033492
2025/11/07,15:48:37,2344.050000,234405,93762,50867,4333,178,4,0,0.21450551,2.53115289,8.34948258,12.31509327,12.96019328,13.10545802,13.11412319
2025/11/07,15:48:38,2337.180000,233718,93487,50845,4307,175,4,0,0.21387679,2.52373402,8.33960368,12.28133196,12.91533067,13.05295479,13.06161996
2025/11/07,15:48:39,2330.550000,233055,93222,50803,4283,172,4,0,0.21327004,2.51657446,8.32762919,12.24741416,12.87069102,13.00287080,13.01153597
2025/11/07,15:48:40,2323.550000,232355,92942,50513,4246,167,4,0,0.21262953,2.50901641,8.28685520,12.17270806,12.77952451,12.90514634,12.91381151
2025/11/07,15:48:41,2316.980000,231698,92679,50194,4209,163,3,0,0.21202886,2.50192836,8.24335606,12.09556690,12.68694200,12.80708856,12.81575373
2025/11/07,15:48:42,2310.110000,231011,92404,49877,4174,159,3,0,0.21139997,2.49450757,8.19962929,12.01949116,12.59682703,12.71369462,12.71369462
2025/11/07,15:48:43,2301.850000,230185,92074,49503,4132,155,3,0,0.21064431,2.48559100,8.14788715,11.92997073,12.49263135,12.60513728,12.60513728
2025/11/07,15:48:44,2293.570000,229357,91743,49135,4090,151,3,0,0.20988632,2.47664680,8.09694540,11.84018459,12.38893607,12.49816303,12.49816303
2025/11/07,15:48:45,2284.500000,228450,91380,48743,4045,147,3,0,0.20905605,2.46684936,8.04226625,11.74452794,12.27911371,12.38286540,12.38286540
2025/11/07,15:48:46,2275.520000,227552,91020,48369,4002,144,3,0,0.20823446,2.45715486,7.98981082,11.65216202,12.17334819,12.27273823,12.27273823
2025/11/07,15:48:47,2266.210000,226621,90648,47990,3956,140,3,0,0.20738211,2.44709716,7.93643468,11.55677340,12.06494301,12.15997139,12.15997139
2025/11/07,15:48:48,2256.720000,225672,90268,47621,3906,137,2,0,0.20651392,2.43685259,7.88395018,11.45865808,11.95406410,12.04473083,12.04473083
2025/11/07,15:48:49,2247.120000,224712,89885,47260,3854,133,2,0,0.20563565,2.42648888,7.83231605,11.35997107,11.84287006,11.93025781,11.93025781
2025/11/07,15:48:50,2237.600000,223760,89504,46908,3803,130,2,0,0.20476413,2.41620523,7.78176775,11.26272494,11.73388302,11.81687819,11.81687819
2025/11/07,15:48:51,2228.710000,222871,89148,46605,3757,126,2,0,0.20395105,2.40661083,7.73745066,11.17581428,11.63459543,11.71542524,11.71542524
2025/11/07,15:48:52,2220.840000,222084,88833,46346,3717,122,2,0,0.20323055,2.39810898,7.69936029,11.10081863,11.54402833,11.62266184,11.62266184
2025/11/07,15:48:53,2249.190000,224919,89967,47397,3843,131,2,0,0.20582535,2.42872732,7.85013845,11.36777490,11.84352960,11.92763838,11.92763838
2025/11/07,15:48:54,2294.790000,229479,91791,48995,4051,141,2,0,0.20999830,2.47796813,8.08225853,11.78969148,12.30258059,12.39433000,12.39433000
2025/11/07,15:48:55,2340.050000,234005,93602,50557,4264,153,3,0,0.21413930,2.52683144,8.30975992,12.21267583,12.76602033,12.86977202,12.86977202
2025/11/07,15:48:56,2384.490000,238449,95379,52263,4471,172,4,0,0.21820657,2.57482527,8.55289668,12.64447711,13.26635185,13.39961431,13.40827948
2025/11/07,15:48:57,2428.590000,242859,97143,54314,4668,190,5,0,0.22224163,2.62243873,8.83504921,13.10757067,13.79580744,13.95418808,13.96285325
2025/11/07,15:48:58,2472.980000,247298,98919,56337,4863,207,5,0,0.22630426,2.67037731,9.11440856,13.56535085,14.31573607,14.49706953,14.50573470
2025/11/07,15:48:59,2517.230000,251723,100689,58268,5052,223,6,0,0.23035322,2.71815475,9.38304364,14.00678343,14.81383149,15.01372518,15.02239035
2025/11/07,15:49:00,2559.110000,255911,102364,60058,5229,237,6,0,0.23418604,2.76338200,9.63304782,14.41843548,15.27601755,15.49119250,15.49985767
2025/11/07,15:49:01,2565.640000,256564,102625,60563,5257,242,7,0,0.23478325,2.77042906,9.69786625,14.50881646,15.38567040,15.61068227,15.61934744
2025/11/07,15:49:02,2554.810000,255481,102192,60483,5217,248,7,0,0.23379252,2.75873831,9.67698589,14.45135293,15.35028298,15.58513178,15.59379695
2025/11/07,15:49:03,2543.260000,254326,101730,60344,5169,254,7,0,0.23273518,2.74626196,9.64867108,14.37966945,15.29774128,15.53586905,15.54453422
2025/11/07,15:49:04,2532.580000,253258,101303,60045,5126,250,7,0,0.23175809,2.73473230,9.60289947,14.29440647,15.19984480,15.42049502,15.42916019
2025/11/07,15:49:05,2522.750000,252275,100910,59382,5090,246,6,0,0.23085887,2.72412167,9.51644523,14.17434316,15.06599883,15.27136779,15.28003296
2025/11/07,15:49:06,2512.750000,251275,100510,58705,5052,243,6,0,0.22994350,2.71332035,9.42818052,14.05153231,14.92978837,15.12204143,15.13070660
2025/11/07,15:49:07,2503.370000,250337,100134,58112,5018,240,5,0,0.22908485,2.70318830,9.35025946,13.94310438,14.81115173,14.99356787,15.00223304
2025/11/07,15:49:08,2494.290000,249429,99771,57544,4984,237,5,0,0.22825441,2.69338896,9.27552289,13.83721397,14.69632825,14.87002108,14.87868625
2025/11/07,15:49:09,2484.240000,248424,99369,56940,4930,234,5,0,0.22733435,2.68253235,9.19548363,13.70769771,14.55443506,14.71937365,14.72803882
2025/11/07,15:49:10,2472.700000,247270,98908,56259,4855,225,4,0,0.22627896,2.67007890,9.10523154,13.54812639,14.36180921,14.51474552,14.52341069
2025/11/07,15:49:11,2462.130000,246213,98485,55667,4777,215,4,0,0.22531165,2.65866460,9.02609685,13.39828334,14.17725294,14.32143500,14.33010017
2025/11/07,15:49:12,2452.390000,245239,98095,55126,4713,207,4,0,0.22442036,2.64814738,8.95367595,13.26704588,14.01577241,14.15231385,14.16097902
2025/11/07,15:49:13,2445.260000,244526,97810,54756,4675,201,4,0,0.22376714,2.64043964,8.90368791,13.18267276,13.90931957,14.04149935,14.05016452
2025/11/07,15:49:14,2445.030000,244503,97801,54736,4675,198,4,0,0.22374640,2.64019465,8.90105163,13.17987542,13.89810230,14.02808579,14.03675096
2025/11/07,15:49:15,2445.260000,244526,97810,54725,4677,196,4,0,0.22376779,2.64044728,8.90011674,13.18058863,13.89141104,14.01811555,14.02678072
2025/11/07,15:49:16,2445.550000,244555,97822,54707,4677,194,4,0,0.22379397,2.64075617,8.89836548,13.17903138,13.88245292,14.00696114,14.01562631
2025/11/07,15:49:17,2446.350000,244635,97854,54692,4688,195,3,0,0.22386726,2.64162084,8.89746900,13.18802352,13.89272070,14.01506356,14.02372873
2025/11/07,15:49:18,2447.340000,244734,97893,54691,4716,198,4,0,0.22395765,2.64268761,8.89849540,13.21490348,13.93402295,14.06072746,14.06939263
2025/11/07,15:49:19,2447.450000,244745,97898,54625,4742,202,4,0,0.22396809,2.64281062,8.89100407,13.23051856,13.96393022,14.10811228,14.11677745
2025/11/07,15:49:20,2446.960000,244696,97878,54521,4755,206,5,0,0.22392317,2.64228056,8.87860634,13.23017460,13.97507060,14.13345124,14.14211641
2025/11/07,15:49:21,2442.890000,244289,97715,54206,4738,206,5,0,0.22355030,2.63788088,8.83815107,13.17433641,13.92217035,14.09038791,14.09905308
2025/11/07,15:49:22,2421.290000,242129,96851,53445,4660,202,5,0,0.22157397,2.61456035,8.72782203,12.99297598,13.72575163,13.89833085,13.90699602
2025/11/07,15:49:23,2392.990000,239299,95719,52638,4577,197,5,0,0.21898395,2.58399828,8.60498825,12.79432664,13.50936262,13.68305545,13.69172062
2025/11/07,15:49:24,2366.260000,236626,94650,51925,4506,193,5,0,0.21653832,2.55513981,8.49450572,12.61866207,13.31914929,13.49609016,13.50475533
2025/11/07,15:49:25,2340.180000,234018,93607,51270,4430,188,5,0,0.21415196,2.52698108,8.39144463,12.44540874,13.12547854,13.30461571,13.31328088
2025/11/07,15:49:26,2315.210000,231521,92608,50706,4343,179,5,0,0.21186637,2.50001118,8.29994951,12.27467282,12.92462242,13.10156329,13.11022846
2025/11/07,15:49:27,2290.510000,229051,91620,50184,4258,171,5,0,0.20960591,2.47333777,8.21359007,12.11039857,12.72984852,12.89150814,12.90017331
2025/11/07,15:49:28,2265.130000,226513,90605,49640,4172,163,4,0,0.20728396,2.44593888,8.12394012,11.94231586,12.53203227,12.67841063,12.68707580
2025/11/07,15:49:29,2243.730000,224373,89749,49349,4111,157,4,0,0.20532557,2.42282997,8.06757890,11.83043429,12.39934662,12.53480537,12.53480537
2025/11/07,15:49:30,2257.390000,225739,90295,50402,4219,164,4,0,0.20657526,2.43757620,8.20276370,12.06444405,12.65760432,12.79631112,12.80497629
2025/11/07,15:49:31,2284.920000,228492,91396,51793,4367,173,4,0,0.20909434,2.46730123,8.39159619,12.38832779,13.01658433,13.16184907,13.17051424
2025/11/07,15:49:32,2310.870000,231087,92434,53081,4503,182,4,0,0.21146897,2.49532173,8.56692112,12.68852433,13.34804662,13.49878663,13.50745180
2025/11/07,15:49:33,2331.510000,233151,93260,54289,4610,188,4,0,0.21335853,2.51761838,8.72736494,12.94643510,13.62778054,13.77960323,13.78826840
2025/11/07,15:49:34,2349.230000,234923,93969,55438,4702,193,4,0,0.21497943,2.53674516,8.87791332,13.18081262,13.87849199,14.02923200,14.03789717
2025/11/07,15:49:35,2367.030000,236703,94681,56547,4809,198,4,0,0.21660819,2.55596445,9.02403814,13.42495437,14.14381726,14.29563995,14.30430512
2025/11/07,15:49:36,2385.220000,238522,95408,57648,4923,210,4,0,0.21827299,2.57560890,9.16960249,13.67535410,14.43441581,14.58843480,14.59709997
2025/11/07,15:49:37,2400.760000,240076,96030,58550,5019,219,5,0,0.21969518,2.59239052,9.28960670,13.88309769,14.67789169,14.83299336,14.84165853
2025/11/07,15:49:38,2392.630000,239263,95705,58267,4974,219,4,0,0.21895173,2.58361790,9.24838966,13.80077412,14.59225074,14.73971178,14.74837695
2025/11/07,15:49:39,2376.320000,237632,95052,57624,4890,215,4,0,0.21745870,2.56600023,9.15722278,13.63224057,14.40942500,14.54596644,14.55463161
2025/11/07,15:49:40,2360.580000,236058,94423,57030,4811,211,4,0,0.21601851,2.54900606,9.07225373,13.47549615,14.24043013,14.36933094,14.37799611
2025/11/07,15:49:41,2348.900000,234890,93956,56426,4756,210,3,0,0.21494915,2.53638767,8.99056581,13.34310408,14.10203931,14.22546485,14.23413002
2025/11/07,15:49:42,2340.250000,234025,93610,55864,4715,209,3,0,0.21415778,2.52704973,8.91699352,13.23217353,13.98919350,14.10934006,14.11800523
2025/11/07,15:49:43,2332.220000,233222,93289,55370,4662,207,3,0,0.21342338,2.51838389,8.85184483,13.11809690,13.86873869,13.98452360,13.99318877
2025/11/07,15:49:44,2325.360000,232536,93014,54985,4609,201,3,0,0.21279541,2.51097363,8.80031636,13.01841651,13.74582942,13.85725267,13.86591784
2025/11/07,15:49:45,2355.080000,235508,94203,56828,4645,197,3,0,0.21551534,2.54306868,9.04326766,13.29471882,14.00924527,14.11847223,14.12713740
2025/11/07,15:49:46,2483.040000,248304,99321,63193,4898,203,3,0,0.22722496,2.68124153,9.90947591,14.39176513,15.12645242,15.23895835,15.24762352
2025/11/07,15:49:47,2619.420000,261942,104777,69583,5163,216,4,0,0.23970524,2.82850826,10.78765420,15.51322325,16.29691596,16.43454008,16.44320525
2025/11/07,15:49:48,2753.550000,275355,110142,75513,5414,233,5,0,0.25197911,2.97333923,11.61073916,16.56530417,17.40808452,17.57849838,17.58716355
2025/11/07,15:49:49,2886.720000,288672,115469,80764,5654,248,6,0,0.26416573,3.11714062,12.35516965,17.52935902,18.42573780,18.62343520,18.63210037
2025/11/07,15:49:50,3015.610000,301561,120624,85358,5851,260,7,0,0.27596028,3.25631546,13.01983286,18.37431719,19.31523484,19.53480238,19.54346755
2025/11/07,15:49:51,3125.360000,312536,125014,89678,5967,266,7,0,0.28600365,3.37482670,13.63255131,19.09387418,20.05840015,20.29108359,20.29974876
2025/11/07,15:49:52,3242.630000,324263,129705,93837,6058,271,7,0,0.29673514,3.50145752,14.23483648,19.77856642,20.75866022,21.00114965,21.00981482
2025/11/07,15:49:53,3334.650000,333465,133386,95714,6064,272,8,0,0.30515622,3.60082576,14.54887815,20.09894245,21.08388583,21.33293320,21.34159837
2025/11/07,15:49:54,3281.880000,328188,131275,92823,5848,264,8,0,0.30032721,3.54384383,14.16128827,19.51360654,20.46881638,20.71786375,20.72652892
2025/11/07,15:49:55,3216.280000,321628,128651,89779,5619,248,7,0,0.29432358,3.47300136,13.74218575,18.88428420,19.78244814,20.01073899,20.01940416
2025/11/07,15:49:56,3162.240000,316224,126489,86931,5394,229,6,0,0.28937871,3.41465233,13.35812458,18.29507747,19.12432812,19.32202552,19.33069069
2025/11/07,15:49:57,3116.890000,311689,124675,84553,5178,211,5,0,0.28522860,3.36568132,13.03716114,17.77572194,18.54129193,18.71278847,18.72145364
2025/11/07,15:49:58,3074.610000,307461,122984,82688,5008,196,4,0,0.28135933,3.32002409,12.77817563,17.36164804,18.07285350,18.22359351,18.23225868
2025/11/07,15:49:59,3050.860000,305086,122034,81024,4920,187,4,0,0.27918655,3.29438509,12.56213600,17.06494646,17.74361053,17.88231733,17.89098250
2025/11/07,15:50:00,3035.260000,303526,121410,79350,4853,180,4,0,0.27775838,3.27753293,12.35383685,16.79556860,17.44832604,17.57830953,17.58697470
2025/11/07,15:50:01,3018.510000,301851,120740,77598,4779,173,3,0,0.27622576,3.25944812,12.13538217,16.50869973,17.13478444,17.25712730,17.26579247
2025/11/07,15:50:02,3002.410000,300241,120096,75955,4709,166,3,0,0.27475238,3.24206213,11.93005947,16.23951916,16.84161250,16.95739741,16.96606258
2025/11/07,15:50:03,2986.070000,298607,119443,74352,4640,160,3,0,0.27325754,3.22442345,11.72911327,15.97604015,16.55554785,16.66585749,16.66585749
2025/11/07,15:50:04,2969.300000,296930,118772,72807,4573,154,3,0,0.27172227,3.20630720,11.53420096,15.71950007,16.27807721,16.38182890,16.38182890
2025/11/07,15:50:05,2945.610000,294561,117824,71370,4509,149,3,0,0.26955495,3.18073298,11.34432058,15.47132016,16.01152163,16.10982899,16.10982899
2025/11/07,15:50:06,2918.200000,291820,116728,69954,4439,144,3,0,0.26704621,3.15112996,11.15276620,15.21493881,15.73765719,15.83048928,15.83048928
2025/11/07,15:50:07,2889.780000,288978,115591,68462,4362,139,2,0,0.26444585,3.12044585,10.95137348,14.94354785,15.44839647,15.53578422,15.53578422
2025/11/07,15:50:08,2860.760000,286076,114430,66954,4283,134,2,0,0.26178990,3.08910583,10.74759595,14.66783389,15.15494646,15.23794163,15.23794163
2025/11/07,15:50:09,2832.430000,283243,113297,65534,4210,130,2,0,0.25919746,3.05851516,10.55450466,14.40768552,14.87948322,14.95919941,14.95919941
2025/11/07,15:50:10,2805.220000,280522,112208,64227,4150,125,2,0,0.25670720,3.02913043,10.37568261,14.17392512,14.62811325,14.70458140,14.70458140
2025/11/07,15:50:11,2779.580000,277958,111183,63061,4098,120,2,0,0.25436150,3.00145124,10.21458242,13.96554510,14.40071793,14.47498979,14.47498979
2025/11/07,15:50:12,2756.390000,275639,110255,62088,4057,116,2,0,0.25223919,2.97640803,10.07831451,13.79114383,14.21189438,14.28508356,14.28508356
2025/11/07,15:50:13,2742.580000,274258,109703,61279,4027,113,2,0,0.25097577,2.96149976,9.97078715,13.65637379,14.06665906,14.13984824,14.13984824
2025/11/07,15:50:14,2733.130000,273313,109325,60538,4007,111,2,0,0.25011017,2.95128572,9.87584688,13.54281936,13.94506414,14.01825332,14.01825332
2025/11/07,15:50:15,2724.020000,272402,108960,59848,3988,109,2,0,0.24927679,2.94145201,9.78707539,13.43701685,13.83237030,13.90664216,13.90664216
2025/11/07,15:50:16,2715.000000,271500,108600,59193,3969,107,2,0,0.24845126,2.93171083,9.70238335,13.33471178,13.72292094,13.79719280,13.79719280
2025/11/07,15:50:17,2701.090000,270109,108043,58446,3944,104,2,0,0.24717905,2.91669864,9.60192992,13.21118396,13.59046005,13.66364923,13.66364923
2025/11/07,15:50:18,2682.210000,268221,107288,57735,3919,105,2,0,0.24545066,2.89630389,9.50028686,13.08704853,13.46861932,13.54725283,13.54725283
2025/11/07,15:50:19,2668.490000,266849,106739,57465,3930,117,3,0,0.24419564,2.88149474,9.45454005,13.05115832,13.47497329,13.57655962,13.57655962
2025/11/07,15:50:20,2654.910000,265491,106196,57222,3944,128,3,0,0.24295235,2.86682384,9.41203779,13.02200287,13.48767535,13.60782191,13.60782191
2025/11/07,15:50:21,2639.810000,263981,105592,56892,3948,134,4,0,0.24157104,2.85052464,9.35801872,12.97147401,13.45833001,13.59050979,13.59050979
2025/11/07,15:50:22,2623.180000,262318,104927,56480,3939,139,4,0,0.24004902,2.83256472,9.29299181,12.89820658,13.40254567,13.54453144,13.54453144
2025/11/07,15:50:23,2606.750000,260675,104270,56096,3931,144,4,0,0.23854523,2.81482026,9.23123415,12.82879040,13.34933694,13.50007695,13.50007695
2025/11/07,15:50:24,2591.320000,259132,103652,55783,3927,148,5,0,0.23713316,2.79815782,9.17879487,12.77279594,13.30954993,13.46901325,13.46901325
2025/11/07,15:50:25,2580.990000,258099,103239,55618,3929,153,5,0,0.23618854,2.78701141,9.14876021,12.74453841,13.29762634,13.46364761,13.46364761
2025/11/07,15:50:26,2574.520000,257452,102981,55374,3918,155,5,0,0.23559643,2.78002443,9.11386111,12.69942765,13.25966348,13.42679836,13.43546353
2025/11/07,15:50:27,2561.990000,256199,102479,54666,3870,150,4,0,0.23444990,2.76649560,9.01941111,12.56144701,13.10458280,13.25860179,13.25860179
2025/11/07,15:50:28,2548.480000,254848,101939,53909,3822,145,4,0,0.23321314,2.75190190,8.91820889,12.41619711,12.94070065,13.08268642,13.08268642
2025/11/07,15:50:29,2535.340000,253534,101413,53203,3776,140,4,0,0.23201048,2.73771055,8.82323786,12.27950551,12.78690902,12.91797519,12.91797519
2025/11/07,15:50:30,2525.010000,252501,101000,52673,3743,137,4,0,0.23106570,2.72656220,8.75153897,12.17746082,12.67261388,12.79712210,12.79712210
2025/11/07,15:50:31,2515.420000,251542,100616,52186,3714,134,3,0,0.23018782,2.71620325,8.68546479,12.08424095,12.56879863,12.68786251,12.68786251
2025/11/07,15:50:32,2506.120000,250612,100244,51714,3685,131,3,0,0.22933644,2.70615700,8.62140372,11.99406827,12.46880030,12.58350253,12.58350253
2025/11/07,15:50:33,2496.820000,249682,99872,51245,3656,128,3,0,0.22848570,2.69611835,8.55775836,11.90408435,12.36937377,12.47968341,12.47968341
2025/11/07,15:50:34,2487.760000,248776,99510,50815,3630,126,3,0,0.22765629,2.68633138,8.49872713,11.82133267,12.27666634,12.38917227,12.38917227
2025/11/07,15:50:35,2479.740000,247974,99189,50457,3606,125,4,0,0.22692319,2.67768082,8.44911315,11.74964635,12.20255523,12.32706345,12.32706345
2025/11/07,15:50:36,2472.730000,247273,98909,50160,3580,125,4,0,0.22628170,2.67011131,8.40755220,11.68387995,12.13576977,12.27122852,12.27122852
2025/11/07,15:50:37,2466.300000,246630,98652,49900,3556,125,4,0,0.22569289,2.66316338,8.37086625,11.62538064,12.07727046,12.22145252,12.22145252
2025/11/07,15:50:38,2458.670000,245867,98347,49584,3527,124,4,0,0.22499479,2.65492562,8.32654865,11.55491848,12.00387397,12.15569666,12.15569666
2025/11/07,15:50:39,2450.880000,245088,98035,49271,3498,123,5,0,0.22428211,2.64651622,8.28229377,11.48406698,11.93008453,12.08846517,12.08846517
2025/11/07,15:50:40,2442.970000,244297,97719,48961,3470,122,5,0,0.22355805,2.63797241,8.23832038,11.41394994,11.85715964,12.02101555,12.02101555
2025/11/07,15:50:41,2436.020000,243602,97440,48699,3451,124,5,0,0.22292167,2.63046299,8.20087507,11.35979664,11.81041082,11.98082468,11.98082468
2025/11/07,15:50:42,2429.860000,242986,97194,48469,3444,128,5,0,0.22235797,2.62381153,8.16789489,11.31957798,11.78563351,11.95604737,11.95604737
2025/11/07,15:50:43,2423.880000,242388,96955,48237,3434,130,5,0,0.22181069,2.61735362,8.13485776,11.27791232,11.75047613,11.91321843,11.91321843
2025/11/07,15:50:44,2418.390000,241839,96735,48025,3431,132,5,0,0.22130897,2.61143340,8.10466485,11.24487526,11.72445687,11.88067215,11.88067215
2025/11/07,15:50:45,2413.390000,241339,96535,47837,3441,134,4,0,0.22085082,2.60602704,8.07782546,11.22740746,11.71490308,11.86564309,11.86564309
2025/11/07,15:50:46,2408.270000,240827,96330,47656,3451,136,4,0,0.22038246,2.60050054,8.05153656,11.21032910,11.70509910,11.85256014,11.85256014
2025/11/07,15:50:47,2402.330000,240233,96093,47450,3457,138,4,0,0.21983905,2.59408838,8.02164746,11.18570735,11.68672906,11.82871483,11.82871483
2025/11/07,15:50:48,2396.060000,239606,95842,47233,3461,140,4,0,0.21926495,2.58731398,7.98997424,11.15752434,11.66390517,11.80152929,11.80152929
2025/11/07,15:50:49,2387.860000,238786,95514,46972,3454,139,4,0,0.21851513,2.57846606,7.95127118,11.11251986,11.61813458,11.75031436,11.75031436
2025/11/07,15:50:50,2374.340000,237434,94973,46673,3434,137,4,0,0.21727796,2.56386760,7.90255602,11.04535160,11.54279936,11.66950387,11.66950387
2025/11/07,15:50:51,2359.200000,235920,94368,46338,3405,135,3,0,0.21589222,2.54751598,7.84781002,10.96413801,11.45226964,11.57349888,11.57349888
2025/11/07,15:50:52,2343.840000,234384,93753,45997,3372,132,3,0,0.21448612,2.53092410,7.79221376,10.87806783,11.35701343,11.47279834,11.47279834
2025/11/07,15:50:53,2327.690000,232769,93107,45282,3325,129,3,0,0.21300892,2.51349328,7.69297313,10.73591059,11.20502692,11.31645017,11.31645017
2025/11/07,15:50:54,2311.160000,231116,92446,44374,3274,126,3,0,0.21149634,2.49564490,7.57130038,10.56773402,11.02562258,11.13376686,11.13376686
2025/11/07,15:50:55,2294.380000,229438,91775,43513,3234,127,3,0,0.20996027,2.47751911,7.45469018,10.41431462,10.87628666,10.99207157,10.99207157
2025/11/07,15:50:56,2276.160000,227616,91046,42639,3199,129,4,0,0.20829305,2.45784604,7.33504218,10.26260865,10.72955676,10.85406498,10.85406498
2025/11/07,15:50:57,2258.110000,225811,90324,41762,3162,130,4,0,0.20664118,2.43835412,7.21523607,10.10919347,10.57907591,10.71125569,10.71125569
2025/11/07,15:50:58,2245.490000,224549,89819,41015,3130,130,4,0,0.20548609,2.42472425,7.11622959,9.98058517,10.45365851,10.59236531,10.59236531
2025/11/07,15:50:59,2237.230000,223723,89489,40952,3130,135,4,0,0.20473020,2.41580481,7.10004742,9.96466105,10.45330222,10.60404223,10.60404223
2025/11/07,15:51:00,2231.850000,223185,89274,41621,3163,143,5,0,0.20423850,2.41000281,7.17083630,10.06595680,10.58280291,10.75102047,10.75102047
2025/11/07,15:51:01,2227.250000,222725,89090,42360,3212,152,6,0,0.20381693,2.40502830,7.25038602,10.19023321,10.74281161,10.93286838,10.94153355
2025/11/07,15:51:02,2222.930000,222293,88917,43108,3266,163,6,0,0.20342212,2.40036936,7.33118845,10.32047969,10.91032258,11.12113588,11.12980105
2025/11/07,15:51:03,2220.120000,222012,88804,43936,3315,169,7,0,0.20316446,2.39732914,7.42293247,10.45720846,11.07129929,11.29194951,11.30061468
2025/11/07,15:51:04,2222.960000,222296,88918,45486,3394,177,7,0,0.20342438,2.40039605,7.60330445,10.71000279,11.35280810,11.58001627,11.58868144
2025/11/07,15:51:05,2229.020000,222902,89160,46521,3482,186,7,0,0.20397916,2.40694260,7.72818080,10.91541207,11.59114182,11.82382526,11.83249043
2025/11/07,15:51:06,2233.930000,223393,89357,47247,3548,194,7,0,0.20442901,2.41225078,7.81654294,11.06378590,11.76771698,12.00364846,12.01231363
2025/11/07,15:51:07,2232.540000,223254,89301,47630,3583,197,7,0,0.20430136,2.41074451,7.85890037,11.13855727,11.85384621,12.08541603,12.09408120
2025/11/07,15:51:08,2222.970000,222297,88918,47684,3591,196,7,0,0.20342551,2.40040939,7.85466482,11.14159315,11.85254565,12.07099958,12.07966475
2025/11/07,15:51:09,2213.450000,221345,88538,47747,3591,193,6,0,0.20255442,2.39013051,7.85157604,11.13840737,11.83723590,12.03712959,12.04579476
2025/11/07,15:51:10,2204.140000,220414,88165,47803,3588,188,5,0,0.20170213,2.38007374,7.84797823,11.13144838,11.81381288,11.99514634,12.00381151
2025/11/07,15:51:11,2194.510000,219451,87780,47831,3582,184,5,0,0.20082150,2.36968237,7.84077390,11.11946079,11.78753310,11.95138901,11.96005418
2025/11/07,15:51:12,2181.320000,218132,87252,47590,3554,179,4,0,0.19961383,2.35543189,7.79893443,11.05128368,11.69970107,11.84935840,11.85802357
2025/11/07,15:51:13,2166.250000,216625,86650,47212,3512,173,4,0,0.19823536,2.33916606,7.73940667,10.95397762,11.57980937,11.71962978,11.72829495
2025/11/07,15:51:14,2152.400000,215240,86096,46906,3483,168,4,0,0.19696751,2.32420535,7.68944463,10.87680493,11.48566312,11.62876250,11.63742767
2025/11/07,15:51:15,2141.940000,214194,85677,46695,3467,165,4,0,0.19601078,2.31291592,7.65405225,10.82741967,11.42453694,11.57635963,11.58502480
2025/11/07,15:51:16,2135.710000,213571,85428,46469,3450,162,5,0,0.19544013,2.30618250,7.62151512,10.77946759,11.36497042,11.52443374,11.53309891
2025/11/07,15:51:17,2128.900000,212890,85156,46200,3424,158,5,0,0.19481700,2.29882941,7.58339401,10.71720600,11.29033190,11.45746678,11.46613195
2025/11/07,15:51:18,2122.420000,212242,84897,45951,3398,155,5,0,0.19422454,2.29183860,7.54784069,10.65747926,11.21937378,11.39414929,11.40281446
2025/11/07,15:51:19,2116.340000,211634,84653,45496,3374,152,5,0,0.19366804,2.28527199,7.48923053,10.57699077,11.12893315,11.31243197,11.31243197
2025/11/07,15:51:20,2110.660000,211066,84426,45002,3352,150,6,0,0.19314800,2.27913537,7.42659905,10.49480806,11.03756080,11.22653489,11.22653489
2025/11/07,15:51:21,2105.030000,210503,84201,44510,3331,147,6,0,0.19263278,2.27305593,7.36431962,10.41333247,10.94651251,11.13984826,11.13984826
2025/11/07,15:51:22,2099.150000,209915,83966,43985,3303,144,6,0,0.19209513,2.26671149,7.29785289,10.32062418,10.84321246,11.02999026,11.02999026
2025/11/07,15:51:23,2092.410000,209241,83696,43374,3261,141,5,0,0.19147810,2.25943084,7.22070695,10.20547391,10.71632127,10.89217946,10.89217946
2025/11/07,15:51:24,2086.730000,208673,83469,42879,3226,138,5,0,0.19095790,2.25329231,7.15794819,10.11072216,10.61200044,10.78021800,10.78021800
2025/11/07,15:51:25,2106.930000,210693,84277,44665,3331,142,5,0,0.19280713,2.27511325,7.38408155,10.43302942,10.94834332,11.11764356,11.11764356
2025/11/07,15:51:26,2163.930000,216393,86557,47372,3586,156,5,0,0.19802304,2.33666069,7.75520790,11.03738500,11.60297995,11.78647877,11.79514394
2025/11/07,15:51:27,2219.700000,221970,88788,49270,3815,178,6,0,0.20312610,2.39687633,8.03253664,11.52389950,12.17040524,12.38449751,12.39316268
2025/11/07,15:51:28,2273.620000,227362,90944,51027,4030,199,7,0,0.20806043,2.45510137,8.29180618,11.98043005,12.70095163,12.93471775,12.94338292
2025/11/07,15:51:29,2326.660000,232666,93066,52692,4239,217,8,0,0.21291472,2.51238169,8.53943874,12.41876324,13.20615638,13.45631737,13.46498254
2025/11/07,15:51:30,2379.130000,237913,95165,54279,4445,234,8,0,0.21771627,2.56903949,8.77767528,12.84540624,13.69431181,13.95647508,13.96514025
2025/11/07,15:51:31,2431.680000,243168,97267,55830,4647,250,8,0,0.22252457,2.62577732,9.01185132,13.26504759,14.17099906,14.44191657,14.45058174
2025/11/07,15:51:32,2483.760000,248376,99350,57346,4844,265,8,0,0.22729073,2.68201755,9.24142181,13.67449301,14.63238422,14.90982875,14.91849392
2025/11/07,15:51:33,2509.800000,250980,100392,57912,4934,271,8,0,0.22967327,2.71013147,9.33434782,13.85011708,14.83276576,15.10584864,15.11451381
2025/11/07,15:51:34,2498.600000,249860,99944,57171,4872,267,8,0,0.22864900,2.69804506,9.23748268,13.69592243,14.66389226,14.91949758,14.92816275
2025/11/07,15:51:35,2486.710000,248671,99468,56393,4792,253,7,0,0.22756063,2.68520264,9.13561210,13.52114541,14.43781512,14.65738266,14.66604783
2025/11/07,15:51:36,2474.710000,247471,98988,55632,4714,240,6,0,0.22646268,2.67224679,9.03561136,13.34975730,14.21716864,14.41050439,14.41916956
2025/11/07,15:51:37,2463.860000,246386,98554,54962,4641,228,5,0,0.22547000,2.66053314,8.94726646,13.19500138,14.01991559,14.19360842,14.20227359
2025/11/07,15:51:38,2452.900000,245290,98116,54318,4565,217,5,0,0.22446664,2.64869364,8.86183337,13.03934402,13.82495199,13.98116727,13.98983244
2025/11/07,15:51:39,2441.840000,244184,97673,53690,4488,207,4,0,0.22345409,2.63674549,8.77804465,12.88584807,13.63457460,13.77767398,13.78633915
2025/11/07,15:51:40,2431.070000,243107,97242,53079,4415,197,4,0,0.22246882,2.62511952,8.69654928,12.73694055,13.45235958,13.58453936,13.59320453
2025/11/07,15:51:41,2420.660000,242066,96826,52492,4346,189,4,0,0.22151596,2.61387585,8.61810235,12.59596081,13.28177278,13.40628100,13.41494617
2025/11/07,15:51:42,2410.130000,241013,96405,51927,4286,182,3,0,0.22055293,2.60251208,8.54214461,12.46477372,13.12403944,13.24198971,13.25065488
2025/11/07,15:51:43,2400.650000,240065,96026,51457,4244,176,3,0,0.21968555,2.59227704,8.47809687,12.36220463,12.99990378,13.11240971,13.12107488
2025/11/07,15:51:44,2391.020000,239102,95640,51014,4210,171,3,0,0.21880388,2.58187329,8.41699470,12.26972258,12.88827995,12.99858959,13.00725476
2025/11/07,15:51:45,2380.450000,238045,95218,50550,4173,165,3,0,0.21783648,2.57045804,8.35252613,12.17216197,12.77093793,12.87580324,12.88446841
2025/11/07,15:51:46,2370.440000,237044,94817,50127,4141,160,3,0,0.21692079,2.55965292,8.29341389,12.08357693,12.66436027,12.76483299,12.76483299
2025/11/07,15:51:47,2360.800000,236080,94432,49734,4114,156,3,0,0.21603871,2.54924438,8.23799439,12.00340292,12.56810529,12.66532997,12.66532997
2025/11/07,15:51:48,2351.540000,235154,94061,49360,4095,152,3,0,0.21519120,2.53924387,8.18525719,11.93266560,12.48307577,12.57810415,12.57810415
2025/11/07,15:51:49,2341.310000,234131,93652,48981,4082,148,3,0,0.21425473,2.52819372,8.13080384,11.86654557,12.40342604,12.49625813,12.49625813
2025/11/07,15:51:50,2326.700000,232670,93068,48586,4065,146,3,0,0.21291756,2.51241507,8.06989710,11.79054691,12.31913394,12.41416232,12.41416232
2025/11/07,15:51:51,2311.450000,231145,92458,48192,4038,148,3,0,0.21152219,2.49594997,8.00835241,11.70437674,12.24062120,12.35093084,12.35093084
2025/11/07,15:51:52,2297.310000,229731,91892,47843,4011,150,3,0,0.21022833,2.48068229,7.95315934,11.62420313,12.16899761,12.29022685,12.29022685
2025/11/07,15:51:53,2283.280000,228328,91331,47488,3985,154,4,0,0.20894439,2.46553184,7.89740086,11.54443320,12.10339339,12.23773853,12.23773853
2025/11/07,15:51:54,2269.230000,226923,90769,47138,3960,160,4,0,0.20765867,2.45036044,7.84217894,11.46604081,12.04733368,12.19915637,12.20782154
2025/11/07,15:51:55,2255.970000,225597,90238,46837,3935,167,5,0,0.20644534,2.43604322,7.79348652,11.39521108,11.99896311,12.16498438,12.17364955
2025/11/07,15:51:56,2242.300000,224230,89692,46537,3908,172,5,0,0.20519459,2.42128459,7.74437293,11.32082594,11.94538205,12.12343654,12.13210171
2025/11/07,15:51:57,2229.980000,222998,89199,46270,3883,178,6,0,0.20406667,2.40797508,7.70054978,11.25463945,11.89897335,12.08686476,12.09552993
2025/11/07,15:51:58,2222.830000,222283,88913,46060,3868,182,6,0,0.20341275,2.40025878,7.66883142,11.20892821,11.86870346,12.06203921,12.07070438
2025/11/07,15:51:59,2217.190000,221719,88687,45888,3859,182,6,0,0.20289633,2.39416504,7.64300529,11.17479659,11.83521147,12.02418556,12.03285073
2025/11/07,15:52:00,2211.820000,221182,88473,45523,3850,182,6,0,0.20240566,2.38837541,7.59552512,11.11894686,11.77948822,11.96518334,11.97384851
2025/11/07,15:52:01,2206.120000,220612,88244,45129,3837,180,5,0,0.20188352,2.38221400,7.54429624,11.05624531,11.71027839,11.88941556,11.89808073
2025/11/07,15:52:02,2200.360000,220036,88014,44741,3823,176,5,0,0.20135676,2.37599824,7.49361078,10.99282707,11.63129232,11.79842720,11.80709237
2025/11/07,15:52:03,2194.390000,219439,87775,44319,3808,172,5,0,0.20081067,2.36955462,7.43897727,10.92371568,11.54673958,11.70403754,11.71270271
2025/11/07,15:52:04,2187.220000,218722,87488,43773,3784,167,4,0,0.20015393,2.36180496,7.36870592,10.83214800,11.43845492,11.58699864,11.59566381
2025/11/07,15:52:05,2178.630000,217863,87145,43123,3746,162,4,0,0.19936783,2.35252900,7.28510112,10.71386711,11.30256084,11.44346393,11.45212910
2025/11/07,15:52:06,2169.580000,216958,86783,42435,3701,157,4,0,0.19854027,2.34276394,7.19670128,10.58381076,11.15425530,11.28751776,11.28751776
2025/11/07,15:52:07,2160.220000,216022,86408,41721,3651,152,4,0,0.19768307,2.33264903,7.10484530,10.44674401,10.99830334,11.12281156,11.12281156
2025/11/07,15:52:08,2151.540000,215154,86061,41068,3605,147,3,0,0.19688914,2.32328061,7.02078853,10.32051369,10.85458993,10.97254020,10.97254020
2025/11/07,15:52:09,2143.460000,214346,85738,40484,3563,143,3,0,0.19614932,2.31455089,6.94525131,10.20658415,10.72496247,10.83638572,10.83638572
2025/11/07,15:52:10,2135.800000,213580,85432,39973,3525,139,3,0,0.19544863,2.30628262,6.87860978,10.10507344,10.60954262,10.71549061,10.71549061
2025/11/07,15:52:11,2127.180000,212718,85087,39381,3485,135,3,0,0.19465962,2.29697232,6.80159122,9.99131066,10.48186709,10.58233981,10.58233981
2025/11/07,15:52:12,2119.340000,211934,84773,38872,3449,132,3,0,0.19394225,2.28850762,6.73482200,9.89167543,10.37049094,10.46551932,10.46551932
2025/11/07,15:52:13,2112.680000,211268,84507,38474,3417,131,3,0,0.19333253,2.28131280,6.68217596,9.80975060,10.28333347,10.37616556,10.37616556
2025/11/07,15:52:14,2105.890000,210589,84235,38097,3396,131,2,0,0.19271140,2.27398355,6.63165753,9.74016503,10.21464410,10.30639351,10.30639351
2025/11/07,15:52:15,2098.720000,209872,83948,37703,3374,131,2,0,0.19205528,2.26624148,6.57883587,9.66714517,10.14238673,10.23193984,10.23193984
2025/11/07,15:52:16,2090.780000,209078,83631,37271,3350,131,2,0,0.19132841,2.25766433,6.52093370,9.58655754,10.06256520,10.15103563,10.15103563
2025/11/07,15:52:17,2082.000000,208200,83280,36819,3322,131,2,0,0.19052567,2.24819198,6.45968854,9.50033092,9.97633858,10.06372633,10.06372633
2025/11/07,15:52:18,2072.740000,207274,82909,36320,3293,131,2,0,0.18967800,2.23818955,6.39268224,9.40701900,9.88239065,9.96758211,9.96758211
2025/11/07,15:52:19,2062.590000,206259,82503,35781,3261,131,2,0,0.18874954,2.22723379,6.31997630,9.30448520,9.77819816,9.86230694,9.86230694
2025/11/07,15:52:20,2052.390000,205239,82095,35261,3230,130,2,0,0.18781614,2.21621989,6.24953899,9.20573819,9.67779246,9.76078763,9.76078763
2025/11/07,15:52:21,2042.490000,204249,81699,34770,3202,129,2,0,0.18691014,2.20552917,6.18269667,9.11349530,9.58069999,9.66152980,9.66152980
2025/11/07,15:52:22,2032.940000,203294,81317,34308,3170,125,2,0,0.18603598,2.19521407,6.11947363,9.02083149,9.47323084,9.55294703,9.55294703
2025/11/07,15:52:23,2023.550000,202355,80942,33888,3140,120,2,0,0.18517661,2.18507342,6.06136522,8.93554445,9.37224588,9.45196207,9.45196207
2025/11/07,15:52:24,2013.250000,201325,80530,33424,3106,116,2,0,0.18423368,2.17394701,5.99708850,8.83953279,9.25900770,9.33655853,9.33655853
2025/11/07,15:52:25,2003.870000,200387,80154,33014,3075,111,2,0,0.18337551,2.16382065,5.94008902,8.75425656,9.15879965,9.23526780,9.23526780
2025/11/07,15:52:26,1994.500000,199450,79780,32621,3043,108,2,0,0.18251831,2.15370577,5.88498343,8.66983923,9.06072614,9.13608068,9.13608068
2025/11/07,15:52:27,1985.510000,198551,79420,32273,3013,104,2,0,0.18169594,2.14400174,5.83558838,8.59336347,8.97238299,9.04665485,9.04665485
2025/11/07,15:52:28,1976.490000,197649,79059,31948,2984,101,2,0,0.18087009,2.13425673,5.78858401,8.51940650,8.88732472,8.96051390,8.96051390
2025/11/07,15:52:29,1967.530000,196753,78701,31646,2945,98,2,0,0.18004990,2.12457846,5.74444567,8.43991398,8.79660082,8.86979000,8.86979000
2025/11/07,15:52:30,1959.400000,195940,78376,31384,2911,95,2,0,0.17930629,2.11580395,5.70569889,8.36982027,8.71642488,8.78741776,8.78741776
2025/11/07,15:52:31,1951.080000,195108,78043,31103,2881,93,2,0,0.17854497,2.10682064,5.66451365,8.30097140,8.63775035,8.70874323,8.70874323
2025/11/07,15:52:32,1943.640000,194364,77745,30884,2856,91,2,0,0.17786383,2.09878305,5.63147223,8.24517955,8.57455764,8.64446784,8.64446784
2025/11/07,15:52:33,1936.130000,193613,77445,30666,2831,89,2,0,0.17717701,2.09067873,5.59844084,8.18971984,8.51207651,8.58198671,8.58198671
2025/11/07,15:52:34,1928.460000,192846,77138,30433,2806,87,2,0,0.17647477,2.08239234,5.56346611,8.13167164,8.44624439,8.51615459,8.51615459
2025/11/07,15:52:35,1922.440000,192244,76897,30306,2788,85,2,0,0.17592409,2.07589439,5.54245471,8.09450131,8.40473762,8.47464782,8.47464782
2025/11/07,15:52:36,1917.300000,191730,76692,30225,2784,85,2,0,0.17545398,2.07034692,5.52760850,8.07538980,8.38345428,8.45444716,8.45444716
2025/11/07,15:52:37,1912.070000,191207,76482,30135,2787,84,2,0,0.17497479,2.06469267,5.51172649,8.06254502,8.36920738,8.44239656,8.44239656
2025/11/07,15:52:38,1906.260000,190626,76250,30015,2782,84,2,0,0.17444376,2.05842639,5.49165365,8.03749584,8.34173341,8.41600527,8.41600527
2025/11/07,15:52:39,1900.750000,190075,76030,29917,2773,83,2,0,0.17393888,2.05246899,5.47445861,8.01218931,8.31412856,8.38948310,8.38948310
2025/11/07,15:52:40,1895.290000,189529,75811,29830,2765,82,2,0,0.17343926,2.04657355,5.45861016,7.98894040,8.28832838,8.36368292,8.36368292
2025/11/07,15:52:41,1890.440000,189044,75617,29781,2760,82,2,0,0.17299565,2.04133879,5.44784545,7.97361938,8.27185820,8.34832635,8.34832635
2025/11/07,15:52:42,1886.780000,188678,75471,29801,2763,82,2,0,0.17266027,2.03738146,5.44617841,7.97505455,8.27482558,8.35345909,8.35345909
2025/11/07,15:52:43,1883.390000,188339,75335,29822,2781,85,2,0,0.17235045,2.03372545,5.44488955,7.98995573,8.29776725,8.37967974,8.37967974
2025/11/07,15:52:44,1879.550000,187955,75182,29806,2789,89,3,0,0.17199875,2.02957555,5.43897037,7.99185796,8.31434472,8.40717681,8.40717681
2025/11/07,15:52:45,1879.990000,187999,75199,31382,2822,99,3,0,0.17203963,2.03005794,5.61970650,8.20248692,8.56185512,8.67655735,8.67655735
2025/11/07,15:52:46,1898.730000,189873,75949,39602,2993,122,4,0,0.17375461,2.05029444,6.58017167,9.31917063,9.76251043,9.89577289,9.89577289
2025/11/07,15:52:47,1920.630000,192063,76825,46931,3183,139,4,0,0.17575831,2.07393814,7.44207770,10.35503726,10.85759118,11.00613490,11.00613490
2025/11/07,15:52:48,1941.960000,194196,77678,50352,3366,151,5,0,0.17770985,2.09696602,7.85639332,10.93668813,11.48569257,11.64735219,11.64735219
2025/11/07,15:52:49,1962.190000,196219,78487,53605,3515,163,5,0,0.17956127,2.11881268,8.25036472,11.46719781,12.05895596,12.23045250,12.23911767
2025/11/07,15:52:50,1980.760000,198076,79230,56654,3633,174,5,0,0.18126080,2.13886707,8.61918417,11.94385785,12.57339003,12.75252720,12.76119237
2025/11/07,15:52:51,1998.380000,199838,79935,59573,3735,182,6,0,0.18287331,2.15789472,8.97204719,12.39034255,13.05075743,13.23645255,13.24511772
2025/11/07,15:52:52,2016.070000,201607,80642,62405,3832,189,5,0,0.18449198,2.17699483,9.31510240,12.82243018,13.50620041,13.68969923,13.69836440
2025/11/07,15:52:53,2029.290000,202929,81171,64472,3902,191,5,0,0.18570143,2.19126629,9.56578321,13.13670990,13.82724137,13.99765523,14.00632040
2025/11/07,15:52:54,2024.110000,202411,80964,63779,3868,184,5,0,0.18522799,2.18567973,9.48098823,13.02092305,13.68937841,13.84448008,13.85314525
2025/11/07,15:52:55,2016.590000,201659,80663,62799,3821,178,4,0,0.18453971,2.17755824,9.36076153,12.85761868,13.50182610,13.64492548,13.65359065
2025/11/07,15:52:56,2009.990000,200999,80399,61940,3778,172,4,0,0.18393549,2.17042827,9.25530065,12.71318346,13.33582431,13.47016945,13.47883462
2025/11/07,15:52:57,2004.050000,200405,80162,61149,3737,166,4,0,0.18339247,2.16402087,9.15843919,12.57854463,13.18102102,13.30772553,13.31639070
2025/11/07,15:52:58,1999.110000,199911,79964,60459,3700,161,3,0,0.18293981,2.15867932,9.07414774,12.46006210,13.04505540,13.16520196,13.17386713
2025/11/07,15:52:59,1993.820000,199382,79752,59762,3662,157,3,0,0.18245555,2.15296503,8.98878078,12.34024508,12.90826482,13.02296705,13.02296705
2025/11/07,15:53:00,1989.570000,198957,79582,59136,3629,153,3,0,0.18206662,2.14837567,8.91261748,12.23415692,12.78711837,12.89742801,12.89742801
2025/11/07,15:53:01,1986.150000,198615,79446,58607,3603,149,3,0,0.18175428,2.14469006,8.84838946,12.14578843,12.68649943,12.79244742,12.79244742
2025/11/07,15:53:02,1982.290000,198229,79291,58062,3587,146,3,0,0.18140080,2.14051921,8.78190692,12.06473100,12.59472014,12.69738915,12.69738915
2025/11/07,15:53:03,1978.250000,197825,79130,57491,3571,143,3,0,0.18103119,2.13615770,8.71220018,11.98061044,12.49988134,12.59818870,12.59818870
2025/11/07,15:53:04,1974.150000,197415,78966,56904,3554,140,3,0,0.18065638,2.13173515,8.64057437,11.89340862,12.40221424,12.49724262,12.49724262
2025/11/07,15:53:05,1970.070000,197007,78803,56337,3538,138,2,0,0.18028290,2.12732789,8.57136314,11.80968657,12.30854006,12.39920679,12.39920679
2025/11/07,15:53:06,1966.540000,196654,78661,55838,3526,135,2,0,0.17995996,2.12351738,8.51046389,11.73715358,12.22745705,12.31484480,12.31484480
2025/11/07,15:53:07,1963.810000,196381,78552,55417,3517,133,2,0,0.17970934,2.12056013,8.45935713,11.67858139,12.16237658,12.24865072,12.24865072
2025/11/07,15:53:08,1960.380000,196038,78415,54976,3508,132,2,0,0.17939581,2.11686026,8.40516897,11.61624971,12.09391606,12.17910752,12.17910752
2025/11/07,15:53:09,1956.590000,195659,78263,54530,3504,130,2,0,0.17904863,2.11276373,8.35006303,11.55681349,12.02886776,12.11297654,12.11297654
2025/11/07,15:53:10,1953.330000,195333,78133,54135,3497,129,2,0,0.17875093,2.10925072,8.30139367,11.50161577,11.96792426,12.05203304,12.05203304
2025/11/07,15:53:11,1948.790000,194879,77951,53685,3484,126,2,0,0.17833501,2.10434294,8.24497960,11.43337397,11.88985680,11.97285197,11.97285197
2025/11/07,15:53:12,1943.920000,194392,77757,53243,3470,123,2,0,0.17788969,2.09908814,8.18927689,11.36548754,11.81086908,11.89386425,11.89386425
2025/11/07,15:53:13,1939.190000,193919,77567,52832,3457,120,2,0,0.17745713,2.09398397,8.13712186,11.30150478,11.73718714,11.82018231,11.82018231
2025/11/07,15:53:14,1934.690000,193469,77387,52433,3444,118,2,0,0.17704499,2.08912098,8.08663802,11.23899920,11.66587497,11.74887014,11.74887014
2025/11/07,15:53:15,1930.460000,193046,77218,52066,3429,116,2,0,0.17665745,2.08454783,8.04008345,11.17835475,11.59770318,11.68069835,11.68069835
2025/11/07,15:53:16,1926.100000,192610,77044,51710,3415,114,2,0,0.17625867,2.07984217,7.99466075,11.12000528,11.53271534,11.61682412,11.61682412
2025/11/07,15:53:17,1921.910000,192191,76876,51361,3392,112,2,0,0.17587562,2.07532239,7.95017120,11.05509149,11.46116679,11.54527557,11.54527557
2025/11/07,15:53:18,1917.320000,191732,76692,50991,3361,111,2,0,0.17545527,2.07036217,7.90291043,10.97864893,11.38025770,11.46436648,11.46436648
2025/11/07,15:53:19,1913.500000,191350,76540,50691,3351,116,2,0,0.17510625,2.06624376,7.86445319,10.93162813,11.35097656,11.43725070,11.43725070
2025/11/07,15:53:20,1909.480000,190948,76379,50384,3354,121,2,0,0.17473807,2.06189939,7.82497424,10.89437838,11.33401775,11.42357086,11.42357086
2025/11/07,15:53:21,1905.520000,190552,76221,50082,3357,127,3,0,0.17437564,2.05762272,7.78621736,10.85904765,11.31910443,11.41193652,11.41193652
2025/11/07,15:53:22,1900.540000,190054,76021,49739,3356,130,3,0,0.17391942,2.05223924,7.74162350,10.81280569,11.28460339,11.37963177,11.37963177
2025/11/07,15:53:23,1894.510000,189451,75780,49347,3347,132,3,0,0.17336833,2.04573651,7.69019868,10.75352743,11.23323552,11.32934658,11.32934658
2025/11/07,15:53:24,1887.810000,188781,75512,48924,3333,134,3,0,0.17275473,2.03849593,7.63463485,10.68555386,11.17164375,11.26775481,11.26775481
2025/11/07,15:53:25,1880.120000,188012,75204,48464,3321,135,3,0,0.17205103,2.03019236,7.57367384,10.61295912,11.10440813,11.20051919,11.20051919
2025/11/07,15:53:26,1872.570000,187257,74903,48020,3309,137,3,0,0.17136043,2.02204324,7.51481418,10.54359679,11.03900281,11.13511387,11.13511387
2025/11/07,15:53:27,1865.350000,186535,74614,47594,3293,135,3,0,0.17069923,2.01424114,7.45826069,10.47240345,10.96066518,11.05569356,11.05569356
2025/11/07,15:53:28,1858.220000,185822,74329,47190,3269,133,3,0,0.17004756,2.00655150,7.40433620,10.39618059,10.87997578,10.97936582,10.97936582
2025/11/07,15:53:29,1851.060000,185106,74042,46795,3245,135,3,0,0.16939225,1.99881899,7.35145947,10.32187758,10.81230753,10.92917512,10.92917512
2025/11/07,15:53:30,1844.550000,184455,73782,46435,3226,137,4,0,0.16879584,1.99178145,7.30316764,10.25571466,10.75392852,10.88391201,10.88391201
2025/11/07,15:53:31,1837.820000,183782,73512,46083,3206,139,4,0,0.16818021,1.98451703,7.25572344,10.19017334,10.69515205,10.83497246,10.83497246
2025/11/07,15:53:32,1832.620000,183262,73305,45739,3195,142,4,0,0.16770477,1.97890666,7.21071682,10.13482603,10.64822828,10.79677200,10.79677200
2025/11/07,15:53:33,1885.720000,188572,75428,46774,3297,150,5,0,0.17256364,2.03624127,7.38637734,10.40384925,10.94928336,11.10874668,11.10874668
2025/11/07,15:53:34,1995.250000,199525,79810,48721,3481,164,5,0,0.18258649,2.15451036,7.72735822,10.91319944,11.50827497,11.68196780,11.69063297
2025/11/07,15:53:35,2104.650000,210465,84186,50630,3613,177,5,0,0.19259772,2.27264220,8.06394429,11.37103788,12.01180145,12.19641389,12.20507906
2025/11/07,15:53:36,2212.480000,221248,88499,52406,3736,187,6,0,0.20246593,2.38908660,8.38342860,11.80292000,12.48005186,12.66902595,12.67769112
2025/11/07,15:53:37,2319.040000,231904,92761,54084,3853,193,5,0,0.21221716,2.50415058,8.69045258,12.21655650,12.91500198,13.09305647,13.10172164
2025/11/07,15:53:38,2425.130000,242513,97005,55737,3967,198,5,0,0.22192542,2.61870737,8.99407298,12.62465630,13.34288318,13.51329704,13.52196221
2025/11/07,15:53:39,2531.520000,253152,101260,57386,4081,204,5,0,0.23166097,2.73358639,9.29759158,13.03294531,13.77094998,13.93697125,13.94563642
2025/11/07,15:53:40,2635.390000,263539,105415,58889,4189,208,5,0,0.24116628,2.84574841,9.58169835,13.41545701,14.16915960,14.32973654,14.33840171
2025/11/07,15:53:41,2678.060000,267806,107122,59162,4221,206,4,0,0.24507126,2.89182701,9.65902561,13.52248310,14.26763567,14.42057198,14.42923715
2025/11/07,15:53:42,2663.480000,266348,106539,58451,4185,198,4,0,0.24373733,2.87608649,9.56190753,13.39185295,14.10994974,14.25304912,14.26171429
2025/11/07,15:53:43,2647.070000,264707,105883,57717,4146,191,4,0,0.24223531,2.85836296,9.46024140,13.25486467,13.94629234,14.07955480,14.08821997
2025/11/07,15:53:44,2625.620000,262562,105025,57039,4110,184,4,0,0.24027272,2.83520452,9.35951057,13.12068582,13.78850156,13.91412339,13.92278856
2025/11/07,15:53:45,2604.090000,260409,104163,56420,4077,179,3,0,0.23830166,2.81194596,9.26542133,12.99712379,13.64401258,13.76415914,13.77282431
2025/11/07,15:53:46,2582.910000,258291,103316,55821,4061,176,3,0,0.23636412,2.78908304,9.17409065,12.89044221,13.52890746,13.64469237,13.65335754
2025/11/07,15:53:47,2561.490000,256149,102459,55216,4047,175,3,0,0.23440417,2.76595602,9.08174060,12.78558634,13.41894543,13.53036868,13.53903385
2025/11/07,15:53:48,2541.660000,254166,101666,54701,4036,174,3,0,0.23258937,2.74454121,9.00145977,12.69486690,13.32567472,13.43490168,13.44356685
2025/11/07,15:53:49,2542.800000,254280,101712,55299,4116,182,3,0,0.23269301,2.74576433,9.07109403,12.83853867,13.49742134,13.60773098,13.61639615
2025/11/07,15:53:50,2586.660000,258666,103466,57352,4339,200,3,0,0.23670738,2.79313374,9.35324088,13.32418389,14.04853600,14.16432091,14.17298608
2025/11/07,15:53:51,2634.590000,263459,105383,59454,4578,218,3,0,0.24109276,2.84488089,9.64542468,13.83528010,14.62446202,14.74680488,14.75547005
2025/11/07,15:53:52,2688.500000,268850,107540,61590,4806,235,4,0,0.24602680,2.90310215,9.94796038,14.34606449,15.19777791,15.33104037,15.33970554
2025/11/07,15:53:53,2741.010000,274101,109640,63734,5035,258,5,0,0.25083132,2.95979521,10.24996965,14.85787355,15.79036766,15.95202728,15.96069245
2025/11/07,15:53:54,2792.320000,279232,111692,65807,5255,276,6,0,0.25552700,3.01520409,10.54242201,15.35185314,16.35057918,16.53735698,16.54602215
2025/11/07,15:53:55,2843.570000,284357,113742,67826,5466,292,6,0,0.26021673,3.07054248,10.82869641,15.83128431,16.88807893,17.09672687,17.10539204
2025/11/07,15:53:56,2893.480000,289348,115739,69706,5666,306,7,0,0.26478443,3.12444127,11.09768876,16.28276879,17.39035399,17.61864484,17.62731001
2025/11/07,15:53:57,2925.380000,292538,117015,70459,5757,310,7,0,0.26770385,3.15889011,11.21826136,16.48655650,17.60894343,17.84815388,17.85681905
2025/11/07,15:53:58,2914.580000,291458,116583,69675,5697,302,7,0,0.26671561,3.14722890,11.11694185,16.33075161,17.42544674,17.66904978,17.67771495
2025/11/07,15:53:59,2898.930000,289893,115957,68676,5608,294,7,0,0.26528291,3.13032334,10.98576192,16.11842381,17.18096060,17.42672900,17.43539417
2025/11/07,15:54:00,2883.160000,288316,115326,67642,5532,285,7,0,0.26384023,3.11329963,10.85039628,15.91276984,16.94442394,17.18691337,17.19557854
2025/11/07,15:54:01,2869.900000,286990,114796,66601,5451,271,7,0,0.26262616,3.09897382,10.71700130,15.70556338,16.68655337,16.90720359,16.91586876
2025/11/07,15:54:02,2857.480000,285748,114299,65613,5362,257,6,0,0.26149023,3.08556990,10.59063589,15.49818004,16.43041758,16.63139395,16.64005912
2025/11/07,15:54:03,2845.460000,284546,113818,64680,5278,245,5,0,0.26038994,3.07258641,10.47087514,15.30166758,16.18987939,16.37337821,16.38204338
2025/11/07,15:54:04,2834.030000,283403,113361,63822,5201,235,5,0,0.25934401,3.06024451,10.36038008,15.12014021,15.97006485,16.14047871,16.14914388
2025/11/07,15:54:05,2823.080000,282308,112923,63005,5128,225,5,0,0.25834226,3.04842407,10.25518104,14.94830412,15.76453821,15.92291885,15.93158402
2025/11/07,15:54:06,2812.470000,281247,112499,62230,5058,217,4,0,0.25737147,3.03696878,10.15501672,14.78421786,15.56969574,15.71935307,15.72801824
2025/11/07,15:54:07,2803.300000,280330,112132,61594,4997,210,4,0,0.25653156,3.02705788,10.07236449,14.64520521,15.40478007,15.54787945,15.55654462
2025/11/07,15:54:08,2793.990000,279399,111759,60968,4934,203,4,0,0.25568027,3.01701258,9.99075326,14.50642552,15.24098633,15.37752777,15.38619294
2025/11/07,15:54:09,2783.820000,278382,111352,60296,4868,196,4,0,0.25474891,3.00602251,9.90285319,14.35815778,15.06783464,15.19781813,15.20648330
2025/11/07,15:54:10,2773.040000,277304,110921,59595,4800,189,3,0,0.25376276,2.99438608,9.81113183,14.20432365,14.88911295,15.01253849,15.02120366
2025/11/07,15:54:11,2762.600000,276260,110504,58934,4737,182,3,0,0.25280765,2.98311574,9.72423600,14.05935524,14.72027965,14.83714724,14.84581241
2025/11/07,15:54:12,2752.510000,275251,110100,58341,4679,179,3,0,0.25188410,2.97221811,9.64543623,13.92733020,14.57574759,14.69369786,14.70236303
2025/11/07,15:54:13,2741.900000,274190,109676,57749,4620,179,4,0,0.25091315,2.96076091,9.56627890,13.79481765,14.44464077,14.57134528,14.58001045
2025/11/07,15:54:14,2731.930000,273193,109277,57199,4566,180,4,0,0.25000036,2.94999011,9.49267540,13.67183416,14.32459160,14.46221572,14.47088089
2025/11/07,15:54:15,2723.370000,272337,108935,56753,4523,183,4,0,0.24921749,2.94075226,9.43231501,13.57153033,14.23539268,14.38285372,14.39151889
2025/11/07,15:54:16,2716.280000,271628,108651,56418,4490,189,5,0,0.24856851,2.93309413,9.38636750,13.49523793,14.18143296,14.33873092,14.34739609
2025/11/07,15:54:17,2710.380000,271038,108415,56185,4465,196,5,0,0.24802888,2.92672679,9.35333607,13.43987519,14.15006158,14.31719646,14.32586163
2025/11/07,15:54:18,2704.620000,270462,108185,55955,4442,202,5,0,0.24750206,2.92051008,9.32081889,13.38641674,14.11880933,14.29575020,14.30441537
2025/11/07,15:54:19,2698.590000,269859,107943,55709,4416,208,5,0,0.24695009,2.91399688,9.28618757,13.32783894,14.07975636,14.26436880,14.27303397
2025/11/07,15:54:20,2691.340000,269134,107653,55369,4383,209,5,0,0.24628604,2.90616139,9.23948507,13.25127564,14.00957125,14.19307007,14.20173524
2025/11/07,15:54:21,2684.400000,268440,107376,55046,4359,207,5,0,0.24565144,2.89867295,9.19501602,13.18405616,13.93533396,14.11010947,14.11877464
2025/11/07,15:54:22,2677.970000,267797,107119,54781,4338,206,5,0,0.24506328,2.89173265,9.15780045,13.12822643,13.87427159,14.04029286,14.04895803
2025/11/07,15:54:23,2670.810000,267081,106832,54484,4314,203,5,0,0.24440796,2.88400011,9.11608447,13.06424411,13.79829539,13.95667603,13.96534120
2025/11/07,15:54:24,2662.750000,266275,106510,54138,4284,197,4,0,0.24366985,2.87529042,9.06780089,12.98842684,13.70129099,13.85203100,13.86069617
2025/11/07,15:54:25,2652.840000,265284,106113,53706,4246,190,4,0,0.24276330,2.86459305,9.00770587,12.89336473,13.58326019,13.72635957,13.73502474
2025/11/07,15:54:26,2639.070000,263907,105563,53301,4221,185,4,0,0.24150334,2.84972574,8.94649458,12.80988710,13.48153336,13.61915748,13.62782265
2025/11/07,15:54:27,2623.490000,262349,104939,52871,4216,184,4,0,0.24007730,2.83289839,8.88044733,12.73908953,13.40473705,13.54019580,13.54886097
2025/11/07,15:54:28,2600.990000,260099,104039,52503,4223,184,4,0,0.23801841,2.80860357,8.81413071,12.67949436,13.34565141,13.47999655,13.48866172
2025/11/07,15:54:29,2572.860000,257286,102914,52129,4223,184,4,0,0.23544396,2.77822546,8.74091079,12.60569335,13.27172392,13.40390370,13.41256887
2025/11/07,15:54:30,2542.910000,254291,101716,51640,4213,183,4,0,0.23270361,2.74588922,8.65269770,12.50830175,13.17075837,13.30074186,13.30940703
2025/11/07,15:54:31,2512.920000,251292,100517,51144,4202,182,4,0,0.22995911,2.71350437,8.56351098,12.40954944,13.06843211,13.19621930,13.20488447
2025/11/07,15:54:32,2482.880000,248288,99315,50660,4193,181,4,0,0.22721026,2.68106804,8.47570668,12.31350462,12.96906991,13.09469174,13.10335691
2025/11/07,15:54:33,2453.290000,245329,98131,50195,4184,180,3,0,0.22450244,2.64911597,8.39064066,12.22003610,12.87215753,12.99558307,13.00424824
2025/11/07,15:54:34,2428.050000,242805,97122,49760,4163,179,3,0,0.22219219,2.62185528,8.31354195,12.12367717,12.77094901,12.89217825,12.90084342
2025/11/07,15:54:35,2405.380000,240538,96215,49385,4125,175,3,0,0.22011788,2.59737837,8.24621522,12.02183633,12.65557847,12.77244606,12.78111123
2025/11/07,15:54:36,2390.770000,239077,95631,49024,4080,170,3,0,0.21878142,2.58160828,8.18917060,11.92290917,12.53980785,12.65231378,12.66097895
2025/11/07,15:54:37,2381.400000,238140,95256,48663,4043,166,3,0,0.21792358,2.57148574,8.13769277,11.83820935,12.43941011,12.54971975,12.55838492
2025/11/07,15:54:38,2373.120000,237312,94925,48370,4023,162,3,0,0.21716624,2.56254916,8.09528987,11.77719230,12.36575955,12.47279022,12.48145539
2025/11/07,15:54:39,2364.680000,236468,94587,48081,4002,159,3,0,0.21639377,2.55343428,8.05311668,11.71621095,12.29201461,12.39687992,12.39687992
2025/11/07,15:54:40,2356.050000,235605,94242,47775,3978,155,3,0,0.21560373,2.54411163,8.00882907,11.65001205,12.21292925,12.31451558,12.31451558
2025/11/07,15:54:41,2348.180000,234818,93927,47498,3958,152,3,0,0.21488410,2.53562023,7.96867689,11.59114872,12.14245148,12.24184152,12.24184152
2025/11/07,15:54:42,2340.610000,234061,93624,47224,3940,150,3,0,0.21419068,2.52743776,7.92908813,11.53546600,12.07872827,12.17811831,12.17811831
2025/11/07,15:54:43,2332.460000,233246,93298,46940,3932,150,3,0,0.21344513,2.51864036,7.88780193,11.48665031,12.03144479,12.13739278,12.13739278
2025/11/07,15:54:44,2323.470000,232347,92939,46635,3925,151,3,0,0.21262251,2.50893346,7.84322707,11.43554801,11.98264081,12.09406406,12.09406406
2025/11/07,15:54:45,2314.420000,231442,92577,46337,3909,153,4,0,0.21179446,2.49916271,7.79933151,11.37678656,11.93293891,12.05744713,12.05744713
2025/11/07,15:54:46,2305.440000,230544,92217,46044,3890,156,4,0,0.21097258,2.48946443,7.75619116,11.31609815,11.88233273,12.01887417,12.01887417
2025/11/07,15:54:47,2296.450000,229645,91858,45570,3872,159,4,0,0.21014971,2.47975467,7.69220807,11.23569807,11.81099220,11.95845324,11.96711841
2025/11/07,15:54:48,2288.010000,228801,91520,44921,3856,161,5,0,0.20937701,2.47063696,7.60888276,11.13831491,11.72024741,11.87754537,11.88621054
