Timestamp,Date,Time,Raw_Data,Wind_Speed,Temperature
04/10/2025 14:36:12,04/10/2025,14:36:12,"[0, 161, 0, 0, 0, 253, 1, 62, 255]",0.000,31.8
04/10/2025 14:36:13,04/10/2025,14:36:13,"[0, 161, 0, 0, 0, 253, 1, 64, 255]",0.000,32.0
04/10/2025 14:36:14,04/10/2025,14:36:14,"[0, 161, 0, 0, 0, 253, 1, 63, 255]",0.000,31.9
04/10/2025 14:36:15,04/10/2025,14:36:15,"[0, 161, 0, 0, 0, 253, 1, 63, 255]",0.000,31.9
04/10/2025 14:36:16,04/10/2025,14:36:16,"[0, 161, 0, 0, 0, 253, 1, 61, 255]",0.000,31.7
04/10/2025 14:36:17,04/10/2025,14:36:17,"[0, 161, 0, 0, 0, 253, 1, 60, 255]",0.000,31.6
04/10/2025 14:36:18,04/10/2025,14:36:18,"[0, 161, 0, 0, 0, 253, 1, 63, 255]",0.000,31.9
04/10/2025 14:36:19,04/10/2025,14:36:19,"[0, 161, 0, 0, 0, 253, 1, 64, 255]",0.000,32.0
04/10/2025 14:36:20,04/10/2025,14:36:20,"[0, 161, 0, 0, 0, 253, 1, 64, 255]",0.000,32.0
04/10/2025 14:36:21,04/10/2025,14:36:21,"[0, 161, 0, 0, 0, 253, 1, 63, 255]",0.000,31.9
04/10/2025 14:36:22,04/10/2025,14:36:22,"[0, 161, 0, 0, 0, 253, 1, 63, 255]",0.000,31.9
04/10/2025 14:36:23,04/10/2025,14:36:23,"[0, 161, 0, 0, 0, 253, 1, 63, 255]",0.000,31.9
04/10/2025 14:36:24,04/10/2025,14:36:24,"[0, 161, 0, 0, 0, 253, 1, 63, 255]",0.000,31.9
04/10/2025 14:36:25,04/10/2025,14:36:25,"[0, 161, 0, 0, 0, 253, 1, 60, 255]",0.000,31.6
04/10/2025 14:36:26,04/10/2025,14:36:26,"[0, 161, 0, 0, 0, 253, 1, 62, 255]",0.000,31.8
04/10/2025 14:36:27,04/10/2025,14:36:27,"[0, 161, 0, 0, 0, 253, 1, 61, 255]",0.000,31.7
04/10/2025 14:36:28,04/10/2025,14:36:28,"[0, 161, 0, 0, 0, 253, 1, 62, 255]",0.000,31.8
04/10/2025 14:36:29,04/10/2025,14:36:29,"[0, 161, 0, 0, 0, 253, 1, 62, 255]",0.000,31.8
04/10/2025 14:36:30,04/10/2025,14:36:30,"[0, 161, 0, 0, 0, 253, 1, 63, 255]",0.000,31.9
04/10/2025 14:36:31,04/10/2025,14:36:31,"[0, 161, 0, 0, 0, 253, 1, 61, 255]",0.000,31.7
04/10/2025 14:36:32,04/10/2025,14:36:32,"[0, 161, 0, 0, 0, 253, 1, 61, 255]",0.000,31.7
04/10/2025 14:36:33,04/10/2025,14:36:33,"[0, 161, 0, 0, 0, 253, 1, 62, 255]",0.000,31.8
04/10/2025 14:36:34,04/10/2025,14:36:34,"[0, 161, 0, 0, 0, 253, 1, 63, 255]",0.000,31.9
04/10/2025 14:36:35,04/10/2025,14:36:35,"[0, 161, 0, 0, 55, 253, 1, 63, 255]",0.055,31.9
04/10/2025 14:36:36,04/10/2025,14:36:36,"[0, 161, 0, 0, 172, 253, 1, 62, 255]",0.172,31.8
04/10/2025 14:36:37,04/10/2025,14:36:37,"[0, 161, 0, 0, 0, 253, 1, 61, 255]",0.000,31.7
04/10/2025 14:36:38,04/10/2025,14:36:38,"[0, 161, 0, 0, 0, 253, 1, 63, 255]",0.000,31.9
04/10/2025 14:36:39,04/10/2025,14:36:39,"[0, 161, 0, 0, 0, 253, 1, 62, 255]",0.000,31.8
04/10/2025 14:36:40,04/10/2025,14:36:40,"[0, 161, 0, 0, 0, 253, 1, 61, 255]",0.000,31.7
04/10/2025 14:36:41,04/10/2025,14:36:41,"[0, 161, 0, 0, 0, 253, 1, 63, 255]",0.000,31.9
04/10/2025 14:36:51,04/10/2025,14:36:51,"[0, 161, 0, 0, 0, 253, 1, 63, 255]",0.000,31.9
04/10/2025 14:36:52,04/10/2025,14:36:52,"[0, 161, 0, 0, 11, 253, 1, 64, 255]",0.011,32.0
04/10/2025 14:36:53,04/10/2025,14:36:53,"[0, 161, 0, 0, 108, 253, 1, 62, 255]",0.108,31.8
04/10/2025 14:36:54,04/10/2025,14:36:54,"[0, 161, 0, 0, 0, 253, 1, 65, 255]",0.000,32.1
04/10/2025 14:36:55,04/10/2025,14:36:55,"[0, 161, 0, 0, 0, 253, 1, 63, 255]",0.000,31.9
04/10/2025 14:36:56,04/10/2025,14:36:56,"[0, 161, 0, 0, 0, 253, 1, 62, 255]",0.000,31.8
04/10/2025 14:36:57,04/10/2025,14:36:57,"[0, 161, 0, 0, 0, 253, 1, 62, 255]",0.000,31.8
04/10/2025 14:36:58,04/10/2025,14:36:58,"[0, 161, 0, 0, 0, 253, 1, 64, 255]",0.000,32.0
04/10/2025 14:36:59,04/10/2025,14:36:59,"[0, 161, 0, 0, 0, 253, 1, 62, 255]",0.000,31.8
04/10/2025 14:37:00,04/10/2025,14:37:00,"[0, 161, 0, 0, 0, 253, 1, 62, 255]",0.000,31.8
04/10/2025 14:37:01,04/10/2025,14:37:01,"[0, 161, 0, 0, 0, 253, 1, 62, 255]",0.000,31.8
04/10/2025 14:37:02,04/10/2025,14:37:02,"[0, 161, 0, 0, 0, 253, 1, 62, 255]",0.000,31.8
04/10/2025 14:37:03,04/10/2025,14:37:03,"[0, 161, 0, 0, 0, 253, 1, 64, 255]",0.000,32.0
04/10/2025 14:37:04,04/10/2025,14:37:04,"[0, 161, 0, 0, 0, 253, 1, 61, 255]",0.000,31.7
04/10/2025 14:37:05,04/10/2025,14:37:05,"[0, 161, 0, 0, 0, 253, 1, 62, 255]",0.000,31.8
04/10/2025 14:37:06,04/10/2025,14:37:06,"[0, 161, 0, 0, 0, 253, 1, 64, 255]",0.000,32.0
04/10/2025 14:37:07,04/10/2025,14:37:07,"[0, 161, 0, 0, 0, 253, 1, 63, 255]",0.000,31.9
04/10/2025 14:37:08,04/10/2025,14:37:08,"[0, 161, 0, 0, 0, 253, 1, 62, 255]",0.000,31.8
04/10/2025 14:37:09,04/10/2025,14:37:09,"[0, 161, 0, 0, 0, 253, 1, 64, 255]",0.000,32.0
04/10/2025 14:37:10,04/10/2025,14:37:10,"[0, 161, 0, 0, 0, 253, 1, 64, 255]",0.000,32.0
04/10/2025 14:37:11,04/10/2025,14:37:11,"[0, 161, 0, 0, 251, 253, 1, 62, 255]",0.251,31.8
04/10/2025 14:37:12,04/10/2025,14:37:12,"[0, 161, 0, 0, 251, 253, 1, 63, 255]",0.251,31.9
04/10/2025 14:37:13,04/10/2025,14:37:13,"[0, 161, 0, 0, 0, 253, 1, 62, 255]",0.000,31.8
04/10/2025 14:37:14,04/10/2025,14:37:14,"[0, 161, 0, 0, 0, 253, 1, 62, 255]",0.000,31.8
04/10/2025 14:37:15,04/10/2025,14:37:15,"[0, 161, 0, 0, 0, 253, 1, 63, 255]",0.000,31.9
04/10/2025 14:37:16,04/10/2025,14:37:16,"[0, 161, 0, 0, 0, 253, 1, 61, 255]",0.000,31.7
04/10/2025 14:37:17,04/10/2025,14:37:17,"[0, 161, 0, 0, 0, 253, 1, 61, 255]",0.000,31.7
04/10/2025 14:37:18,04/10/2025,14:37:18,"[0, 161, 0, 0, 0, 253, 1, 62, 255]",0.000,31.8
04/10/2025 14:37:19,04/10/2025,14:37:19,"[0, 161, 0, 0, 0, 253, 1, 63, 255]",0.000,31.9
04/10/2025 14:37:20,04/10/2025,14:37:20,"[0, 161, 0, 0, 0, 253, 1, 63, 255]",0.000,31.9
04/10/2025 14:37:21,04/10/2025,14:37:21,"[0, 161, 0, 0, 0, 253, 1, 63, 255]",0.000,31.9
04/10/2025 14:37:22,04/10/2025,14:37:22,"[0, 161, 0, 0, 201, 253, 1, 61, 255]",0.201,31.7
04/10/2025 14:37:23,04/10/2025,14:37:23,"[0, 161, 0, 0, 109, 253, 1, 64, 255]",0.109,32.0
04/10/2025 14:37:24,04/10/2025,14:37:24,"[0, 161, 0, 0, 92, 253, 1, 62, 255]",0.092,31.8
04/10/2025 14:37:25,04/10/2025,14:37:25,"[0, 161, 0, 0, 92, 253, 1, 61, 255]",0.092,31.7
04/10/2025 14:37:26,04/10/2025,14:37:26,"[0, 161, 0, 0, 74, 253, 1, 62, 255]",0.074,31.8
04/10/2025 14:37:27,04/10/2025,14:37:27,"[0, 161, 0, 0, 41, 253, 1, 63, 255]",0.041,31.9
04/10/2025 14:37:28,04/10/2025,14:37:28,"[0, 161, 0, 0, 0, 253, 1, 62, 255]",0.000,31.8
04/10/2025 14:37:29,04/10/2025,14:37:29,"[0, 161, 0, 0, 0, 253, 1, 62, 255]",0.000,31.8
04/10/2025 14:37:30,04/10/2025,14:37:30,"[0, 161, 0, 0, 0, 253, 1, 62, 255]",0.000,31.8
04/10/2025 14:37:31,04/10/2025,14:37:31,"[0, 161, 0, 0, 0, 253, 1, 64, 255]",0.000,32.0
04/10/2025 14:37:32,04/10/2025,14:37:32,"[0, 161, 0, 0, 0, 253, 1, 62, 255]",0.000,31.8
04/10/2025 14:37:33,04/10/2025,14:37:33,"[0, 161, 0, 0, 0, 253, 1, 63, 255]",0.000,31.9
04/10/2025 14:37:34,04/10/2025,14:37:34,"[0, 161, 0, 0, 0, 253, 1, 63, 255]",0.000,31.9
04/10/2025 14:37:35,04/10/2025,14:37:35,"[0, 161, 0, 0, 0, 253, 1, 62, 255]",0.000,31.8
04/10/2025 14:37:36,04/10/2025,14:37:36,"[0, 161, 0, 0, 0, 253, 1, 63, 255]",0.000,31.9
04/10/2025 14:37:37,04/10/2025,14:37:37,"[0, 161, 0, 0, 0, 253, 1, 61, 255]",0.000,31.7
04/10/2025 14:37:38,04/10/2025,14:37:38,"[0, 161, 0, 0, 0, 253, 1, 64, 255]",0.000,32.0
04/10/2025 14:37:39,04/10/2025,14:37:39,"[0, 161, 0, 0, 0, 253, 1, 60, 255]",0.000,31.6
04/10/2025 14:37:40,04/10/2025,14:37:40,"[0, 161, 0, 0, 0, 253, 1, 61, 255]",0.000,31.7
04/10/2025 14:37:41,04/10/2025,14:37:41,"[0, 161, 0, 0, 0, 253, 1, 63, 255]",0.000,31.9
04/10/2025 14:37:42,04/10/2025,14:37:42,"[0, 161, 0, 0, 0, 253, 1, 62, 255]",0.000,31.8
04/10/2025 14:37:43,04/10/2025,14:37:43,"[0, 161, 0, 0, 0, 253, 1, 62, 255]",0.000,31.8
04/10/2025 14:37:44,04/10/2025,14:37:44,"[0, 161, 0, 0, 0, 253, 1, 65, 255]",0.000,32.1
04/10/2025 14:37:45,04/10/2025,14:37:45,"[0, 161, 0, 0, 0, 253, 1, 63, 255]",0.000,31.9
04/10/2025 14:37:46,04/10/2025,14:37:46,"[0, 161, 0, 0, 0, 253, 1, 62, 255]",0.000,31.8
04/10/2025 14:37:47,04/10/2025,14:37:47,"[0, 161, 0, 0, 0, 253, 1, 62, 255]",0.000,31.8
04/10/2025 14:37:48,04/10/2025,14:37:48,"[0, 161, 0, 0, 0, 253, 1, 62, 255]",0.000,31.8
04/10/2025 14:37:49,04/10/2025,14:37:49,"[0, 161, 0, 0, 0, 253, 1, 66, 255]",0.000,32.2
04/10/2025 14:37:50,04/10/2025,14:37:50,"[0, 161, 0, 0, 0, 253, 1, 64, 255]",0.000,32.0
04/10/2025 14:37:51,04/10/2025,14:37:51,"[0, 161, 0, 0, 0, 253, 1, 64, 255]",0.000,32.0
04/10/2025 14:37:52,04/10/2025,14:37:52,"[0, 161, 0, 0, 0, 253, 1, 63, 255]",0.000,31.9
04/10/2025 14:37:53,04/10/2025,14:37:53,"[0, 161, 0, 0, 88, 253, 1, 62, 255]",0.088,31.8
04/10/2025 14:37:54,04/10/2025,14:37:54,"[0, 161, 0, 0, 34, 253, 1, 62, 255]",0.034,31.8
04/10/2025 14:37:55,04/10/2025,14:37:55,"[0, 161, 0, 0, 34, 253, 1, 63, 255]",0.034,31.9
04/10/2025 14:37:56,04/10/2025,14:37:56,"[0, 161, 0, 0, 0, 253, 1, 63, 255]",0.000,31.9
04/10/2025 14:37:57,04/10/2025,14:37:57,"[0, 161, 0, 0, 0, 253, 1, 62, 255]",0.000,31.8
04/10/2025 14:37:58,04/10/2025,14:37:58,"[0, 161, 0, 0, 0, 253, 1, 62, 255]",0.000,31.8
04/10/2025 14:37:59,04/10/2025,14:37:59,"[0, 161, 0, 0, 0, 253, 1, 64, 255]",0.000,32.0
04/10/2025 14:38:00,04/10/2025,14:38:00,"[0, 161, 0, 0, 37, 253, 1, 64, 255]",0.037,32.0
04/10/2025 14:38:01,04/10/2025,14:38:01,"[0, 161, 0, 0, 0, 253, 1, 63, 255]",0.000,31.9
04/10/2025 14:38:02,04/10/2025,14:38:02,"[0, 161, 0, 0, 0, 253, 1, 62, 255]",0.000,31.8
04/10/2025 14:38:04,04/10/2025,14:38:04,"[0, 161, 0, 0, 0, 253, 1, 63, 255]",0.000,31.9
04/10/2025 14:38:04,04/10/2025,14:38:04,"[0, 161, 0, 0, 0, 253, 1, 61, 255]",0.000,31.7
04/10/2025 14:38:06,04/10/2025,14:38:06,"[0, 161, 0, 0, 0, 253, 1, 62, 255]",0.000,31.8
04/10/2025 14:38:07,04/10/2025,14:38:07,"[0, 161, 0, 0, 0, 253, 1, 62, 255]",0.000,31.8
04/10/2025 14:38:08,04/10/2025,14:38:08,"[0, 161, 0, 0, 0, 253, 1, 65, 255]",0.000,32.1
04/10/2025 14:38:09,04/10/2025,14:38:09,"[0, 161, 0, 0, 0, 253, 1, 63, 255]",0.000,31.9
04/10/2025 14:38:10,04/10/2025,14:38:10,"[0, 161, 0, 0, 0, 253, 1, 64, 255]",0.000,32.0
04/10/2025 14:38:11,04/10/2025,14:38:11,"[0, 161, 0, 0, 0, 253, 1, 62, 255]",0.000,31.8
04/10/2025 14:38:12,04/10/2025,14:38:12,"[0, 161, 0, 0, 0, 253, 1, 61, 255]",0.000,31.7
04/10/2025 14:38:13,04/10/2025,14:38:13,"[0, 161, 0, 0, 0, 253, 1, 61, 255]",0.000,31.7
04/10/2025 14:38:14,04/10/2025,14:38:14,"[0, 161, 0, 0, 0, 253, 1, 62, 255]",0.000,31.8
04/10/2025 14:38:15,04/10/2025,14:38:15,"[0, 161, 0, 0, 0, 253, 1, 60, 255]",0.000,31.6
04/10/2025 14:38:16,04/10/2025,14:38:16,"[0, 161, 0, 0, 0, 253, 1, 63, 255]",0.000,31.9
04/10/2025 14:38:17,04/10/2025,14:38:17,"[0, 161, 0, 0, 0, 253, 1, 62, 255]",0.000,31.8
04/10/2025 14:38:18,04/10/2025,14:38:18,"[0, 161, 0, 0, 0, 253, 1, 62, 255]",0.000,31.8
04/10/2025 14:38:19,04/10/2025,14:38:19,"[0, 161, 0, 0, 0, 253, 1, 64, 255]",0.000,32.0
04/10/2025 14:38:20,04/10/2025,14:38:20,"[0, 161, 0, 0, 0, 253, 1, 61, 255]",0.000,31.7
04/10/2025 14:38:21,04/10/2025,14:38:21,"[0, 161, 0, 0, 0, 253, 1, 62, 255]",0.000,31.8
04/10/2025 14:38:22,04/10/2025,14:38:22,"[0, 161, 0, 0, 0, 253, 1, 62, 255]",0.000,31.8
04/10/2025 14:38:23,04/10/2025,14:38:23,"[0, 161, 0, 0, 0, 253, 1, 63, 255]",0.000,31.9
04/10/2025 14:38:24,04/10/2025,14:38:24,"[0, 161, 0, 0, 0, 253, 1, 64, 255]",0.000,32.0
04/10/2025 14:38:25,04/10/2025,14:38:25,"[0, 161, 0, 0, 0, 253, 1, 61, 255]",0.000,31.7
04/10/2025 14:38:26,04/10/2025,14:38:26,"[0, 161, 0, 0, 0, 253, 1, 62, 255]",0.000,31.8
04/10/2025 14:38:27,04/10/2025,14:38:27,"[0, 161, 0, 0, 0, 253, 1, 66, 255]",0.000,32.2
04/10/2025 14:38:28,04/10/2025,14:38:28,"[0, 161, 0, 0, 0, 253, 1, 62, 255]",0.000,31.8
04/10/2025 14:38:29,04/10/2025,14:38:29,"[0, 161, 0, 0, 0, 253, 1, 63, 255]",0.000,31.9
04/10/2025 14:38:30,04/10/2025,14:38:30,"[0, 161, 0, 0, 0, 253, 1, 62, 255]",0.000,31.8
04/10/2025 14:38:31,04/10/2025,14:38:31,"[0, 161, 0, 0, 0, 253, 1, 63, 255]",0.000,31.9
04/10/2025 14:38:32,04/10/2025,14:38:32,"[0, 161, 0, 0, 0, 253, 1, 63, 255]",0.000,31.9
04/10/2025 14:38:33,04/10/2025,14:38:33,"[0, 161, 0, 0, 0, 253, 1, 63, 255]",0.000,31.9
04/10/2025 14:38:34,04/10/2025,14:38:34,"[0, 161, 0, 0, 0, 253, 1, 64, 255]",0.000,32.0
04/10/2025 14:38:35,04/10/2025,14:38:35,"[0, 161, 0, 0, 0, 253, 1, 65, 255]",0.000,32.1
04/10/2025 14:38:36,04/10/2025,14:38:36,"[0, 161, 0, 0, 0, 253, 1, 63, 255]",0.000,31.9
04/10/2025 14:38:37,04/10/2025,14:38:37,"[0, 161, 0, 0, 0, 253, 1, 63, 255]",0.000,31.9
04/10/2025 14:38:38,04/10/2025,14:38:38,"[0, 161, 0, 0, 0, 253, 1, 62, 255]",0.000,31.8
04/10/2025 14:38:39,04/10/2025,14:38:39,"[0, 161, 0, 0, 0, 253, 1, 63, 255]",0.000,31.9
04/10/2025 14:38:40,04/10/2025,14:38:40,"[0, 161, 0, 0, 0, 253, 1, 64, 255]",0.000,32.0
04/10/2025 14:38:41,04/10/2025,14:38:41,"[0, 161, 0, 0, 0, 253, 1, 67, 255]",0.000,32.3
04/10/2025 14:38:42,04/10/2025,14:38:42,"[0, 161, 0, 0, 0, 253, 1, 63, 255]",0.000,31.9
04/10/2025 14:38:43,04/10/2025,14:38:43,"[0, 161, 0, 0, 0, 253, 1, 63, 255]",0.000,31.9
04/10/2025 14:38:44,04/10/2025,14:38:44,"[0, 161, 0, 0, 234, 253, 1, 62, 255]",0.234,31.8
04/10/2025 14:38:45,04/10/2025,14:38:45,"[0, 161, 0, 1, 50, 253, 1, 62, 255]",0.306,31.8
04/10/2025 14:38:46,04/10/2025,14:38:46,"[0, 161, 0, 1, 34, 253, 1, 62, 255]",0.290,31.8
04/10/2025 14:38:47,04/10/2025,14:38:47,"[0, 161, 0, 1, 34, 253, 1, 63, 255]",0.290,31.9
04/10/2025 14:38:48,04/10/2025,14:38:48,"[0, 161, 0, 0, 173, 253, 1, 63, 255]",0.173,31.9
04/10/2025 14:38:49,04/10/2025,14:38:49,"[0, 161, 0, 0, 0, 253, 1, 63, 255]",0.000,31.9
04/10/2025 14:38:50,04/10/2025,14:38:50,"[0, 161, 0, 0, 0, 253, 1, 63, 255]",0.000,31.9
04/10/2025 14:38:51,04/10/2025,14:38:51,"[0, 161, 0, 0, 0, 253, 1, 62, 255]",0.000,31.8
04/10/2025 14:38:52,04/10/2025,14:38:52,"[0, 161, 0, 0, 0, 253, 1, 61, 255]",0.000,31.7
04/10/2025 14:38:53,04/10/2025,14:38:53,"[0, 161, 0, 0, 0, 253, 1, 64, 255]",0.000,32.0
04/10/2025 14:38:54,04/10/2025,14:38:54,"[0, 161, 0, 0, 0, 253, 1, 62, 255]",0.000,31.8
04/10/2025 14:38:55,04/10/2025,14:38:55,"[0, 161, 0, 0, 0, 253, 1, 63, 255]",0.000,31.9
04/10/2025 14:38:56,04/10/2025,14:38:56,"[0, 161, 0, 0, 0, 253, 1, 62, 255]",0.000,31.8
04/10/2025 14:38:57,04/10/2025,14:38:57,"[0, 161, 0, 0, 0, 253, 1, 63, 255]",0.000,31.9
04/10/2025 14:38:58,04/10/2025,14:38:58,"[0, 161, 0, 0, 0, 253, 1, 62, 255]",0.000,31.8
04/10/2025 14:38:59,04/10/2025,14:38:59,"[0, 161, 0, 0, 0, 253, 1, 63, 255]",0.000,31.9
04/10/2025 14:39:00,04/10/2025,14:39:00,"[0, 161, 0, 0, 0, 253, 1, 64, 255]",0.000,32.0
04/10/2025 14:39:01,04/10/2025,14:39:01,"[0, 161, 0, 0, 0, 253, 1, 65, 255]",0.000,32.1
04/10/2025 14:39:02,04/10/2025,14:39:02,"[0, 161, 0, 0, 133, 253, 1, 60, 255]",0.133,31.6
04/10/2025 14:39:03,04/10/2025,14:39:03,"[0, 161, 0, 0, 176, 253, 1, 63, 255]",0.176,31.9
04/10/2025 14:39:04,04/10/2025,14:39:04,"[0, 161, 0, 0, 176, 253, 1, 61, 255]",0.176,31.7
04/10/2025 14:39:05,04/10/2025,14:39:05,"[0, 161, 0, 0, 0, 253, 1, 62, 255]",0.000,31.8
04/10/2025 14:39:06,04/10/2025,14:39:06,"[0, 161, 0, 0, 0, 253, 1, 63, 255]",0.000,31.9
04/10/2025 14:39:07,04/10/2025,14:39:07,"[0, 161, 0, 0, 0, 253, 1, 63, 255]",0.000,31.9
04/10/2025 14:39:08,04/10/2025,14:39:08,"[0, 161, 0, 0, 0, 253, 1, 62, 255]",0.000,31.8
04/10/2025 14:39:09,04/10/2025,14:39:09,"[0, 161, 0, 0, 0, 253, 1, 62, 255]",0.000,31.8
04/10/2025 14:39:10,04/10/2025,14:39:10,"[0, 161, 0, 0, 0, 253, 1, 64, 255]",0.000,32.0
04/10/2025 14:39:11,04/10/2025,14:39:11,"[0, 161, 0, 0, 0, 253, 1, 62, 255]",0.000,31.8
04/10/2025 14:39:12,04/10/2025,14:39:12,"[0, 161, 0, 0, 0, 253, 1, 64, 255]",0.000,32.0
04/10/2025 14:39:13,04/10/2025,14:39:13,"[0, 161, 0, 0, 0, 253, 1, 64, 255]",0.000,32.0
04/10/2025 14:39:14,04/10/2025,14:39:14,"[0, 161, 0, 0, 0, 253, 1, 63, 255]",0.000,31.9
04/10/2025 14:39:15,04/10/2025,14:39:15,"[0, 161, 0, 0, 190, 253, 1, 65, 255]",0.190,32.1
04/10/2025 14:39:16,04/10/2025,14:39:16,"[0, 161, 0, 0, 101, 253, 1, 64, 255]",0.101,32.0
04/10/2025 14:39:17,04/10/2025,14:39:17,"[0, 161, 0, 0, 101, 253, 1, 62, 255]",0.101,31.8
04/10/2025 14:39:18,04/10/2025,14:39:18,"[0, 161, 0, 0, 0, 253, 1, 62, 255]",0.000,31.8
04/10/2025 14:39:19,04/10/2025,14:39:19,"[0, 161, 0, 0, 0, 253, 1, 63, 255]",0.000,31.9
04/10/2025 14:39:20,04/10/2025,14:39:20,"[0, 161, 0, 0, 0, 253, 1, 64, 255]",0.000,32.0
04/10/2025 14:39:21,04/10/2025,14:39:21,"[0, 161, 0, 0, 0, 253, 1, 63, 255]",0.000,31.9
04/10/2025 14:39:22,04/10/2025,14:39:22,"[0, 161, 0, 0, 0, 253, 1, 62, 255]",0.000,31.8
04/10/2025 14:39:23,04/10/2025,14:39:23,"[0, 161, 0, 0, 0, 253, 1, 62, 255]",0.000,31.8
04/10/2025 14:39:24,04/10/2025,14:39:24,"[0, 161, 0, 0, 0, 253, 1, 62, 255]",0.000,31.8
04/10/2025 14:39:25,04/10/2025,14:39:25,"[0, 161, 0, 0, 0, 253, 1, 63, 255]",0.000,31.9
04/10/2025 14:39:26,04/10/2025,14:39:26,"[0, 161, 0, 0, 0, 253, 1, 62, 255]",0.000,31.8
04/10/2025 14:39:27,04/10/2025,14:39:27,"[0, 161, 0, 0, 0, 253, 1, 63, 255]",0.000,31.9
04/10/2025 14:39:28,04/10/2025,14:39:28,"[0, 161, 0, 0, 0, 253, 1, 64, 255]",0.000,32.0
04/10/2025 14:39:29,04/10/2025,14:39:29,"[0, 161, 0, 0, 0, 253, 1, 63, 255]",0.000,31.9
04/10/2025 14:39:30,04/10/2025,14:39:30,"[0, 161, 0, 0, 0, 253, 1, 63, 255]",0.000,31.9
04/10/2025 14:39:31,04/10/2025,14:39:31,"[0, 161, 0, 0, 0, 253, 1, 61, 255]",0.000,31.7
04/10/2025 14:39:32,04/10/2025,14:39:32,"[0, 161, 0, 0, 0, 253, 1, 62, 255]",0.000,31.8
04/10/2025 14:39:33,04/10/2025,14:39:33,"[0, 161, 0, 0, 0, 253, 1, 60, 255]",0.000,31.6
04/10/2025 14:39:34,04/10/2025,14:39:34,"[0, 161, 0, 0, 0, 253, 1, 63, 255]",0.000,31.9
04/10/2025 14:39:35,04/10/2025,14:39:35,"[0, 161, 0, 0, 0, 253, 1, 66, 255]",0.000,32.2
04/10/2025 14:39:36,04/10/2025,14:39:36,"[0, 161, 0, 0, 0, 253, 1, 62, 255]",0.000,31.8
04/10/2025 14:39:37,04/10/2025,14:39:37,"[0, 161, 0, 0, 0, 253, 1, 64, 255]",0.000,32.0
04/10/2025 14:39:38,04/10/2025,14:39:38,"[0, 161, 0, 0, 0, 253, 1, 65, 255]",0.000,32.1
04/10/2025 14:39:39,04/10/2025,14:39:39,"[0, 161, 0, 0, 0, 253, 1, 63, 255]",0.000,31.9
04/10/2025 14:39:40,04/10/2025,14:39:40,"[0, 161, 0, 0, 0, 253, 1, 62, 255]",0.000,31.8
04/10/2025 14:39:41,04/10/2025,14:39:41,"[0, 161, 0, 0, 0, 253, 1, 63, 255]",0.000,31.9
04/10/2025 14:39:42,04/10/2025,14:39:42,"[0, 161, 0, 0, 0, 253, 1, 62, 255]",0.000,31.8
04/10/2025 14:39:43,04/10/2025,14:39:43,"[0, 161, 0, 0, 0, 253, 1, 63, 255]",0.000,31.9
04/10/2025 14:39:44,04/10/2025,14:39:44,"[0, 161, 0, 0, 0, 253, 1, 65, 255]",0.000,32.1
04/10/2025 14:39:45,04/10/2025,14:39:45,"[0, 161, 0, 0, 0, 253, 1, 62, 255]",0.000,31.8
04/10/2025 14:39:46,04/10/2025,14:39:46,"[0, 161, 0, 0, 0, 253, 1, 63, 255]",0.000,31.9
04/10/2025 14:39:47,04/10/2025,14:39:47,"[0, 161, 0, 0, 0, 253, 1, 62, 255]",0.000,31.8
04/10/2025 14:39:48,04/10/2025,14:39:48,"[0, 161, 0, 0, 0, 253, 1, 63, 255]",0.000,31.9
04/10/2025 14:39:49,04/10/2025,14:39:49,"[0, 161, 0, 0, 29, 253, 1, 62, 255]",0.029,31.8
04/10/2025 14:39:50,04/10/2025,14:39:50,"[0, 161, 0, 0, 57, 253, 1, 64, 255]",0.057,32.0
04/10/2025 14:39:51,04/10/2025,14:39:51,"[0, 161, 0, 0, 57, 253, 1, 62, 255]",0.057,31.8
04/10/2025 14:39:52,04/10/2025,14:39:52,"[0, 161, 0, 0, 0, 253, 1, 62, 255]",0.000,31.8
04/10/2025 14:39:53,04/10/2025,14:39:53,"[0, 161, 0, 0, 0, 253, 1, 63, 255]",0.000,31.9
04/10/2025 14:39:54,04/10/2025,14:39:54,"[0, 161, 0, 0, 0, 253, 1, 63, 255]",0.000,31.9
04/10/2025 14:39:55,04/10/2025,14:39:55,"[0, 161, 0, 0, 0, 253, 1, 63, 255]",0.000,31.9
04/10/2025 14:39:56,04/10/2025,14:39:56,"[0, 161, 0, 0, 0, 253, 1, 61, 255]",0.000,31.7
04/10/2025 14:39:57,04/10/2025,14:39:57,"[0, 161, 0, 0, 0, 253, 1, 63, 255]",0.000,31.9
04/10/2025 14:39:58,04/10/2025,14:39:58,"[0, 161, 0, 0, 0, 253, 1, 63, 255]",0.000,31.9
04/10/2025 14:39:59,04/10/2025,14:39:59,"[0, 161, 0, 0, 0, 253, 1, 63, 255]",0.000,31.9
04/10/2025 14:40:00,04/10/2025,14:40:00,"[0, 161, 0, 0, 0, 253, 1, 63, 255]",0.000,31.9
04/10/2025 14:40:01,04/10/2025,14:40:01,"[0, 161, 0, 0, 0, 253, 1, 62, 255]",0.000,31.8
04/10/2025 14:40:02,04/10/2025,14:40:02,"[0, 161, 0, 0, 0, 253, 1, 65, 255]",0.000,32.1
04/10/2025 14:40:03,04/10/2025,14:40:03,"[0, 161, 0, 0, 62, 253, 1, 63, 255]",0.062,31.9
04/10/2025 14:40:04,04/10/2025,14:40:04,"[0, 161, 0, 0, 62, 253, 1, 63, 255]",0.062,31.9
04/10/2025 14:40:05,04/10/2025,14:40:05,"[0, 161, 0, 0, 40, 253, 1, 63, 255]",0.040,31.9
04/10/2025 14:40:06,04/10/2025,14:40:06,"[0, 161, 0, 1, 17, 253, 1, 63, 255]",0.273,31.9
04/10/2025 14:40:07,04/10/2025,14:40:07,"[0, 161, 0, 0, 136, 253, 1, 63, 255]",0.136,31.9
04/10/2025 14:40:08,04/10/2025,14:40:08,"[0, 161, 0, 0, 136, 253, 1, 63, 255]",0.136,31.9
04/10/2025 14:40:09,04/10/2025,14:40:09,"[0, 161, 0, 0, 0, 253, 1, 62, 255]",0.000,31.8
04/10/2025 14:40:10,04/10/2025,14:40:10,"[0, 161, 0, 0, 0, 253, 1, 64, 255]",0.000,32.0
04/10/2025 14:40:11,04/10/2025,14:40:11,"[0, 161, 0, 0, 0, 253, 1, 63, 255]",0.000,31.9
04/10/2025 14:40:12,04/10/2025,14:40:12,"[0, 161, 0, 0, 0, 253, 1, 63, 255]",0.000,31.9
04/10/2025 14:40:13,04/10/2025,14:40:13,"[0, 161, 0, 0, 0, 253, 1, 63, 255]",0.000,31.9
04/10/2025 14:40:14,04/10/2025,14:40:14,"[0, 161, 0, 0, 0, 253, 1, 63, 255]",0.000,31.9
04/10/2025 14:40:15,04/10/2025,14:40:15,"[0, 161, 0, 0, 0, 253, 1, 64, 255]",0.000,32.0
04/10/2025 14:40:16,04/10/2025,14:40:16,"[0, 161, 0, 0, 0, 253, 1, 63, 255]",0.000,31.9
04/10/2025 14:40:17,04/10/2025,14:40:17,"[0, 161, 0, 0, 0, 253, 1, 65, 255]",0.000,32.1
04/10/2025 14:40:18,04/10/2025,14:40:18,"[0, 161, 0, 0, 0, 253, 1, 64, 255]",0.000,32.0
04/10/2025 14:40:19,04/10/2025,14:40:19,"[0, 161, 0, 0, 0, 253, 1, 61, 255]",0.000,31.7
04/10/2025 14:40:20,04/10/2025,14:40:20,"[0, 161, 0, 0, 0, 253, 1, 62, 255]",0.000,31.8
04/10/2025 14:40:21,04/10/2025,14:40:21,"[0, 161, 0, 0, 0, 253, 1, 63, 255]",0.000,31.9
04/10/2025 14:40:22,04/10/2025,14:40:22,"[0, 161, 0, 0, 0, 253, 1, 63, 255]",0.000,31.9
04/10/2025 14:40:23,04/10/2025,14:40:23,"[0, 161, 0, 0, 0, 253, 1, 66, 255]",0.000,32.2
04/10/2025 14:40:24,04/10/2025,14:40:24,"[0, 161, 0, 0, 20, 253, 1, 65, 255]",0.020,32.1
04/10/2025 14:40:25,04/10/2025,14:40:25,"[0, 161, 0, 0, 20, 253, 1, 63, 255]",0.020,31.9
04/10/2025 14:40:26,04/10/2025,14:40:26,"[0, 161, 0, 0, 0, 253, 1, 64, 255]",0.000,32.0
04/10/2025 14:40:27,04/10/2025,14:40:27,"[0, 161, 0, 0, 0, 253, 1, 63, 255]",0.000,31.9
04/10/2025 14:40:28,04/10/2025,14:40:28,"[0, 161, 0, 0, 0, 253, 1, 64, 255]",0.000,32.0
04/10/2025 14:40:29,04/10/2025,14:40:29,"[0, 161, 0, 0, 0, 253, 1, 62, 255]",0.000,31.8
04/10/2025 14:40:30,04/10/2025,14:40:30,"[0, 161, 0, 0, 0, 253, 1, 63, 255]",0.000,31.9
04/10/2025 14:40:31,04/10/2025,14:40:31,"[0, 161, 0, 0, 0, 253, 1, 64, 255]",0.000,32.0
04/10/2025 14:40:32,04/10/2025,14:40:32,"[0, 161, 0, 1, 137, 253, 1, 62, 255]",0.393,31.8
04/10/2025 14:40:33,04/10/2025,14:40:33,"[0, 161, 0, 1, 137, 253, 1, 61, 255]",0.393,31.7
04/10/2025 14:40:34,04/10/2025,14:40:34,"[0, 161, 0, 1, 0, 253, 1, 62, 255]",0.256,31.8
04/10/2025 14:40:35,04/10/2025,14:40:35,"[0, 161, 0, 0, 0, 253, 1, 62, 255]",0.000,31.8
04/10/2025 14:40:36,04/10/2025,14:40:36,"[0, 161, 0, 0, 0, 253, 1, 63, 255]",0.000,31.9
04/10/2025 14:40:37,04/10/2025,14:40:37,"[0, 161, 0, 0, 0, 253, 1, 63, 255]",0.000,31.9
04/10/2025 14:40:38,04/10/2025,14:40:38,"[0, 161, 0, 0, 0, 253, 1, 64, 255]",0.000,32.0
04/10/2025 14:40:39,04/10/2025,14:40:39,"[0, 161, 0, 0, 0, 253, 1, 62, 255]",0.000,31.8
04/10/2025 14:40:40,04/10/2025,14:40:40,"[0, 161, 0, 0, 0, 253, 1, 62, 255]",0.000,31.8
04/10/2025 14:40:41,04/10/2025,14:40:41,"[0, 161, 0, 0, 0, 253, 1, 63, 255]",0.000,31.9
04/10/2025 14:40:42,04/10/2025,14:40:42,"[0, 161, 0, 0, 0, 253, 1, 61, 255]",0.000,31.7
04/10/2025 14:40:43,04/10/2025,14:40:43,"[0, 161, 0, 0, 0, 253, 1, 64, 255]",0.000,32.0
04/10/2025 14:40:44,04/10/2025,14:40:44,"[0, 161, 0, 0, 0, 253, 1, 62, 255]",0.000,31.8
04/10/2025 14:40:45,04/10/2025,14:40:45,"[0, 161, 0, 0, 0, 253, 1, 62, 255]",0.000,31.8
04/10/2025 14:40:46,04/10/2025,14:40:46,"[0, 161, 0, 0, 0, 253, 1, 62, 255]",0.000,31.8
04/10/2025 14:40:47,04/10/2025,14:40:47,"[0, 161, 0, 0, 0, 253, 1, 65, 255]",0.000,32.1
04/10/2025 14:40:48,04/10/2025,14:40:48,"[0, 161, 0, 0, 0, 253, 1, 61, 255]",0.000,31.7
04/10/2025 14:40:49,04/10/2025,14:40:49,"[0, 161, 0, 0, 0, 253, 1, 63, 255]",0.000,31.9
04/10/2025 14:40:50,04/10/2025,14:40:50,"[0, 161, 0, 0, 0, 253, 1, 63, 255]",0.000,31.9
04/10/2025 14:40:51,04/10/2025,14:40:51,"[0, 161, 0, 0, 0, 253, 1, 64, 255]",0.000,32.0
04/10/2025 14:40:52,04/10/2025,14:40:52,"[0, 161, 0, 0, 200, 253, 1, 62, 255]",0.200,31.8
04/10/2025 14:40:53,04/10/2025,14:40:53,"[0, 161, 0, 0, 53, 253, 1, 63, 255]",0.053,31.9
04/10/2025 14:40:54,04/10/2025,14:40:54,"[0, 161, 0, 0, 53, 253, 1, 63, 255]",0.053,31.9
04/10/2025 14:40:55,04/10/2025,14:40:55,"[0, 161, 0, 0, 0, 253, 1, 62, 255]",0.000,31.8
04/10/2025 14:40:56,04/10/2025,14:40:56,"[0, 161, 0, 0, 0, 253, 1, 64, 255]",0.000,32.0
04/10/2025 14:40:57,04/10/2025,14:40:57,"[0, 161, 0, 0, 0, 253, 1, 61, 255]",0.000,31.7
04/10/2025 14:40:58,04/10/2025,14:40:58,"[0, 161, 0, 0, 0, 253, 1, 61, 255]",0.000,31.7
04/10/2025 14:40:59,04/10/2025,14:40:59,"[0, 161, 0, 0, 0, 253, 1, 63, 255]",0.000,31.9
04/10/2025 14:41:00,04/10/2025,14:41:00,"[0, 161, 0, 0, 0, 253, 1, 63, 255]",0.000,31.9
04/10/2025 14:41:01,04/10/2025,14:41:01,"[0, 161, 0, 0, 118, 253, 1, 66, 255]",0.118,32.2
04/10/2025 14:41:02,04/10/2025,14:41:02,"[0, 161, 0, 0, 133, 253, 1, 63, 255]",0.133,31.9
04/10/2025 14:41:03,04/10/2025,14:41:03,"[0, 161, 0, 0, 133, 253, 1, 62, 255]",0.133,31.8
04/10/2025 14:41:04,04/10/2025,14:41:04,"[0, 161, 0, 0, 129, 253, 1, 64, 255]",0.129,32.0
04/10/2025 14:41:05,04/10/2025,14:41:05,"[0, 161, 0, 0, 0, 253, 1, 66, 255]",0.000,32.2
04/10/2025 14:41:06,04/10/2025,14:41:06,"[0, 161, 0, 0, 204, 253, 1, 63, 255]",0.204,31.9
04/10/2025 14:41:07,04/10/2025,14:41:07,"[0, 161, 0, 0, 204, 253, 1, 63, 255]",0.204,31.9
04/10/2025 14:41:08,04/10/2025,14:41:08,"[0, 161, 0, 1, 122, 253, 1, 62, 255]",0.378,31.8
04/10/2025 14:41:09,04/10/2025,14:41:09,"[0, 161, 0, 0, 10, 253, 1, 63, 255]",0.010,31.9
04/10/2025 14:41:10,04/10/2025,14:41:10,"[0, 161, 0, 0, 0, 253, 1, 65, 255]",0.000,32.1
04/10/2025 14:41:11,04/10/2025,14:41:11,"[0, 161, 0, 0, 0, 253, 1, 63, 255]",0.000,31.9
04/10/2025 14:41:12,04/10/2025,14:41:12,"[0, 161, 0, 0, 0, 253, 1, 63, 255]",0.000,31.9
04/10/2025 14:41:13,04/10/2025,14:41:13,"[0, 161, 0, 0, 0, 253, 1, 64, 255]",0.000,32.0
04/10/2025 14:41:14,04/10/2025,14:41:14,"[0, 161, 0, 0, 0, 253, 1, 62, 255]",0.000,31.8
04/10/2025 14:41:15,04/10/2025,14:41:15,"[0, 161, 0, 0, 0, 253, 1, 63, 255]",0.000,31.9
04/10/2025 14:41:16,04/10/2025,14:41:16,"[0, 161, 0, 0, 0, 253, 1, 63, 255]",0.000,31.9
04/10/2025 14:41:17,04/10/2025,14:41:17,"[0, 161, 0, 0, 0, 253, 1, 63, 255]",0.000,31.9
04/10/2025 14:41:18,04/10/2025,14:41:18,"[0, 161, 0, 0, 0, 253, 1, 63, 255]",0.000,31.9
04/10/2025 14:41:19,04/10/2025,14:41:19,"[0, 161, 0, 0, 0, 253, 1, 63, 255]",0.000,31.9
04/10/2025 14:41:20,04/10/2025,14:41:20,"[0, 161, 0, 0, 0, 253, 1, 65, 255]",0.000,32.1
04/10/2025 14:41:21,04/10/2025,14:41:21,"[0, 161, 0, 0, 0, 253, 1, 62, 255]",0.000,31.8
04/10/2025 14:41:22,04/10/2025,14:41:22,"[0, 161, 0, 0, 0, 253, 1, 62, 255]",0.000,31.8
04/10/2025 14:41:23,04/10/2025,14:41:23,"[0, 161, 0, 0, 152, 253, 1, 62, 255]",0.152,31.8
04/10/2025 14:41:24,04/10/2025,14:41:24,"[0, 161, 0, 0, 152, 253, 1, 63, 255]",0.152,31.9
04/10/2025 14:41:25,04/10/2025,14:41:25,"[0, 161, 0, 0, 42, 253, 1, 62, 255]",0.042,31.8
04/10/2025 14:41:26,04/10/2025,14:41:26,"[0, 161, 0, 0, 185, 253, 1, 63, 255]",0.185,31.9
04/10/2025 14:41:27,04/10/2025,14:41:27,"[0, 161, 0, 0, 0, 253, 1, 63, 255]",0.000,31.9
04/10/2025 14:41:28,04/10/2025,14:41:28,"[0, 161, 0, 0, 0, 253, 1, 63, 255]",0.000,31.9
04/10/2025 14:41:29,04/10/2025,14:41:29,"[0, 161, 0, 0, 0, 253, 1, 63, 255]",0.000,31.9
04/10/2025 14:41:30,04/10/2025,14:41:30,"[0, 161, 0, 0, 0, 253, 1, 64, 255]",0.000,32.0
04/10/2025 14:41:31,04/10/2025,14:41:31,"[0, 161, 0, 0, 0, 253, 1, 64, 255]",0.000,32.0
04/10/2025 14:41:32,04/10/2025,14:41:32,"[0, 161, 0, 0, 0, 253, 1, 62, 255]",0.000,31.8
04/10/2025 14:41:33,04/10/2025,14:41:33,"[0, 161, 0, 0, 0, 253, 1, 62, 255]",0.000,31.8
04/10/2025 14:41:34,04/10/2025,14:41:34,"[0, 161, 0, 0, 0, 253, 1, 62, 255]",0.000,31.8
04/10/2025 14:41:35,04/10/2025,14:41:35,"[0, 161, 0, 0, 0, 253, 1, 64, 255]",0.000,32.0
04/10/2025 14:41:36,04/10/2025,14:41:36,"[0, 161, 0, 0, 0, 253, 1, 63, 255]",0.000,31.9
04/10/2025 14:41:37,04/10/2025,14:41:37,"[0, 161, 0, 0, 0, 253, 1, 61, 255]",0.000,31.7
04/10/2025 14:41:38,04/10/2025,14:41:38,"[0, 161, 0, 0, 0, 253, 1, 66, 255]",0.000,32.2
04/10/2025 14:41:39,04/10/2025,14:41:39,"[0, 161, 0, 0, 0, 253, 1, 64, 255]",0.000,32.0
04/10/2025 14:41:40,04/10/2025,14:41:40,"[0, 161, 0, 0, 0, 253, 1, 63, 255]",0.000,31.9
04/10/2025 14:41:41,04/10/2025,14:41:41,"[0, 161, 0, 0, 0, 253, 1, 62, 255]",0.000,31.8
04/10/2025 14:41:42,04/10/2025,14:41:42,"[0, 161, 0, 0, 0, 253, 1, 63, 255]",0.000,31.9
04/10/2025 14:41:43,04/10/2025,14:41:43,"[0, 161, 0, 0, 0, 253, 1, 61, 255]",0.000,31.7
04/10/2025 14:41:44,04/10/2025,14:41:44,"[0, 161, 0, 0, 0, 253, 1, 63, 255]",0.000,31.9
04/10/2025 14:41:45,04/10/2025,14:41:45,"[0, 161, 0, 0, 0, 253, 1, 62, 255]",0.000,31.8
04/10/2025 14:41:46,04/10/2025,14:41:46,"[0, 161, 0, 0, 0, 253, 1, 62, 255]",0.000,31.8
04/10/2025 14:41:47,04/10/2025,14:41:47,"[0, 161, 0, 0, 0, 253, 1, 64, 255]",0.000,32.0
04/10/2025 14:41:48,04/10/2025,14:41:48,"[0, 161, 0, 0, 0, 253, 1, 63, 255]",0.000,31.9
04/10/2025 14:41:49,04/10/2025,14:41:49,"[0, 161, 0, 0, 0, 253, 1, 62, 255]",0.000,31.8
04/10/2025 14:41:50,04/10/2025,14:41:50,"[0, 161, 0, 0, 0, 253, 1, 63, 255]",0.000,31.9
04/10/2025 14:41:51,04/10/2025,14:41:51,"[0, 161, 0, 0, 0, 253, 1, 63, 255]",0.000,31.9
04/10/2025 14:41:52,04/10/2025,14:41:52,"[0, 161, 0, 0, 0, 253, 1, 62, 255]",0.000,31.8
04/10/2025 14:41:53,04/10/2025,14:41:53,"[0, 161, 0, 0, 0, 253, 1, 63, 255]",0.000,31.9
04/10/2025 14:41:54,04/10/2025,14:41:54,"[0, 161, 0, 0, 0, 253, 1, 64, 255]",0.000,32.0
04/10/2025 14:41:55,04/10/2025,14:41:55,"[0, 161, 0, 0, 0, 253, 1, 64, 255]",0.000,32.0
04/10/2025 14:41:56,04/10/2025,14:41:56,"[0, 161, 0, 0, 0, 253, 1, 64, 255]",0.000,32.0
04/10/2025 14:41:57,04/10/2025,14:41:57,"[0, 161, 0, 0, 30, 253, 1, 65, 255]",0.030,32.1
04/10/2025 14:41:58,04/10/2025,14:41:58,"[0, 161, 0, 0, 30, 253, 1, 63, 255]",0.030,31.9
04/10/2025 14:41:59,04/10/2025,14:41:59,"[0, 161, 0, 0, 0, 253, 1, 63, 255]",0.000,31.9
04/10/2025 14:42:00,04/10/2025,14:42:00,"[0, 161, 0, 0, 105, 253, 1, 63, 255]",0.105,31.9
04/10/2025 14:42:01,04/10/2025,14:42:01,"[0, 161, 0, 0, 0, 253, 1, 63, 255]",0.000,31.9
04/10/2025 14:42:02,04/10/2025,14:42:02,"[0, 161, 0, 0, 0, 253, 1, 63, 255]",0.000,31.9
04/10/2025 14:42:04,04/10/2025,14:42:04,"[0, 161, 0, 0, 0, 253, 1, 64, 255]",0.000,32.0
04/10/2025 14:42:04,04/10/2025,14:42:04,"[0, 161, 0, 0, 0, 253, 1, 66, 255]",0.000,32.2
04/10/2025 14:42:06,04/10/2025,14:42:06,"[0, 161, 0, 0, 9, 253, 1, 66, 255]",0.009,32.2
04/10/2025 14:42:07,04/10/2025,14:42:07,"[0, 161, 0, 0, 0, 253, 1, 62, 255]",0.000,31.8
04/10/2025 14:42:08,04/10/2025,14:42:08,"[0, 161, 0, 0, 0, 253, 1, 62, 255]",0.000,31.8
04/10/2025 14:42:09,04/10/2025,14:42:09,"[0, 161, 0, 1, 23, 253, 1, 62, 255]",0.279,31.8
04/10/2025 14:42:10,04/10/2025,14:42:10,"[0, 161, 0, 1, 228, 253, 1, 64, 255]",0.484,32.0
04/10/2025 14:42:11,04/10/2025,14:42:11,"[0, 161, 0, 1, 76, 253, 1, 64, 255]",0.332,32.0
04/10/2025 14:42:12,04/10/2025,14:42:12,"[0, 161, 0, 1, 76, 253, 1, 63, 255]",0.332,31.9
04/10/2025 14:42:13,04/10/2025,14:42:13,"[0, 161, 0, 0, 69, 253, 1, 64, 255]",0.069,32.0
04/10/2025 14:42:14,04/10/2025,14:42:14,"[0, 161, 0, 0, 0, 253, 1, 64, 255]",0.000,32.0
04/10/2025 14:42:15,04/10/2025,14:42:15,"[0, 161, 0, 0, 0, 253, 1, 61, 255]",0.000,31.7
04/10/2025 14:42:16,04/10/2025,14:42:16,"[0, 161, 0, 0, 0, 253, 1, 62, 255]",0.000,31.8
04/10/2025 14:42:17,04/10/2025,14:42:17,"[0, 161, 0, 0, 0, 253, 1, 64, 255]",0.000,32.0
04/10/2025 14:42:18,04/10/2025,14:42:18,"[0, 161, 0, 0, 0, 253, 1, 63, 255]",0.000,31.9
04/10/2025 14:42:19,04/10/2025,14:42:19,"[0, 161, 0, 0, 0, 253, 1, 63, 255]",0.000,31.9
04/10/2025 14:42:20,04/10/2025,14:42:20,"[0, 161, 0, 0, 0, 253, 1, 64, 255]",0.000,32.0
04/10/2025 14:42:21,04/10/2025,14:42:21,"[0, 161, 0, 0, 0, 253, 1, 63, 255]",0.000,31.9
04/10/2025 14:42:22,04/10/2025,14:42:22,"[0, 161, 0, 0, 0, 253, 1, 63, 255]",0.000,31.9
04/10/2025 14:42:23,04/10/2025,14:42:23,"[0, 161, 0, 0, 0, 253, 1, 62, 255]",0.000,31.8
04/10/2025 14:42:24,04/10/2025,14:42:24,"[0, 161, 0, 0, 0, 253, 1, 64, 255]",0.000,32.0
04/10/2025 14:42:25,04/10/2025,14:42:25,"[0, 161, 0, 0, 0, 253, 1, 64, 255]",0.000,32.0
04/10/2025 14:42:26,04/10/2025,14:42:26,"[0, 161, 0, 0, 0, 253, 1, 62, 255]",0.000,31.8
04/10/2025 14:42:27,04/10/2025,14:42:27,"[0, 161, 0, 0, 0, 253, 1, 65, 255]",0.000,32.1
04/10/2025 14:42:28,04/10/2025,14:42:28,"[0, 161, 0, 0, 0, 253, 1, 63, 255]",0.000,31.9
04/10/2025 14:42:29,04/10/2025,14:42:29,"[0, 161, 0, 0, 0, 253, 1, 63, 255]",0.000,31.9
04/10/2025 14:42:30,04/10/2025,14:42:30,"[0, 161, 0, 0, 0, 253, 1, 64, 255]",0.000,32.0
04/10/2025 14:42:31,04/10/2025,14:42:31,"[0, 161, 0, 0, 0, 253, 1, 63, 255]",0.000,31.9
04/10/2025 14:42:32,04/10/2025,14:42:32,"[0, 161, 0, 0, 0, 253, 1, 61, 255]",0.000,31.7
04/10/2025 14:42:33,04/10/2025,14:42:33,"[0, 161, 0, 0, 0, 253, 1, 64, 255]",0.000,32.0
04/10/2025 14:42:34,04/10/2025,14:42:34,"[0, 161, 0, 0, 0, 253, 1, 63, 255]",0.000,31.9
04/10/2025 14:42:35,04/10/2025,14:42:35,"[0, 161, 0, 0, 0, 253, 1, 65, 255]",0.000,32.1
04/10/2025 14:42:36,04/10/2025,14:42:36,"[0, 161, 0, 0, 0, 253, 1, 65, 255]",0.000,32.1
04/10/2025 14:42:37,04/10/2025,14:42:37,"[0, 161, 0, 0, 0, 253, 1, 64, 255]",0.000,32.0
04/10/2025 14:42:38,04/10/2025,14:42:38,"[0, 161, 0, 0, 0, 253, 1, 62, 255]",0.000,31.8
04/10/2025 14:42:39,04/10/2025,14:42:39,"[0, 161, 0, 0, 0, 253, 1, 63, 255]",0.000,31.9
04/10/2025 14:42:40,04/10/2025,14:42:40,"[0, 161, 0, 0, 0, 253, 1, 63, 255]",0.000,31.9
04/10/2025 14:42:41,04/10/2025,14:42:41,"[0, 161, 0, 0, 55, 253, 1, 63, 255]",0.055,31.9
04/10/2025 14:42:42,04/10/2025,14:42:42,"[0, 161, 0, 0, 55, 253, 1, 63, 255]",0.055,31.9
04/10/2025 14:42:43,04/10/2025,14:42:43,"[0, 161, 0, 1, 0, 253, 1, 63, 255]",0.256,31.9
04/10/2025 14:42:44,04/10/2025,14:42:44,"[0, 161, 0, 0, 0, 253, 1, 63, 255]",0.000,31.9
04/10/2025 14:42:45,04/10/2025,14:42:45,"[0, 161, 0, 0, 0, 253, 1, 64, 255]",0.000,32.0
04/10/2025 14:42:46,04/10/2025,14:42:46,"[0, 161, 0, 0, 0, 253, 1, 63, 255]",0.000,31.9
04/10/2025 14:42:47,04/10/2025,14:42:47,"[0, 161, 0, 0, 0, 253, 1, 64, 255]",0.000,32.0
04/10/2025 14:42:48,04/10/2025,14:42:48,"[0, 161, 0, 0, 0, 253, 1, 62, 255]",0.000,31.8
04/10/2025 14:42:49,04/10/2025,14:42:49,"[0, 161, 0, 0, 0, 253, 1, 64, 255]",0.000,32.0
04/10/2025 14:42:50,04/10/2025,14:42:50,"[0, 161, 0, 0, 0, 253, 1, 63, 255]",0.000,31.9
04/10/2025 14:42:51,04/10/2025,14:42:51,"[0, 161, 0, 0, 0, 253, 1, 61, 255]",0.000,31.7
04/10/2025 14:42:52,04/10/2025,14:42:52,"[0, 161, 0, 0, 0, 253, 1, 64, 255]",0.000,32.0
04/10/2025 14:42:53,04/10/2025,14:42:53,"[0, 161, 0, 0, 0, 253, 1, 62, 255]",0.000,31.8
04/10/2025 14:42:54,04/10/2025,14:42:54,"[0, 161, 0, 0, 0, 253, 1, 64, 255]",0.000,32.0
04/10/2025 14:42:55,04/10/2025,14:42:55,"[0, 161, 0, 0, 0, 253, 1, 62, 255]",0.000,31.8
04/10/2025 14:42:56,04/10/2025,14:42:56,"[0, 161, 0, 0, 0, 253, 1, 63, 255]",0.000,31.9
04/10/2025 14:42:57,04/10/2025,14:42:57,"[0, 161, 0, 0, 53, 253, 1, 63, 255]",0.053,31.9
04/10/2025 14:42:58,04/10/2025,14:42:58,"[0, 161, 0, 0, 250, 253, 1, 65, 255]",0.250,32.1
04/10/2025 14:42:59,04/10/2025,14:42:59,"[0, 161, 0, 0, 250, 253, 1, 63, 255]",0.250,31.9
04/10/2025 14:43:00,04/10/2025,14:43:00,"[0, 161, 0, 0, 20, 253, 1, 64, 255]",0.020,32.0
04/10/2025 14:43:01,04/10/2025,14:43:01,"[0, 161, 0, 0, 0, 253, 1, 64, 255]",0.000,32.0
04/10/2025 14:43:02,04/10/2025,14:43:02,"[0, 161, 0, 0, 0, 253, 1, 63, 255]",0.000,31.9
04/10/2025 14:43:03,04/10/2025,14:43:03,"[0, 161, 0, 0, 0, 253, 1, 64, 255]",0.000,32.0
04/10/2025 14:43:04,04/10/2025,14:43:04,"[0, 161, 0, 0, 0, 253, 1, 63, 255]",0.000,31.9
04/10/2025 14:43:05,04/10/2025,14:43:05,"[0, 161, 0, 0, 0, 253, 1, 61, 255]",0.000,31.7
04/10/2025 14:43:06,04/10/2025,14:43:06,"[0, 161, 0, 0, 0, 253, 1, 63, 255]",0.000,31.9
04/10/2025 14:43:07,04/10/2025,14:43:07,"[0, 161, 0, 0, 0, 253, 1, 64, 255]",0.000,32.0
04/10/2025 14:43:08,04/10/2025,14:43:08,"[0, 161, 0, 0, 0, 253, 1, 65, 255]",0.000,32.1
04/10/2025 14:43:09,04/10/2025,14:43:09,"[0, 161, 0, 0, 0, 253, 1, 62, 255]",0.000,31.8
04/10/2025 14:43:10,04/10/2025,14:43:10,"[0, 161, 0, 0, 70, 253, 1, 63, 255]",0.070,31.9
04/10/2025 14:43:11,04/10/2025,14:43:11,"[0, 161, 0, 0, 15, 253, 1, 65, 255]",0.015,32.1
04/10/2025 14:43:12,04/10/2025,14:43:12,"[0, 161, 0, 0, 15, 253, 1, 63, 255]",0.015,31.9
04/10/2025 14:43:13,04/10/2025,14:43:13,"[0, 161, 0, 0, 0, 253, 1, 63, 255]",0.000,31.9
04/10/2025 14:43:14,04/10/2025,14:43:14,"[0, 161, 0, 0, 0, 253, 1, 62, 255]",0.000,31.8
04/10/2025 14:43:15,04/10/2025,14:43:15,"[0, 161, 0, 0, 0, 253, 1, 65, 255]",0.000,32.1
04/10/2025 14:43:16,04/10/2025,14:43:16,"[0, 161, 0, 0, 0, 253, 1, 64, 255]",0.000,32.0
04/10/2025 14:43:17,04/10/2025,14:43:17,"[0, 161, 0, 0, 0, 253, 1, 60, 255]",0.000,31.6
04/10/2025 14:43:18,04/10/2025,14:43:18,"[0, 161, 0, 0, 138, 253, 1, 60, 255]",0.138,31.6
04/10/2025 14:43:19,04/10/2025,14:43:19,"[0, 161, 0, 1, 62, 253, 1, 62, 255]",0.318,31.8
04/10/2025 14:43:20,04/10/2025,14:43:20,"[0, 161, 0, 1, 62, 253, 1, 63, 255]",0.318,31.9
04/10/2025 14:43:21,04/10/2025,14:43:21,"[0, 161, 0, 1, 106, 253, 1, 63, 255]",0.362,31.9
04/10/2025 14:43:22,04/10/2025,14:43:22,"[0, 161, 0, 0, 230, 253, 1, 62, 255]",0.230,31.8
04/10/2025 14:43:23,04/10/2025,14:43:23,"[0, 161, 0, 0, 113, 253, 1, 62, 255]",0.113,31.8
04/10/2025 14:43:24,04/10/2025,14:43:24,"[0, 161, 0, 0, 113, 253, 1, 63, 255]",0.113,31.9
04/10/2025 14:43:25,04/10/2025,14:43:25,"[0, 161, 0, 0, 192, 253, 1, 63, 255]",0.192,31.9
04/10/2025 14:43:26,04/10/2025,14:43:26,"[0, 161, 0, 0, 88, 253, 1, 64, 255]",0.088,32.0
04/10/2025 14:43:27,04/10/2025,14:43:27,"[0, 161, 0, 0, 0, 253, 1, 64, 255]",0.000,32.0
04/10/2025 14:43:28,04/10/2025,14:43:28,"[0, 161, 0, 0, 0, 253, 1, 64, 255]",0.000,32.0
04/10/2025 14:43:29,04/10/2025,14:43:29,"[0, 161, 0, 0, 0, 253, 1, 63, 255]",0.000,31.9
04/10/2025 14:43:30,04/10/2025,14:43:30,"[0, 161, 0, 0, 161, 253, 1, 61, 255]",0.161,31.7
04/10/2025 14:43:31,04/10/2025,14:43:31,"[0, 161, 0, 0, 170, 253, 1, 62, 255]",0.170,31.8
04/10/2025 14:43:32,04/10/2025,14:43:32,"[0, 161, 0, 0, 192, 253, 1, 61, 255]",0.192,31.7
04/10/2025 14:43:33,04/10/2025,14:43:33,"[0, 161, 0, 0, 192, 253, 1, 60, 255]",0.192,31.6
04/10/2025 14:43:34,04/10/2025,14:43:34,"[0, 161, 0, 0, 183, 253, 1, 62, 255]",0.183,31.8
04/10/2025 14:43:35,04/10/2025,14:43:35,"[0, 161, 0, 0, 56, 253, 1, 65, 255]",0.056,32.1
04/10/2025 14:43:36,04/10/2025,14:43:36,"[0, 161, 0, 0, 0, 253, 1, 61, 255]",0.000,31.7
04/10/2025 14:43:37,04/10/2025,14:43:37,"[0, 161, 0, 0, 0, 253, 1, 63, 255]",0.000,31.9
04/10/2025 14:43:38,04/10/2025,14:43:38,"[0, 161, 0, 0, 0, 253, 1, 62, 255]",0.000,31.8
04/10/2025 14:43:39,04/10/2025,14:43:39,"[0, 161, 0, 0, 0, 253, 1, 62, 255]",0.000,31.8
04/10/2025 14:43:40,04/10/2025,14:43:40,"[0, 161, 0, 0, 0, 253, 1, 62, 255]",0.000,31.8
04/10/2025 14:43:41,04/10/2025,14:43:41,"[0, 161, 0, 0, 0, 253, 1, 61, 255]",0.000,31.7
04/10/2025 14:43:42,04/10/2025,14:43:42,"[0, 161, 0, 0, 0, 253, 1, 62, 255]",0.000,31.8
04/10/2025 14:43:43,04/10/2025,14:43:43,"[0, 161, 0, 0, 0, 253, 1, 63, 255]",0.000,31.9
04/10/2025 14:43:44,04/10/2025,14:43:44,"[0, 161, 0, 0, 0, 253, 1, 63, 255]",0.000,31.9
04/10/2025 14:43:45,04/10/2025,14:43:45,"[0, 161, 0, 0, 0, 253, 1, 63, 255]",0.000,31.9
04/10/2025 14:43:46,04/10/2025,14:43:46,"[0, 161, 0, 0, 0, 253, 1, 62, 255]",0.000,31.8
04/10/2025 14:43:47,04/10/2025,14:43:47,"[0, 161, 0, 0, 0, 253, 1, 63, 255]",0.000,31.9
04/10/2025 14:43:48,04/10/2025,14:43:48,"[0, 161, 0, 0, 0, 253, 1, 63, 255]",0.000,31.9
04/10/2025 14:43:49,04/10/2025,14:43:49,"[0, 161, 0, 0, 0, 253, 1, 63, 255]",0.000,31.9
04/10/2025 14:43:50,04/10/2025,14:43:50,"[0, 161, 0, 0, 0, 253, 1, 62, 255]",0.000,31.8
04/10/2025 14:43:51,04/10/2025,14:43:51,"[0, 161, 0, 0, 0, 253, 1, 62, 255]",0.000,31.8
04/10/2025 14:43:52,04/10/2025,14:43:52,"[0, 161, 0, 0, 0, 253, 1, 63, 255]",0.000,31.9
04/10/2025 14:43:53,04/10/2025,14:43:53,"[0, 161, 0, 0, 0, 253, 1, 64, 255]",0.000,32.0
04/10/2025 14:43:54,04/10/2025,14:43:54,"[0, 161, 0, 0, 0, 253, 1, 62, 255]",0.000,31.8
04/10/2025 14:43:55,04/10/2025,14:43:55,"[0, 161, 0, 0, 0, 253, 1, 64, 255]",0.000,32.0
04/10/2025 14:43:56,04/10/2025,14:43:56,"[0, 161, 0, 0, 0, 253, 1, 62, 255]",0.000,31.8
04/10/2025 14:43:57,04/10/2025,14:43:57,"[0, 161, 0, 0, 0, 253, 1, 66, 255]",0.000,32.2
04/10/2025 14:43:58,04/10/2025,14:43:58,"[0, 161, 0, 0, 0, 253, 1, 62, 255]",0.000,31.8
04/10/2025 14:43:59,04/10/2025,14:43:59,"[0, 161, 0, 0, 0, 253, 1, 63, 255]",0.000,31.9
04/10/2025 14:44:00,04/10/2025,14:44:00,"[0, 161, 0, 0, 0, 253, 1, 63, 255]",0.000,31.9
04/10/2025 14:44:01,04/10/2025,14:44:01,"[0, 161, 0, 0, 0, 253, 1, 63, 255]",0.000,31.9
04/10/2025 14:44:02,04/10/2025,14:44:02,"[0, 161, 0, 0, 0, 253, 1, 64, 255]",0.000,32.0
04/10/2025 14:44:03,04/10/2025,14:44:03,"[0, 161, 0, 0, 0, 253, 1, 63, 255]",0.000,31.9
04/10/2025 14:44:04,04/10/2025,14:44:04,"[0, 161, 0, 0, 0, 253, 1, 64, 255]",0.000,32.0
04/10/2025 14:44:05,04/10/2025,14:44:05,"[0, 161, 0, 0, 0, 253, 1, 64, 255]",0.000,32.0
04/10/2025 14:44:06,04/10/2025,14:44:06,"[0, 161, 0, 0, 0, 253, 1, 64, 255]",0.000,32.0
04/10/2025 14:44:07,04/10/2025,14:44:07,"[0, 161, 0, 0, 0, 253, 1, 63, 255]",0.000,31.9
04/10/2025 14:44:08,04/10/2025,14:44:08,"[0, 161, 0, 0, 0, 253, 1, 64, 255]",0.000,32.0
04/10/2025 14:44:09,04/10/2025,14:44:09,"[0, 161, 0, 0, 0, 253, 1, 63, 255]",0.000,31.9
04/10/2025 14:44:10,04/10/2025,14:44:10,"[0, 161, 0, 0, 0, 253, 1, 63, 255]",0.000,31.9
04/10/2025 14:44:11,04/10/2025,14:44:11,"[0, 161, 0, 0, 0, 253, 1, 63, 255]",0.000,31.9
04/10/2025 14:44:12,04/10/2025,14:44:12,"[0, 161, 0, 0, 0, 253, 1, 64, 255]",0.000,32.0
04/10/2025 14:44:13,04/10/2025,14:44:13,"[0, 161, 0, 0, 0, 253, 1, 62, 255]",0.000,31.8
04/10/2025 14:44:14,04/10/2025,14:44:14,"[0, 161, 0, 0, 0, 253, 1, 62, 255]",0.000,31.8
04/10/2025 14:44:15,04/10/2025,14:44:15,"[0, 161, 0, 0, 0, 253, 1, 63, 255]",0.000,31.9
04/10/2025 14:44:16,04/10/2025,14:44:16,"[0, 161, 0, 0, 0, 253, 1, 62, 255]",0.000,31.8
04/10/2025 14:44:17,04/10/2025,14:44:17,"[0, 161, 0, 0, 0, 253, 1, 64, 255]",0.000,32.0
04/10/2025 14:44:18,04/10/2025,14:44:18,"[0, 161, 0, 0, 0, 253, 1, 62, 255]",0.000,31.8
04/10/2025 14:44:19,04/10/2025,14:44:19,"[0, 161, 0, 0, 0, 253, 1, 64, 255]",0.000,32.0
04/10/2025 14:44:20,04/10/2025,14:44:20,"[0, 161, 0, 0, 0, 253, 1, 62, 255]",0.000,31.8
04/10/2025 14:44:21,04/10/2025,14:44:21,"[0, 161, 0, 0, 0, 253, 1, 62, 255]",0.000,31.8
04/10/2025 14:44:22,04/10/2025,14:44:22,"[0, 161, 0, 0, 0, 253, 1, 65, 255]",0.000,32.1
04/10/2025 14:44:23,04/10/2025,14:44:23,"[0, 161, 0, 0, 0, 253, 1, 63, 255]",0.000,31.9
04/10/2025 14:44:24,04/10/2025,14:44:24,"[0, 161, 0, 0, 0, 253, 1, 63, 255]",0.000,31.9
04/10/2025 14:44:25,04/10/2025,14:44:25,"[0, 161, 0, 0, 0, 253, 1, 63, 255]",0.000,31.9
04/10/2025 14:44:26,04/10/2025,14:44:26,"[0, 161, 0, 0, 0, 253, 1, 64, 255]",0.000,32.0
04/10/2025 14:44:27,04/10/2025,14:44:27,"[0, 161, 0, 0, 0, 253, 1, 63, 255]",0.000,31.9
04/10/2025 14:44:28,04/10/2025,14:44:28,"[0, 161, 0, 0, 0, 253, 1, 64, 255]",0.000,32.0
04/10/2025 14:44:29,04/10/2025,14:44:29,"[0, 161, 0, 0, 0, 253, 1, 63, 255]",0.000,31.9
04/10/2025 14:44:30,04/10/2025,14:44:30,"[0, 161, 0, 0, 0, 253, 1, 62, 255]",0.000,31.8
04/10/2025 14:44:31,04/10/2025,14:44:31,"[0, 161, 0, 0, 0, 253, 1, 65, 255]",0.000,32.1
04/10/2025 14:44:32,04/10/2025,14:44:32,"[0, 161, 0, 0, 0, 253, 1, 65, 255]",0.000,32.1
04/10/2025 14:44:33,04/10/2025,14:44:33,"[0, 161, 0, 0, 0, 253, 1, 66, 255]",0.000,32.2
04/10/2025 14:44:34,04/10/2025,14:44:34,"[0, 161, 0, 0, 0, 253, 1, 63, 255]",0.000,31.9
04/10/2025 14:44:35,04/10/2025,14:44:35,"[0, 161, 0, 0, 0, 253, 1, 65, 255]",0.000,32.1
04/10/2025 14:44:36,04/10/2025,14:44:36,"[0, 161, 0, 0, 0, 253, 1, 65, 255]",0.000,32.1
04/10/2025 14:44:37,04/10/2025,14:44:37,"[0, 161, 0, 0, 0, 253, 1, 63, 255]",0.000,31.9
04/10/2025 14:44:38,04/10/2025,14:44:38,"[0, 161, 0, 0, 0, 253, 1, 67, 255]",0.000,32.3
04/10/2025 14:44:39,04/10/2025,14:44:39,"[0, 161, 0, 0, 0, 253, 1, 66, 255]",0.000,32.2
04/10/2025 14:44:40,04/10/2025,14:44:40,"[0, 161, 0, 0, 0, 253, 1, 64, 255]",0.000,32.0
04/10/2025 14:44:41,04/10/2025,14:44:41,"[0, 161, 0, 0, 0, 253, 1, 62, 255]",0.000,31.8
04/10/2025 14:44:42,04/10/2025,14:44:42,"[0, 161, 0, 0, 0, 253, 1, 62, 255]",0.000,31.8
04/10/2025 14:44:43,04/10/2025,14:44:43,"[0, 161, 0, 0, 0, 253, 1, 63, 255]",0.000,31.9
04/10/2025 14:44:44,04/10/2025,14:44:44,"[0, 161, 0, 0, 0, 253, 1, 64, 255]",0.000,32.0
04/10/2025 14:44:45,04/10/2025,14:44:45,"[0, 161, 0, 0, 0, 253, 1, 64, 255]",0.000,32.0
04/10/2025 14:44:46,04/10/2025,14:44:46,"[0, 161, 0, 0, 0, 253, 1, 65, 255]",0.000,32.1
04/10/2025 14:44:47,04/10/2025,14:44:47,"[0, 161, 0, 0, 0, 253, 1, 65, 255]",0.000,32.1
04/10/2025 14:44:48,04/10/2025,14:44:48,"[0, 161, 0, 0, 0, 253, 1, 66, 255]",0.000,32.2
04/10/2025 14:44:49,04/10/2025,14:44:49,"[0, 161, 0, 0, 0, 253, 1, 64, 255]",0.000,32.0
04/10/2025 14:44:50,04/10/2025,14:44:50,"[0, 161, 0, 0, 0, 253, 1, 63, 255]",0.000,31.9
04/10/2025 14:44:51,04/10/2025,14:44:51,"[0, 161, 0, 0, 0, 253, 1, 65, 255]",0.000,32.1
04/10/2025 14:44:52,04/10/2025,14:44:52,"[0, 161, 0, 0, 0, 253, 1, 64, 255]",0.000,32.0
04/10/2025 14:44:53,04/10/2025,14:44:53,"[0, 161, 0, 0, 0, 253, 1, 67, 255]",0.000,32.3
04/10/2025 14:44:54,04/10/2025,14:44:54,"[0, 161, 0, 0, 0, 253, 1, 65, 255]",0.000,32.1
04/10/2025 14:44:55,04/10/2025,14:44:55,"[0, 161, 0, 0, 0, 253, 1, 66, 255]",0.000,32.2
04/10/2025 14:44:56,04/10/2025,14:44:56,"[0, 161, 0, 0, 0, 253, 1, 64, 255]",0.000,32.0
04/10/2025 14:44:57,04/10/2025,14:44:57,"[0, 161, 0, 0, 0, 253, 1, 65, 255]",0.000,32.1
04/10/2025 14:44:58,04/10/2025,14:44:58,"[0, 161, 0, 0, 0, 253, 1, 65, 255]",0.000,32.1
04/10/2025 14:44:59,04/10/2025,14:44:59,"[0, 161, 0, 0, 0, 253, 1, 66, 255]",0.000,32.2
04/10/2025 14:45:00,04/10/2025,14:45:00,"[0, 161, 0, 0, 0, 253, 1, 64, 255]",0.000,32.0
04/10/2025 14:45:01,04/10/2025,14:45:01,"[0, 161, 0, 0, 0, 253, 1, 65, 255]",0.000,32.1
04/10/2025 14:45:02,04/10/2025,14:45:02,"[0, 161, 0, 0, 0, 253, 1, 65, 255]",0.000,32.1
04/10/2025 14:45:03,04/10/2025,14:45:03,"[0, 161, 0, 0, 0, 253, 1, 65, 255]",0.000,32.1
04/10/2025 14:45:04,04/10/2025,14:45:04,"[0, 161, 0, 0, 0, 253, 1, 65, 255]",0.000,32.1
04/10/2025 14:45:05,04/10/2025,14:45:05,"[0, 161, 0, 0, 0, 253, 1, 66, 255]",0.000,32.2
04/10/2025 14:45:06,04/10/2025,14:45:06,"[0, 161, 0, 0, 0, 253, 1, 66, 255]",0.000,32.2
04/10/2025 14:45:07,04/10/2025,14:45:07,"[0, 161, 0, 0, 0, 253, 1, 65, 255]",0.000,32.1
04/10/2025 14:45:08,04/10/2025,14:45:08,"[0, 161, 0, 0, 0, 253, 1, 65, 255]",0.000,32.1
04/10/2025 14:45:09,04/10/2025,14:45:09,"[0, 161, 0, 0, 0, 253, 1, 64, 255]",0.000,32.0
04/10/2025 14:45:10,04/10/2025,14:45:10,"[0, 161, 0, 0, 0, 253, 1, 67, 255]",0.000,32.3
04/10/2025 14:45:11,04/10/2025,14:45:11,"[0, 161, 0, 0, 0, 253, 1, 66, 255]",0.000,32.2
04/10/2025 14:45:12,04/10/2025,14:45:12,"[0, 161, 0, 0, 0, 253, 1, 65, 255]",0.000,32.1
04/10/2025 14:45:13,04/10/2025,14:45:13,"[0, 161, 0, 0, 0, 253, 1, 67, 255]",0.000,32.3
04/10/2025 14:45:14,04/10/2025,14:45:14,"[0, 161, 0, 0, 0, 253, 1, 68, 255]",0.000,32.4
04/10/2025 14:45:15,04/10/2025,14:45:15,"[0, 161, 0, 0, 0, 253, 1, 64, 255]",0.000,32.0
04/10/2025 14:45:16,04/10/2025,14:45:16,"[0, 161, 0, 0, 0, 253, 1, 66, 255]",0.000,32.2
04/10/2025 14:45:17,04/10/2025,14:45:17,"[0, 161, 0, 0, 0, 253, 1, 66, 255]",0.000,32.2
04/10/2025 14:45:18,04/10/2025,14:45:18,"[0, 161, 0, 0, 0, 253, 1, 67, 255]",0.000,32.3
04/10/2025 14:45:19,04/10/2025,14:45:19,"[0, 161, 0, 0, 0, 253, 1, 65, 255]",0.000,32.1
04/10/2025 14:45:20,04/10/2025,14:45:20,"[0, 161, 0, 0, 0, 253, 1, 65, 255]",0.000,32.1
04/10/2025 14:45:21,04/10/2025,14:45:21,"[0, 161, 0, 0, 0, 253, 1, 67, 255]",0.000,32.3
04/10/2025 14:45:22,04/10/2025,14:45:22,"[0, 161, 0, 0, 0, 253, 1, 64, 255]",0.000,32.0
04/10/2025 14:45:23,04/10/2025,14:45:23,"[0, 161, 0, 0, 0, 253, 1, 65, 255]",0.000,32.1
04/10/2025 14:45:24,04/10/2025,14:45:24,"[0, 161, 0, 0, 0, 253, 1, 65, 255]",0.000,32.1
04/10/2025 14:45:25,04/10/2025,14:45:25,"[0, 161, 0, 0, 0, 253, 1, 66, 255]",0.000,32.2
04/10/2025 14:45:26,04/10/2025,14:45:26,"[0, 161, 0, 0, 0, 253, 1, 65, 255]",0.000,32.1
04/10/2025 14:45:27,04/10/2025,14:45:27,"[0, 161, 0, 0, 0, 253, 1, 65, 255]",0.000,32.1
04/10/2025 14:45:28,04/10/2025,14:45:28,"[0, 161, 0, 0, 0, 253, 1, 65, 255]",0.000,32.1
04/10/2025 14:45:29,04/10/2025,14:45:29,"[0, 161, 0, 0, 0, 253, 1, 67, 255]",0.000,32.3
04/10/2025 14:45:30,04/10/2025,14:45:30,"[0, 161, 0, 0, 0, 253, 1, 68, 255]",0.000,32.4
04/10/2025 14:45:31,04/10/2025,14:45:31,"[0, 161, 0, 0, 0, 253, 1, 67, 255]",0.000,32.3
04/10/2025 14:45:32,04/10/2025,14:45:32,"[0, 161, 0, 0, 0, 253, 1, 66, 255]",0.000,32.2
04/10/2025 14:45:33,04/10/2025,14:45:33,"[0, 161, 0, 0, 0, 253, 1, 66, 255]",0.000,32.2
04/10/2025 14:45:34,04/10/2025,14:45:34,"[0, 161, 0, 0, 0, 253, 1, 63, 255]",0.000,31.9
04/10/2025 14:45:35,04/10/2025,14:45:35,"[0, 161, 0, 0, 0, 253, 1, 65, 255]",0.000,32.1
04/10/2025 14:45:36,04/10/2025,14:45:36,"[0, 161, 0, 0, 0, 253, 1, 67, 255]",0.000,32.3
04/10/2025 14:45:37,04/10/2025,14:45:37,"[0, 161, 0, 0, 0, 253, 1, 67, 255]",0.000,32.3
04/10/2025 14:45:38,04/10/2025,14:45:38,"[0, 161, 0, 0, 0, 253, 1, 66, 255]",0.000,32.2
04/10/2025 14:45:39,04/10/2025,14:45:39,"[0, 161, 0, 0, 0, 253, 1, 67, 255]",0.000,32.3
04/10/2025 14:45:40,04/10/2025,14:45:40,"[0, 161, 0, 0, 0, 253, 1, 65, 255]",0.000,32.1
04/10/2025 14:45:41,04/10/2025,14:45:41,"[0, 161, 0, 0, 0, 253, 1, 65, 255]",0.000,32.1
04/10/2025 14:45:42,04/10/2025,14:45:42,"[0, 161, 0, 0, 0, 253, 1, 63, 255]",0.000,31.9
04/10/2025 14:45:43,04/10/2025,14:45:43,"[0, 161, 0, 0, 0, 253, 1, 64, 255]",0.000,32.0
04/10/2025 14:45:44,04/10/2025,14:45:44,"[0, 161, 0, 0, 0, 253, 1, 65, 255]",0.000,32.1
04/10/2025 14:45:45,04/10/2025,14:45:45,"[0, 161, 0, 0, 0, 253, 1, 65, 255]",0.000,32.1
04/10/2025 14:45:46,04/10/2025,14:45:46,"[0, 161, 0, 0, 0, 253, 1, 64, 255]",0.000,32.0
04/10/2025 14:45:47,04/10/2025,14:45:47,"[0, 161, 0, 0, 0, 253, 1, 65, 255]",0.000,32.1
04/10/2025 14:45:48,04/10/2025,14:45:48,"[0, 161, 0, 0, 0, 253, 1, 66, 255]",0.000,32.2
04/10/2025 14:45:49,04/10/2025,14:45:49,"[0, 161, 0, 0, 0, 253, 1, 64, 255]",0.000,32.0
04/10/2025 14:45:50,04/10/2025,14:45:50,"[0, 161, 0, 0, 0, 253, 1, 64, 255]",0.000,32.0
04/10/2025 14:45:51,04/10/2025,14:45:51,"[0, 161, 0, 0, 0, 253, 1, 64, 255]",0.000,32.0
04/10/2025 14:45:52,04/10/2025,14:45:52,"[0, 161, 0, 0, 0, 253, 1, 66, 255]",0.000,32.2
04/10/2025 14:45:53,04/10/2025,14:45:53,"[0, 161, 0, 0, 0, 253, 1, 68, 255]",0.000,32.4
04/10/2025 14:45:54,04/10/2025,14:45:54,"[0, 161, 0, 0, 0, 253, 1, 66, 255]",0.000,32.2
04/10/2025 14:45:55,04/10/2025,14:45:55,"[0, 161, 0, 0, 0, 253, 1, 63, 255]",0.000,31.9
04/10/2025 14:45:56,04/10/2025,14:45:56,"[0, 161, 0, 0, 0, 253, 1, 66, 255]",0.000,32.2
04/10/2025 14:45:57,04/10/2025,14:45:57,"[0, 161, 0, 0, 0, 253, 1, 66, 255]",0.000,32.2
04/10/2025 14:45:58,04/10/2025,14:45:58,"[0, 161, 0, 0, 0, 253, 1, 65, 255]",0.000,32.1
04/10/2025 14:45:59,04/10/2025,14:45:59,"[0, 161, 0, 0, 0, 253, 1, 65, 255]",0.000,32.1
04/10/2025 14:46:00,04/10/2025,14:46:00,"[0, 161, 0, 0, 0, 253, 1, 65, 255]",0.000,32.1
04/10/2025 14:46:01,04/10/2025,14:46:01,"[0, 161, 0, 0, 0, 253, 1, 64, 255]",0.000,32.0
04/10/2025 14:46:02,04/10/2025,14:46:02,"[0, 161, 0, 0, 0, 253, 1, 66, 255]",0.000,32.2
04/10/2025 14:46:03,04/10/2025,14:46:03,"[0, 161, 0, 0, 0, 253, 1, 64, 255]",0.000,32.0
04/10/2025 14:46:04,04/10/2025,14:46:04,"[0, 161, 0, 0, 0, 253, 1, 65, 255]",0.000,32.1
04/10/2025 14:46:05,04/10/2025,14:46:05,"[0, 161, 0, 0, 0, 253, 1, 65, 255]",0.000,32.1
04/10/2025 14:46:06,04/10/2025,14:46:06,"[0, 161, 0, 0, 0, 253, 1, 65, 255]",0.000,32.1
04/10/2025 14:46:07,04/10/2025,14:46:07,"[0, 161, 0, 0, 0, 253, 1, 64, 255]",0.000,32.0
04/10/2025 14:46:08,04/10/2025,14:46:08,"[0, 161, 0, 0, 0, 253, 1, 64, 255]",0.000,32.0
04/10/2025 14:46:09,04/10/2025,14:46:09,"[0, 161, 0, 0, 0, 253, 1, 66, 255]",0.000,32.2
04/10/2025 14:46:10,04/10/2025,14:46:10,"[0, 161, 0, 0, 0, 253, 1, 68, 255]",0.000,32.4
04/10/2025 14:46:11,04/10/2025,14:46:11,"[0, 161, 0, 0, 0, 253, 1, 65, 255]",0.000,32.1
04/10/2025 14:46:12,04/10/2025,14:46:12,"[0, 161, 0, 0, 0, 253, 1, 65, 255]",0.000,32.1
04/10/2025 14:46:13,04/10/2025,14:46:13,"[0, 161, 0, 0, 0, 253, 1, 66, 255]",0.000,32.2
04/10/2025 14:46:14,04/10/2025,14:46:14,"[0, 161, 0, 0, 0, 253, 1, 66, 255]",0.000,32.2
04/10/2025 14:46:15,04/10/2025,14:46:15,"[0, 161, 0, 0, 0, 253, 1, 66, 255]",0.000,32.2
04/10/2025 14:46:16,04/10/2025,14:46:16,"[0, 161, 0, 0, 0, 253, 1, 65, 255]",0.000,32.1
04/10/2025 14:46:17,04/10/2025,14:46:17,"[0, 161, 0, 0, 0, 253, 1, 66, 255]",0.000,32.2
04/10/2025 14:46:18,04/10/2025,14:46:18,"[0, 161, 0, 0, 0, 253, 1, 66, 255]",0.000,32.2
04/10/2025 14:46:19,04/10/2025,14:46:19,"[0, 161, 0, 0, 0, 253, 1, 69, 255]",0.000,32.5
04/10/2025 14:46:20,04/10/2025,14:46:20,"[0, 161, 0, 0, 0, 253, 1, 65, 255]",0.000,32.1
04/10/2025 14:46:21,04/10/2025,14:46:21,"[0, 161, 0, 0, 0, 253, 1, 65, 255]",0.000,32.1
04/10/2025 14:46:22,04/10/2025,14:46:22,"[0, 161, 0, 0, 0, 253, 1, 64, 255]",0.000,32.0
04/10/2025 14:46:23,04/10/2025,14:46:23,"[0, 161, 0, 0, 0, 253, 1, 67, 255]",0.000,32.3
04/10/2025 14:46:24,04/10/2025,14:46:24,"[0, 161, 0, 0, 0, 253, 1, 65, 255]",0.000,32.1
04/10/2025 14:46:25,04/10/2025,14:46:25,"[0, 161, 0, 0, 0, 253, 1, 66, 255]",0.000,32.2
04/10/2025 14:46:26,04/10/2025,14:46:26,"[0, 161, 0, 0, 0, 253, 1, 64, 255]",0.000,32.0
04/10/2025 14:46:27,04/10/2025,14:46:27,"[0, 161, 0, 0, 0, 253, 1, 64, 255]",0.000,32.0
04/10/2025 14:46:28,04/10/2025,14:46:28,"[0, 161, 0, 0, 0, 253, 1, 66, 255]",0.000,32.2
04/10/2025 14:46:29,04/10/2025,14:46:29,"[0, 161, 0, 0, 0, 253, 1, 68, 255]",0.000,32.4
04/10/2025 14:46:30,04/10/2025,14:46:30,"[0, 161, 0, 0, 0, 253, 1, 67, 255]",0.000,32.3
04/10/2025 14:46:31,04/10/2025,14:46:31,"[0, 161, 0, 0, 0, 253, 1, 65, 255]",0.000,32.1
04/10/2025 14:46:32,04/10/2025,14:46:32,"[0, 161, 0, 0, 0, 253, 1, 65, 255]",0.000,32.1
04/10/2025 14:46:33,04/10/2025,14:46:33,"[0, 161, 0, 0, 0, 253, 1, 68, 255]",0.000,32.4
04/10/2025 14:46:34,04/10/2025,14:46:34,"[0, 161, 0, 0, 0, 253, 1, 67, 255]",0.000,32.3
04/10/2025 14:46:35,04/10/2025,14:46:35,"[0, 161, 0, 0, 0, 253, 1, 66, 255]",0.000,32.2
04/10/2025 14:46:36,04/10/2025,14:46:36,"[0, 161, 0, 0, 0, 253, 1, 66, 255]",0.000,32.2
04/10/2025 14:46:37,04/10/2025,14:46:37,"[0, 161, 0, 0, 0, 253, 1, 67, 255]",0.000,32.3
04/10/2025 14:46:38,04/10/2025,14:46:38,"[0, 161, 0, 0, 0, 253, 1, 68, 255]",0.000,32.4
04/10/2025 14:46:39,04/10/2025,14:46:39,"[0, 161, 0, 0, 0, 253, 1, 68, 255]",0.000,32.4
04/10/2025 14:46:40,04/10/2025,14:46:40,"[0, 161, 0, 0, 0, 253, 1, 70, 255]",0.000,32.6
04/10/2025 14:46:41,04/10/2025,14:46:41,"[0, 161, 0, 0, 0, 253, 1, 67, 255]",0.000,32.3
04/10/2025 14:46:42,04/10/2025,14:46:42,"[0, 161, 0, 0, 0, 253, 1, 67, 255]",0.000,32.3
04/10/2025 14:46:43,04/10/2025,14:46:43,"[0, 161, 0, 0, 0, 253, 1, 68, 255]",0.000,32.4
04/10/2025 14:46:44,04/10/2025,14:46:44,"[0, 161, 0, 0, 0, 253, 1, 67, 255]",0.000,32.3
04/10/2025 14:46:45,04/10/2025,14:46:45,"[0, 161, 0, 0, 0, 253, 1, 67, 255]",0.000,32.3
04/10/2025 14:46:46,04/10/2025,14:46:46,"[0, 161, 0, 0, 0, 253, 1, 69, 255]",0.000,32.5
04/10/2025 14:46:47,04/10/2025,14:46:47,"[0, 161, 0, 0, 0, 253, 1, 69, 255]",0.000,32.5
04/10/2025 14:46:48,04/10/2025,14:46:48,"[0, 161, 0, 0, 0, 253, 1, 68, 255]",0.000,32.4
04/10/2025 14:46:49,04/10/2025,14:46:49,"[0, 161, 0, 0, 0, 253, 1, 67, 255]",0.000,32.3
04/10/2025 14:46:50,04/10/2025,14:46:50,"[0, 161, 0, 0, 0, 253, 1, 68, 255]",0.000,32.4
04/10/2025 14:46:51,04/10/2025,14:46:51,"[0, 161, 0, 0, 0, 253, 1, 68, 255]",0.000,32.4
04/10/2025 14:46:52,04/10/2025,14:46:52,"[0, 161, 0, 0, 0, 253, 1, 68, 255]",0.000,32.4
04/10/2025 14:46:53,04/10/2025,14:46:53,"[0, 161, 0, 0, 0, 253, 1, 69, 255]",0.000,32.5
04/10/2025 14:46:54,04/10/2025,14:46:54,"[0, 161, 0, 0, 0, 253, 1, 67, 255]",0.000,32.3
04/10/2025 14:46:55,04/10/2025,14:46:55,"[0, 161, 0, 0, 0, 253, 1, 68, 255]",0.000,32.4
04/10/2025 14:46:56,04/10/2025,14:46:56,"[0, 161, 0, 0, 0, 253, 1, 69, 255]",0.000,32.5
04/10/2025 14:46:57,04/10/2025,14:46:57,"[0, 161, 0, 0, 0, 253, 1, 68, 255]",0.000,32.4
04/10/2025 14:46:58,04/10/2025,14:46:58,"[0, 161, 0, 0, 0, 253, 1, 68, 255]",0.000,32.4
04/10/2025 14:46:59,04/10/2025,14:46:59,"[0, 161, 0, 0, 0, 253, 1, 68, 255]",0.000,32.4
04/10/2025 14:47:00,04/10/2025,14:47:00,"[0, 161, 0, 0, 0, 253, 1, 70, 255]",0.000,32.6
04/10/2025 14:47:01,04/10/2025,14:47:01,"[0, 161, 0, 0, 0, 253, 1, 67, 255]",0.000,32.3
04/10/2025 14:47:02,04/10/2025,14:47:02,"[0, 161, 0, 0, 0, 253, 1, 68, 255]",0.000,32.4
04/10/2025 14:47:03,04/10/2025,14:47:03,"[0, 161, 0, 0, 0, 253, 1, 69, 255]",0.000,32.5
04/10/2025 14:47:04,04/10/2025,14:47:04,"[0, 161, 0, 0, 0, 253, 1, 68, 255]",0.000,32.4
04/10/2025 14:47:05,04/10/2025,14:47:05,"[0, 161, 0, 0, 0, 253, 1, 68, 255]",0.000,32.4
04/10/2025 14:47:06,04/10/2025,14:47:06,"[0, 161, 0, 0, 0, 253, 1, 69, 255]",0.000,32.5
04/10/2025 14:47:07,04/10/2025,14:47:07,"[0, 161, 0, 0, 0, 253, 1, 69, 255]",0.000,32.5
04/10/2025 14:47:08,04/10/2025,14:47:08,"[0, 161, 0, 0, 0, 253, 1, 69, 255]",0.000,32.5
04/10/2025 14:47:09,04/10/2025,14:47:09,"[0, 161, 0, 0, 0, 253, 1, 70, 255]",0.000,32.6
04/10/2025 14:47:10,04/10/2025,14:47:10,"[0, 161, 0, 0, 0, 253, 1, 69, 255]",0.000,32.5
04/10/2025 14:47:11,04/10/2025,14:47:11,"[0, 161, 0, 0, 0, 253, 1, 69, 255]",0.000,32.5
04/10/2025 14:47:12,04/10/2025,14:47:12,"[0, 161, 0, 0, 0, 253, 1, 68, 255]",0.000,32.4
04/10/2025 14:47:13,04/10/2025,14:47:13,"[0, 161, 0, 0, 0, 253, 1, 67, 255]",0.000,32.3
04/10/2025 14:47:14,04/10/2025,14:47:14,"[0, 161, 0, 0, 0, 253, 1, 68, 255]",0.000,32.4
04/10/2025 14:47:15,04/10/2025,14:47:15,"[0, 161, 0, 0, 0, 253, 1, 68, 255]",0.000,32.4
04/10/2025 14:47:16,04/10/2025,14:47:16,"[0, 161, 0, 0, 0, 253, 1, 68, 255]",0.000,32.4
04/10/2025 14:47:17,04/10/2025,14:47:17,"[0, 161, 0, 0, 0, 253, 1, 65, 255]",0.000,32.1
04/10/2025 14:47:18,04/10/2025,14:47:18,"[0, 161, 0, 0, 0, 253, 1, 67, 255]",0.000,32.3
04/10/2025 14:47:19,04/10/2025,14:47:19,"[0, 161, 0, 0, 0, 253, 1, 68, 255]",0.000,32.4
04/10/2025 14:47:20,04/10/2025,14:47:20,"[0, 161, 0, 0, 0, 253, 1, 69, 255]",0.000,32.5
04/10/2025 14:47:21,04/10/2025,14:47:21,"[0, 161, 0, 0, 0, 253, 1, 69, 255]",0.000,32.5
04/10/2025 14:47:22,04/10/2025,14:47:22,"[0, 161, 0, 0, 0, 253, 1, 67, 255]",0.000,32.3
04/10/2025 14:47:23,04/10/2025,14:47:23,"[0, 161, 0, 0, 0, 253, 1, 68, 255]",0.000,32.4
04/10/2025 14:47:24,04/10/2025,14:47:24,"[0, 161, 0, 0, 0, 253, 1, 68, 255]",0.000,32.4
04/10/2025 14:47:25,04/10/2025,14:47:25,"[0, 161, 0, 0, 0, 253, 1, 69, 255]",0.000,32.5
04/10/2025 14:47:26,04/10/2025,14:47:26,"[0, 161, 0, 0, 0, 253, 1, 70, 255]",0.000,32.6
04/10/2025 14:47:27,04/10/2025,14:47:27,"[0, 161, 0, 0, 0, 253, 1, 68, 255]",0.000,32.4
04/10/2025 14:47:28,04/10/2025,14:47:28,"[0, 161, 0, 0, 0, 253, 1, 68, 255]",0.000,32.4
04/10/2025 14:47:29,04/10/2025,14:47:29,"[0, 161, 0, 0, 0, 253, 1, 68, 255]",0.000,32.4
04/10/2025 14:47:30,04/10/2025,14:47:30,"[0, 161, 0, 0, 0, 253, 1, 69, 255]",0.000,32.5
04/10/2025 14:47:31,04/10/2025,14:47:31,"[0, 161, 0, 0, 0, 253, 1, 68, 255]",0.000,32.4
04/10/2025 14:47:32,04/10/2025,14:47:32,"[0, 161, 0, 0, 0, 253, 1, 68, 255]",0.000,32.4
04/10/2025 14:47:33,04/10/2025,14:47:33,"[0, 161, 0, 0, 0, 253, 1, 68, 255]",0.000,32.4
04/10/2025 14:47:34,04/10/2025,14:47:34,"[0, 161, 0, 0, 0, 253, 1, 70, 255]",0.000,32.6
04/10/2025 14:47:35,04/10/2025,14:47:35,"[0, 161, 0, 0, 0, 253, 1, 69, 255]",0.000,32.5
04/10/2025 14:47:36,04/10/2025,14:47:36,"[0, 161, 0, 0, 0, 253, 1, 69, 255]",0.000,32.5
04/10/2025 14:47:37,04/10/2025,14:47:37,"[0, 161, 0, 0, 0, 253, 1, 68, 255]",0.000,32.4
04/10/2025 14:47:38,04/10/2025,14:47:38,"[0, 161, 0, 0, 0, 253, 1, 68, 255]",0.000,32.4
04/10/2025 14:47:39,04/10/2025,14:47:39,"[0, 161, 0, 0, 0, 253, 1, 67, 255]",0.000,32.3
04/10/2025 14:47:40,04/10/2025,14:47:40,"[0, 161, 0, 0, 0, 253, 1, 68, 255]",0.000,32.4
04/10/2025 14:47:41,04/10/2025,14:47:41,"[0, 161, 0, 0, 0, 253, 1, 68, 255]",0.000,32.4
04/10/2025 14:47:42,04/10/2025,14:47:42,"[0, 161, 0, 0, 0, 253, 1, 69, 255]",0.000,32.5
04/10/2025 14:47:43,04/10/2025,14:47:43,"[0, 161, 0, 0, 0, 253, 1, 70, 255]",0.000,32.6
04/10/2025 14:47:44,04/10/2025,14:47:44,"[0, 161, 0, 0, 0, 253, 1, 71, 255]",0.000,32.7
04/10/2025 14:47:45,04/10/2025,14:47:45,"[0, 161, 0, 0, 0, 253, 1, 70, 255]",0.000,32.6
04/10/2025 14:47:46,04/10/2025,14:47:46,"[0, 161, 0, 0, 0, 253, 1, 67, 255]",0.000,32.3
04/10/2025 14:47:47,04/10/2025,14:47:47,"[0, 161, 0, 0, 0, 253, 1, 67, 255]",0.000,32.3
04/10/2025 14:47:48,04/10/2025,14:47:48,"[0, 161, 0, 0, 0, 253, 1, 66, 255]",0.000,32.2
04/10/2025 14:47:49,04/10/2025,14:47:49,"[0, 161, 0, 0, 0, 253, 1, 69, 255]",0.000,32.5
04/10/2025 14:47:50,04/10/2025,14:47:50,"[0, 161, 0, 0, 0, 253, 1, 69, 255]",0.000,32.5
04/10/2025 14:47:51,04/10/2025,14:47:51,"[0, 161, 0, 0, 0, 253, 1, 67, 255]",0.000,32.3
04/10/2025 14:47:52,04/10/2025,14:47:52,"[0, 161, 0, 0, 0, 253, 1, 68, 255]",0.000,32.4
04/10/2025 14:47:53,04/10/2025,14:47:53,"[0, 161, 0, 0, 0, 253, 1, 68, 255]",0.000,32.4
04/10/2025 14:47:54,04/10/2025,14:47:54,"[0, 161, 0, 0, 0, 253, 1, 69, 255]",0.000,32.5
04/10/2025 14:47:55,04/10/2025,14:47:55,"[0, 161, 0, 0, 0, 253, 1, 68, 255]",0.000,32.4
04/10/2025 14:47:56,04/10/2025,14:47:56,"[0, 161, 0, 0, 0, 253, 1, 69, 255]",0.000,32.5
04/10/2025 14:47:57,04/10/2025,14:47:57,"[0, 161, 0, 0, 0, 253, 1, 67, 255]",0.000,32.3
04/10/2025 14:47:58,04/10/2025,14:47:58,"[0, 161, 0, 0, 0, 253, 1, 67, 255]",0.000,32.3
04/10/2025 14:47:59,04/10/2025,14:47:59,"[0, 161, 0, 0, 0, 253, 1, 69, 255]",0.000,32.5
04/10/2025 14:48:00,04/10/2025,14:48:00,"[0, 161, 0, 0, 0, 253, 1, 68, 255]",0.000,32.4
04/10/2025 14:48:01,04/10/2025,14:48:01,"[0, 161, 0, 0, 0, 253, 1, 67, 255]",0.000,32.3
04/10/2025 14:48:02,04/10/2025,14:48:02,"[0, 161, 0, 0, 0, 253, 1, 66, 255]",0.000,32.2
04/10/2025 14:48:03,04/10/2025,14:48:03,"[0, 161, 0, 0, 0, 253, 1, 67, 255]",0.000,32.3
04/10/2025 14:48:04,04/10/2025,14:48:04,"[0, 161, 0, 0, 0, 253, 1, 68, 255]",0.000,32.4
04/10/2025 14:48:05,04/10/2025,14:48:05,"[0, 161, 0, 0, 0, 253, 1, 68, 255]",0.000,32.4
04/10/2025 14:48:06,04/10/2025,14:48:06,"[0, 161, 0, 0, 0, 253, 1, 66, 255]",0.000,32.2
04/10/2025 14:48:07,04/10/2025,14:48:07,"[0, 161, 0, 0, 0, 253, 1, 67, 255]",0.000,32.3
04/10/2025 14:48:08,04/10/2025,14:48:08,"[0, 161, 0, 0, 0, 253, 1, 66, 255]",0.000,32.2
04/10/2025 14:48:09,04/10/2025,14:48:09,"[0, 161, 0, 0, 0, 253, 1, 67, 255]",0.000,32.3
04/10/2025 14:48:10,04/10/2025,14:48:10,"[0, 161, 0, 0, 0, 253, 1, 67, 255]",0.000,32.3
04/10/2025 14:48:11,04/10/2025,14:48:11,"[0, 161, 0, 0, 0, 253, 1, 67, 255]",0.000,32.3
04/10/2025 14:48:12,04/10/2025,14:48:12,"[0, 161, 0, 0, 0, 253, 1, 69, 255]",0.000,32.5
04/10/2025 14:48:13,04/10/2025,14:48:13,"[0, 161, 0, 0, 0, 253, 1, 68, 255]",0.000,32.4
04/10/2025 14:48:14,04/10/2025,14:48:14,"[0, 161, 0, 0, 0, 253, 1, 68, 255]",0.000,32.4
04/10/2025 14:48:15,04/10/2025,14:48:15,"[0, 161, 0, 0, 0, 253, 1, 67, 255]",0.000,32.3
04/10/2025 14:48:16,04/10/2025,14:48:16,"[0, 161, 0, 0, 0, 253, 1, 68, 255]",0.000,32.4
04/10/2025 14:48:17,04/10/2025,14:48:17,"[0, 161, 0, 0, 0, 253, 1, 65, 255]",0.000,32.1
04/10/2025 14:48:18,04/10/2025,14:48:18,"[0, 161, 0, 0, 0, 253, 1, 67, 255]",0.000,32.3
04/10/2025 14:48:19,04/10/2025,14:48:19,"[0, 161, 0, 0, 0, 253, 1, 66, 255]",0.000,32.2
04/10/2025 14:48:20,04/10/2025,14:48:20,"[0, 161, 0, 0, 0, 253, 1, 66, 255]",0.000,32.2
04/10/2025 14:48:21,04/10/2025,14:48:21,"[0, 161, 0, 0, 0, 253, 1, 68, 255]",0.000,32.4
04/10/2025 14:48:22,04/10/2025,14:48:22,"[0, 161, 0, 0, 0, 253, 1, 67, 255]",0.000,32.3
04/10/2025 14:48:23,04/10/2025,14:48:23,"[0, 161, 0, 0, 0, 253, 1, 67, 255]",0.000,32.3
04/10/2025 14:48:24,04/10/2025,14:48:24,"[0, 161, 0, 0, 0, 253, 1, 68, 255]",0.000,32.4
04/10/2025 14:48:25,04/10/2025,14:48:25,"[0, 161, 0, 0, 0, 253, 1, 67, 255]",0.000,32.3
04/10/2025 14:48:26,04/10/2025,14:48:26,"[0, 161, 0, 0, 0, 253, 1, 65, 255]",0.000,32.1
04/10/2025 14:48:27,04/10/2025,14:48:27,"[0, 161, 0, 0, 0, 253, 1, 66, 255]",0.000,32.2
04/10/2025 14:48:28,04/10/2025,14:48:28,"[0, 161, 0, 0, 0, 253, 1, 67, 255]",0.000,32.3
04/10/2025 14:48:29,04/10/2025,14:48:29,"[0, 161, 0, 0, 0, 253, 1, 70, 255]",0.000,32.6
04/10/2025 14:48:30,04/10/2025,14:48:30,"[0, 161, 0, 0, 0, 253, 1, 67, 255]",0.000,32.3
04/10/2025 14:48:31,04/10/2025,14:48:31,"[0, 161, 0, 0, 0, 253, 1, 65, 255]",0.000,32.1
04/10/2025 14:48:32,04/10/2025,14:48:32,"[0, 161, 0, 0, 0, 253, 1, 65, 255]",0.000,32.1
04/10/2025 14:48:33,04/10/2025,14:48:33,"[0, 161, 0, 0, 0, 253, 1, 68, 255]",0.000,32.4
04/10/2025 14:48:34,04/10/2025,14:48:34,"[0, 161, 0, 0, 0, 253, 1, 69, 255]",0.000,32.5
04/10/2025 14:48:35,04/10/2025,14:48:35,"[0, 161, 0, 0, 0, 253, 1, 67, 255]",0.000,32.3
04/10/2025 14:48:36,04/10/2025,14:48:36,"[0, 161, 0, 0, 0, 253, 1, 65, 255]",0.000,32.1
04/10/2025 14:48:37,04/10/2025,14:48:37,"[0, 161, 0, 0, 0, 253, 1, 68, 255]",0.000,32.4
04/10/2025 14:48:38,04/10/2025,14:48:38,"[0, 161, 0, 0, 0, 253, 1, 68, 255]",0.000,32.4
04/10/2025 14:48:39,04/10/2025,14:48:39,"[0, 161, 0, 0, 0, 253, 1, 68, 255]",0.000,32.4
04/10/2025 14:48:40,04/10/2025,14:48:40,"[0, 161, 0, 0, 0, 253, 1, 66, 255]",0.000,32.2
04/10/2025 14:48:41,04/10/2025,14:48:41,"[0, 161, 0, 0, 0, 253, 1, 66, 255]",0.000,32.2
04/10/2025 14:48:42,04/10/2025,14:48:42,"[0, 161, 0, 0, 0, 253, 1, 67, 255]",0.000,32.3
04/10/2025 14:48:43,04/10/2025,14:48:43,"[0, 161, 0, 0, 0, 253, 1, 67, 255]",0.000,32.3
04/10/2025 14:48:44,04/10/2025,14:48:44,"[0, 161, 0, 0, 0, 253, 1, 68, 255]",0.000,32.4
04/10/2025 14:48:45,04/10/2025,14:48:45,"[0, 161, 0, 0, 0, 253, 1, 68, 255]",0.000,32.4
04/10/2025 14:48:46,04/10/2025,14:48:46,"[0, 161, 0, 0, 0, 253, 1, 67, 255]",0.000,32.3
04/10/2025 14:48:47,04/10/2025,14:48:47,"[0, 161, 0, 0, 0, 253, 1, 67, 255]",0.000,32.3
04/10/2025 14:48:48,04/10/2025,14:48:48,"[0, 161, 0, 0, 0, 253, 1, 67, 255]",0.000,32.3
04/10/2025 14:48:49,04/10/2025,14:48:49,"[0, 161, 0, 0, 0, 253, 1, 70, 255]",0.000,32.6
04/10/2025 14:48:50,04/10/2025,14:48:50,"[0, 161, 0, 0, 0, 253, 1, 68, 255]",0.000,32.4
04/10/2025 14:48:51,04/10/2025,14:48:51,"[0, 161, 0, 0, 0, 253, 1, 65, 255]",0.000,32.1
04/10/2025 14:48:52,04/10/2025,14:48:52,"[0, 161, 0, 0, 0, 253, 1, 65, 255]",0.000,32.1
04/10/2025 14:48:53,04/10/2025,14:48:53,"[0, 161, 0, 0, 0, 253, 1, 67, 255]",0.000,32.3
04/10/2025 14:48:54,04/10/2025,14:48:54,"[0, 161, 0, 0, 0, 253, 1, 68, 255]",0.000,32.4
04/10/2025 14:48:55,04/10/2025,14:48:55,"[0, 161, 0, 1, 2, 253, 1, 67, 255]",0.258,32.3
04/10/2025 14:48:56,04/10/2025,14:48:56,"[0, 161, 0, 1, 2, 253, 1, 68, 255]",0.258,32.4
04/10/2025 14:48:57,04/10/2025,14:48:57,"[0, 161, 0, 2, 122, 253, 1, 66, 255]",0.634,32.2
04/10/2025 14:48:58,04/10/2025,14:48:58,"[0, 161, 0, 2, 34, 253, 1, 64, 255]",0.546,32.0
04/10/2025 14:48:59,04/10/2025,14:48:59,"[0, 161, 0, 0, 215, 253, 1, 66, 255]",0.215,32.2
04/10/2025 14:49:00,04/10/2025,14:49:00,"[0, 161, 0, 0, 215, 253, 1, 65, 255]",0.215,32.1
04/10/2025 14:49:01,04/10/2025,14:49:01,"[0, 161, 0, 2, 121, 253, 1, 66, 255]",0.633,32.2
04/10/2025 14:49:02,04/10/2025,14:49:02,"[0, 161, 0, 1, 217, 253, 1, 66, 255]",0.473,32.2
04/10/2025 14:49:03,04/10/2025,14:49:03,"[0, 161, 0, 0, 29, 253, 1, 66, 255]",0.029,32.2
04/10/2025 14:49:04,04/10/2025,14:49:04,"[0, 161, 0, 0, 29, 253, 1, 66, 255]",0.029,32.2
04/10/2025 14:49:05,04/10/2025,14:49:05,"[0, 161, 0, 0, 0, 253, 1, 66, 255]",0.000,32.2
04/10/2025 14:49:06,04/10/2025,14:49:06,"[0, 161, 0, 0, 34, 253, 1, 68, 255]",0.034,32.4
04/10/2025 14:49:07,04/10/2025,14:49:07,"[0, 161, 0, 0, 48, 253, 1, 67, 255]",0.048,32.3
04/10/2025 14:49:08,04/10/2025,14:49:08,"[0, 161, 0, 0, 0, 253, 1, 66, 255]",0.000,32.2
04/10/2025 14:49:09,04/10/2025,14:49:09,"[0, 161, 0, 0, 0, 253, 1, 66, 255]",0.000,32.2
04/10/2025 14:49:10,04/10/2025,14:49:10,"[0, 161, 0, 0, 0, 253, 1, 66, 255]",0.000,32.2
04/10/2025 14:49:11,04/10/2025,14:49:11,"[0, 161, 0, 0, 0, 253, 1, 68, 255]",0.000,32.4
04/10/2025 14:49:12,04/10/2025,14:49:12,"[0, 161, 0, 1, 23, 253, 1, 66, 255]",0.279,32.2
04/10/2025 14:49:13,04/10/2025,14:49:13,"[0, 161, 0, 1, 23, 253, 1, 66, 255]",0.279,32.2
04/10/2025 14:49:14,04/10/2025,14:49:14,"[0, 161, 0, 0, 232, 253, 1, 66, 255]",0.232,32.2
04/10/2025 14:49:15,04/10/2025,14:49:15,"[0, 161, 0, 0, 223, 253, 1, 64, 255]",0.223,32.0
04/10/2025 14:49:16,04/10/2025,14:49:16,"[0, 161, 0, 3, 30, 253, 1, 66, 255]",0.798,32.2
04/10/2025 14:49:17,04/10/2025,14:49:17,"[0, 161, 0, 3, 30, 253, 1, 62, 255]",0.798,31.8
04/10/2025 14:49:18,04/10/2025,14:49:18,"[0, 161, 0, 2, 95, 253, 1, 66, 255]",0.607,32.2
04/10/2025 14:49:19,04/10/2025,14:49:19,"[0, 161, 0, 0, 158, 253, 1, 61, 255]",0.158,31.7
04/10/2025 14:49:20,04/10/2025,14:49:20,"[0, 161, 0, 0, 61, 253, 1, 65, 255]",0.061,32.1
04/10/2025 14:49:21,04/10/2025,14:49:21,"[0, 161, 0, 0, 61, 253, 1, 65, 255]",0.061,32.1
04/10/2025 14:49:22,04/10/2025,14:49:22,"[0, 161, 0, 0, 0, 253, 1, 64, 255]",0.000,32.0
04/10/2025 14:49:23,04/10/2025,14:49:23,"[0, 161, 0, 0, 132, 253, 1, 67, 255]",0.132,32.3
04/10/2025 14:49:24,04/10/2025,14:49:24,"[0, 161, 0, 0, 0, 253, 1, 65, 255]",0.000,32.1
04/10/2025 14:49:25,04/10/2025,14:49:25,"[0, 161, 0, 0, 0, 253, 1, 64, 255]",0.000,32.0
04/10/2025 14:49:26,04/10/2025,14:49:26,"[0, 161, 0, 0, 0, 253, 1, 67, 255]",0.000,32.3
04/10/2025 14:49:27,04/10/2025,14:49:27,"[0, 161, 0, 0, 215, 253, 1, 66, 255]",0.215,32.2
04/10/2025 14:49:28,04/10/2025,14:49:28,"[0, 161, 0, 1, 65, 253, 1, 67, 255]",0.321,32.3
04/10/2025 14:49:29,04/10/2025,14:49:29,"[0, 161, 0, 1, 65, 253, 1, 67, 255]",0.321,32.3
04/10/2025 14:49:30,04/10/2025,14:49:30,"[0, 161, 0, 0, 188, 253, 1, 68, 255]",0.188,32.4
04/10/2025 14:49:31,04/10/2025,14:49:31,"[0, 161, 0, 1, 163, 253, 1, 64, 255]",0.419,32.0
04/10/2025 14:49:32,04/10/2025,14:49:32,"[0, 161, 0, 2, 204, 253, 1, 65, 255]",0.716,32.1
04/10/2025 14:49:33,04/10/2025,14:49:33,"[0, 161, 0, 0, 186, 253, 1, 65, 255]",0.186,32.1
04/10/2025 14:49:34,04/10/2025,14:49:34,"[0, 161, 0, 0, 186, 253, 1, 65, 255]",0.186,32.1
04/10/2025 14:49:35,04/10/2025,14:49:35,"[0, 161, 0, 0, 88, 253, 1, 64, 255]",0.088,32.0
04/10/2025 14:49:36,04/10/2025,14:49:36,"[0, 161, 0, 0, 0, 253, 1, 65, 255]",0.000,32.1
04/10/2025 14:49:37,04/10/2025,14:49:37,"[0, 161, 0, 0, 0, 253, 1, 65, 255]",0.000,32.1
04/10/2025 14:49:38,04/10/2025,14:49:38,"[0, 161, 0, 0, 0, 253, 1, 63, 255]",0.000,31.9
04/10/2025 14:49:39,04/10/2025,14:49:39,"[0, 161, 0, 0, 0, 253, 1, 64, 255]",0.000,32.0
04/10/2025 14:49:40,04/10/2025,14:49:40,"[0, 161, 0, 0, 0, 253, 1, 66, 255]",0.000,32.2
04/10/2025 14:49:41,04/10/2025,14:49:41,"[0, 161, 0, 0, 0, 253, 1, 65, 255]",0.000,32.1
04/10/2025 14:49:42,04/10/2025,14:49:42,"[0, 161, 0, 0, 0, 253, 1, 63, 255]",0.000,31.9
04/10/2025 14:49:43,04/10/2025,14:49:43,"[0, 161, 0, 1, 27, 253, 1, 63, 255]",0.283,31.9
04/10/2025 14:49:44,04/10/2025,14:49:44,"[0, 161, 0, 1, 207, 253, 1, 65, 255]",0.463,32.1
04/10/2025 14:49:45,04/10/2025,14:49:45,"[0, 161, 0, 0, 175, 253, 1, 66, 255]",0.175,32.2
04/10/2025 14:49:46,04/10/2025,14:49:46,"[0, 161, 0, 0, 175, 253, 1, 64, 255]",0.175,32.0
04/10/2025 14:49:47,04/10/2025,14:49:47,"[0, 161, 0, 0, 139, 253, 1, 65, 255]",0.139,32.1
04/10/2025 14:49:48,04/10/2025,14:49:48,"[0, 161, 0, 3, 63, 253, 1, 64, 255]",0.831,32.0
04/10/2025 14:49:49,04/10/2025,14:49:49,"[0, 161, 0, 1, 181, 253, 1, 63, 255]",0.437,31.9
04/10/2025 14:49:50,04/10/2025,14:49:50,"[0, 161, 0, 1, 181, 253, 1, 64, 255]",0.437,32.0
04/10/2025 14:49:51,04/10/2025,14:49:51,"[0, 161, 0, 1, 47, 253, 1, 64, 255]",0.303,32.0
04/10/2025 14:49:52,04/10/2025,14:49:52,"[0, 161, 0, 0, 94, 253, 1, 64, 255]",0.094,32.0
04/10/2025 14:49:53,04/10/2025,14:49:53,"[0, 161, 0, 0, 89, 253, 1, 63, 255]",0.089,31.9
04/10/2025 14:49:54,04/10/2025,14:49:54,"[0, 161, 0, 0, 0, 253, 1, 62, 255]",0.000,31.8
04/10/2025 14:49:55,04/10/2025,14:49:55,"[0, 161, 0, 0, 0, 253, 1, 62, 255]",0.000,31.8
04/10/2025 14:49:56,04/10/2025,14:49:56,"[0, 161, 0, 0, 0, 253, 1, 63, 255]",0.000,31.9
04/10/2025 14:49:57,04/10/2025,14:49:57,"[0, 161, 0, 0, 16, 253, 1, 64, 255]",0.016,32.0
04/10/2025 14:49:58,04/10/2025,14:49:58,"[0, 161, 0, 2, 136, 253, 1, 65, 255]",0.648,32.1
04/10/2025 14:49:59,04/10/2025,14:49:59,"[0, 161, 0, 2, 136, 253, 1, 63, 255]",0.648,31.9
04/10/2025 14:50:00,04/10/2025,14:50:00,"[0, 161, 0, 1, 91, 253, 1, 63, 255]",0.347,31.9
04/10/2025 14:50:01,04/10/2025,14:50:01,"[0, 161, 0, 1, 138, 253, 1, 64, 255]",0.394,32.0
04/10/2025 14:50:02,04/10/2025,14:50:02,"[0, 161, 0, 2, 125, 253, 1, 62, 255]",0.637,31.8
04/10/2025 14:50:03,04/10/2025,14:50:03,"[0, 161, 0, 2, 125, 253, 1, 62, 255]",0.637,31.8
04/10/2025 14:50:04,04/10/2025,14:50:04,"[0, 161, 0, 3, 34, 253, 1, 63, 255]",0.802,31.9
04/10/2025 14:50:05,04/10/2025,14:50:05,"[0, 161, 0, 1, 241, 253, 1, 62, 255]",0.497,31.8
04/10/2025 14:50:06,04/10/2025,14:50:06,"[0, 161, 0, 0, 235, 253, 1, 62, 255]",0.235,31.8
04/10/2025 14:50:07,04/10/2025,14:50:07,"[0, 161, 0, 0, 235, 253, 1, 63, 255]",0.235,31.9
04/10/2025 14:50:08,04/10/2025,14:50:08,"[0, 161, 0, 0, 0, 253, 1, 63, 255]",0.000,31.9
04/10/2025 14:50:09,04/10/2025,14:50:09,"[0, 161, 0, 0, 0, 253, 1, 63, 255]",0.000,31.9
04/10/2025 14:50:10,04/10/2025,14:50:10,"[0, 161, 0, 0, 0, 253, 1, 63, 255]",0.000,31.9
04/10/2025 14:50:11,04/10/2025,14:50:11,"[0, 161, 0, 0, 0, 253, 1, 63, 255]",0.000,31.9
04/10/2025 14:50:12,04/10/2025,14:50:12,"[0, 161, 0, 0, 0, 253, 1, 64, 255]",0.000,32.0
04/10/2025 14:50:13,04/10/2025,14:50:13,"[0, 161, 0, 0, 218, 253, 1, 63, 255]",0.218,31.9
04/10/2025 14:50:14,04/10/2025,14:50:14,"[0, 161, 0, 1, 255, 253, 1, 62, 255]",0.511,31.8
04/10/2025 14:50:15,04/10/2025,14:50:15,"[0, 161, 0, 1, 254, 253, 1, 62, 255]",0.510,31.8
04/10/2025 14:50:16,04/10/2025,14:50:16,"[0, 161, 0, 1, 254, 253, 1, 62, 255]",0.510,31.8
04/10/2025 14:50:17,04/10/2025,14:50:17,"[0, 161, 0, 3, 25, 253, 1, 61, 255]",0.793,31.7
04/10/2025 14:50:18,04/10/2025,14:50:18,"[0, 161, 0, 2, 35, 253, 1, 63, 255]",0.547,31.9
04/10/2025 14:50:19,04/10/2025,14:50:19,"[0, 161, 0, 1, 240, 253, 1, 62, 255]",0.496,31.8
04/10/2025 14:50:20,04/10/2025,14:50:20,"[0, 161, 0, 1, 240, 253, 1, 61, 255]",0.496,31.7
04/10/2025 14:50:21,04/10/2025,14:50:21,"[0, 161, 0, 0, 0, 253, 1, 62, 255]",0.000,31.8
04/10/2025 14:50:22,04/10/2025,14:50:22,"[0, 161, 0, 0, 0, 253, 1, 64, 255]",0.000,32.0
04/10/2025 14:50:23,04/10/2025,14:50:23,"[0, 161, 0, 0, 124, 253, 1, 64, 255]",0.124,32.0
04/10/2025 14:50:24,04/10/2025,14:50:24,"[0, 161, 0, 0, 124, 253, 1, 64, 255]",0.124,32.0
04/10/2025 14:50:25,04/10/2025,14:50:25,"[0, 161, 0, 0, 0, 253, 1, 61, 255]",0.000,31.7
04/10/2025 14:50:26,04/10/2025,14:50:26,"[0, 161, 0, 0, 0, 253, 1, 66, 255]",0.000,32.2
04/10/2025 14:50:27,04/10/2025,14:50:27,"[0, 161, 0, 0, 0, 253, 1, 61, 255]",0.000,31.7
04/10/2025 14:50:28,04/10/2025,14:50:28,"[0, 161, 0, 0, 0, 253, 1, 63, 255]",0.000,31.9
04/10/2025 14:50:29,04/10/2025,14:50:29,"[0, 161, 0, 1, 168, 253, 1, 62, 255]",0.424,31.8
04/10/2025 14:50:30,04/10/2025,14:50:30,"[0, 161, 0, 2, 48, 253, 1, 64, 255]",0.560,32.0
04/10/2025 14:50:31,04/10/2025,14:50:31,"[0, 161, 0, 0, 64, 253, 1, 62, 255]",0.064,31.8
04/10/2025 14:50:32,04/10/2025,14:50:32,"[0, 161, 0, 0, 64, 253, 1, 63, 255]",0.064,31.9
04/10/2025 14:50:33,04/10/2025,14:50:33,"[0, 161, 0, 0, 124, 253, 1, 63, 255]",0.124,31.9
04/10/2025 14:50:34,04/10/2025,14:50:34,"[0, 161, 0, 2, 164, 253, 1, 61, 255]",0.676,31.7
04/10/2025 14:50:35,04/10/2025,14:50:35,"[0, 161, 0, 2, 106, 253, 1, 61, 255]",0.618,31.7
04/10/2025 14:50:36,04/10/2025,14:50:36,"[0, 161, 0, 1, 86, 253, 1, 61, 255]",0.342,31.7
04/10/2025 14:50:37,04/10/2025,14:50:37,"[0, 161, 0, 1, 86, 253, 1, 61, 255]",0.342,31.7
04/10/2025 14:50:38,04/10/2025,14:50:38,"[0, 161, 0, 0, 0, 253, 1, 61, 255]",0.000,31.7
04/10/2025 14:50:39,04/10/2025,14:50:39,"[0, 161, 0, 0, 0, 253, 1, 64, 255]",0.000,32.0
04/10/2025 14:50:40,04/10/2025,14:50:40,"[0, 161, 0, 0, 0, 253, 1, 61, 255]",0.000,31.7
04/10/2025 14:50:41,04/10/2025,14:50:41,"[0, 161, 0, 0, 0, 253, 1, 63, 255]",0.000,31.9
04/10/2025 14:50:42,04/10/2025,14:50:42,"[0, 161, 0, 0, 0, 253, 1, 63, 255]",0.000,31.9
04/10/2025 14:50:43,04/10/2025,14:50:43,"[0, 161, 0, 0, 0, 253, 1, 63, 255]",0.000,31.9
04/10/2025 14:50:44,04/10/2025,14:50:44,"[0, 161, 0, 2, 121, 253, 1, 63, 255]",0.633,31.9
04/10/2025 14:50:45,04/10/2025,14:50:45,"[0, 161, 0, 2, 121, 253, 1, 63, 255]",0.633,31.9
04/10/2025 14:50:46,04/10/2025,14:50:46,"[0, 161, 0, 1, 87, 253, 1, 65, 255]",0.343,32.1
04/10/2025 14:50:47,04/10/2025,14:50:47,"[0, 161, 0, 1, 156, 253, 1, 63, 255]",0.412,31.9
04/10/2025 14:50:48,04/10/2025,14:50:48,"[0, 161, 0, 2, 46, 253, 1, 63, 255]",0.558,31.9
04/10/2025 14:50:49,04/10/2025,14:50:49,"[0, 161, 0, 2, 46, 253, 1, 62, 255]",0.558,31.8
04/10/2025 14:50:50,04/10/2025,14:50:50,"[0, 161, 0, 2, 223, 253, 1, 62, 255]",0.735,31.8
04/10/2025 14:50:51,04/10/2025,14:50:51,"[0, 161, 0, 0, 81, 253, 1, 63, 255]",0.081,31.9
04/10/2025 14:50:52,04/10/2025,14:50:52,"[0, 161, 0, 0, 0, 253, 1, 63, 255]",0.000,31.9
04/10/2025 14:50:53,04/10/2025,14:50:53,"[0, 161, 0, 0, 29, 253, 1, 62, 255]",0.029,31.8
04/10/2025 14:50:54,04/10/2025,14:50:54,"[0, 161, 0, 0, 29, 253, 1, 62, 255]",0.029,31.8
04/10/2025 14:50:55,04/10/2025,14:50:55,"[0, 161, 0, 0, 0, 253, 1, 62, 255]",0.000,31.8
04/10/2025 14:50:56,04/10/2025,14:50:56,"[0, 161, 0, 0, 0, 253, 1, 62, 255]",0.000,31.8
04/10/2025 14:50:57,04/10/2025,14:50:57,"[0, 161, 0, 0, 0, 253, 1, 62, 255]",0.000,31.8
04/10/2025 14:50:58,04/10/2025,14:50:58,"[0, 161, 0, 0, 0, 253, 1, 62, 255]",0.000,31.8
04/10/2025 14:50:59,04/10/2025,14:50:59,"[0, 161, 0, 0, 13, 253, 1, 64, 255]",0.013,32.0
04/10/2025 14:51:00,04/10/2025,14:51:00,"[0, 161, 0, 2, 8, 253, 1, 65, 255]",0.520,32.1
04/10/2025 14:51:01,04/10/2025,14:51:01,"[0, 161, 0, 2, 155, 253, 1, 61, 255]",0.667,31.7
04/10/2025 14:51:02,04/10/2025,14:51:02,"[0, 161, 0, 2, 155, 253, 1, 61, 255]",0.667,31.7
04/10/2025 14:51:03,04/10/2025,14:51:03,"[0, 161, 0, 1, 195, 253, 1, 62, 255]",0.451,31.8
04/10/2025 14:51:04,04/10/2025,14:51:04,"[0, 161, 0, 3, 50, 253, 1, 61, 255]",0.818,31.7
04/10/2025 14:51:05,04/10/2025,14:51:05,"[0, 161, 0, 3, 171, 253, 1, 60, 255]",0.939,31.6
04/10/2025 14:51:06,04/10/2025,14:51:06,"[0, 161, 0, 3, 171, 253, 1, 60, 255]",0.939,31.6
04/10/2025 14:51:07,04/10/2025,14:51:07,"[0, 161, 0, 1, 192, 253, 1, 60, 255]",0.448,31.6
04/10/2025 14:51:08,04/10/2025,14:51:08,"[0, 161, 0, 0, 26, 253, 1, 61, 255]",0.026,31.7
04/10/2025 14:51:09,04/10/2025,14:51:09,"[0, 161, 0, 0, 0, 253, 1, 60, 255]",0.000,31.6
04/10/2025 14:51:10,04/10/2025,14:51:10,"[0, 161, 0, 0, 0, 253, 1, 61, 255]",0.000,31.7
04/10/2025 14:51:11,04/10/2025,14:51:11,"[0, 161, 0, 0, 65, 253, 1, 61, 255]",0.065,31.7
04/10/2025 14:51:12,04/10/2025,14:51:12,"[0, 161, 0, 0, 34, 253, 1, 61, 255]",0.034,31.7
04/10/2025 14:51:13,04/10/2025,14:51:13,"[0, 161, 0, 0, 0, 253, 1, 60, 255]",0.000,31.6
04/10/2025 14:51:14,04/10/2025,14:51:14,"[0, 161, 0, 0, 0, 253, 1, 63, 255]",0.000,31.9
04/10/2025 14:51:15,04/10/2025,14:51:15,"[0, 161, 0, 1, 69, 253, 1, 61, 255]",0.325,31.7
04/10/2025 14:51:16,04/10/2025,14:51:16,"[0, 161, 0, 3, 148, 253, 1, 61, 255]",0.916,31.7
04/10/2025 14:51:17,04/10/2025,14:51:17,"[0, 161, 0, 1, 156, 253, 1, 59, 255]",0.412,31.5
04/10/2025 14:51:18,04/10/2025,14:51:18,"[0, 161, 0, 0, 227, 253, 1, 61, 255]",0.227,31.7
04/10/2025 14:51:19,04/10/2025,14:51:19,"[0, 161, 0, 0, 227, 253, 1, 61, 255]",0.227,31.7
04/10/2025 14:51:20,04/10/2025,14:51:20,"[0, 161, 0, 2, 208, 253, 1, 61, 255]",0.720,31.7
04/10/2025 14:51:21,04/10/2025,14:51:21,"[0, 161, 0, 1, 94, 253, 1, 61, 255]",0.350,31.7
04/10/2025 14:51:22,04/10/2025,14:51:22,"[0, 161, 0, 0, 211, 253, 1, 62, 255]",0.211,31.8
04/10/2025 14:51:23,04/10/2025,14:51:23,"[0, 161, 0, 0, 211, 253, 1, 63, 255]",0.211,31.9
04/10/2025 14:51:24,04/10/2025,14:51:24,"[0, 161, 0, 0, 205, 253, 1, 61, 255]",0.205,31.7
04/10/2025 14:51:25,04/10/2025,14:51:25,"[0, 161, 0, 1, 74, 253, 1, 63, 255]",0.330,31.9
04/10/2025 14:51:26,04/10/2025,14:51:26,"[0, 161, 0, 1, 22, 253, 1, 61, 255]",0.278,31.7
04/10/2025 14:51:27,04/10/2025,14:51:27,"[0, 161, 0, 1, 22, 253, 1, 63, 255]",0.278,31.9
04/10/2025 14:51:28,04/10/2025,14:51:28,"[0, 161, 0, 0, 16, 253, 1, 62, 255]",0.016,31.8
04/10/2025 14:51:29,04/10/2025,14:51:29,"[0, 161, 0, 0, 0, 253, 1, 60, 255]",0.000,31.6
04/10/2025 14:51:30,04/10/2025,14:51:30,"[0, 161, 0, 1, 9, 253, 1, 59, 255]",0.265,31.5
04/10/2025 14:51:31,04/10/2025,14:51:31,"[0, 161, 0, 1, 9, 253, 1, 63, 255]",0.265,31.9
04/10/2025 14:51:32,04/10/2025,14:51:32,"[0, 161, 0, 3, 133, 253, 1, 61, 255]",0.901,31.7
04/10/2025 14:51:33,04/10/2025,14:51:33,"[0, 161, 0, 0, 227, 253, 1, 61, 255]",0.227,31.7
04/10/2025 14:51:34,04/10/2025,14:51:34,"[0, 161, 0, 0, 168, 253, 1, 64, 255]",0.168,32.0
04/10/2025 14:51:35,04/10/2025,14:51:35,"[0, 161, 0, 0, 168, 253, 1, 59, 255]",0.168,31.5
04/10/2025 14:51:36,04/10/2025,14:51:36,"[0, 161, 0, 3, 135, 253, 1, 61, 255]",0.903,31.7
04/10/2025 14:51:37,04/10/2025,14:51:37,"[0, 161, 0, 1, 170, 253, 1, 60, 255]",0.426,31.6
04/10/2025 14:51:38,04/10/2025,14:51:38,"[0, 161, 0, 0, 85, 253, 1, 60, 255]",0.085,31.6
04/10/2025 14:51:39,04/10/2025,14:51:39,"[0, 161, 0, 0, 0, 253, 1, 61, 255]",0.000,31.7
04/10/2025 14:51:40,04/10/2025,14:51:40,"[0, 161, 0, 0, 0, 253, 1, 61, 255]",0.000,31.7
04/10/2025 14:51:41,04/10/2025,14:51:41,"[0, 161, 0, 0, 0, 253, 1, 61, 255]",0.000,31.7
04/10/2025 14:51:42,04/10/2025,14:51:42,"[0, 161, 0, 0, 0, 253, 1, 62, 255]",0.000,31.8
04/10/2025 14:51:43,04/10/2025,14:51:43,"[0, 161, 0, 0, 0, 253, 1, 61, 255]",0.000,31.7
04/10/2025 14:51:44,04/10/2025,14:51:44,"[0, 161, 0, 0, 0, 253, 1, 59, 255]",0.000,31.5
04/10/2025 14:51:45,04/10/2025,14:51:45,"[0, 161, 0, 0, 0, 253, 1, 62, 255]",0.000,31.8
04/10/2025 14:51:46,04/10/2025,14:51:46,"[0, 161, 0, 1, 236, 253, 1, 64, 255]",0.492,32.0
04/10/2025 14:51:47,04/10/2025,14:51:47,"[0, 161, 0, 1, 167, 253, 1, 62, 255]",0.423,31.8
04/10/2025 14:51:48,04/10/2025,14:51:48,"[0, 161, 0, 1, 167, 253, 1, 59, 255]",0.423,31.5
04/10/2025 14:51:49,04/10/2025,14:51:49,"[0, 161, 0, 1, 82, 253, 1, 60, 255]",0.338,31.6
04/10/2025 14:51:50,04/10/2025,14:51:50,"[0, 161, 0, 1, 31, 253, 1, 60, 255]",0.287,31.6
04/10/2025 14:51:51,04/10/2025,14:51:51,"[0, 161, 0, 3, 35, 253, 1, 61, 255]",0.803,31.7
04/10/2025 14:51:52,04/10/2025,14:51:52,"[0, 161, 0, 3, 35, 253, 1, 61, 255]",0.803,31.7
04/10/2025 14:51:53,04/10/2025,14:51:53,"[0, 161, 0, 1, 119, 253, 1, 62, 255]",0.375,31.8
04/10/2025 14:51:54,04/10/2025,14:51:54,"[0, 161, 0, 0, 0, 253, 1, 60, 255]",0.000,31.6
04/10/2025 14:51:55,04/10/2025,14:51:55,"[0, 161, 0, 0, 0, 253, 1, 61, 255]",0.000,31.7
04/10/2025 14:51:56,04/10/2025,14:51:56,"[0, 161, 0, 0, 0, 253, 1, 59, 255]",0.000,31.5
04/10/2025 14:51:57,04/10/2025,14:51:57,"[0, 161, 0, 0, 0, 253, 1, 61, 255]",0.000,31.7
04/10/2025 14:51:58,04/10/2025,14:51:58,"[0, 161, 0, 0, 0, 253, 1, 60, 255]",0.000,31.6
04/10/2025 14:51:59,04/10/2025,14:51:59,"[0, 161, 0, 0, 0, 253, 1, 62, 255]",0.000,31.8
04/10/2025 14:52:00,04/10/2025,14:52:00,"[0, 161, 0, 0, 0, 253, 1, 60, 255]",0.000,31.6
04/10/2025 14:52:01,04/10/2025,14:52:01,"[0, 161, 0, 0, 0, 253, 1, 60, 255]",0.000,31.6
04/10/2025 14:52:02,04/10/2025,14:52:02,"[0, 161, 0, 2, 110, 253, 1, 61, 255]",0.622,31.7
04/10/2025 14:52:03,04/10/2025,14:52:03,"[0, 161, 0, 2, 9, 253, 1, 59, 255]",0.521,31.5
04/10/2025 14:52:04,04/10/2025,14:52:04,"[0, 161, 0, 0, 129, 253, 1, 60, 255]",0.129,31.6
04/10/2025 14:52:05,04/10/2025,14:52:05,"[0, 161, 0, 0, 129, 253, 1, 61, 255]",0.129,31.7
04/10/2025 14:52:06,04/10/2025,14:52:06,"[0, 161, 0, 1, 100, 253, 1, 61, 255]",0.356,31.7
04/10/2025 14:52:07,04/10/2025,14:52:07,"[0, 161, 0, 3, 103, 253, 1, 60, 255]",0.871,31.6
04/10/2025 14:52:08,04/10/2025,14:52:08,"[0, 161, 0, 1, 87, 253, 1, 61, 255]",0.343,31.7
04/10/2025 14:52:09,04/10/2025,14:52:09,"[0, 161, 0, 1, 87, 253, 1, 60, 255]",0.343,31.6
04/10/2025 14:52:10,04/10/2025,14:52:10,"[0, 161, 0, 0, 214, 253, 1, 59, 255]",0.214,31.5
04/10/2025 14:52:11,04/10/2025,14:52:11,"[0, 161, 0, 0, 34, 253, 1, 61, 255]",0.034,31.7
04/10/2025 14:52:12,04/10/2025,14:52:12,"[0, 161, 0, 0, 155, 253, 1, 62, 255]",0.155,31.8
04/10/2025 14:52:13,04/10/2025,14:52:13,"[0, 161, 0, 0, 155, 253, 1, 61, 255]",0.155,31.7
04/10/2025 14:52:14,04/10/2025,14:52:14,"[0, 161, 0, 0, 0, 253, 1, 60, 255]",0.000,31.6
04/10/2025 14:52:15,04/10/2025,14:52:15,"[0, 161, 0, 0, 0, 253, 1, 60, 255]",0.000,31.6
04/10/2025 14:52:16,04/10/2025,14:52:16,"[0, 161, 0, 0, 136, 253, 1, 60, 255]",0.136,31.6
04/10/2025 14:52:17,04/10/2025,14:52:17,"[0, 161, 0, 0, 136, 253, 1, 61, 255]",0.136,31.7
04/10/2025 14:52:18,04/10/2025,14:52:18,"[0, 161, 0, 2, 82, 253, 1, 61, 255]",0.594,31.7
04/10/2025 14:52:19,04/10/2025,14:52:19,"[0, 161, 0, 1, 41, 253, 1, 60, 255]",0.297,31.6
04/10/2025 14:52:20,04/10/2025,14:52:20,"[0, 161, 0, 1, 135, 253, 1, 59, 255]",0.391,31.5
04/10/2025 14:52:21,04/10/2025,14:52:21,"[0, 161, 0, 4, 0, 253, 1, 59, 255]",1.024,31.5
04/10/2025 14:52:22,04/10/2025,14:52:22,"[0, 161, 0, 4, 0, 253, 1, 59, 255]",1.024,31.5
04/10/2025 14:52:23,04/10/2025,14:52:23,"[0, 161, 0, 3, 59, 253, 1, 59, 255]",0.827,31.5
04/10/2025 14:52:24,04/10/2025,14:52:24,"[0, 161, 0, 1, 189, 253, 1, 59, 255]",0.445,31.5
04/10/2025 14:52:25,04/10/2025,14:52:25,"[0, 161, 0, 0, 0, 253, 1, 59, 255]",0.000,31.5
04/10/2025 14:52:26,04/10/2025,14:52:26,"[0, 161, 0, 0, 0, 253, 1, 61, 255]",0.000,31.7
04/10/2025 14:52:27,04/10/2025,14:52:27,"[0, 161, 0, 0, 0, 253, 1, 58, 255]",0.000,31.4
04/10/2025 14:52:28,04/10/2025,14:52:28,"[0, 161, 0, 0, 0, 253, 1, 59, 255]",0.000,31.5
04/10/2025 14:52:29,04/10/2025,14:52:29,"[0, 161, 0, 0, 0, 253, 1, 60, 255]",0.000,31.6
04/10/2025 14:52:30,04/10/2025,14:52:30,"[0, 161, 0, 0, 0, 253, 1, 59, 255]",0.000,31.5
04/10/2025 14:52:31,04/10/2025,14:52:31,"[0, 161, 0, 0, 0, 253, 1, 63, 255]",0.000,31.9
04/10/2025 14:52:32,04/10/2025,14:52:32,"[0, 161, 0, 0, 0, 253, 1, 59, 255]",0.000,31.5
04/10/2025 14:52:33,04/10/2025,14:52:33,"[0, 161, 0, 1, 50, 253, 1, 59, 255]",0.306,31.5
04/10/2025 14:52:34,04/10/2025,14:52:34,"[0, 161, 0, 1, 50, 253, 1, 60, 255]",0.306,31.6
04/10/2025 14:52:35,04/10/2025,14:52:35,"[0, 161, 0, 1, 46, 253, 1, 59, 255]",0.302,31.5
04/10/2025 14:52:36,04/10/2025,14:52:36,"[0, 161, 0, 2, 209, 253, 1, 60, 255]",0.721,31.6
04/10/2025 14:52:37,04/10/2025,14:52:37,"[0, 161, 0, 3, 126, 253, 1, 59, 255]",0.894,31.5
04/10/2025 14:52:38,04/10/2025,14:52:38,"[0, 161, 0, 3, 126, 253, 1, 60, 255]",0.894,31.6
04/10/2025 14:52:39,04/10/2025,14:52:39,"[0, 161, 0, 0, 245, 253, 1, 60, 255]",0.245,31.6
04/10/2025 14:52:40,04/10/2025,14:52:40,"[0, 161, 0, 0, 59, 253, 1, 59, 255]",0.059,31.5
04/10/2025 14:52:41,04/10/2025,14:52:41,"[0, 161, 0, 0, 3, 253, 1, 59, 255]",0.003,31.5
04/10/2025 14:52:42,04/10/2025,14:52:42,"[0, 161, 0, 0, 0, 253, 1, 59, 255]",0.000,31.5
04/10/2025 14:52:43,04/10/2025,14:52:43,"[0, 161, 0, 0, 0, 253, 1, 60, 255]",0.000,31.6
04/10/2025 14:52:44,04/10/2025,14:52:44,"[0, 161, 0, 0, 0, 253, 1, 60, 255]",0.000,31.6
04/10/2025 14:52:45,04/10/2025,14:52:45,"[0, 161, 0, 0, 0, 253, 1, 61, 255]",0.000,31.7
04/10/2025 14:52:46,04/10/2025,14:52:46,"[0, 161, 0, 0, 0, 253, 1, 59, 255]",0.000,31.5
04/10/2025 14:52:47,04/10/2025,14:52:47,"[0, 161, 0, 0, 0, 253, 1, 60, 255]",0.000,31.6
04/10/2025 14:52:48,04/10/2025,14:52:48,"[0, 161, 0, 3, 4, 253, 1, 59, 255]",0.772,31.5
04/10/2025 14:52:49,04/10/2025,14:52:49,"[0, 161, 0, 2, 126, 253, 1, 57, 255]",0.638,31.3
04/10/2025 14:52:50,04/10/2025,14:52:50,"[0, 161, 0, 0, 100, 253, 1, 60, 255]",0.100,31.6
04/10/2025 14:52:51,04/10/2025,14:52:51,"[0, 161, 0, 0, 100, 253, 1, 59, 255]",0.100,31.5
04/10/2025 14:52:52,04/10/2025,14:52:52,"[0, 161, 0, 3, 80, 253, 1, 59, 255]",0.848,31.5
04/10/2025 14:52:53,04/10/2025,14:52:53,"[0, 161, 0, 4, 29, 253, 1, 57, 255]",1.053,31.3
04/10/2025 14:52:54,04/10/2025,14:52:54,"[0, 161, 0, 1, 85, 253, 1, 59, 255]",0.341,31.5
04/10/2025 14:52:55,04/10/2025,14:52:55,"[0, 161, 0, 1, 85, 253, 1, 61, 255]",0.341,31.7
04/10/2025 14:52:56,04/10/2025,14:52:56,"[0, 161, 0, 0, 49, 253, 1, 61, 255]",0.049,31.7
04/10/2025 14:52:57,04/10/2025,14:52:57,"[0, 161, 0, 0, 0, 253, 1, 59, 255]",0.000,31.5
04/10/2025 14:52:58,04/10/2025,14:52:58,"[0, 161, 0, 0, 0, 253, 1, 60, 255]",0.000,31.6
04/10/2025 14:52:59,04/10/2025,14:52:59,"[0, 161, 0, 0, 0, 253, 1, 59, 255]",0.000,31.5
04/10/2025 14:53:00,04/10/2025,14:53:00,"[0, 161, 0, 0, 0, 253, 1, 60, 255]",0.000,31.6
04/10/2025 14:53:01,04/10/2025,14:53:01,"[0, 161, 0, 0, 0, 253, 1, 60, 255]",0.000,31.6
04/10/2025 14:53:02,04/10/2025,14:53:02,"[0, 161, 0, 0, 0, 253, 1, 62, 255]",0.000,31.8
04/10/2025 14:53:03,04/10/2025,14:53:03,"[0, 161, 0, 1, 9, 253, 1, 62, 255]",0.265,31.8
04/10/2025 14:53:04,04/10/2025,14:53:04,"[0, 161, 0, 1, 9, 253, 1, 59, 255]",0.265,31.5
04/10/2025 14:53:05,04/10/2025,14:53:05,"[0, 161, 0, 0, 105, 253, 1, 60, 255]",0.105,31.6
04/10/2025 14:53:06,04/10/2025,14:53:06,"[0, 161, 0, 0, 119, 253, 1, 59, 255]",0.119,31.5
04/10/2025 14:53:07,04/10/2025,14:53:07,"[0, 161, 0, 2, 67, 253, 1, 61, 255]",0.579,31.7
04/10/2025 14:53:08,04/10/2025,14:53:08,"[0, 161, 0, 2, 67, 253, 1, 61, 255]",0.579,31.7
04/10/2025 14:53:09,04/10/2025,14:53:09,"[0, 161, 0, 3, 6, 253, 1, 58, 255]",0.774,31.4
04/10/2025 14:53:10,04/10/2025,14:53:10,"[0, 161, 0, 1, 200, 253, 1, 60, 255]",0.456,31.6
04/10/2025 14:53:11,04/10/2025,14:53:11,"[0, 161, 0, 0, 136, 253, 1, 61, 255]",0.136,31.7
04/10/2025 14:53:12,04/10/2025,14:53:12,"[0, 161, 0, 0, 136, 253, 1, 59, 255]",0.136,31.5
04/10/2025 14:53:13,04/10/2025,14:53:13,"[0, 161, 0, 0, 0, 253, 1, 59, 255]",0.000,31.5
04/10/2025 14:53:14,04/10/2025,14:53:14,"[0, 161, 0, 0, 0, 253, 1, 60, 255]",0.000,31.6
04/10/2025 14:53:15,04/10/2025,14:53:15,"[0, 161, 0, 0, 0, 253, 1, 59, 255]",0.000,31.5
04/10/2025 14:53:16,04/10/2025,14:53:16,"[0, 161, 0, 0, 0, 253, 1, 59, 255]",0.000,31.5
04/10/2025 14:53:17,04/10/2025,14:53:17,"[0, 161, 0, 0, 0, 253, 1, 61, 255]",0.000,31.7
04/10/2025 14:53:18,04/10/2025,14:53:18,"[0, 161, 0, 0, 0, 253, 1, 59, 255]",0.000,31.5
04/10/2025 14:53:19,04/10/2025,14:53:19,"[0, 161, 0, 0, 113, 253, 1, 62, 255]",0.113,31.8
04/10/2025 14:53:20,04/10/2025,14:53:20,"[0, 161, 0, 0, 113, 253, 1, 60, 255]",0.113,31.6
04/10/2025 14:53:21,04/10/2025,14:53:21,"[0, 161, 0, 1, 150, 253, 1, 62, 255]",0.406,31.8
04/10/2025 14:53:22,04/10/2025,14:53:22,"[0, 161, 0, 0, 0, 253, 1, 61, 255]",0.000,31.7
04/10/2025 14:53:23,04/10/2025,14:53:23,"[0, 161, 0, 2, 252, 253, 1, 60, 255]",0.764,31.6
04/10/2025 14:53:24,04/10/2025,14:53:24,"[0, 161, 0, 1, 78, 253, 1, 60, 255]",0.334,31.6
04/10/2025 14:53:25,04/10/2025,14:53:25,"[0, 161, 0, 1, 78, 253, 1, 60, 255]",0.334,31.6
04/10/2025 14:53:26,04/10/2025,14:53:26,"[0, 161, 0, 0, 0, 253, 1, 59, 255]",0.000,31.5
04/10/2025 14:53:27,04/10/2025,14:53:27,"[0, 161, 0, 0, 9, 253, 1, 59, 255]",0.009,31.5
04/10/2025 14:53:28,04/10/2025,14:53:28,"[0, 161, 0, 0, 0, 253, 1, 59, 255]",0.000,31.5
04/10/2025 14:53:29,04/10/2025,14:53:29,"[0, 161, 0, 0, 0, 253, 1, 60, 255]",0.000,31.6
04/10/2025 14:53:30,04/10/2025,14:53:30,"[0, 161, 0, 0, 0, 253, 1, 59, 255]",0.000,31.5
04/10/2025 14:53:31,04/10/2025,14:53:31,"[0, 161, 0, 0, 208, 253, 1, 62, 255]",0.208,31.8
04/10/2025 14:53:32,04/10/2025,14:53:32,"[0, 161, 0, 0, 0, 253, 1, 59, 255]",0.000,31.5
04/10/2025 14:53:33,04/10/2025,14:53:33,"[0, 161, 0, 0, 0, 253, 1, 60, 255]",0.000,31.6
04/10/2025 14:53:34,04/10/2025,14:53:34,"[0, 161, 0, 0, 0, 253, 1, 62, 255]",0.000,31.8
04/10/2025 14:53:35,04/10/2025,14:53:35,"[0, 161, 0, 1, 31, 253, 1, 61, 255]",0.287,31.7
04/10/2025 14:53:36,04/10/2025,14:53:36,"[0, 161, 0, 2, 234, 253, 1, 59, 255]",0.746,31.5
04/10/2025 14:53:37,04/10/2025,14:53:37,"[0, 161, 0, 2, 234, 253, 1, 59, 255]",0.746,31.5
04/10/2025 14:53:38,04/10/2025,14:53:38,"[0, 161, 0, 2, 29, 253, 1, 58, 255]",0.541,31.4
04/10/2025 14:53:39,04/10/2025,14:53:39,"[0, 161, 0, 4, 126, 253, 1, 59, 255]",1.150,31.5
04/10/2025 14:53:40,04/10/2025,14:53:40,"[0, 161, 0, 3, 106, 253, 1, 61, 255]",0.874,31.7
04/10/2025 14:53:41,04/10/2025,14:53:41,"[0, 161, 0, 3, 106, 253, 1, 57, 255]",0.874,31.3
04/10/2025 14:53:42,04/10/2025,14:53:42,"[0, 161, 0, 2, 111, 253, 1, 61, 255]",0.623,31.7
04/10/2025 14:53:43,04/10/2025,14:53:43,"[0, 161, 0, 0, 56, 253, 1, 58, 255]",0.056,31.4
04/10/2025 14:53:44,04/10/2025,14:53:44,"[0, 161, 0, 0, 146, 253, 1, 61, 255]",0.146,31.7
04/10/2025 14:53:45,04/10/2025,14:53:45,"[0, 161, 0, 0, 146, 253, 1, 61, 255]",0.146,31.7
04/10/2025 14:53:46,04/10/2025,14:53:46,"[0, 161, 0, 0, 0, 253, 1, 58, 255]",0.000,31.4
04/10/2025 14:53:47,04/10/2025,14:53:47,"[0, 161, 0, 0, 0, 253, 1, 59, 255]",0.000,31.5
04/10/2025 14:53:48,04/10/2025,14:53:48,"[0, 161, 0, 0, 0, 253, 1, 58, 255]",0.000,31.4
04/10/2025 14:53:49,04/10/2025,14:53:49,"[0, 161, 0, 1, 189, 253, 1, 61, 255]",0.445,31.7
04/10/2025 14:53:50,04/10/2025,14:53:50,"[0, 161, 0, 1, 189, 253, 1, 59, 255]",0.445,31.5
04/10/2025 14:53:51,04/10/2025,14:53:51,"[0, 161, 0, 1, 158, 253, 1, 58, 255]",0.414,31.4
04/10/2025 14:53:52,04/10/2025,14:53:52,"[0, 161, 0, 0, 0, 253, 1, 59, 255]",0.000,31.5
04/10/2025 14:53:53,04/10/2025,14:53:53,"[0, 161, 0, 2, 28, 253, 1, 60, 255]",0.540,31.6
04/10/2025 14:53:54,04/10/2025,14:53:54,"[0, 161, 0, 2, 28, 253, 1, 57, 255]",0.540,31.3
04/10/2025 14:53:55,04/10/2025,14:53:55,"[0, 161, 0, 2, 243, 253, 1, 56, 255]",0.755,31.2
04/10/2025 14:53:56,04/10/2025,14:53:56,"[0, 161, 0, 1, 55, 253, 1, 58, 255]",0.311,31.4
04/10/2025 14:53:57,04/10/2025,14:53:57,"[0, 161, 0, 0, 231, 253, 1, 58, 255]",0.231,31.4
04/10/2025 14:53:58,04/10/2025,14:53:58,"[0, 161, 0, 0, 231, 253, 1, 58, 255]",0.231,31.4
04/10/2025 14:53:59,04/10/2025,14:53:59,"[0, 161, 0, 0, 0, 253, 1, 60, 255]",0.000,31.6
04/10/2025 14:54:00,04/10/2025,14:54:00,"[0, 161, 0, 0, 0, 253, 1, 59, 255]",0.000,31.5
04/10/2025 14:54:01,04/10/2025,14:54:01,"[0, 161, 0, 0, 0, 253, 1, 58, 255]",0.000,31.4
04/10/2025 14:54:02,04/10/2025,14:54:02,"[0, 161, 0, 0, 0, 253, 1, 58, 255]",0.000,31.4
04/10/2025 14:54:03,04/10/2025,14:54:03,"[0, 161, 0, 0, 0, 253, 1, 59, 255]",0.000,31.5
04/10/2025 14:54:04,04/10/2025,14:54:04,"[0, 161, 0, 0, 0, 253, 1, 59, 255]",0.000,31.5
04/10/2025 14:54:05,04/10/2025,14:54:05,"[0, 161, 0, 0, 134, 253, 1, 59, 255]",0.134,31.5
04/10/2025 14:54:06,04/10/2025,14:54:06,"[0, 161, 0, 0, 134, 253, 1, 59, 255]",0.134,31.5
04/10/2025 14:54:07,04/10/2025,14:54:07,"[0, 161, 0, 0, 112, 253, 1, 61, 255]",0.112,31.7
04/10/2025 14:54:08,04/10/2025,14:54:08,"[0, 161, 0, 0, 190, 253, 1, 58, 255]",0.190,31.4
04/10/2025 14:54:09,04/10/2025,14:54:09,"[0, 161, 0, 1, 30, 253, 1, 58, 255]",0.286,31.4
04/10/2025 14:54:10,04/10/2025,14:54:10,"[0, 161, 0, 3, 30, 253, 1, 57, 255]",0.798,31.3
04/10/2025 14:54:11,04/10/2025,14:54:11,"[0, 161, 0, 3, 30, 253, 1, 58, 255]",0.798,31.4
04/10/2025 14:54:12,04/10/2025,14:54:12,"[0, 161, 0, 0, 240, 253, 1, 59, 255]",0.240,31.5
04/10/2025 14:54:13,04/10/2025,14:54:13,"[0, 161, 0, 0, 142, 253, 1, 59, 255]",0.142,31.5
04/10/2025 14:54:14,04/10/2025,14:54:14,"[0, 161, 0, 0, 0, 253, 1, 59, 255]",0.000,31.5
04/10/2025 14:54:15,04/10/2025,14:54:15,"[0, 161, 0, 0, 0, 253, 1, 59, 255]",0.000,31.5
04/10/2025 14:54:16,04/10/2025,14:54:16,"[0, 161, 0, 0, 0, 253, 1, 60, 255]",0.000,31.6
04/10/2025 14:54:17,04/10/2025,14:54:17,"[0, 161, 0, 0, 0, 253, 1, 59, 255]",0.000,31.5
04/10/2025 14:54:18,04/10/2025,14:54:18,"[0, 161, 0, 0, 0, 253, 1, 59, 255]",0.000,31.5
04/10/2025 14:54:19,04/10/2025,14:54:19,"[0, 161, 0, 0, 0, 253, 1, 59, 255]",0.000,31.5
04/10/2025 14:54:20,04/10/2025,14:54:20,"[0, 161, 0, 0, 167, 253, 1, 57, 255]",0.167,31.3
04/10/2025 14:54:21,04/10/2025,14:54:21,"[0, 161, 0, 2, 236, 253, 1, 56, 255]",0.748,31.2
04/10/2025 14:54:22,04/10/2025,14:54:22,"[0, 161, 0, 2, 82, 253, 1, 60, 255]",0.594,31.6
04/10/2025 14:54:23,04/10/2025,14:54:23,"[0, 161, 0, 2, 82, 253, 1, 59, 255]",0.594,31.5
04/10/2025 14:54:24,04/10/2025,14:54:24,"[0, 161, 0, 0, 141, 253, 1, 59, 255]",0.141,31.5
04/10/2025 14:54:25,04/10/2025,14:54:25,"[0, 161, 0, 3, 32, 253, 1, 58, 255]",0.800,31.4
04/10/2025 14:54:26,04/10/2025,14:54:26,"[0, 161, 0, 3, 98, 253, 1, 58, 255]",0.866,31.4
04/10/2025 14:54:27,04/10/2025,14:54:27,"[0, 161, 0, 3, 98, 253, 1, 59, 255]",0.866,31.5
04/10/2025 14:54:28,04/10/2025,14:54:28,"[0, 161, 0, 0, 218, 253, 1, 60, 255]",0.218,31.6
04/10/2025 14:54:29,04/10/2025,14:54:29,"[0, 161, 0, 0, 60, 253, 1, 59, 255]",0.060,31.5
04/10/2025 14:54:30,04/10/2025,14:54:30,"[0, 161, 0, 0, 53, 253, 1, 60, 255]",0.053,31.6
04/10/2025 14:54:31,04/10/2025,14:54:31,"[0, 161, 0, 0, 66, 253, 1, 58, 255]",0.066,31.4
04/10/2025 14:54:32,04/10/2025,14:54:32,"[0, 161, 0, 0, 66, 253, 1, 60, 255]",0.066,31.6
04/10/2025 14:54:33,04/10/2025,14:54:33,"[0, 161, 0, 0, 122, 253, 1, 60, 255]",0.122,31.6
04/10/2025 14:54:34,04/10/2025,14:54:34,"[0, 161, 0, 0, 0, 253, 1, 59, 255]",0.000,31.5
04/10/2025 14:54:35,04/10/2025,14:54:35,"[0, 161, 0, 0, 0, 253, 1, 58, 255]",0.000,31.4
04/10/2025 14:54:36,04/10/2025,14:54:36,"[0, 161, 0, 0, 0, 253, 1, 60, 255]",0.000,31.6
04/10/2025 14:54:37,04/10/2025,14:54:37,"[0, 161, 0, 0, 166, 253, 1, 60, 255]",0.166,31.6
04/10/2025 14:54:38,04/10/2025,14:54:38,"[0, 161, 0, 1, 248, 253, 1, 58, 255]",0.504,31.4
04/10/2025 14:54:39,04/10/2025,14:54:39,"[0, 161, 0, 1, 71, 253, 1, 58, 255]",0.327,31.4
04/10/2025 14:54:40,04/10/2025,14:54:40,"[0, 161, 0, 1, 71, 253, 1, 56, 255]",0.327,31.2
04/10/2025 14:54:41,04/10/2025,14:54:41,"[0, 161, 0, 3, 234, 253, 1, 56, 255]",1.002,31.2
04/10/2025 14:54:42,04/10/2025,14:54:42,"[0, 161, 0, 2, 106, 253, 1, 59, 255]",0.618,31.5
04/10/2025 14:54:43,04/10/2025,14:54:43,"[0, 161, 0, 1, 201, 253, 1, 59, 255]",0.457,31.5
04/10/2025 14:54:44,04/10/2025,14:54:44,"[0, 161, 0, 1, 201, 253, 1, 59, 255]",0.457,31.5
04/10/2025 14:54:45,04/10/2025,14:54:45,"[0, 161, 0, 1, 89, 253, 1, 57, 255]",0.345,31.3
04/10/2025 14:54:46,04/10/2025,14:54:46,"[0, 161, 0, 0, 131, 253, 1, 58, 255]",0.131,31.4
04/10/2025 14:54:47,04/10/2025,14:54:47,"[0, 161, 0, 0, 76, 253, 1, 58, 255]",0.076,31.4
04/10/2025 14:54:48,04/10/2025,14:54:48,"[0, 161, 0, 0, 76, 253, 1, 57, 255]",0.076,31.3
04/10/2025 14:54:49,04/10/2025,14:54:49,"[0, 161, 0, 0, 62, 253, 1, 59, 255]",0.062,31.5
04/10/2025 14:54:50,04/10/2025,14:54:50,"[0, 161, 0, 0, 0, 253, 1, 59, 255]",0.000,31.5
04/10/2025 14:54:51,04/10/2025,14:54:51,"[0, 161, 0, 0, 53, 253, 1, 60, 255]",0.053,31.6
04/10/2025 14:54:52,04/10/2025,14:54:52,"[0, 161, 0, 1, 34, 253, 1, 62, 255]",0.290,31.8
04/10/2025 14:54:53,04/10/2025,14:54:53,"[0, 161, 0, 1, 34, 253, 1, 58, 255]",0.290,31.4
04/10/2025 14:54:54,04/10/2025,14:54:54,"[0, 161, 0, 2, 20, 253, 1, 58, 255]",0.532,31.4
04/10/2025 14:54:55,04/10/2025,14:54:55,"[0, 161, 0, 1, 65, 253, 1, 58, 255]",0.321,31.4
04/10/2025 14:54:56,04/10/2025,14:54:56,"[0, 161, 0, 3, 103, 253, 1, 59, 255]",0.871,31.5
04/10/2025 14:54:57,04/10/2025,14:54:57,"[0, 161, 0, 3, 103, 253, 1, 58, 255]",0.871,31.4
04/10/2025 14:54:58,04/10/2025,14:54:58,"[0, 161, 0, 1, 226, 253, 1, 59, 255]",0.482,31.5
04/10/2025 14:54:59,04/10/2025,14:54:59,"[0, 161, 0, 1, 86, 253, 1, 57, 255]",0.342,31.3
04/10/2025 14:55:00,04/10/2025,14:55:00,"[0, 161, 0, 0, 35, 253, 1, 56, 255]",0.035,31.2
04/10/2025 14:55:01,04/10/2025,14:55:01,"[0, 161, 0, 0, 35, 253, 1, 60, 255]",0.035,31.6
04/10/2025 14:55:02,04/10/2025,14:55:02,"[0, 161, 0, 0, 56, 253, 1, 58, 255]",0.056,31.4
04/10/2025 14:55:03,04/10/2025,14:55:03,"[0, 161, 0, 0, 0, 253, 1, 58, 255]",0.000,31.4
04/10/2025 14:55:04,04/10/2025,14:55:04,"[0, 161, 0, 0, 0, 253, 1, 58, 255]",0.000,31.4
04/10/2025 14:55:05,04/10/2025,14:55:05,"[0, 161, 0, 0, 0, 253, 1, 56, 255]",0.000,31.2
04/10/2025 14:55:06,04/10/2025,14:55:06,"[0, 161, 0, 0, 0, 253, 1, 58, 255]",0.000,31.4
04/10/2025 14:55:07,04/10/2025,14:55:07,"[0, 161, 0, 0, 157, 253, 1, 58, 255]",0.157,31.4
04/10/2025 14:55:08,04/10/2025,14:55:08,"[0, 161, 0, 3, 24, 253, 1, 58, 255]",0.792,31.4
04/10/2025 14:55:09,04/10/2025,14:55:09,"[0, 161, 0, 3, 24, 253, 1, 59, 255]",0.792,31.5
04/10/2025 14:55:10,04/10/2025,14:55:10,"[0, 161, 0, 1, 138, 253, 1, 59, 255]",0.394,31.5
04/10/2025 14:55:11,04/10/2025,14:55:11,"[0, 161, 0, 0, 93, 253, 1, 58, 255]",0.093,31.4
04/10/2025 14:55:12,04/10/2025,14:55:12,"[0, 161, 0, 3, 195, 253, 1, 55, 255]",0.963,31.1
04/10/2025 14:55:13,04/10/2025,14:55:13,"[0, 161, 0, 2, 1, 253, 1, 58, 255]",0.513,31.4
04/10/2025 14:55:14,04/10/2025,14:55:14,"[0, 161, 0, 2, 1, 253, 1, 57, 255]",0.513,31.3
04/10/2025 14:55:15,04/10/2025,14:55:15,"[0, 161, 0, 0, 0, 253, 1, 58, 255]",0.000,31.4
04/10/2025 14:55:16,04/10/2025,14:55:16,"[0, 161, 0, 0, 125, 253, 1, 58, 255]",0.125,31.4
04/10/2025 14:55:17,04/10/2025,14:55:17,"[0, 161, 0, 0, 162, 253, 1, 56, 255]",0.162,31.2
04/10/2025 14:55:18,04/10/2025,14:55:18,"[0, 161, 0, 0, 162, 253, 1, 59, 255]",0.162,31.5
04/10/2025 14:55:19,04/10/2025,14:55:19,"[0, 161, 0, 0, 51, 253, 1, 58, 255]",0.051,31.4
04/10/2025 14:55:20,04/10/2025,14:55:20,"[0, 161, 0, 0, 0, 253, 1, 57, 255]",0.000,31.3
04/10/2025 14:55:21,04/10/2025,14:55:21,"[0, 161, 0, 0, 0, 253, 1, 59, 255]",0.000,31.5
04/10/2025 14:55:22,04/10/2025,14:55:22,"[0, 161, 0, 0, 0, 253, 1, 61, 255]",0.000,31.7
04/10/2025 14:55:23,04/10/2025,14:55:23,"[0, 161, 0, 0, 99, 253, 1, 60, 255]",0.099,31.6
04/10/2025 14:55:24,04/10/2025,14:55:24,"[0, 161, 0, 2, 8, 253, 1, 58, 255]",0.520,31.4
04/10/2025 14:55:25,04/10/2025,14:55:25,"[0, 161, 0, 0, 142, 253, 1, 60, 255]",0.142,31.6
04/10/2025 14:55:26,04/10/2025,14:55:26,"[0, 161, 0, 0, 142, 253, 1, 57, 255]",0.142,31.3
04/10/2025 14:55:27,04/10/2025,14:55:27,"[0, 161, 0, 1, 208, 253, 1, 58, 255]",0.464,31.4
04/10/2025 14:55:28,04/10/2025,14:55:28,"[0, 161, 0, 2, 238, 253, 1, 60, 255]",0.750,31.6
04/10/2025 14:55:29,04/10/2025,14:55:29,"[0, 161, 0, 0, 204, 253, 1, 58, 255]",0.204,31.4
04/10/2025 14:55:30,04/10/2025,14:55:30,"[0, 161, 0, 0, 204, 253, 1, 58, 255]",0.204,31.4
04/10/2025 14:55:31,04/10/2025,14:55:31,"[0, 161, 0, 0, 0, 253, 1, 59, 255]",0.000,31.5
04/10/2025 14:55:32,04/10/2025,14:55:32,"[0, 161, 0, 0, 6, 253, 1, 58, 255]",0.006,31.4
04/10/2025 14:55:33,04/10/2025,14:55:33,"[0, 161, 0, 0, 0, 253, 1, 58, 255]",0.000,31.4
04/10/2025 14:55:34,04/10/2025,14:55:34,"[0, 161, 0, 0, 0, 253, 1, 57, 255]",0.000,31.3
04/10/2025 14:55:35,04/10/2025,14:55:35,"[0, 161, 0, 0, 0, 253, 1, 58, 255]",0.000,31.4
04/10/2025 14:55:36,04/10/2025,14:55:36,"[0, 161, 0, 0, 0, 253, 1, 58, 255]",0.000,31.4
04/10/2025 14:55:37,04/10/2025,14:55:37,"[0, 161, 0, 0, 0, 253, 1, 57, 255]",0.000,31.3
04/10/2025 14:55:38,04/10/2025,14:55:38,"[0, 161, 0, 1, 124, 253, 1, 62, 255]",0.380,31.8
04/10/2025 14:55:39,04/10/2025,14:55:39,"[0, 161, 0, 1, 124, 253, 1, 58, 255]",0.380,31.4
04/10/2025 14:55:40,04/10/2025,14:55:40,"[0, 161, 0, 2, 140, 253, 1, 58, 255]",0.652,31.4
04/10/2025 14:55:41,04/10/2025,14:55:41,"[0, 161, 0, 0, 221, 253, 1, 59, 255]",0.221,31.5
04/10/2025 14:55:42,04/10/2025,14:55:42,"[0, 161, 0, 1, 141, 253, 1, 60, 255]",0.397,31.6
04/10/2025 14:55:43,04/10/2025,14:55:43,"[0, 161, 0, 1, 141, 253, 1, 60, 255]",0.397,31.6
04/10/2025 14:55:44,04/10/2025,14:55:44,"[0, 161, 0, 4, 141, 253, 1, 58, 255]",1.165,31.4
04/10/2025 14:55:45,04/10/2025,14:55:45,"[0, 161, 0, 2, 249, 253, 1, 58, 255]",0.761,31.4
04/10/2025 14:55:46,04/10/2025,14:55:46,"[0, 161, 0, 1, 252, 253, 1, 57, 255]",0.508,31.3
04/10/2025 14:55:47,04/10/2025,14:55:47,"[0, 161, 0, 1, 252, 253, 1, 56, 255]",0.508,31.2
04/10/2025 14:55:48,04/10/2025,14:55:48,"[0, 161, 0, 0, 220, 253, 1, 57, 255]",0.220,31.3
04/10/2025 14:55:49,04/10/2025,14:55:49,"[0, 161, 0, 0, 0, 253, 1, 57, 255]",0.000,31.3
04/10/2025 14:55:50,04/10/2025,14:55:50,"[0, 161, 0, 0, 0, 253, 1, 57, 255]",0.000,31.3
04/10/2025 14:55:51,04/10/2025,14:55:51,"[0, 161, 0, 0, 0, 253, 1, 59, 255]",0.000,31.5
04/10/2025 14:55:52,04/10/2025,14:55:52,"[0, 161, 0, 0, 0, 253, 1, 57, 255]",0.000,31.3
04/10/2025 14:55:53,04/10/2025,14:55:53,"[0, 161, 0, 0, 123, 253, 1, 59, 255]",0.123,31.5
04/10/2025 14:55:54,04/10/2025,14:55:54,"[0, 161, 0, 3, 213, 253, 1, 58, 255]",0.981,31.4
04/10/2025 14:55:55,04/10/2025,14:55:55,"[0, 161, 0, 1, 189, 253, 1, 56, 255]",0.445,31.2
04/10/2025 14:55:56,04/10/2025,14:55:56,"[0, 161, 0, 1, 189, 253, 1, 57, 255]",0.445,31.3
04/10/2025 14:55:57,04/10/2025,14:55:57,"[0, 161, 0, 0, 201, 253, 1, 59, 255]",0.201,31.5
04/10/2025 14:55:58,04/10/2025,14:55:58,"[0, 161, 0, 2, 64, 253, 1, 57, 255]",0.576,31.3
04/10/2025 14:55:59,04/10/2025,14:55:59,"[0, 161, 0, 3, 69, 253, 1, 56, 255]",0.837,31.2
04/10/2025 14:56:00,04/10/2025,14:56:00,"[0, 161, 0, 3, 69, 253, 1, 59, 255]",0.837,31.5
04/10/2025 14:56:01,04/10/2025,14:56:01,"[0, 161, 0, 0, 240, 253, 1, 55, 255]",0.240,31.1
04/10/2025 14:56:02,04/10/2025,14:56:02,"[0, 161, 0, 1, 77, 253, 1, 58, 255]",0.333,31.4
04/10/2025 14:56:03,04/10/2025,14:56:03,"[0, 161, 0, 0, 0, 253, 1, 56, 255]",0.000,31.2
04/10/2025 14:56:04,04/10/2025,14:56:04,"[0, 161, 0, 0, 0, 253, 1, 58, 255]",0.000,31.4
04/10/2025 14:56:05,04/10/2025,14:56:05,"[0, 161, 0, 0, 0, 253, 1, 59, 255]",0.000,31.5
04/10/2025 14:56:06,04/10/2025,14:56:06,"[0, 161, 0, 0, 0, 253, 1, 57, 255]",0.000,31.3
04/10/2025 14:56:07,04/10/2025,14:56:07,"[0, 161, 0, 0, 0, 253, 1, 56, 255]",0.000,31.2
04/10/2025 14:56:08,04/10/2025,14:56:08,"[0, 161, 0, 0, 0, 253, 1, 58, 255]",0.000,31.4
04/10/2025 14:56:09,04/10/2025,14:56:09,"[0, 161, 0, 0, 0, 253, 1, 57, 255]",0.000,31.3
04/10/2025 14:56:10,04/10/2025,14:56:10,"[0, 161, 0, 3, 147, 253, 1, 57, 255]",0.915,31.3
04/10/2025 14:56:11,04/10/2025,14:56:11,"[0, 161, 0, 0, 86, 253, 1, 57, 255]",0.086,31.3
04/10/2025 14:56:12,04/10/2025,14:56:12,"[0, 161, 0, 0, 86, 253, 1, 55, 255]",0.086,31.1
04/10/2025 14:56:13,04/10/2025,14:56:13,"[0, 161, 0, 0, 57, 253, 1, 57, 255]",0.057,31.3
04/10/2025 14:56:14,04/10/2025,14:56:14,"[0, 161, 0, 2, 23, 253, 1, 58, 255]",0.535,31.4
04/10/2025 14:56:15,04/10/2025,14:56:15,"[0, 161, 0, 1, 154, 253, 1, 58, 255]",0.410,31.4
04/10/2025 14:56:16,04/10/2025,14:56:16,"[0, 161, 0, 0, 83, 253, 1, 59, 255]",0.083,31.5
04/10/2025 14:56:17,04/10/2025,14:56:17,"[0, 161, 0, 0, 83, 253, 1, 60, 255]",0.083,31.6
04/10/2025 14:56:18,04/10/2025,14:56:18,"[0, 161, 0, 0, 0, 253, 1, 57, 255]",0.000,31.3
04/10/2025 14:56:19,04/10/2025,14:56:19,"[0, 161, 0, 0, 86, 253, 1, 59, 255]",0.086,31.5
04/10/2025 14:56:20,04/10/2025,14:56:20,"[0, 161, 0, 0, 0, 253, 1, 58, 255]",0.000,31.4
04/10/2025 14:56:21,04/10/2025,14:56:21,"[0, 161, 0, 0, 0, 253, 1, 59, 255]",0.000,31.5
04/10/2025 14:56:22,04/10/2025,14:56:22,"[0, 161, 0, 0, 0, 253, 1, 60, 255]",0.000,31.6
04/10/2025 14:56:23,04/10/2025,14:56:23,"[0, 161, 0, 0, 0, 253, 1, 56, 255]",0.000,31.2
04/10/2025 14:56:24,04/10/2025,14:56:24,"[0, 161, 0, 1, 36, 253, 1, 58, 255]",0.292,31.4
04/10/2025 14:56:25,04/10/2025,14:56:25,"[0, 161, 0, 1, 36, 253, 1, 58, 255]",0.292,31.4
04/10/2025 14:56:26,04/10/2025,14:56:26,"[0, 161, 0, 2, 49, 253, 1, 58, 255]",0.561,31.4
04/10/2025 14:56:27,04/10/2025,14:56:27,"[0, 161, 0, 1, 145, 253, 1, 57, 255]",0.401,31.3
04/10/2025 14:56:28,04/10/2025,14:56:28,"[0, 161, 0, 0, 98, 253, 1, 57, 255]",0.098,31.3
04/10/2025 14:56:29,04/10/2025,14:56:29,"[0, 161, 0, 0, 98, 253, 1, 58, 255]",0.098,31.4
04/10/2025 14:56:30,04/10/2025,14:56:30,"[0, 161, 0, 2, 127, 253, 1, 59, 255]",0.639,31.5
04/10/2025 14:56:31,04/10/2025,14:56:31,"[0, 161, 0, 1, 198, 253, 1, 56, 255]",0.454,31.2
04/10/2025 14:56:32,04/10/2025,14:56:32,"[0, 161, 0, 0, 157, 253, 1, 56, 255]",0.157,31.2
04/10/2025 14:56:33,04/10/2025,14:56:33,"[0, 161, 0, 0, 157, 253, 1, 58, 255]",0.157,31.4
04/10/2025 14:56:34,04/10/2025,14:56:34,"[0, 161, 0, 0, 172, 253, 1, 58, 255]",0.172,31.4
04/10/2025 14:56:35,04/10/2025,14:56:35,"[0, 161, 0, 0, 0, 253, 1, 58, 255]",0.000,31.4
04/10/2025 14:56:36,04/10/2025,14:56:36,"[0, 161, 0, 0, 0, 253, 1, 59, 255]",0.000,31.5
04/10/2025 14:56:37,04/10/2025,14:56:37,"[0, 161, 0, 0, 0, 253, 1, 58, 255]",0.000,31.4
04/10/2025 14:56:38,04/10/2025,14:56:38,"[0, 161, 0, 0, 0, 253, 1, 59, 255]",0.000,31.5
04/10/2025 14:56:39,04/10/2025,14:56:39,"[0, 161, 0, 0, 0, 253, 1, 59, 255]",0.000,31.5
04/10/2025 14:56:40,04/10/2025,14:56:40,"[0, 161, 0, 0, 42, 253, 1, 60, 255]",0.042,31.6
04/10/2025 14:56:41,04/10/2025,14:56:41,"[0, 161, 0, 0, 238, 253, 1, 61, 255]",0.238,31.7
04/10/2025 14:56:42,04/10/2025,14:56:42,"[0, 161, 0, 0, 238, 253, 1, 58, 255]",0.238,31.4
04/10/2025 14:56:43,04/10/2025,14:56:43,"[0, 161, 0, 0, 60, 253, 1, 60, 255]",0.060,31.6
04/10/2025 14:56:44,04/10/2025,14:56:44,"[0, 161, 0, 0, 147, 253, 1, 59, 255]",0.147,31.5
04/10/2025 14:56:45,04/10/2025,14:56:45,"[0, 161, 0, 2, 238, 253, 1, 57, 255]",0.750,31.3
04/10/2025 14:56:46,04/10/2025,14:56:46,"[0, 161, 0, 2, 238, 253, 1, 60, 255]",0.750,31.6
04/10/2025 14:56:47,04/10/2025,14:56:47,"[0, 161, 0, 0, 143, 253, 1, 57, 255]",0.143,31.3
04/10/2025 14:56:48,04/10/2025,14:56:48,"[0, 161, 0, 0, 157, 253, 1, 59, 255]",0.157,31.5
04/10/2025 14:56:49,04/10/2025,14:56:49,"[0, 161, 0, 0, 0, 253, 1, 59, 255]",0.000,31.5
04/10/2025 14:56:50,04/10/2025,14:56:50,"[0, 161, 0, 0, 0, 253, 1, 57, 255]",0.000,31.3
04/10/2025 14:56:51,04/10/2025,14:56:51,"[0, 161, 0, 0, 0, 253, 1, 61, 255]",0.000,31.7
04/10/2025 14:56:52,04/10/2025,14:56:52,"[0, 161, 0, 0, 83, 253, 1, 60, 255]",0.083,31.6
04/10/2025 14:56:53,04/10/2025,14:56:53,"[0, 161, 0, 0, 0, 253, 1, 60, 255]",0.000,31.6
04/10/2025 14:56:54,04/10/2025,14:56:54,"[0, 161, 0, 0, 0, 253, 1, 59, 255]",0.000,31.5
04/10/2025 14:56:55,04/10/2025,14:56:55,"[0, 161, 0, 0, 0, 253, 1, 58, 255]",0.000,31.4
04/10/2025 14:56:56,04/10/2025,14:56:56,"[0, 161, 0, 0, 186, 253, 1, 59, 255]",0.186,31.5
04/10/2025 14:56:57,04/10/2025,14:56:57,"[0, 161, 0, 1, 198, 253, 1, 59, 255]",0.454,31.5
04/10/2025 14:56:58,04/10/2025,14:56:58,"[0, 161, 0, 0, 164, 253, 1, 59, 255]",0.164,31.5
04/10/2025 14:56:59,04/10/2025,14:56:59,"[0, 161, 0, 0, 164, 253, 1, 57, 255]",0.164,31.3
04/10/2025 14:57:00,04/10/2025,14:57:00,"[0, 161, 0, 2, 126, 253, 1, 57, 255]",0.638,31.3
04/10/2025 14:57:01,04/10/2025,14:57:01,"[0, 161, 0, 2, 88, 253, 1, 60, 255]",0.600,31.6
04/10/2025 14:57:02,04/10/2025,14:57:02,"[0, 161, 0, 0, 248, 253, 1, 59, 255]",0.248,31.5
04/10/2025 14:57:03,04/10/2025,14:57:03,"[0, 161, 0, 0, 248, 253, 1, 60, 255]",0.248,31.6
04/10/2025 14:57:04,04/10/2025,14:57:04,"[0, 161, 0, 0, 172, 253, 1, 58, 255]",0.172,31.4
04/10/2025 14:57:05,04/10/2025,14:57:05,"[0, 161, 0, 0, 128, 253, 1, 59, 255]",0.128,31.5
04/10/2025 14:57:06,04/10/2025,14:57:06,"[0, 161, 0, 0, 99, 253, 1, 59, 255]",0.099,31.5
04/10/2025 14:57:07,04/10/2025,14:57:07,"[0, 161, 0, 0, 99, 253, 1, 59, 255]",0.099,31.5
04/10/2025 14:57:08,04/10/2025,14:57:08,"[0, 161, 0, 0, 51, 253, 1, 58, 255]",0.051,31.4
04/10/2025 14:57:09,04/10/2025,14:57:09,"[0, 161, 0, 0, 0, 253, 1, 56, 255]",0.000,31.2
04/10/2025 14:57:10,04/10/2025,14:57:10,"[0, 161, 0, 0, 0, 253, 1, 57, 255]",0.000,31.3
04/10/2025 14:57:11,04/10/2025,14:57:11,"[0, 161, 0, 0, 0, 253, 1, 59, 255]",0.000,31.5
04/10/2025 14:57:12,04/10/2025,14:57:12,"[0, 161, 0, 2, 141, 253, 1, 59, 255]",0.653,31.5
04/10/2025 14:57:13,04/10/2025,14:57:13,"[0, 161, 0, 1, 158, 253, 1, 60, 255]",0.414,31.6
04/10/2025 14:57:14,04/10/2025,14:57:14,"[0, 161, 0, 0, 98, 253, 1, 60, 255]",0.098,31.6
04/10/2025 14:57:15,04/10/2025,14:57:15,"[0, 161, 0, 0, 98, 253, 1, 59, 255]",0.098,31.5
04/10/2025 14:57:16,04/10/2025,14:57:16,"[0, 161, 0, 1, 75, 253, 1, 58, 255]",0.331,31.4
04/10/2025 14:57:17,04/10/2025,14:57:17,"[0, 161, 0, 2, 34, 253, 1, 58, 255]",0.546,31.4
04/10/2025 14:57:18,04/10/2025,14:57:18,"[0, 161, 0, 0, 69, 253, 1, 57, 255]",0.069,31.3
04/10/2025 14:57:19,04/10/2025,14:57:19,"[0, 161, 0, 0, 69, 253, 1, 60, 255]",0.069,31.6
04/10/2025 14:57:20,04/10/2025,14:57:20,"[0, 161, 0, 0, 133, 253, 1, 57, 255]",0.133,31.3
04/10/2025 14:57:21,04/10/2025,14:57:21,"[0, 161, 0, 0, 0, 253, 1, 57, 255]",0.000,31.3
04/10/2025 14:57:22,04/10/2025,14:57:22,"[0, 161, 0, 0, 0, 253, 1, 56, 255]",0.000,31.2
04/10/2025 14:57:23,04/10/2025,14:57:23,"[0, 161, 0, 0, 0, 253, 1, 57, 255]",0.000,31.3
04/10/2025 14:57:24,04/10/2025,14:57:24,"[0, 161, 0, 0, 0, 253, 1, 58, 255]",0.000,31.4
04/10/2025 14:57:25,04/10/2025,14:57:25,"[0, 161, 0, 0, 0, 253, 1, 57, 255]",0.000,31.3
04/10/2025 14:57:26,04/10/2025,14:57:26,"[0, 161, 0, 0, 50, 253, 1, 59, 255]",0.050,31.5
04/10/2025 14:57:27,04/10/2025,14:57:27,"[0, 161, 0, 2, 217, 253, 1, 57, 255]",0.729,31.3
04/10/2025 14:57:28,04/10/2025,14:57:28,"[0, 161, 0, 2, 217, 253, 1, 57, 255]",0.729,31.3
04/10/2025 14:57:29,04/10/2025,14:57:29,"[0, 161, 0, 0, 0, 253, 1, 58, 255]",0.000,31.4
04/10/2025 14:57:30,04/10/2025,14:57:30,"[0, 161, 0, 0, 194, 253, 1, 60, 255]",0.194,31.6
04/10/2025 14:57:31,04/10/2025,14:57:31,"[0, 161, 0, 3, 16, 253, 1, 57, 255]",0.784,31.3
04/10/2025 14:57:32,04/10/2025,14:57:32,"[0, 161, 0, 3, 16, 253, 1, 58, 255]",0.784,31.4
04/10/2025 14:57:33,04/10/2025,14:57:33,"[0, 161, 0, 2, 114, 253, 1, 56, 255]",0.626,31.2
04/10/2025 14:57:34,04/10/2025,14:57:34,"[0, 161, 0, 0, 46, 253, 1, 56, 255]",0.046,31.2
04/10/2025 14:57:35,04/10/2025,14:57:35,"[0, 161, 0, 0, 61, 253, 1, 59, 255]",0.061,31.5
04/10/2025 14:57:36,04/10/2025,14:57:36,"[0, 161, 0, 0, 61, 253, 1, 58, 255]",0.061,31.4
04/10/2025 14:57:37,04/10/2025,14:57:37,"[0, 161, 0, 0, 0, 253, 1, 57, 255]",0.000,31.3
04/10/2025 14:57:38,04/10/2025,14:57:38,"[0, 161, 0, 0, 72, 253, 1, 57, 255]",0.072,31.3
04/10/2025 14:57:39,04/10/2025,14:57:39,"[0, 161, 0, 0, 0, 253, 1, 58, 255]",0.000,31.4
04/10/2025 14:57:40,04/10/2025,14:57:40,"[0, 161, 0, 0, 0, 253, 1, 60, 255]",0.000,31.6
04/10/2025 14:57:41,04/10/2025,14:57:41,"[0, 161, 0, 0, 0, 253, 1, 60, 255]",0.000,31.6
04/10/2025 14:57:42,04/10/2025,14:57:42,"[0, 161, 0, 0, 0, 253, 1, 61, 255]",0.000,31.7
04/10/2025 14:57:43,04/10/2025,14:57:43,"[0, 161, 0, 2, 224, 253, 1, 57, 255]",0.736,31.3
04/10/2025 14:57:44,04/10/2025,14:57:44,"[0, 161, 0, 1, 244, 253, 1, 57, 255]",0.500,31.3
04/10/2025 14:57:45,04/10/2025,14:57:45,"[0, 161, 0, 1, 244, 253, 1, 59, 255]",0.500,31.5
04/10/2025 14:57:46,04/10/2025,14:57:46,"[0, 161, 0, 2, 177, 253, 1, 58, 255]",0.689,31.4
04/10/2025 14:57:47,04/10/2025,14:57:47,"[0, 161, 0, 3, 80, 253, 1, 57, 255]",0.848,31.3
04/10/2025 14:57:48,04/10/2025,14:57:48,"[0, 161, 0, 1, 176, 253, 1, 56, 255]",0.432,31.2
04/10/2025 14:57:49,04/10/2025,14:57:49,"[0, 161, 0, 1, 176, 253, 1, 57, 255]",0.432,31.3
04/10/2025 14:57:50,04/10/2025,14:57:50,"[0, 161, 0, 0, 210, 253, 1, 60, 255]",0.210,31.6
04/10/2025 14:57:51,04/10/2025,14:57:51,"[0, 161, 0, 0, 21, 253, 1, 57, 255]",0.021,31.3
04/10/2025 14:57:52,04/10/2025,14:57:52,"[0, 161, 0, 0, 0, 253, 1, 56, 255]",0.000,31.2
04/10/2025 14:57:53,04/10/2025,14:57:53,"[0, 161, 0, 0, 0, 253, 1, 55, 255]",0.000,31.1
04/10/2025 14:57:54,04/10/2025,14:57:54,"[0, 161, 0, 0, 0, 253, 1, 57, 255]",0.000,31.3
04/10/2025 14:57:55,04/10/2025,14:57:55,"[0, 161, 0, 0, 0, 253, 1, 57, 255]",0.000,31.3
04/10/2025 14:57:56,04/10/2025,14:57:56,"[0, 161, 0, 0, 0, 253, 1, 56, 255]",0.000,31.2
04/10/2025 14:57:57,04/10/2025,14:57:57,"[0, 161, 0, 0, 0, 253, 1, 57, 255]",0.000,31.3
04/10/2025 14:57:58,04/10/2025,14:57:58,"[0, 161, 0, 2, 18, 253, 1, 58, 255]",0.530,31.4
04/10/2025 14:57:59,04/10/2025,14:57:59,"[0, 161, 0, 1, 195, 253, 1, 57, 255]",0.451,31.3
04/10/2025 14:58:00,04/10/2025,14:58:00,"[0, 161, 0, 0, 92, 253, 1, 58, 255]",0.092,31.4
04/10/2025 14:58:01,04/10/2025,14:58:01,"[0, 161, 0, 0, 92, 253, 1, 58, 255]",0.092,31.4
04/10/2025 14:58:02,04/10/2025,14:58:02,"[0, 161, 0, 1, 32, 253, 1, 59, 255]",0.288,31.5
04/10/2025 14:58:03,04/10/2025,14:58:03,"[0, 161, 0, 2, 232, 253, 1, 59, 255]",0.744,31.5
04/10/2025 14:58:04,04/10/2025,14:58:04,"[0, 161, 0, 0, 196, 253, 1, 58, 255]",0.196,31.4
04/10/2025 14:58:05,04/10/2025,14:58:05,"[0, 161, 0, 0, 36, 253, 1, 56, 255]",0.036,31.2
04/10/2025 14:58:06,04/10/2025,14:58:06,"[0, 161, 0, 0, 36, 253, 1, 56, 255]",0.036,31.2
04/10/2025 14:58:07,04/10/2025,14:58:07,"[0, 161, 0, 0, 0, 253, 1, 58, 255]",0.000,31.4
04/10/2025 14:58:08,04/10/2025,14:58:08,"[0, 161, 0, 0, 162, 253, 1, 57, 255]",0.162,31.3
04/10/2025 14:58:09,04/10/2025,14:58:09,"[0, 161, 0, 0, 38, 253, 1, 56, 255]",0.038,31.2
04/10/2025 14:58:10,04/10/2025,14:58:10,"[0, 161, 0, 0, 38, 253, 1, 57, 255]",0.038,31.3
04/10/2025 14:58:11,04/10/2025,14:58:11,"[0, 161, 0, 0, 0, 253, 1, 56, 255]",0.000,31.2
04/10/2025 14:58:12,04/10/2025,14:58:12,"[0, 161, 0, 0, 0, 253, 1, 59, 255]",0.000,31.5
04/10/2025 14:58:13,04/10/2025,14:58:13,"[0, 161, 0, 0, 148, 253, 1, 59, 255]",0.148,31.5
04/10/2025 14:58:14,04/10/2025,14:58:14,"[0, 161, 0, 0, 148, 253, 1, 58, 255]",0.148,31.4
04/10/2025 14:58:15,04/10/2025,14:58:15,"[0, 161, 0, 1, 72, 253, 1, 59, 255]",0.328,31.5
04/10/2025 14:58:16,04/10/2025,14:58:16,"[0, 161, 0, 1, 236, 253, 1, 59, 255]",0.492,31.5
04/10/2025 14:58:17,04/10/2025,14:58:17,"[0, 161, 0, 0, 242, 253, 1, 58, 255]",0.242,31.4
04/10/2025 14:58:18,04/10/2025,14:58:18,"[0, 161, 0, 0, 242, 253, 1, 54, 255]",0.242,31.0
04/10/2025 14:58:19,04/10/2025,14:58:19,"[0, 161, 0, 2, 120, 253, 1, 56, 255]",0.632,31.2
04/10/2025 14:58:20,04/10/2025,14:58:20,"[0, 161, 0, 0, 80, 253, 1, 58, 255]",0.080,31.4
04/10/2025 14:58:21,04/10/2025,14:58:21,"[0, 161, 0, 0, 0, 253, 1, 56, 255]",0.000,31.2
04/10/2025 14:58:22,04/10/2025,14:58:22,"[0, 161, 0, 0, 0, 253, 1, 58, 255]",0.000,31.4
04/10/2025 14:58:23,04/10/2025,14:58:23,"[0, 161, 0, 0, 0, 253, 1, 56, 255]",0.000,31.2
04/10/2025 14:58:24,04/10/2025,14:58:24,"[0, 161, 0, 0, 42, 253, 1, 59, 255]",0.042,31.5
04/10/2025 14:58:25,04/10/2025,14:58:25,"[0, 161, 0, 0, 0, 253, 1, 57, 255]",0.000,31.3
04/10/2025 14:58:26,04/10/2025,14:58:26,"[0, 161, 0, 0, 0, 253, 1, 57, 255]",0.000,31.3
04/10/2025 14:58:27,04/10/2025,14:58:27,"[0, 161, 0, 0, 0, 253, 1, 58, 255]",0.000,31.4
04/10/2025 14:58:28,04/10/2025,14:58:28,"[0, 161, 0, 0, 0, 253, 1, 60, 255]",0.000,31.6
04/10/2025 14:58:29,04/10/2025,14:58:29,"[0, 161, 0, 2, 77, 253, 1, 60, 255]",0.589,31.6
04/10/2025 14:58:30,04/10/2025,14:58:30,"[0, 161, 0, 2, 186, 253, 1, 56, 255]",0.698,31.2
04/10/2025 14:58:31,04/10/2025,14:58:31,"[0, 161, 0, 2, 186, 253, 1, 57, 255]",0.698,31.3
04/10/2025 14:58:32,04/10/2025,14:58:32,"[0, 161, 0, 0, 251, 253, 1, 59, 255]",0.251,31.5
04/10/2025 14:58:33,04/10/2025,14:58:33,"[0, 161, 0, 2, 127, 253, 1, 58, 255]",0.639,31.4
04/10/2025 14:58:34,04/10/2025,14:58:34,"[0, 161, 0, 1, 172, 253, 1, 57, 255]",0.428,31.3
04/10/2025 14:58:35,04/10/2025,14:58:35,"[0, 161, 0, 1, 172, 253, 1, 55, 255]",0.428,31.1
04/10/2025 14:58:36,04/10/2025,14:58:36,"[0, 161, 0, 2, 153, 253, 1, 58, 255]",0.665,31.4
04/10/2025 14:58:37,04/10/2025,14:58:37,"[0, 161, 0, 0, 155, 253, 1, 58, 255]",0.155,31.4
04/10/2025 14:58:38,04/10/2025,14:58:38,"[0, 161, 0, 0, 74, 253, 1, 58, 255]",0.074,31.4
04/10/2025 14:58:39,04/10/2025,14:58:39,"[0, 161, 0, 0, 74, 253, 1, 57, 255]",0.074,31.3
04/10/2025 14:58:40,04/10/2025,14:58:40,"[0, 161, 0, 0, 68, 253, 1, 55, 255]",0.068,31.1
04/10/2025 14:58:41,04/10/2025,14:58:41,"[0, 161, 0, 0, 0, 253, 1, 57, 255]",0.000,31.3
04/10/2025 14:58:42,04/10/2025,14:58:42,"[0, 161, 0, 0, 0, 253, 1, 54, 255]",0.000,31.0
04/10/2025 14:58:43,04/10/2025,14:58:43,"[0, 161, 0, 0, 0, 253, 1, 57, 255]",0.000,31.3
04/10/2025 14:58:44,04/10/2025,14:58:44,"[0, 161, 0, 0, 0, 253, 1, 59, 255]",0.000,31.5
04/10/2025 14:58:45,04/10/2025,14:58:45,"[0, 161, 0, 2, 174, 253, 1, 58, 255]",0.686,31.4
04/10/2025 14:58:46,04/10/2025,14:58:46,"[0, 161, 0, 2, 63, 253, 1, 55, 255]",0.575,31.1
04/10/2025 14:58:47,04/10/2025,14:58:47,"[0, 161, 0, 1, 212, 253, 1, 57, 255]",0.468,31.3
04/10/2025 14:58:48,04/10/2025,14:58:48,"[0, 161, 0, 1, 212, 253, 1, 57, 255]",0.468,31.3
04/10/2025 14:58:49,04/10/2025,14:58:49,"[0, 161, 0, 2, 85, 253, 1, 58, 255]",0.597,31.4
04/10/2025 14:58:50,04/10/2025,14:58:50,"[0, 161, 0, 1, 254, 253, 1, 57, 255]",0.510,31.3
04/10/2025 14:58:51,04/10/2025,14:58:51,"[0, 161, 0, 0, 186, 253, 1, 57, 255]",0.186,31.3
04/10/2025 14:58:52,04/10/2025,14:58:52,"[0, 161, 0, 0, 186, 253, 1, 57, 255]",0.186,31.3
04/10/2025 14:58:53,04/10/2025,14:58:53,"[0, 161, 0, 0, 0, 253, 1, 58, 255]",0.000,31.4
04/10/2025 14:58:54,04/10/2025,14:58:54,"[0, 161, 0, 0, 118, 253, 1, 57, 255]",0.118,31.3
04/10/2025 14:58:55,04/10/2025,14:58:55,"[0, 161, 0, 0, 36, 253, 1, 58, 255]",0.036,31.4
04/10/2025 14:58:56,04/10/2025,14:58:56,"[0, 161, 0, 0, 36, 253, 1, 57, 255]",0.036,31.3
04/10/2025 14:58:57,04/10/2025,14:58:57,"[0, 161, 0, 0, 0, 253, 1, 59, 255]",0.000,31.5
04/10/2025 14:58:58,04/10/2025,14:58:58,"[0, 161, 0, 0, 0, 253, 1, 59, 255]",0.000,31.5
04/10/2025 14:58:59,04/10/2025,14:58:59,"[0, 161, 0, 2, 165, 253, 1, 57, 255]",0.677,31.3
04/10/2025 14:59:00,04/10/2025,14:59:00,"[0, 161, 0, 2, 165, 253, 1, 59, 255]",0.677,31.5
04/10/2025 14:59:01,04/10/2025,14:59:01,"[0, 161, 0, 2, 77, 253, 1, 57, 255]",0.589,31.3
04/10/2025 14:59:02,04/10/2025,14:59:02,"[0, 161, 0, 1, 60, 253, 1, 58, 255]",0.316,31.4
04/10/2025 14:59:03,04/10/2025,14:59:03,"[0, 161, 0, 2, 63, 253, 1, 60, 255]",0.575,31.6
04/10/2025 14:59:04,04/10/2025,14:59:04,"[0, 161, 0, 2, 63, 253, 1, 59, 255]",0.575,31.5
04/10/2025 14:59:05,04/10/2025,14:59:05,"[0, 161, 0, 3, 47, 253, 1, 56, 255]",0.815,31.2
04/10/2025 14:59:06,04/10/2025,14:59:06,"[0, 161, 0, 0, 134, 253, 1, 59, 255]",0.134,31.5
04/10/2025 14:59:07,04/10/2025,14:59:07,"[0, 161, 0, 0, 86, 253, 1, 57, 255]",0.086,31.3
04/10/2025 14:59:08,04/10/2025,14:59:08,"[0, 161, 0, 0, 0, 253, 1, 58, 255]",0.000,31.4
04/10/2025 14:59:09,04/10/2025,14:59:09,"[0, 161, 0, 0, 0, 253, 1, 58, 255]",0.000,31.4
04/10/2025 14:59:10,04/10/2025,14:59:10,"[0, 161, 0, 0, 0, 253, 1, 58, 255]",0.000,31.4
04/10/2025 14:59:11,04/10/2025,14:59:11,"[0, 161, 0, 0, 0, 253, 1, 58, 255]",0.000,31.4
04/10/2025 14:59:12,04/10/2025,14:59:12,"[0, 161, 0, 0, 0, 253, 1, 58, 255]",0.000,31.4
04/10/2025 14:59:13,04/10/2025,14:59:13,"[0, 161, 0, 0, 0, 253, 1, 58, 255]",0.000,31.4
04/10/2025 14:59:14,04/10/2025,14:59:14,"[0, 161, 0, 0, 0, 253, 1, 58, 255]",0.000,31.4
04/10/2025 14:59:15,04/10/2025,14:59:15,"[0, 161, 0, 0, 105, 253, 1, 59, 255]",0.105,31.5
04/10/2025 14:59:16,04/10/2025,14:59:16,"[0, 161, 0, 2, 99, 253, 1, 58, 255]",0.611,31.4
04/10/2025 14:59:17,04/10/2025,14:59:17,"[0, 161, 0, 2, 99, 253, 1, 59, 255]",0.611,31.5
04/10/2025 14:59:18,04/10/2025,14:59:18,"[0, 161, 0, 0, 20, 253, 1, 58, 255]",0.020,31.4
04/10/2025 14:59:19,04/10/2025,14:59:19,"[0, 161, 0, 1, 21, 253, 1, 58, 255]",0.277,31.4
04/10/2025 14:59:20,04/10/2025,14:59:20,"[0, 161, 0, 2, 67, 253, 1, 58, 255]",0.579,31.4
04/10/2025 14:59:21,04/10/2025,14:59:21,"[0, 161, 0, 2, 67, 253, 1, 60, 255]",0.579,31.6
04/10/2025 14:59:22,04/10/2025,14:59:22,"[0, 161, 0, 1, 130, 253, 1, 58, 255]",0.386,31.4
04/10/2025 14:59:23,04/10/2025,14:59:23,"[0, 161, 0, 0, 34, 253, 1, 58, 255]",0.034,31.4
04/10/2025 14:59:24,04/10/2025,14:59:24,"[0, 161, 0, 0, 125, 253, 1, 58, 255]",0.125,31.4
04/10/2025 14:59:25,04/10/2025,14:59:25,"[0, 161, 0, 0, 125, 253, 1, 56, 255]",0.125,31.2
04/10/2025 14:59:26,04/10/2025,14:59:26,"[0, 161, 0, 0, 0, 253, 1, 57, 255]",0.000,31.3
04/10/2025 14:59:27,04/10/2025,14:59:27,"[0, 161, 0, 0, 0, 253, 1, 56, 255]",0.000,31.2
04/10/2025 14:59:28,04/10/2025,14:59:28,"[0, 161, 0, 0, 0, 253, 1, 58, 255]",0.000,31.4
04/10/2025 14:59:29,04/10/2025,14:59:29,"[0, 161, 0, 0, 0, 253, 1, 59, 255]",0.000,31.5
04/10/2025 14:59:30,04/10/2025,14:59:30,"[0, 161, 0, 0, 0, 253, 1, 60, 255]",0.000,31.6
04/10/2025 14:59:31,04/10/2025,14:59:31,"[0, 161, 0, 0, 109, 253, 1, 62, 255]",0.109,31.8
04/10/2025 14:59:32,04/10/2025,14:59:32,"[0, 161, 0, 0, 144, 253, 1, 58, 255]",0.144,31.4
04/10/2025 14:59:33,04/10/2025,14:59:33,"[0, 161, 0, 0, 223, 253, 1, 58, 255]",0.223,31.4
04/10/2025 14:59:34,04/10/2025,14:59:34,"[0, 161, 0, 0, 223, 253, 1, 59, 255]",0.223,31.5
04/10/2025 14:59:35,04/10/2025,14:59:35,"[0, 161, 0, 2, 15, 253, 1, 60, 255]",0.527,31.6
04/10/2025 14:59:36,04/10/2025,14:59:36,"[0, 161, 0, 1, 90, 253, 1, 59, 255]",0.346,31.5
04/10/2025 14:59:37,04/10/2025,14:59:37,"[0, 161, 0, 0, 5, 253, 1, 59, 255]",0.005,31.5
04/10/2025 14:59:38,04/10/2025,14:59:38,"[0, 161, 0, 0, 5, 253, 1, 59, 255]",0.005,31.5
04/10/2025 14:59:39,04/10/2025,14:59:39,"[0, 161, 0, 1, 27, 253, 1, 59, 255]",0.283,31.5
04/10/2025 14:59:40,04/10/2025,14:59:40,"[0, 161, 0, 0, 9, 253, 1, 59, 255]",0.009,31.5
04/10/2025 14:59:41,04/10/2025,14:59:41,"[0, 161, 0, 0, 114, 253, 1, 57, 255]",0.114,31.3
04/10/2025 14:59:42,04/10/2025,14:59:42,"[0, 161, 0, 0, 114, 253, 1, 59, 255]",0.114,31.5
04/10/2025 14:59:43,04/10/2025,14:59:43,"[0, 161, 0, 0, 0, 253, 1, 58, 255]",0.000,31.4
04/10/2025 14:59:44,04/10/2025,14:59:44,"[0, 161, 0, 0, 0, 253, 1, 58, 255]",0.000,31.4
04/10/2025 14:59:45,04/10/2025,14:59:45,"[0, 161, 0, 0, 0, 253, 1, 59, 255]",0.000,31.5
04/10/2025 14:59:46,04/10/2025,14:59:46,"[0, 161, 0, 0, 0, 253, 1, 59, 255]",0.000,31.5
04/10/2025 14:59:47,04/10/2025,14:59:47,"[0, 161, 0, 1, 208, 253, 1, 59, 255]",0.464,31.5
04/10/2025 14:59:48,04/10/2025,14:59:48,"[0, 161, 0, 1, 57, 253, 1, 58, 255]",0.313,31.4
04/10/2025 14:59:49,04/10/2025,14:59:49,"[0, 161, 0, 0, 211, 253, 1, 58, 255]",0.211,31.4
04/10/2025 14:59:50,04/10/2025,14:59:50,"[0, 161, 0, 2, 221, 253, 1, 58, 255]",0.733,31.4
04/10/2025 14:59:51,04/10/2025,14:59:51,"[0, 161, 0, 2, 221, 253, 1, 59, 255]",0.733,31.5
04/10/2025 14:59:52,04/10/2025,14:59:52,"[0, 161, 0, 2, 205, 253, 1, 57, 255]",0.717,31.3
04/10/2025 14:59:53,04/10/2025,14:59:53,"[0, 161, 0, 1, 246, 253, 1, 58, 255]",0.502,31.4
04/10/2025 14:59:54,04/10/2025,14:59:54,"[0, 161, 0, 0, 207, 253, 1, 60, 255]",0.207,31.6
04/10/2025 14:59:55,04/10/2025,14:59:55,"[0, 161, 0, 0, 207, 253, 1, 60, 255]",0.207,31.6
04/10/2025 14:59:56,04/10/2025,14:59:56,"[0, 161, 0, 0, 105, 253, 1, 58, 255]",0.105,31.4
04/10/2025 14:59:57,04/10/2025,14:59:57,"[0, 161, 0, 0, 0, 253, 1, 58, 255]",0.000,31.4
04/10/2025 14:59:58,04/10/2025,14:59:58,"[0, 161, 0, 0, 0, 253, 1, 59, 255]",0.000,31.5
04/10/2025 14:59:59,04/10/2025,14:59:59,"[0, 161, 0, 0, 0, 253, 1, 58, 255]",0.000,31.4
04/10/2025 15:00:00,04/10/2025,15:00:00,"[0, 161, 0, 0, 0, 253, 1, 58, 255]",0.000,31.4
04/10/2025 15:00:01,04/10/2025,15:00:01,"[0, 161, 0, 0, 68, 253, 1, 59, 255]",0.068,31.5
04/10/2025 15:00:02,04/10/2025,15:00:02,"[0, 161, 0, 1, 47, 253, 1, 58, 255]",0.303,31.4
04/10/2025 15:00:03,04/10/2025,15:00:03,"[0, 161, 0, 1, 47, 253, 1, 59, 255]",0.303,31.5
04/10/2025 15:00:04,04/10/2025,15:00:04,"[0, 161, 0, 0, 156, 253, 1, 57, 255]",0.156,31.3
04/10/2025 15:00:05,04/10/2025,15:00:05,"[0, 161, 0, 2, 0, 253, 1, 58, 255]",0.512,31.4
04/10/2025 15:00:06,04/10/2025,15:00:06,"[0, 161, 0, 1, 225, 253, 1, 58, 255]",0.481,31.4
04/10/2025 15:00:07,04/10/2025,15:00:07,"[0, 161, 0, 1, 225, 253, 1, 59, 255]",0.481,31.5
04/10/2025 15:00:08,04/10/2025,15:00:08,"[0, 161, 0, 1, 74, 253, 1, 59, 255]",0.330,31.5
04/10/2025 15:00:09,04/10/2025,15:00:09,"[0, 161, 0, 0, 0, 253, 1, 57, 255]",0.000,31.3
04/10/2025 15:00:10,04/10/2025,15:00:10,"[0, 161, 0, 0, 0, 253, 1, 59, 255]",0.000,31.5
04/10/2025 15:00:11,04/10/2025,15:00:11,"[0, 161, 0, 0, 0, 253, 1, 60, 255]",0.000,31.6
04/10/2025 15:00:12,04/10/2025,15:00:12,"[0, 161, 0, 0, 197, 253, 1, 58, 255]",0.197,31.4
04/10/2025 15:00:13,04/10/2025,15:00:13,"[0, 161, 0, 0, 0, 253, 1, 58, 255]",0.000,31.4
04/10/2025 15:00:14,04/10/2025,15:00:14,"[0, 161, 0, 0, 0, 253, 1, 57, 255]",0.000,31.3
04/10/2025 15:00:15,04/10/2025,15:00:15,"[0, 161, 0, 0, 0, 253, 1, 57, 255]",0.000,31.3
04/10/2025 15:00:16,04/10/2025,15:00:16,"[0, 161, 0, 0, 0, 253, 1, 58, 255]",0.000,31.4
04/10/2025 15:00:17,04/10/2025,15:00:17,"[0, 161, 0, 0, 0, 253, 1, 57, 255]",0.000,31.3
04/10/2025 15:00:18,04/10/2025,15:00:18,"[0, 161, 0, 1, 106, 253, 1, 59, 255]",0.362,31.5
04/10/2025 15:00:19,04/10/2025,15:00:19,"[0, 161, 0, 0, 0, 253, 1, 58, 255]",0.000,31.4
04/10/2025 15:00:20,04/10/2025,15:00:20,"[0, 161, 0, 0, 0, 253, 1, 58, 255]",0.000,31.4
04/10/2025 15:00:21,04/10/2025,15:00:21,"[0, 161, 0, 0, 40, 253, 1, 58, 255]",0.040,31.4
04/10/2025 15:00:22,04/10/2025,15:00:22,"[0, 161, 0, 2, 126, 253, 1, 60, 255]",0.638,31.6
04/10/2025 15:00:23,04/10/2025,15:00:23,"[0, 161, 0, 1, 200, 253, 1, 57, 255]",0.456,31.3
04/10/2025 15:00:24,04/10/2025,15:00:24,"[0, 161, 0, 1, 200, 253, 1, 59, 255]",0.456,31.5
04/10/2025 15:00:25,04/10/2025,15:00:25,"[0, 161, 0, 0, 179, 253, 1, 59, 255]",0.179,31.5
04/10/2025 15:00:26,04/10/2025,15:00:26,"[0, 161, 0, 0, 6, 253, 1, 57, 255]",0.006,31.3
04/10/2025 15:00:27,04/10/2025,15:00:27,"[0, 161, 0, 0, 13, 253, 1, 58, 255]",0.013,31.4
04/10/2025 15:00:28,04/10/2025,15:00:28,"[0, 161, 0, 0, 13, 253, 1, 60, 255]",0.013,31.6
04/10/2025 15:00:29,04/10/2025,15:00:29,"[0, 161, 0, 0, 1, 253, 1, 58, 255]",0.001,31.4
04/10/2025 15:00:30,04/10/2025,15:00:30,"[0, 161, 0, 0, 0, 253, 1, 58, 255]",0.000,31.4
04/10/2025 15:00:31,04/10/2025,15:00:31,"[0, 161, 0, 0, 0, 253, 1, 58, 255]",0.000,31.4
04/10/2025 15:00:32,04/10/2025,15:00:32,"[0, 161, 0, 0, 0, 253, 1, 60, 255]",0.000,31.6
04/10/2025 15:00:33,04/10/2025,15:00:33,"[0, 161, 0, 0, 166, 253, 1, 58, 255]",0.166,31.4
04/10/2025 15:00:34,04/10/2025,15:00:34,"[0, 161, 0, 2, 11, 253, 1, 59, 255]",0.523,31.5
04/10/2025 15:00:35,04/10/2025,15:00:35,"[0, 161, 0, 0, 227, 253, 1, 59, 255]",0.227,31.5
04/10/2025 15:00:36,04/10/2025,15:00:36,"[0, 161, 0, 2, 51, 253, 1, 57, 255]",0.563,31.3
04/10/2025 15:00:37,04/10/2025,15:00:37,"[0, 161, 0, 2, 51, 253, 1, 56, 255]",0.563,31.2
04/10/2025 15:00:38,04/10/2025,15:00:38,"[0, 161, 0, 3, 152, 253, 1, 57, 255]",0.920,31.3
04/10/2025 15:00:39,04/10/2025,15:00:39,"[0, 161, 0, 1, 124, 253, 1, 58, 255]",0.380,31.4
04/10/2025 15:00:40,04/10/2025,15:00:40,"[0, 161, 0, 0, 55, 253, 1, 57, 255]",0.055,31.3
04/10/2025 15:00:41,04/10/2025,15:00:41,"[0, 161, 0, 0, 55, 253, 1, 60, 255]",0.055,31.6
04/10/2025 15:00:42,04/10/2025,15:00:42,"[0, 161, 0, 0, 9, 253, 1, 60, 255]",0.009,31.6
04/10/2025 15:00:43,04/10/2025,15:00:43,"[0, 161, 0, 0, 230, 253, 1, 57, 255]",0.230,31.3
04/10/2025 15:00:44,04/10/2025,15:00:44,"[0, 161, 0, 0, 0, 253, 1, 59, 255]",0.000,31.5
04/10/2025 15:00:45,04/10/2025,15:00:45,"[0, 161, 0, 0, 0, 253, 1, 59, 255]",0.000,31.5
04/10/2025 15:00:46,04/10/2025,15:00:46,"[0, 161, 0, 0, 0, 253, 1, 59, 255]",0.000,31.5
04/10/2025 15:00:47,04/10/2025,15:00:47,"[0, 161, 0, 0, 0, 253, 1, 59, 255]",0.000,31.5
04/10/2025 15:00:48,04/10/2025,15:00:48,"[0, 161, 0, 1, 221, 253, 1, 58, 255]",0.477,31.4
04/10/2025 15:00:49,04/10/2025,15:00:49,"[0, 161, 0, 1, 221, 253, 1, 58, 255]",0.477,31.4
04/10/2025 15:00:50,04/10/2025,15:00:50,"[0, 161, 0, 2, 13, 253, 1, 57, 255]",0.525,31.3
04/10/2025 15:00:51,04/10/2025,15:00:51,"[0, 161, 0, 0, 0, 253, 1, 57, 255]",0.000,31.3
04/10/2025 15:00:52,04/10/2025,15:00:52,"[0, 161, 0, 1, 146, 253, 1, 56, 255]",0.402,31.2
04/10/2025 15:00:53,04/10/2025,15:00:53,"[0, 161, 0, 1, 146, 253, 1, 58, 255]",0.402,31.4
04/10/2025 15:00:54,04/10/2025,15:00:54,"[0, 161, 0, 2, 208, 253, 1, 57, 255]",0.720,31.3
04/10/2025 15:00:55,04/10/2025,15:00:55,"[0, 161, 0, 1, 33, 253, 1, 58, 255]",0.289,31.4
04/10/2025 15:00:56,04/10/2025,15:00:56,"[0, 161, 0, 0, 27, 253, 1, 57, 255]",0.027,31.3
04/10/2025 15:00:57,04/10/2025,15:00:57,"[0, 161, 0, 0, 0, 253, 1, 57, 255]",0.000,31.3
04/10/2025 15:00:58,04/10/2025,15:00:58,"[0, 161, 0, 0, 0, 253, 1, 55, 255]",0.000,31.1
04/10/2025 15:00:59,04/10/2025,15:00:59,"[0, 161, 0, 0, 0, 253, 1, 58, 255]",0.000,31.4
04/10/2025 15:01:00,04/10/2025,15:01:00,"[0, 161, 0, 0, 0, 253, 1, 58, 255]",0.000,31.4
04/10/2025 15:01:01,04/10/2025,15:01:01,"[0, 161, 0, 0, 0, 253, 1, 56, 255]",0.000,31.2
04/10/2025 15:01:02,04/10/2025,15:01:02,"[0, 161, 0, 0, 0, 253, 1, 59, 255]",0.000,31.5
04/10/2025 15:01:03,04/10/2025,15:01:03,"[0, 161, 0, 0, 0, 253, 1, 59, 255]",0.000,31.5
04/10/2025 15:01:04,04/10/2025,15:01:04,"[0, 161, 0, 0, 246, 253, 1, 59, 255]",0.246,31.5
04/10/2025 15:01:05,04/10/2025,15:01:05,"[0, 161, 0, 1, 18, 253, 1, 59, 255]",0.274,31.5
04/10/2025 15:01:06,04/10/2025,15:01:06,"[0, 161, 0, 1, 18, 253, 1, 56, 255]",0.274,31.2
04/10/2025 15:01:07,04/10/2025,15:01:07,"[0, 161, 0, 0, 173, 253, 1, 59, 255]",0.173,31.5
04/10/2025 15:01:08,04/10/2025,15:01:08,"[0, 161, 0, 2, 52, 253, 1, 57, 255]",0.564,31.3
04/10/2025 15:01:09,04/10/2025,15:01:09,"[0, 161, 0, 2, 218, 253, 1, 59, 255]",0.730,31.5
04/10/2025 15:01:10,04/10/2025,15:01:10,"[0, 161, 0, 2, 218, 253, 1, 57, 255]",0.730,31.3
04/10/2025 15:01:11,04/10/2025,15:01:11,"[0, 161, 0, 0, 230, 253, 1, 59, 255]",0.230,31.5
04/10/2025 15:01:12,04/10/2025,15:01:12,"[0, 161, 0, 0, 0, 253, 1, 57, 255]",0.000,31.3
04/10/2025 15:01:13,04/10/2025,15:01:13,"[0, 161, 0, 0, 0, 253, 1, 58, 255]",0.000,31.4
04/10/2025 15:01:14,04/10/2025,15:01:14,"[0, 161, 0, 0, 0, 253, 1, 59, 255]",0.000,31.5
04/10/2025 15:01:15,04/10/2025,15:01:15,"[0, 161, 0, 0, 22, 253, 1, 60, 255]",0.022,31.6
04/10/2025 15:01:16,04/10/2025,15:01:16,"[0, 161, 0, 0, 0, 253, 1, 57, 255]",0.000,31.3
04/10/2025 15:01:17,04/10/2025,15:01:17,"[0, 161, 0, 0, 0, 253, 1, 58, 255]",0.000,31.4
04/10/2025 15:01:18,04/10/2025,15:01:18,"[0, 161, 0, 0, 0, 253, 1, 58, 255]",0.000,31.4
04/10/2025 15:01:19,04/10/2025,15:01:19,"[0, 161, 0, 0, 0, 253, 1, 59, 255]",0.000,31.5
04/10/2025 15:01:20,04/10/2025,15:01:20,"[0, 161, 0, 0, 139, 253, 1, 59, 255]",0.139,31.5
04/10/2025 15:01:21,04/10/2025,15:01:21,"[0, 161, 0, 0, 85, 253, 1, 58, 255]",0.085,31.4
04/10/2025 15:01:22,04/10/2025,15:01:22,"[0, 161, 0, 0, 89, 253, 1, 57, 255]",0.089,31.3
04/10/2025 15:01:23,04/10/2025,15:01:23,"[0, 161, 0, 0, 89, 253, 1, 57, 255]",0.089,31.3
04/10/2025 15:01:24,04/10/2025,15:01:24,"[0, 161, 0, 2, 70, 253, 1, 57, 255]",0.582,31.3
04/10/2025 15:01:25,04/10/2025,15:01:25,"[0, 161, 0, 1, 69, 253, 1, 58, 255]",0.325,31.4
04/10/2025 15:01:26,04/10/2025,15:01:26,"[0, 161, 0, 0, 0, 253, 1, 57, 255]",0.000,31.3
04/10/2025 15:01:27,04/10/2025,15:01:27,"[0, 161, 0, 0, 0, 253, 1, 60, 255]",0.000,31.6
04/10/2025 15:01:28,04/10/2025,15:01:28,"[0, 161, 0, 0, 0, 253, 1, 60, 255]",0.000,31.6
04/10/2025 15:01:29,04/10/2025,15:01:29,"[0, 161, 0, 0, 248, 253, 1, 58, 255]",0.248,31.4
04/10/2025 15:01:30,04/10/2025,15:01:30,"[0, 161, 0, 0, 0, 253, 1, 60, 255]",0.000,31.6
04/10/2025 15:01:31,04/10/2025,15:01:31,"[0, 161, 0, 0, 0, 253, 1, 59, 255]",0.000,31.5
04/10/2025 15:01:32,04/10/2025,15:01:32,"[0, 161, 0, 0, 0, 253, 1, 59, 255]",0.000,31.5
04/10/2025 15:01:33,04/10/2025,15:01:33,"[0, 161, 0, 0, 0, 253, 1, 60, 255]",0.000,31.6
04/10/2025 15:01:34,04/10/2025,15:01:34,"[0, 161, 0, 0, 0, 253, 1, 58, 255]",0.000,31.4
04/10/2025 15:01:35,04/10/2025,15:01:35,"[0, 161, 0, 0, 0, 253, 1, 59, 255]",0.000,31.5
04/10/2025 15:01:36,04/10/2025,15:01:36,"[0, 161, 0, 1, 141, 253, 1, 57, 255]",0.397,31.3
04/10/2025 15:01:37,04/10/2025,15:01:37,"[0, 161, 0, 1, 174, 253, 1, 58, 255]",0.430,31.4
04/10/2025 15:01:38,04/10/2025,15:01:38,"[0, 161, 0, 0, 190, 253, 1, 57, 255]",0.190,31.3
04/10/2025 15:01:39,04/10/2025,15:01:39,"[0, 161, 0, 2, 162, 253, 1, 58, 255]",0.674,31.4
04/10/2025 15:01:40,04/10/2025,15:01:40,"[0, 161, 0, 2, 162, 253, 1, 57, 255]",0.674,31.3
04/10/2025 15:01:41,04/10/2025,15:01:41,"[0, 161, 0, 1, 104, 253, 1, 57, 255]",0.360,31.3
04/10/2025 15:01:42,04/10/2025,15:01:42,"[0, 161, 0, 0, 22, 253, 1, 59, 255]",0.022,31.5
04/10/2025 15:01:43,04/10/2025,15:01:43,"[0, 161, 0, 0, 35, 253, 1, 57, 255]",0.035,31.3
04/10/2025 15:01:44,04/10/2025,15:01:44,"[0, 161, 0, 0, 35, 253, 1, 57, 255]",0.035,31.3
04/10/2025 15:01:45,04/10/2025,15:01:45,"[0, 161, 0, 0, 0, 253, 1, 56, 255]",0.000,31.2
04/10/2025 15:01:46,04/10/2025,15:01:46,"[0, 161, 0, 0, 0, 253, 1, 57, 255]",0.000,31.3
04/10/2025 15:01:47,04/10/2025,15:01:47,"[0, 161, 0, 0, 0, 253, 1, 58, 255]",0.000,31.4
04/10/2025 15:01:48,04/10/2025,15:01:48,"[0, 161, 0, 0, 0, 253, 1, 59, 255]",0.000,31.5
04/10/2025 15:01:49,04/10/2025,15:01:49,"[0, 161, 0, 0, 0, 253, 1, 59, 255]",0.000,31.5
04/10/2025 15:01:50,04/10/2025,15:01:50,"[0, 161, 0, 1, 193, 253, 1, 59, 255]",0.449,31.5
04/10/2025 15:01:51,04/10/2025,15:01:51,"[0, 161, 0, 1, 115, 253, 1, 57, 255]",0.371,31.3
04/10/2025 15:01:52,04/10/2025,15:01:52,"[0, 161, 0, 1, 115, 253, 1, 58, 255]",0.371,31.4
04/10/2025 15:01:53,04/10/2025,15:01:53,"[0, 161, 0, 0, 1, 253, 1, 60, 255]",0.001,31.6
04/10/2025 15:01:54,04/10/2025,15:01:54,"[0, 161, 0, 0, 219, 253, 1, 57, 255]",0.219,31.3
04/10/2025 15:01:55,04/10/2025,15:01:55,"[0, 161, 0, 2, 47, 253, 1, 57, 255]",0.559,31.3
04/10/2025 15:01:56,04/10/2025,15:01:56,"[0, 161, 0, 2, 47, 253, 1, 59, 255]",0.559,31.5
04/10/2025 15:01:57,04/10/2025,15:01:57,"[0, 161, 0, 1, 197, 253, 1, 59, 255]",0.453,31.5
04/10/2025 15:01:58,04/10/2025,15:01:58,"[0, 161, 0, 0, 103, 253, 1, 59, 255]",0.103,31.5
04/10/2025 15:01:59,04/10/2025,15:01:59,"[0, 161, 0, 0, 0, 253, 1, 56, 255]",0.000,31.2
04/10/2025 15:02:00,04/10/2025,15:02:00,"[0, 161, 0, 0, 0, 253, 1, 58, 255]",0.000,31.4
04/10/2025 15:02:01,04/10/2025,15:02:01,"[0, 161, 0, 0, 0, 253, 1, 58, 255]",0.000,31.4
04/10/2025 15:02:02,04/10/2025,15:02:02,"[0, 161, 0, 0, 0, 253, 1, 57, 255]",0.000,31.3
04/10/2025 15:02:03,04/10/2025,15:02:03,"[0, 161, 0, 0, 0, 253, 1, 59, 255]",0.000,31.5
04/10/2025 15:02:04,04/10/2025,15:02:04,"[0, 161, 0, 0, 0, 253, 1, 61, 255]",0.000,31.7
04/10/2025 15:02:05,04/10/2025,15:02:05,"[0, 161, 0, 0, 0, 253, 1, 61, 255]",0.000,31.7
04/10/2025 15:02:06,04/10/2025,15:02:06,"[0, 161, 0, 0, 0, 253, 1, 57, 255]",0.000,31.3
04/10/2025 15:02:07,04/10/2025,15:02:07,"[0, 161, 0, 1, 42, 253, 1, 60, 255]",0.298,31.6
04/10/2025 15:02:08,04/10/2025,15:02:08,"[0, 161, 0, 0, 245, 253, 1, 59, 255]",0.245,31.5
04/10/2025 15:02:09,04/10/2025,15:02:09,"[0, 161, 0, 0, 245, 253, 1, 59, 255]",0.245,31.5
04/10/2025 15:02:10,04/10/2025,15:02:10,"[0, 161, 0, 0, 158, 253, 1, 58, 255]",0.158,31.4
04/10/2025 15:02:11,04/10/2025,15:02:11,"[0, 161, 0, 3, 56, 253, 1, 58, 255]",0.824,31.4
04/10/2025 15:02:12,04/10/2025,15:02:12,"[0, 161, 0, 2, 111, 253, 1, 57, 255]",0.623,31.3
04/10/2025 15:02:13,04/10/2025,15:02:13,"[0, 161, 0, 2, 111, 253, 1, 59, 255]",0.623,31.5
04/10/2025 15:02:14,04/10/2025,15:02:14,"[0, 161, 0, 1, 111, 253, 1, 59, 255]",0.367,31.5
04/10/2025 15:02:15,04/10/2025,15:02:15,"[0, 161, 0, 1, 89, 253, 1, 58, 255]",0.345,31.4
04/10/2025 15:02:16,04/10/2025,15:02:16,"[0, 161, 0, 0, 62, 253, 1, 58, 255]",0.062,31.4
04/10/2025 15:02:17,04/10/2025,15:02:17,"[0, 161, 0, 0, 62, 253, 1, 60, 255]",0.062,31.6
04/10/2025 15:02:18,04/10/2025,15:02:18,"[0, 161, 0, 0, 151, 253, 1, 59, 255]",0.151,31.5
04/10/2025 15:02:19,04/10/2025,15:02:19,"[0, 161, 0, 0, 0, 253, 1, 58, 255]",0.000,31.4
04/10/2025 15:02:20,04/10/2025,15:02:20,"[0, 161, 0, 0, 0, 253, 1, 58, 255]",0.000,31.4
04/10/2025 15:02:21,04/10/2025,15:02:21,"[0, 161, 0, 2, 71, 253, 1, 57, 255]",0.583,31.3
04/10/2025 15:02:22,04/10/2025,15:02:22,"[0, 161, 0, 2, 71, 253, 1, 60, 255]",0.583,31.6
04/10/2025 15:02:23,04/10/2025,15:02:23,"[0, 161, 0, 3, 84, 253, 1, 58, 255]",0.852,31.4
04/10/2025 15:02:24,04/10/2025,15:02:24,"[0, 161, 0, 1, 27, 253, 1, 58, 255]",0.283,31.4
04/10/2025 15:02:25,04/10/2025,15:02:25,"[0, 161, 0, 2, 35, 253, 1, 59, 255]",0.547,31.5
04/10/2025 15:02:26,04/10/2025,15:02:26,"[0, 161, 0, 2, 35, 253, 1, 59, 255]",0.547,31.5
04/10/2025 15:02:27,04/10/2025,15:02:27,"[0, 161, 0, 3, 139, 253, 1, 57, 255]",0.907,31.3
04/10/2025 15:02:28,04/10/2025,15:02:28,"[0, 161, 0, 1, 173, 253, 1, 58, 255]",0.429,31.4
04/10/2025 15:02:29,04/10/2025,15:02:29,"[0, 161, 0, 0, 68, 253, 1, 57, 255]",0.068,31.3
04/10/2025 15:02:30,04/10/2025,15:02:30,"[0, 161, 0, 0, 68, 253, 1, 57, 255]",0.068,31.3
04/10/2025 15:02:31,04/10/2025,15:02:31,"[0, 161, 0, 0, 0, 253, 1, 56, 255]",0.000,31.2
04/10/2025 15:02:32,04/10/2025,15:02:32,"[0, 161, 0, 0, 0, 253, 1, 57, 255]",0.000,31.3
04/10/2025 15:02:33,04/10/2025,15:02:33,"[0, 161, 0, 0, 86, 253, 1, 61, 255]",0.086,31.7
04/10/2025 15:02:34,04/10/2025,15:02:34,"[0, 161, 0, 0, 86, 253, 1, 58, 255]",0.086,31.4
04/10/2025 15:02:35,04/10/2025,15:02:35,"[0, 161, 0, 0, 0, 253, 1, 58, 255]",0.000,31.4
04/10/2025 15:02:36,04/10/2025,15:02:36,"[0, 161, 0, 0, 0, 253, 1, 57, 255]",0.000,31.3
04/10/2025 15:02:37,04/10/2025,15:02:37,"[0, 161, 0, 0, 0, 253, 1, 57, 255]",0.000,31.3
04/10/2025 15:02:38,04/10/2025,15:02:38,"[0, 161, 0, 0, 0, 253, 1, 59, 255]",0.000,31.5
04/10/2025 15:02:39,04/10/2025,15:02:39,"[0, 161, 0, 1, 71, 253, 1, 60, 255]",0.327,31.6
04/10/2025 15:02:40,04/10/2025,15:02:40,"[0, 161, 0, 0, 204, 253, 1, 58, 255]",0.204,31.4
04/10/2025 15:02:41,04/10/2025,15:02:41,"[0, 161, 0, 0, 144, 253, 1, 57, 255]",0.144,31.3
04/10/2025 15:02:42,04/10/2025,15:02:42,"[0, 161, 0, 2, 241, 253, 1, 56, 255]",0.753,31.2
04/10/2025 15:02:43,04/10/2025,15:02:43,"[0, 161, 0, 2, 241, 253, 1, 56, 255]",0.753,31.2
04/10/2025 15:02:44,04/10/2025,15:02:44,"[0, 161, 0, 0, 161, 253, 1, 58, 255]",0.161,31.4
04/10/2025 15:02:45,04/10/2025,15:02:45,"[0, 161, 0, 0, 5, 253, 1, 57, 255]",0.005,31.3
04/10/2025 15:02:46,04/10/2025,15:02:46,"[0, 161, 0, 0, 0, 253, 1, 56, 255]",0.000,31.2
04/10/2025 15:02:47,04/10/2025,15:02:47,"[0, 161, 0, 0, 0, 253, 1, 56, 255]",0.000,31.2
04/10/2025 15:02:48,04/10/2025,15:02:48,"[0, 161, 0, 0, 0, 253, 1, 57, 255]",0.000,31.3
04/10/2025 15:02:49,04/10/2025,15:02:49,"[0, 161, 0, 0, 0, 253, 1, 59, 255]",0.000,31.5
04/10/2025 15:02:50,04/10/2025,15:02:50,"[0, 161, 0, 0, 0, 253, 1, 56, 255]",0.000,31.2
04/10/2025 15:02:51,04/10/2025,15:02:51,"[0, 161, 0, 0, 0, 253, 1, 58, 255]",0.000,31.4
04/10/2025 15:02:52,04/10/2025,15:02:52,"[0, 161, 0, 0, 0, 253, 1, 59, 255]",0.000,31.5
04/10/2025 15:02:53,04/10/2025,15:02:53,"[0, 161, 0, 0, 138, 253, 1, 58, 255]",0.138,31.4
04/10/2025 15:02:54,04/10/2025,15:02:54,"[0, 161, 0, 1, 19, 253, 1, 58, 255]",0.275,31.4
04/10/2025 15:02:55,04/10/2025,15:02:55,"[0, 161, 0, 1, 19, 253, 1, 58, 255]",0.275,31.4
04/10/2025 15:02:56,04/10/2025,15:02:56,"[0, 161, 0, 0, 179, 253, 1, 58, 255]",0.179,31.4
04/10/2025 15:02:57,04/10/2025,15:02:57,"[0, 161, 0, 1, 128, 253, 1, 58, 255]",0.384,31.4
04/10/2025 15:02:58,04/10/2025,15:02:58,"[0, 161, 0, 3, 31, 253, 1, 57, 255]",0.799,31.3
04/10/2025 15:02:59,04/10/2025,15:02:59,"[0, 161, 0, 3, 31, 253, 1, 58, 255]",0.799,31.4
04/10/2025 15:03:00,04/10/2025,15:03:00,"[0, 161, 0, 1, 195, 253, 1, 57, 255]",0.451,31.3
04/10/2025 15:03:01,04/10/2025,15:03:01,"[0, 161, 0, 1, 153, 253, 1, 58, 255]",0.409,31.4
04/10/2025 15:03:02,04/10/2025,15:03:02,"[0, 161, 0, 0, 226, 253, 1, 58, 255]",0.226,31.4
04/10/2025 15:03:03,04/10/2025,15:03:03,"[0, 161, 0, 0, 226, 253, 1, 57, 255]",0.226,31.3
04/10/2025 15:03:04,04/10/2025,15:03:04,"[0, 161, 0, 0, 0, 253, 1, 57, 255]",0.000,31.3
04/10/2025 15:03:05,04/10/2025,15:03:05,"[0, 161, 0, 0, 0, 253, 1, 57, 255]",0.000,31.3
04/10/2025 15:03:06,04/10/2025,15:03:06,"[0, 161, 0, 0, 0, 253, 1, 58, 255]",0.000,31.4
04/10/2025 15:03:07,04/10/2025,15:03:07,"[0, 161, 0, 0, 0, 253, 1, 57, 255]",0.000,31.3
04/10/2025 15:03:08,04/10/2025,15:03:08,"[0, 161, 0, 0, 0, 253, 1, 57, 255]",0.000,31.3
04/10/2025 15:03:09,04/10/2025,15:03:09,"[0, 161, 0, 1, 122, 253, 1, 59, 255]",0.378,31.5
04/10/2025 15:03:10,04/10/2025,15:03:10,"[0, 161, 0, 0, 190, 253, 1, 58, 255]",0.190,31.4
04/10/2025 15:03:11,04/10/2025,15:03:11,"[0, 161, 0, 0, 30, 253, 1, 58, 255]",0.030,31.4
04/10/2025 15:03:12,04/10/2025,15:03:12,"[0, 161, 0, 0, 30, 253, 1, 56, 255]",0.030,31.2
04/10/2025 15:03:13,04/10/2025,15:03:13,"[0, 161, 0, 0, 155, 253, 1, 57, 255]",0.155,31.3
04/10/2025 15:03:14,04/10/2025,15:03:14,"[0, 161, 0, 1, 189, 253, 1, 58, 255]",0.445,31.4
04/10/2025 15:03:15,04/10/2025,15:03:15,"[0, 161, 0, 0, 0, 253, 1, 55, 255]",0.000,31.1
04/10/2025 15:03:16,04/10/2025,15:03:16,"[0, 161, 0, 0, 0, 253, 1, 56, 255]",0.000,31.2
04/10/2025 15:03:17,04/10/2025,15:03:17,"[0, 161, 0, 0, 0, 253, 1, 57, 255]",0.000,31.3
04/10/2025 15:03:18,04/10/2025,15:03:18,"[0, 161, 0, 0, 0, 253, 1, 58, 255]",0.000,31.4
04/10/2025 15:03:19,04/10/2025,15:03:19,"[0, 161, 0, 0, 0, 253, 1, 59, 255]",0.000,31.5
04/10/2025 15:03:20,04/10/2025,15:03:20,"[0, 161, 0, 0, 0, 253, 1, 60, 255]",0.000,31.6
04/10/2025 15:03:21,04/10/2025,15:03:21,"[0, 161, 0, 0, 129, 253, 1, 56, 255]",0.129,31.2
04/10/2025 15:03:22,04/10/2025,15:03:22,"[0, 161, 0, 0, 0, 253, 1, 58, 255]",0.000,31.4
04/10/2025 15:03:23,04/10/2025,15:03:23,"[0, 161, 0, 0, 92, 253, 1, 59, 255]",0.092,31.5
04/10/2025 15:03:24,04/10/2025,15:03:24,"[0, 161, 0, 0, 92, 253, 1, 56, 255]",0.092,31.2
04/10/2025 15:03:25,04/10/2025,15:03:25,"[0, 161, 0, 3, 196, 253, 1, 57, 255]",0.964,31.3
04/10/2025 15:03:26,04/10/2025,15:03:26,"[0, 161, 0, 2, 111, 253, 1, 58, 255]",0.623,31.4
04/10/2025 15:03:27,04/10/2025,15:03:27,"[0, 161, 0, 0, 100, 253, 1, 58, 255]",0.100,31.4
04/10/2025 15:03:28,04/10/2025,15:03:28,"[0, 161, 0, 2, 197, 253, 1, 58, 255]",0.709,31.4
04/10/2025 15:03:29,04/10/2025,15:03:29,"[0, 161, 0, 2, 197, 253, 1, 58, 255]",0.709,31.4
04/10/2025 15:03:30,04/10/2025,15:03:30,"[0, 161, 0, 1, 36, 253, 1, 57, 255]",0.292,31.3
04/10/2025 15:03:31,04/10/2025,15:03:31,"[0, 161, 0, 0, 202, 253, 1, 57, 255]",0.202,31.3
04/10/2025 15:03:32,04/10/2025,15:03:32,"[0, 161, 0, 0, 0, 253, 1, 57, 255]",0.000,31.3
04/10/2025 15:03:33,04/10/2025,15:03:33,"[0, 161, 0, 0, 0, 253, 1, 57, 255]",0.000,31.3
04/10/2025 15:03:34,04/10/2025,15:03:34,"[0, 161, 0, 0, 0, 253, 1, 59, 255]",0.000,31.5
04/10/2025 15:03:35,04/10/2025,15:03:35,"[0, 161, 0, 0, 0, 253, 1, 57, 255]",0.000,31.3
04/10/2025 15:03:36,04/10/2025,15:03:36,"[0, 161, 0, 0, 0, 253, 1, 57, 255]",0.000,31.3
04/10/2025 15:03:37,04/10/2025,15:03:37,"[0, 161, 0, 0, 0, 253, 1, 57, 255]",0.000,31.3
04/10/2025 15:03:38,04/10/2025,15:03:38,"[0, 161, 0, 0, 0, 253, 1, 58, 255]",0.000,31.4
04/10/2025 15:03:39,04/10/2025,15:03:39,"[0, 161, 0, 1, 240, 253, 1, 56, 255]",0.496,31.2
04/10/2025 15:03:40,04/10/2025,15:03:40,"[0, 161, 0, 3, 44, 253, 1, 56, 255]",0.812,31.2
04/10/2025 15:03:41,04/10/2025,15:03:41,"[0, 161, 0, 3, 44, 253, 1, 59, 255]",0.812,31.5
04/10/2025 15:03:42,04/10/2025,15:03:42,"[0, 161, 0, 1, 90, 253, 1, 58, 255]",0.346,31.4
04/10/2025 15:03:43,04/10/2025,15:03:43,"[0, 161, 0, 1, 200, 253, 1, 58, 255]",0.456,31.4
04/10/2025 15:03:44,04/10/2025,15:03:44,"[0, 161, 0, 2, 210, 253, 1, 58, 255]",0.722,31.4
04/10/2025 15:03:45,04/10/2025,15:03:45,"[0, 161, 0, 2, 210, 253, 1, 58, 255]",0.722,31.4
04/10/2025 15:03:46,04/10/2025,15:03:46,"[0, 161, 0, 2, 112, 253, 1, 57, 255]",0.624,31.3
04/10/2025 15:03:47,04/10/2025,15:03:47,"[0, 161, 0, 0, 7, 253, 1, 57, 255]",0.007,31.3
04/10/2025 15:03:48,04/10/2025,15:03:48,"[0, 161, 0, 0, 0, 253, 1, 57, 255]",0.000,31.3
04/10/2025 15:03:49,04/10/2025,15:03:49,"[0, 161, 0, 0, 0, 253, 1, 57, 255]",0.000,31.3
04/10/2025 15:03:50,04/10/2025,15:03:50,"[0, 161, 0, 0, 0, 253, 1, 58, 255]",0.000,31.4
04/10/2025 15:03:51,04/10/2025,15:03:51,"[0, 161, 0, 0, 0, 253, 1, 56, 255]",0.000,31.2
04/10/2025 15:03:52,04/10/2025,15:03:52,"[0, 161, 0, 0, 0, 253, 1, 56, 255]",0.000,31.2
04/10/2025 15:03:53,04/10/2025,15:03:53,"[0, 161, 0, 0, 0, 253, 1, 59, 255]",0.000,31.5
04/10/2025 15:03:54,04/10/2025,15:03:54,"[0, 161, 0, 0, 0, 253, 1, 60, 255]",0.000,31.6
04/10/2025 15:03:55,04/10/2025,15:03:55,"[0, 161, 0, 0, 6, 253, 1, 58, 255]",0.006,31.4
04/10/2025 15:03:56,04/10/2025,15:03:56,"[0, 161, 0, 1, 58, 253, 1, 57, 255]",0.314,31.3
04/10/2025 15:03:57,04/10/2025,15:03:57,"[0, 161, 0, 1, 6, 253, 1, 57, 255]",0.262,31.3
04/10/2025 15:03:58,04/10/2025,15:03:58,"[0, 161, 0, 1, 6, 253, 1, 57, 255]",0.262,31.3
04/10/2025 15:03:59,04/10/2025,15:03:59,"[0, 161, 0, 2, 202, 253, 1, 58, 255]",0.714,31.4
04/10/2025 15:04:00,04/10/2025,15:04:00,"[0, 161, 0, 3, 67, 253, 1, 55, 255]",0.835,31.1
04/10/2025 15:04:01,04/10/2025,15:04:01,"[0, 161, 0, 1, 225, 253, 1, 56, 255]",0.481,31.2
04/10/2025 15:04:02,04/10/2025,15:04:02,"[0, 161, 0, 1, 225, 253, 1, 57, 255]",0.481,31.3
04/10/2025 15:04:03,04/10/2025,15:04:03,"[0, 161, 0, 0, 73, 253, 1, 58, 255]",0.073,31.4
04/10/2025 15:04:04,04/10/2025,15:04:04,"[0, 161, 0, 0, 191, 253, 1, 57, 255]",0.191,31.3
04/10/2025 15:04:05,04/10/2025,15:04:05,"[0, 161, 0, 0, 3, 253, 1, 57, 255]",0.003,31.3
04/10/2025 15:04:06,04/10/2025,15:04:06,"[0, 161, 0, 0, 3, 253, 1, 57, 255]",0.003,31.3
04/10/2025 15:04:07,04/10/2025,15:04:07,"[0, 161, 0, 0, 0, 253, 1, 56, 255]",0.000,31.2
04/10/2025 15:04:08,04/10/2025,15:04:08,"[0, 161, 0, 0, 0, 253, 1, 58, 255]",0.000,31.4
04/10/2025 15:04:09,04/10/2025,15:04:09,"[0, 161, 0, 0, 0, 253, 1, 58, 255]",0.000,31.4
04/10/2025 15:04:10,04/10/2025,15:04:10,"[0, 161, 0, 0, 192, 253, 1, 58, 255]",0.192,31.4
04/10/2025 15:04:11,04/10/2025,15:04:11,"[0, 161, 0, 0, 192, 253, 1, 56, 255]",0.192,31.2
04/10/2025 15:04:12,04/10/2025,15:04:12,"[0, 161, 0, 1, 185, 253, 1, 57, 255]",0.441,31.3
04/10/2025 15:04:13,04/10/2025,15:04:13,"[0, 161, 0, 1, 32, 253, 1, 59, 255]",0.288,31.5
04/10/2025 15:04:14,04/10/2025,15:04:14,"[0, 161, 0, 2, 98, 253, 1, 58, 255]",0.610,31.4
04/10/2025 15:04:15,04/10/2025,15:04:15,"[0, 161, 0, 2, 98, 253, 1, 58, 255]",0.610,31.4
04/10/2025 15:04:16,04/10/2025,15:04:16,"[0, 161, 0, 3, 141, 253, 1, 56, 255]",0.909,31.2
04/10/2025 15:04:17,04/10/2025,15:04:17,"[0, 161, 0, 0, 161, 253, 1, 58, 255]",0.161,31.4
04/10/2025 15:04:18,04/10/2025,15:04:18,"[0, 161, 0, 0, 0, 253, 1, 56, 255]",0.000,31.2
04/10/2025 15:04:19,04/10/2025,15:04:19,"[0, 161, 0, 0, 0, 253, 1, 57, 255]",0.000,31.3
04/10/2025 15:04:20,04/10/2025,15:04:20,"[0, 161, 0, 0, 64, 253, 1, 60, 255]",0.064,31.6
04/10/2025 15:04:21,04/10/2025,15:04:21,"[0, 161, 0, 0, 113, 253, 1, 60, 255]",0.113,31.6
04/10/2025 15:04:22,04/10/2025,15:04:22,"[0, 161, 0, 0, 0, 253, 1, 56, 255]",0.000,31.2
04/10/2025 15:04:23,04/10/2025,15:04:23,"[0, 161, 0, 0, 0, 253, 1, 54, 255]",0.000,31.0
04/10/2025 15:04:24,04/10/2025,15:04:24,"[0, 161, 0, 0, 0, 253, 1, 58, 255]",0.000,31.4
04/10/2025 15:04:25,04/10/2025,15:04:25,"[0, 161, 0, 0, 0, 253, 1, 59, 255]",0.000,31.5
04/10/2025 15:04:26,04/10/2025,15:04:26,"[0, 161, 0, 1, 94, 253, 1, 59, 255]",0.350,31.5
04/10/2025 15:04:27,04/10/2025,15:04:27,"[0, 161, 0, 1, 94, 253, 1, 58, 255]",0.350,31.4
04/10/2025 15:04:28,04/10/2025,15:04:28,"[0, 161, 0, 0, 164, 253, 1, 57, 255]",0.164,31.3
04/10/2025 15:04:29,04/10/2025,15:04:29,"[0, 161, 0, 0, 0, 253, 1, 57, 255]",0.000,31.3
04/10/2025 15:04:30,04/10/2025,15:04:30,"[0, 161, 0, 1, 165, 253, 1, 57, 255]",0.421,31.3
04/10/2025 15:04:31,04/10/2025,15:04:31,"[0, 161, 0, 2, 223, 253, 1, 57, 255]",0.735,31.3
04/10/2025 15:04:32,04/10/2025,15:04:32,"[0, 161, 0, 2, 223, 253, 1, 55, 255]",0.735,31.1
04/10/2025 15:04:33,04/10/2025,15:04:33,"[0, 161, 0, 0, 157, 253, 1, 56, 255]",0.157,31.2
04/10/2025 15:04:34,04/10/2025,15:04:34,"[0, 161, 0, 0, 2, 253, 1, 58, 255]",0.002,31.4
04/10/2025 15:04:35,04/10/2025,15:04:35,"[0, 161, 0, 0, 0, 253, 1, 59, 255]",0.000,31.5
04/10/2025 15:04:36,04/10/2025,15:04:36,"[0, 161, 0, 0, 0, 253, 1, 58, 255]",0.000,31.4
04/10/2025 15:04:37,04/10/2025,15:04:37,"[0, 161, 0, 0, 238, 253, 1, 59, 255]",0.238,31.5
04/10/2025 15:04:38,04/10/2025,15:04:38,"[0, 161, 0, 0, 0, 253, 1, 56, 255]",0.000,31.2
04/10/2025 15:04:39,04/10/2025,15:04:39,"[0, 161, 0, 0, 0, 253, 1, 57, 255]",0.000,31.3
04/10/2025 15:04:40,04/10/2025,15:04:40,"[0, 161, 0, 0, 0, 253, 1, 56, 255]",0.000,31.2
04/10/2025 15:04:41,04/10/2025,15:04:41,"[0, 161, 0, 0, 10, 253, 1, 57, 255]",0.010,31.3
04/10/2025 15:04:42,04/10/2025,15:04:42,"[0, 161, 0, 1, 126, 253, 1, 57, 255]",0.382,31.3
04/10/2025 15:04:43,04/10/2025,15:04:43,"[0, 161, 0, 1, 52, 253, 1, 58, 255]",0.308,31.4
04/10/2025 15:04:44,04/10/2025,15:04:44,"[0, 161, 0, 1, 52, 253, 1, 57, 255]",0.308,31.3
04/10/2025 15:04:45,04/10/2025,15:04:45,"[0, 161, 0, 1, 42, 253, 1, 59, 255]",0.298,31.5
04/10/2025 15:04:46,04/10/2025,15:04:46,"[0, 161, 0, 2, 185, 253, 1, 59, 255]",0.697,31.5
04/10/2025 15:04:47,04/10/2025,15:04:47,"[0, 161, 0, 1, 157, 253, 1, 57, 255]",0.413,31.3
04/10/2025 15:04:48,04/10/2025,15:04:48,"[0, 161, 0, 1, 157, 253, 1, 57, 255]",0.413,31.3
04/10/2025 15:04:49,04/10/2025,15:04:49,"[0, 161, 0, 0, 116, 253, 1, 58, 255]",0.116,31.4
04/10/2025 15:04:50,04/10/2025,15:04:50,"[0, 161, 0, 0, 0, 253, 1, 59, 255]",0.000,31.5
04/10/2025 15:04:51,04/10/2025,15:04:51,"[0, 161, 0, 0, 0, 253, 1, 59, 255]",0.000,31.5
04/10/2025 15:04:52,04/10/2025,15:04:52,"[0, 161, 0, 0, 0, 253, 1, 59, 255]",0.000,31.5
04/10/2025 15:04:53,04/10/2025,15:04:53,"[0, 161, 0, 0, 0, 253, 1, 56, 255]",0.000,31.2
04/10/2025 15:04:54,04/10/2025,15:04:54,"[0, 161, 0, 0, 0, 253, 1, 59, 255]",0.000,31.5
04/10/2025 15:04:55,04/10/2025,15:04:55,"[0, 161, 0, 0, 0, 253, 1, 57, 255]",0.000,31.3
04/10/2025 15:04:56,04/10/2025,15:04:56,"[0, 161, 0, 1, 51, 253, 1, 57, 255]",0.307,31.3
04/10/2025 15:04:57,04/10/2025,15:04:57,"[0, 161, 0, 1, 51, 253, 1, 59, 255]",0.307,31.5
04/10/2025 15:04:58,04/10/2025,15:04:58,"[0, 161, 0, 2, 241, 253, 1, 60, 255]",0.753,31.6
04/10/2025 15:04:59,04/10/2025,15:04:59,"[0, 161, 0, 1, 15, 253, 1, 57, 255]",0.271,31.3
04/10/2025 15:05:00,04/10/2025,15:05:00,"[0, 161, 0, 0, 144, 253, 1, 56, 255]",0.144,31.2
04/10/2025 15:05:01,04/10/2025,15:05:01,"[0, 161, 0, 0, 144, 253, 1, 59, 255]",0.144,31.5
04/10/2025 15:05:02,04/10/2025,15:05:02,"[0, 161, 0, 2, 58, 253, 1, 59, 255]",0.570,31.5
04/10/2025 15:05:03,04/10/2025,15:05:03,"[0, 161, 0, 2, 64, 253, 1, 58, 255]",0.576,31.4
04/10/2025 15:05:04,04/10/2025,15:05:04,"[0, 161, 0, 0, 170, 253, 1, 55, 255]",0.170,31.1
04/10/2025 15:05:05,04/10/2025,15:05:05,"[0, 161, 0, 0, 170, 253, 1, 54, 255]",0.170,31.0
04/10/2025 15:05:06,04/10/2025,15:05:06,"[0, 161, 0, 0, 0, 253, 1, 55, 255]",0.000,31.1
04/10/2025 15:05:07,04/10/2025,15:05:07,"[0, 161, 0, 0, 0, 253, 1, 55, 255]",0.000,31.1
04/10/2025 15:05:08,04/10/2025,15:05:08,"[0, 161, 0, 0, 0, 253, 1, 56, 255]",0.000,31.2
04/10/2025 15:05:09,04/10/2025,15:05:09,"[0, 161, 0, 0, 0, 253, 1, 56, 255]",0.000,31.2
04/10/2025 15:05:10,04/10/2025,15:05:10,"[0, 161, 0, 0, 0, 253, 1, 58, 255]",0.000,31.4
04/10/2025 15:05:11,04/10/2025,15:05:11,"[0, 161, 0, 0, 0, 253, 1, 57, 255]",0.000,31.3
04/10/2025 15:05:12,04/10/2025,15:05:12,"[0, 161, 0, 0, 10, 253, 1, 57, 255]",0.010,31.3
04/10/2025 15:05:13,04/10/2025,15:05:13,"[0, 161, 0, 0, 53, 253, 1, 58, 255]",0.053,31.4
04/10/2025 15:05:14,04/10/2025,15:05:14,"[0, 161, 0, 0, 53, 253, 1, 58, 255]",0.053,31.4
04/10/2025 15:05:15,04/10/2025,15:05:15,"[0, 161, 0, 0, 0, 253, 1, 58, 255]",0.000,31.4
04/10/2025 15:05:16,04/10/2025,15:05:16,"[0, 161, 0, 0, 123, 253, 1, 57, 255]",0.123,31.3
04/10/2025 15:05:17,04/10/2025,15:05:17,"[0, 161, 0, 2, 251, 253, 1, 60, 255]",0.763,31.6
04/10/2025 15:05:18,04/10/2025,15:05:18,"[0, 161, 0, 2, 251, 253, 1, 56, 255]",0.763,31.2
04/10/2025 15:05:19,04/10/2025,15:05:19,"[0, 161, 0, 0, 118, 253, 1, 57, 255]",0.118,31.3
04/10/2025 15:05:20,04/10/2025,15:05:20,"[0, 161, 0, 0, 0, 253, 1, 56, 255]",0.000,31.2
04/10/2025 15:05:21,04/10/2025,15:05:21,"[0, 161, 0, 0, 0, 253, 1, 55, 255]",0.000,31.1
04/10/2025 15:05:22,04/10/2025,15:05:22,"[0, 161, 0, 0, 0, 253, 1, 57, 255]",0.000,31.3
04/10/2025 15:05:23,04/10/2025,15:05:23,"[0, 161, 0, 0, 138, 253, 1, 59, 255]",0.138,31.5
04/10/2025 15:05:24,04/10/2025,15:05:24,"[0, 161, 0, 0, 0, 253, 1, 56, 255]",0.000,31.2
04/10/2025 15:05:25,04/10/2025,15:05:25,"[0, 161, 0, 0, 0, 253, 1, 58, 255]",0.000,31.4
04/10/2025 15:05:26,04/10/2025,15:05:26,"[0, 161, 0, 0, 0, 253, 1, 57, 255]",0.000,31.3
04/10/2025 15:05:27,04/10/2025,15:05:27,"[0, 161, 0, 0, 0, 253, 1, 58, 255]",0.000,31.4
04/10/2025 15:05:28,04/10/2025,15:05:28,"[0, 161, 0, 0, 224, 253, 1, 59, 255]",0.224,31.5
04/10/2025 15:05:29,04/10/2025,15:05:29,"[0, 161, 0, 2, 57, 253, 1, 56, 255]",0.569,31.2
04/10/2025 15:05:30,04/10/2025,15:05:30,"[0, 161, 0, 2, 57, 253, 1, 60, 255]",0.569,31.6
04/10/2025 15:05:31,04/10/2025,15:05:31,"[0, 161, 0, 0, 221, 253, 1, 59, 255]",0.221,31.5
04/10/2025 15:05:32,04/10/2025,15:05:32,"[0, 161, 0, 2, 151, 253, 1, 58, 255]",0.663,31.4
04/10/2025 15:05:33,04/10/2025,15:05:33,"[0, 161, 0, 3, 21, 253, 1, 56, 255]",0.789,31.2
04/10/2025 15:05:34,04/10/2025,15:05:34,"[0, 161, 0, 0, 229, 253, 1, 56, 255]",0.229,31.2
04/10/2025 15:05:35,04/10/2025,15:05:35,"[0, 161, 0, 0, 229, 253, 1, 58, 255]",0.229,31.4
04/10/2025 15:05:36,04/10/2025,15:05:36,"[0, 161, 0, 1, 75, 253, 1, 58, 255]",0.331,31.4
04/10/2025 15:05:37,04/10/2025,15:05:37,"[0, 161, 0, 0, 206, 253, 1, 57, 255]",0.206,31.3
04/10/2025 15:05:38,04/10/2025,15:05:38,"[0, 161, 0, 0, 0, 253, 1, 59, 255]",0.000,31.5
04/10/2025 15:05:39,04/10/2025,15:05:39,"[0, 161, 0, 0, 0, 253, 1, 57, 255]",0.000,31.3
04/10/2025 15:05:40,04/10/2025,15:05:40,"[0, 161, 0, 0, 3, 253, 1, 56, 255]",0.003,31.2
04/10/2025 15:05:41,04/10/2025,15:05:41,"[0, 161, 0, 0, 0, 253, 1, 56, 255]",0.000,31.2
04/10/2025 15:05:42,04/10/2025,15:05:42,"[0, 161, 0, 0, 0, 253, 1, 56, 255]",0.000,31.2
04/10/2025 15:05:43,04/10/2025,15:05:43,"[0, 161, 0, 0, 0, 253, 1, 58, 255]",0.000,31.4
04/10/2025 15:05:44,04/10/2025,15:05:44,"[0, 161, 0, 1, 90, 253, 1, 55, 255]",0.346,31.1
04/10/2025 15:05:45,04/10/2025,15:05:45,"[0, 161, 0, 2, 8, 253, 1, 57, 255]",0.520,31.3
04/10/2025 15:05:46,04/10/2025,15:05:46,"[0, 161, 0, 0, 72, 253, 1, 57, 255]",0.072,31.3
04/10/2025 15:05:47,04/10/2025,15:05:47,"[0, 161, 0, 0, 72, 253, 1, 57, 255]",0.072,31.3
04/10/2025 15:05:48,04/10/2025,15:05:48,"[0, 161, 0, 1, 156, 253, 1, 57, 255]",0.412,31.3
04/10/2025 15:05:49,04/10/2025,15:05:49,"[0, 161, 0, 2, 221, 253, 1, 55, 255]",0.733,31.1
04/10/2025 15:05:50,04/10/2025,15:05:50,"[0, 161, 0, 1, 96, 253, 1, 56, 255]",0.352,31.2
04/10/2025 15:05:51,04/10/2025,15:05:51,"[0, 161, 0, 1, 96, 253, 1, 58, 255]",0.352,31.4
04/10/2025 15:05:52,04/10/2025,15:05:52,"[0, 161, 0, 0, 147, 253, 1, 56, 255]",0.147,31.2
04/10/2025 15:05:53,04/10/2025,15:05:53,"[0, 161, 0, 0, 51, 253, 1, 57, 255]",0.051,31.3
04/10/2025 15:05:54,04/10/2025,15:05:54,"[0, 161, 0, 0, 0, 253, 1, 56, 255]",0.000,31.2
04/10/2025 15:05:55,04/10/2025,15:05:55,"[0, 161, 0, 0, 0, 253, 1, 56, 255]",0.000,31.2
04/10/2025 15:05:56,04/10/2025,15:05:56,"[0, 161, 0, 0, 0, 253, 1, 58, 255]",0.000,31.4
04/10/2025 15:05:57,04/10/2025,15:05:57,"[0, 161, 0, 0, 0, 253, 1, 57, 255]",0.000,31.3
04/10/2025 15:05:58,04/10/2025,15:05:58,"[0, 161, 0, 0, 0, 253, 1, 55, 255]",0.000,31.1
04/10/2025 15:05:59,04/10/2025,15:05:59,"[0, 161, 0, 3, 181, 253, 1, 58, 255]",0.949,31.4
04/10/2025 15:06:00,04/10/2025,15:06:00,"[0, 161, 0, 3, 181, 253, 1, 57, 255]",0.949,31.3
04/10/2025 15:06:01,04/10/2025,15:06:01,"[0, 161, 0, 1, 221, 253, 1, 55, 255]",0.477,31.1
04/10/2025 15:06:02,04/10/2025,15:06:02,"[0, 161, 0, 1, 146, 253, 1, 57, 255]",0.402,31.3
04/10/2025 15:06:03,04/10/2025,15:06:03,"[0, 161, 0, 2, 224, 253, 1, 58, 255]",0.736,31.4
04/10/2025 15:06:04,04/10/2025,15:06:04,"[0, 161, 0, 2, 224, 253, 1, 59, 255]",0.736,31.5
04/10/2025 15:06:05,04/10/2025,15:06:05,"[0, 161, 0, 2, 77, 253, 1, 56, 255]",0.589,31.2
04/10/2025 15:06:06,04/10/2025,15:06:06,"[0, 161, 0, 0, 180, 253, 1, 58, 255]",0.180,31.4
04/10/2025 15:06:07,04/10/2025,15:06:07,"[0, 161, 0, 0, 0, 253, 1, 57, 255]",0.000,31.3
04/10/2025 15:06:08,04/10/2025,15:06:08,"[0, 161, 0, 0, 0, 253, 1, 57, 255]",0.000,31.3
04/10/2025 15:06:09,04/10/2025,15:06:09,"[0, 161, 0, 0, 0, 253, 1, 57, 255]",0.000,31.3
04/10/2025 15:06:10,04/10/2025,15:06:10,"[0, 161, 0, 0, 0, 253, 1, 56, 255]",0.000,31.2
04/10/2025 15:06:11,04/10/2025,15:06:11,"[0, 161, 0, 0, 0, 253, 1, 57, 255]",0.000,31.3
04/10/2025 15:06:12,04/10/2025,15:06:12,"[0, 161, 0, 0, 0, 253, 1, 57, 255]",0.000,31.3
04/10/2025 15:06:13,04/10/2025,15:06:13,"[0, 161, 0, 0, 0, 253, 1, 59, 255]",0.000,31.5
04/10/2025 15:06:14,04/10/2025,15:06:14,"[0, 161, 0, 0, 103, 253, 1, 58, 255]",0.103,31.4
04/10/2025 15:06:15,04/10/2025,15:06:15,"[0, 161, 0, 1, 139, 253, 1, 58, 255]",0.395,31.4
04/10/2025 15:06:16,04/10/2025,15:06:16,"[0, 161, 0, 0, 0, 253, 1, 58, 255]",0.000,31.4
04/10/2025 15:06:17,04/10/2025,15:06:17,"[0, 161, 0, 0, 0, 253, 1, 58, 255]",0.000,31.4
04/10/2025 15:06:18,04/10/2025,15:06:18,"[0, 161, 0, 0, 65, 253, 1, 57, 255]",0.065,31.3
04/10/2025 15:06:19,04/10/2025,15:06:19,"[0, 161, 0, 1, 192, 253, 1, 58, 255]",0.448,31.4
04/10/2025 15:06:20,04/10/2025,15:06:20,"[0, 161, 0, 1, 130, 253, 1, 56, 255]",0.386,31.2
04/10/2025 15:06:21,04/10/2025,15:06:21,"[0, 161, 0, 1, 130, 253, 1, 56, 255]",0.386,31.2
04/10/2025 15:06:22,04/10/2025,15:06:22,"[0, 161, 0, 0, 69, 253, 1, 57, 255]",0.069,31.3
04/10/2025 15:06:23,04/10/2025,15:06:23,"[0, 161, 0, 0, 0, 253, 1, 55, 255]",0.000,31.1
04/10/2025 15:06:24,04/10/2025,15:06:24,"[0, 161, 0, 0, 0, 253, 1, 56, 255]",0.000,31.2
04/10/2025 15:06:25,04/10/2025,15:06:25,"[0, 161, 0, 0, 0, 253, 1, 56, 255]",0.000,31.2
04/10/2025 15:06:26,04/10/2025,15:06:26,"[0, 161, 0, 0, 128, 253, 1, 57, 255]",0.128,31.3
04/10/2025 15:06:27,04/10/2025,15:06:27,"[0, 161, 0, 0, 117, 253, 1, 58, 255]",0.117,31.4
04/10/2025 15:06:28,04/10/2025,15:06:28,"[0, 161, 0, 0, 55, 253, 1, 58, 255]",0.055,31.4
04/10/2025 15:06:29,04/10/2025,15:06:29,"[0, 161, 0, 0, 55, 253, 1, 58, 255]",0.055,31.4
04/10/2025 15:06:30,04/10/2025,15:06:30,"[0, 161, 0, 0, 34, 253, 1, 58, 255]",0.034,31.4
04/10/2025 15:06:31,04/10/2025,15:06:31,"[0, 161, 0, 3, 1, 253, 1, 57, 255]",0.769,31.3
04/10/2025 15:06:32,04/10/2025,15:06:32,"[0, 161, 0, 0, 195, 253, 1, 57, 255]",0.195,31.3
04/10/2025 15:06:33,04/10/2025,15:06:33,"[0, 161, 0, 0, 195, 253, 1, 56, 255]",0.195,31.2
04/10/2025 15:06:34,04/10/2025,15:06:34,"[0, 161, 0, 0, 90, 253, 1, 58, 255]",0.090,31.4
04/10/2025 15:06:35,04/10/2025,15:06:35,"[0, 161, 0, 2, 208, 253, 1, 56, 255]",0.720,31.2
04/10/2025 15:06:36,04/10/2025,15:06:36,"[0, 161, 0, 2, 83, 253, 1, 58, 255]",0.595,31.4
04/10/2025 15:06:37,04/10/2025,15:06:37,"[0, 161, 0, 2, 83, 253, 1, 58, 255]",0.595,31.4
04/10/2025 15:06:38,04/10/2025,15:06:38,"[0, 161, 0, 1, 71, 253, 1, 56, 255]",0.327,31.2
04/10/2025 15:06:39,04/10/2025,15:06:39,"[0, 161, 0, 0, 46, 253, 1, 56, 255]",0.046,31.2
04/10/2025 15:06:40,04/10/2025,15:06:40,"[0, 161, 0, 0, 195, 253, 1, 57, 255]",0.195,31.3
04/10/2025 15:06:41,04/10/2025,15:06:41,"[0, 161, 0, 0, 0, 253, 1, 56, 255]",0.000,31.2
04/10/2025 15:06:42,04/10/2025,15:06:42,"[0, 161, 0, 0, 0, 253, 1, 58, 255]",0.000,31.4
04/10/2025 15:06:43,04/10/2025,15:06:43,"[0, 161, 0, 0, 0, 253, 1, 56, 255]",0.000,31.2
04/10/2025 15:06:44,04/10/2025,15:06:44,"[0, 161, 0, 0, 0, 253, 1, 56, 255]",0.000,31.2
04/10/2025 15:06:45,04/10/2025,15:06:45,"[0, 161, 0, 2, 88, 253, 1, 56, 255]",0.600,31.2
04/10/2025 15:06:46,04/10/2025,15:06:46,"[0, 161, 0, 2, 88, 253, 1, 56, 255]",0.600,31.2
04/10/2025 15:06:47,04/10/2025,15:06:47,"[0, 161, 0, 1, 182, 253, 1, 56, 255]",0.438,31.2
04/10/2025 15:06:48,04/10/2025,15:06:48,"[0, 161, 0, 0, 136, 253, 1, 58, 255]",0.136,31.4
04/10/2025 15:06:49,04/10/2025,15:06:49,"[0, 161, 0, 0, 210, 253, 1, 56, 255]",0.210,31.2
04/10/2025 15:06:50,04/10/2025,15:06:50,"[0, 161, 0, 0, 210, 253, 1, 55, 255]",0.210,31.1
04/10/2025 15:06:51,04/10/2025,15:06:51,"[0, 161, 0, 3, 107, 253, 1, 55, 255]",0.875,31.1
04/10/2025 15:06:52,04/10/2025,15:06:52,"[0, 161, 0, 2, 38, 253, 1, 57, 255]",0.550,31.3
04/10/2025 15:06:53,04/10/2025,15:06:53,"[0, 161, 0, 0, 20, 253, 1, 53, 255]",0.020,30.9
04/10/2025 15:06:54,04/10/2025,15:06:54,"[0, 161, 0, 0, 20, 253, 1, 56, 255]",0.020,31.2
04/10/2025 15:06:55,04/10/2025,15:06:55,"[0, 161, 0, 0, 68, 253, 1, 58, 255]",0.068,31.4
04/10/2025 15:06:56,04/10/2025,15:06:56,"[0, 161, 0, 0, 0, 253, 1, 54, 255]",0.000,31.0
04/10/2025 15:06:57,04/10/2025,15:06:57,"[0, 161, 0, 0, 0, 253, 1, 56, 255]",0.000,31.2
04/10/2025 15:06:58,04/10/2025,15:06:58,"[0, 161, 0, 0, 0, 253, 1, 56, 255]",0.000,31.2
04/10/2025 15:06:59,04/10/2025,15:06:59,"[0, 161, 0, 0, 0, 253, 1, 56, 255]",0.000,31.2
04/10/2025 15:07:00,04/10/2025,15:07:00,"[0, 161, 0, 0, 0, 253, 1, 57, 255]",0.000,31.3
04/10/2025 15:07:01,04/10/2025,15:07:01,"[0, 161, 0, 0, 88, 253, 1, 56, 255]",0.088,31.2
04/10/2025 15:07:02,04/10/2025,15:07:02,"[0, 161, 0, 2, 243, 253, 1, 57, 255]",0.755,31.3
04/10/2025 15:07:03,04/10/2025,15:07:03,"[0, 161, 0, 2, 243, 253, 1, 59, 255]",0.755,31.5
04/10/2025 15:07:04,04/10/2025,15:07:04,"[0, 161, 0, 1, 106, 253, 1, 56, 255]",0.362,31.2
04/10/2025 15:07:05,04/10/2025,15:07:05,"[0, 161, 0, 1, 22, 253, 1, 58, 255]",0.278,31.4
04/10/2025 15:07:06,04/10/2025,15:07:06,"[0, 161, 0, 2, 249, 253, 1, 57, 255]",0.761,31.3
04/10/2025 15:07:07,04/10/2025,15:07:07,"[0, 161, 0, 2, 249, 253, 1, 58, 255]",0.761,31.4
04/10/2025 15:07:08,04/10/2025,15:07:08,"[0, 161, 0, 2, 99, 253, 1, 57, 255]",0.611,31.3
04/10/2025 15:07:09,04/10/2025,15:07:09,"[0, 161, 0, 1, 120, 253, 1, 55, 255]",0.376,31.1
04/10/2025 15:07:10,04/10/2025,15:07:10,"[0, 161, 0, 0, 0, 253, 1, 57, 255]",0.000,31.3
04/10/2025 15:07:11,04/10/2025,15:07:11,"[0, 161, 0, 0, 0, 253, 1, 56, 255]",0.000,31.2
04/10/2025 15:07:12,04/10/2025,15:07:12,"[0, 161, 0, 0, 0, 253, 1, 57, 255]",0.000,31.3
04/10/2025 15:07:13,04/10/2025,15:07:13,"[0, 161, 0, 0, 0, 253, 1, 56, 255]",0.000,31.2
04/10/2025 15:07:14,04/10/2025,15:07:14,"[0, 161, 0, 0, 0, 253, 1, 56, 255]",0.000,31.2
04/10/2025 15:07:15,04/10/2025,15:07:15,"[0, 161, 0, 0, 0, 253, 1, 59, 255]",0.000,31.5
04/10/2025 15:07:16,04/10/2025,15:07:16,"[0, 161, 0, 0, 0, 253, 1, 56, 255]",0.000,31.2
04/10/2025 15:07:17,04/10/2025,15:07:17,"[0, 161, 0, 0, 35, 253, 1, 58, 255]",0.035,31.4
04/10/2025 15:07:18,04/10/2025,15:07:18,"[0, 161, 0, 1, 222, 253, 1, 56, 255]",0.478,31.2
04/10/2025 15:07:19,04/10/2025,15:07:19,"[0, 161, 0, 1, 222, 253, 1, 56, 255]",0.478,31.2
04/10/2025 15:07:20,04/10/2025,15:07:20,"[0, 161, 0, 0, 144, 253, 1, 56, 255]",0.144,31.2
04/10/2025 15:07:21,04/10/2025,15:07:21,"[0, 161, 0, 2, 241, 253, 1, 56, 255]",0.753,31.2
04/10/2025 15:07:22,04/10/2025,15:07:22,"[0, 161, 0, 3, 177, 253, 1, 58, 255]",0.945,31.4
04/10/2025 15:07:23,04/10/2025,15:07:23,"[0, 161, 0, 1, 17, 253, 1, 55, 255]",0.273,31.1
04/10/2025 15:07:24,04/10/2025,15:07:24,"[0, 161, 0, 1, 17, 253, 1, 58, 255]",0.273,31.4
04/10/2025 15:07:25,04/10/2025,15:07:25,"[0, 161, 0, 0, 30, 253, 1, 58, 255]",0.030,31.4
04/10/2025 15:07:26,04/10/2025,15:07:26,"[0, 161, 0, 0, 0, 253, 1, 56, 255]",0.000,31.2
04/10/2025 15:07:27,04/10/2025,15:07:27,"[0, 161, 0, 0, 34, 253, 1, 56, 255]",0.034,31.2
04/10/2025 15:07:28,04/10/2025,15:07:28,"[0, 161, 0, 0, 34, 253, 1, 57, 255]",0.034,31.3
04/10/2025 15:07:29,04/10/2025,15:07:29,"[0, 161, 0, 0, 0, 253, 1, 55, 255]",0.000,31.1
04/10/2025 15:07:30,04/10/2025,15:07:30,"[0, 161, 0, 0, 0, 253, 1, 57, 255]",0.000,31.3
04/10/2025 15:07:31,04/10/2025,15:07:31,"[0, 161, 0, 0, 0, 253, 1, 58, 255]",0.000,31.4
04/10/2025 15:07:32,04/10/2025,15:07:32,"[0, 161, 0, 0, 0, 253, 1, 57, 255]",0.000,31.3
04/10/2025 15:07:33,04/10/2025,15:07:33,"[0, 161, 0, 0, 204, 253, 1, 56, 255]",0.204,31.2
04/10/2025 15:07:34,04/10/2025,15:07:34,"[0, 161, 0, 0, 224, 253, 1, 58, 255]",0.224,31.4
04/10/2025 15:07:35,04/10/2025,15:07:35,"[0, 161, 0, 0, 0, 253, 1, 56, 255]",0.000,31.2
04/10/2025 15:07:36,04/10/2025,15:07:36,"[0, 161, 0, 0, 0, 253, 1, 57, 255]",0.000,31.3
04/10/2025 15:07:37,04/10/2025,15:07:37,"[0, 161, 0, 1, 114, 253, 1, 55, 255]",0.370,31.1
04/10/2025 15:07:38,04/10/2025,15:07:38,"[0, 161, 0, 2, 233, 253, 1, 56, 255]",0.745,31.2
04/10/2025 15:07:39,04/10/2025,15:07:39,"[0, 161, 0, 1, 119, 253, 1, 56, 255]",0.375,31.2
04/10/2025 15:07:40,04/10/2025,15:07:40,"[0, 161, 0, 1, 119, 253, 1, 58, 255]",0.375,31.4
04/10/2025 15:07:41,04/10/2025,15:07:41,"[0, 161, 0, 0, 62, 253, 1, 55, 255]",0.062,31.1
04/10/2025 15:07:42,04/10/2025,15:07:42,"[0, 161, 0, 0, 0, 253, 1, 56, 255]",0.000,31.2
04/10/2025 15:07:43,04/10/2025,15:07:43,"[0, 161, 0, 0, 0, 253, 1, 56, 255]",0.000,31.2
04/10/2025 15:07:44,04/10/2025,15:07:44,"[0, 161, 0, 0, 0, 253, 1, 56, 255]",0.000,31.2
04/10/2025 15:07:45,04/10/2025,15:07:45,"[0, 161, 0, 0, 0, 253, 1, 58, 255]",0.000,31.4
04/10/2025 15:07:46,04/10/2025,15:07:46,"[0, 161, 0, 0, 0, 253, 1, 57, 255]",0.000,31.3
04/10/2025 15:07:47,04/10/2025,15:07:47,"[0, 161, 0, 0, 0, 253, 1, 58, 255]",0.000,31.4
04/10/2025 15:07:48,04/10/2025,15:07:48,"[0, 161, 0, 3, 126, 253, 1, 56, 255]",0.894,31.2
04/10/2025 15:07:49,04/10/2025,15:07:49,"[0, 161, 0, 3, 126, 253, 1, 57, 255]",0.894,31.3
04/10/2025 15:07:50,04/10/2025,15:07:50,"[0, 161, 0, 0, 248, 253, 1, 56, 255]",0.248,31.2
04/10/2025 15:07:51,04/10/2025,15:07:51,"[0, 161, 0, 0, 134, 253, 1, 58, 255]",0.134,31.4
04/10/2025 15:07:52,04/10/2025,15:07:52,"[0, 161, 0, 2, 73, 253, 1, 57, 255]",0.585,31.3
04/10/2025 15:07:53,04/10/2025,15:07:53,"[0, 161, 0, 2, 73, 253, 1, 56, 255]",0.585,31.2
04/10/2025 15:07:54,04/10/2025,15:07:54,"[0, 161, 0, 2, 23, 253, 1, 57, 255]",0.535,31.3
04/10/2025 15:07:55,04/10/2025,15:07:55,"[0, 161, 0, 0, 136, 253, 1, 56, 255]",0.136,31.2
04/10/2025 15:07:56,04/10/2025,15:07:56,"[0, 161, 0, 0, 75, 253, 1, 56, 255]",0.075,31.2
04/10/2025 15:07:57,04/10/2025,15:07:57,"[0, 161, 0, 0, 75, 253, 1, 58, 255]",0.075,31.4
04/10/2025 15:07:58,04/10/2025,15:07:58,"[0, 161, 0, 0, 0, 253, 1, 55, 255]",0.000,31.1
04/10/2025 15:07:59,04/10/2025,15:07:59,"[0, 161, 0, 0, 0, 253, 1, 55, 255]",0.000,31.1
04/10/2025 15:08:00,04/10/2025,15:08:00,"[0, 161, 0, 0, 0, 253, 1, 55, 255]",0.000,31.1
04/10/2025 15:08:01,04/10/2025,15:08:01,"[0, 161, 0, 0, 0, 253, 1, 54, 255]",0.000,31.0
04/10/2025 15:08:02,04/10/2025,15:08:02,"[0, 161, 0, 0, 0, 253, 1, 58, 255]",0.000,31.4
04/10/2025 15:08:03,04/10/2025,15:08:03,"[0, 161, 0, 0, 0, 253, 1, 58, 255]",0.000,31.4
04/10/2025 15:08:04,04/10/2025,15:08:04,"[0, 161, 0, 0, 74, 253, 1, 57, 255]",0.074,31.3
04/10/2025 15:08:05,04/10/2025,15:08:05,"[0, 161, 0, 0, 0, 253, 1, 57, 255]",0.000,31.3
04/10/2025 15:08:06,04/10/2025,15:08:06,"[0, 161, 0, 0, 0, 253, 1, 56, 255]",0.000,31.2
04/10/2025 15:08:07,04/10/2025,15:08:07,"[0, 161, 0, 0, 90, 253, 1, 57, 255]",0.090,31.3
04/10/2025 15:08:08,04/10/2025,15:08:08,"[0, 161, 0, 0, 251, 253, 1, 56, 255]",0.251,31.2
04/10/2025 15:08:09,04/10/2025,15:08:09,"[0, 161, 0, 3, 37, 253, 1, 58, 255]",0.805,31.4
04/10/2025 15:08:10,04/10/2025,15:08:10,"[0, 161, 0, 3, 37, 253, 1, 56, 255]",0.805,31.2
04/10/2025 15:08:11,04/10/2025,15:08:11,"[0, 161, 0, 2, 14, 253, 1, 57, 255]",0.526,31.3
04/10/2025 15:08:12,04/10/2025,15:08:12,"[0, 161, 0, 0, 160, 253, 1, 57, 255]",0.160,31.3
04/10/2025 15:08:13,04/10/2025,15:08:13,"[0, 161, 0, 0, 0, 253, 1, 57, 255]",0.000,31.3
04/10/2025 15:08:14,04/10/2025,15:08:14,"[0, 161, 0, 0, 0, 253, 1, 57, 255]",0.000,31.3
04/10/2025 15:08:15,04/10/2025,15:08:15,"[0, 161, 0, 0, 0, 253, 1, 57, 255]",0.000,31.3
04/10/2025 15:08:16,04/10/2025,15:08:16,"[0, 161, 0, 0, 0, 253, 1, 57, 255]",0.000,31.3
04/10/2025 15:08:17,04/10/2025,15:08:17,"[0, 161, 0, 0, 0, 253, 1, 59, 255]",0.000,31.5
04/10/2025 15:08:18,04/10/2025,15:08:18,"[0, 161, 0, 0, 0, 253, 1, 56, 255]",0.000,31.2
04/10/2025 15:08:19,04/10/2025,15:08:19,"[0, 161, 0, 0, 0, 253, 1, 57, 255]",0.000,31.3
04/10/2025 15:08:20,04/10/2025,15:08:20,"[0, 161, 0, 0, 122, 253, 1, 56, 255]",0.122,31.2
04/10/2025 15:08:21,04/10/2025,15:08:21,"[0, 161, 0, 1, 207, 253, 1, 56, 255]",0.463,31.2
04/10/2025 15:08:22,04/10/2025,15:08:22,"[0, 161, 0, 1, 207, 253, 1, 55, 255]",0.463,31.1
04/10/2025 15:08:23,04/10/2025,15:08:23,"[0, 161, 0, 1, 152, 253, 1, 59, 255]",0.408,31.5
04/10/2025 15:08:24,04/10/2025,15:08:24,"[0, 161, 0, 3, 28, 253, 1, 56, 255]",0.796,31.2
04/10/2025 15:08:25,04/10/2025,15:08:25,"[0, 161, 0, 3, 169, 253, 1, 57, 255]",0.937,31.3
04/10/2025 15:08:26,04/10/2025,15:08:26,"[0, 161, 0, 1, 211, 253, 1, 56, 255]",0.467,31.2
04/10/2025 15:08:27,04/10/2025,15:08:27,"[0, 161, 0, 1, 211, 253, 1, 57, 255]",0.467,31.3
04/10/2025 15:08:28,04/10/2025,15:08:28,"[0, 161, 0, 0, 46, 253, 1, 57, 255]",0.046,31.3
04/10/2025 15:08:29,04/10/2025,15:08:29,"[0, 161, 0, 0, 0, 253, 1, 56, 255]",0.000,31.2
04/10/2025 15:08:30,04/10/2025,15:08:30,"[0, 161, 0, 0, 0, 253, 1, 55, 255]",0.000,31.1
04/10/2025 15:08:31,04/10/2025,15:08:31,"[0, 161, 0, 0, 0, 253, 1, 56, 255]",0.000,31.2
04/10/2025 15:08:32,04/10/2025,15:08:32,"[0, 161, 0, 0, 0, 253, 1, 57, 255]",0.000,31.3
04/10/2025 15:08:33,04/10/2025,15:08:33,"[0, 161, 0, 0, 0, 253, 1, 58, 255]",0.000,31.4
04/10/2025 15:08:34,04/10/2025,15:08:34,"[0, 161, 0, 1, 215, 253, 1, 56, 255]",0.471,31.2
04/10/2025 15:08:35,04/10/2025,15:08:35,"[0, 161, 0, 1, 215, 253, 1, 56, 255]",0.471,31.2
04/10/2025 15:08:36,04/10/2025,15:08:36,"[0, 161, 0, 2, 223, 253, 1, 57, 255]",0.735,31.3
04/10/2025 15:08:37,04/10/2025,15:08:37,"[0, 161, 0, 1, 206, 253, 1, 58, 255]",0.462,31.4
04/10/2025 15:08:38,04/10/2025,15:08:38,"[0, 161, 0, 0, 0, 253, 1, 55, 255]",0.000,31.1
04/10/2025 15:08:39,04/10/2025,15:08:39,"[0, 161, 0, 0, 0, 253, 1, 56, 255]",0.000,31.2
04/10/2025 15:08:40,04/10/2025,15:08:40,"[0, 161, 0, 3, 13, 253, 1, 55, 255]",0.781,31.1
04/10/2025 15:08:41,04/10/2025,15:08:41,"[0, 161, 0, 1, 143, 253, 1, 57, 255]",0.399,31.3
04/10/2025 15:08:42,04/10/2025,15:08:42,"[0, 161, 0, 0, 149, 253, 1, 57, 255]",0.149,31.3
04/10/2025 15:08:43,04/10/2025,15:08:43,"[0, 161, 0, 0, 149, 253, 1, 57, 255]",0.149,31.3
04/10/2025 15:08:44,04/10/2025,15:08:44,"[0, 161, 0, 0, 0, 253, 1, 55, 255]",0.000,31.1
04/10/2025 15:08:45,04/10/2025,15:08:45,"[0, 161, 0, 0, 0, 253, 1, 54, 255]",0.000,31.0
04/10/2025 15:08:46,04/10/2025,15:08:46,"[0, 161, 0, 0, 0, 253, 1, 58, 255]",0.000,31.4
04/10/2025 15:08:47,04/10/2025,15:08:47,"[0, 161, 0, 0, 0, 253, 1, 56, 255]",0.000,31.2
04/10/2025 15:08:48,04/10/2025,15:08:48,"[0, 161, 0, 0, 0, 253, 1, 56, 255]",0.000,31.2
04/10/2025 15:08:49,04/10/2025,15:08:49,"[0, 161, 0, 0, 0, 253, 1, 55, 255]",0.000,31.1
04/10/2025 15:08:50,04/10/2025,15:08:50,"[0, 161, 0, 1, 146, 253, 1, 57, 255]",0.402,31.3
04/10/2025 15:08:51,04/10/2025,15:08:51,"[0, 161, 0, 2, 185, 253, 1, 56, 255]",0.697,31.2
04/10/2025 15:08:52,04/10/2025,15:08:52,"[0, 161, 0, 2, 185, 253, 1, 57, 255]",0.697,31.3
04/10/2025 15:08:53,04/10/2025,15:08:53,"[0, 161, 0, 0, 72, 253, 1, 56, 255]",0.072,31.2
04/10/2025 15:08:54,04/10/2025,15:08:54,"[0, 161, 0, 1, 94, 253, 1, 58, 255]",0.350,31.4
04/10/2025 15:08:55,04/10/2025,15:08:55,"[0, 161, 0, 3, 185, 253, 1, 57, 255]",0.953,31.3
04/10/2025 15:08:56,04/10/2025,15:08:56,"[0, 161, 0, 3, 185, 253, 1, 55, 255]",0.953,31.1
04/10/2025 15:08:57,04/10/2025,15:08:57,"[0, 161, 0, 1, 236, 253, 1, 55, 255]",0.492,31.1
04/10/2025 15:08:58,04/10/2025,15:08:58,"[0, 161, 0, 0, 73, 253, 1, 55, 255]",0.073,31.1
04/10/2025 15:08:59,04/10/2025,15:08:59,"[0, 161, 0, 0, 78, 253, 1, 56, 255]",0.078,31.2
04/10/2025 15:09:00,04/10/2025,15:09:00,"[0, 161, 0, 0, 78, 253, 1, 55, 255]",0.078,31.1
04/10/2025 15:09:01,04/10/2025,15:09:01,"[0, 161, 0, 0, 0, 253, 1, 56, 255]",0.000,31.2
04/10/2025 15:09:02,04/10/2025,15:09:02,"[0, 161, 0, 0, 45, 253, 1, 57, 255]",0.045,31.3
04/10/2025 15:09:03,04/10/2025,15:09:03,"[0, 161, 0, 0, 0, 253, 1, 57, 255]",0.000,31.3
04/10/2025 15:09:04,04/10/2025,15:09:04,"[0, 161, 0, 0, 0, 253, 1, 56, 255]",0.000,31.2
04/10/2025 15:09:05,04/10/2025,15:09:05,"[0, 161, 0, 0, 0, 253, 1, 57, 255]",0.000,31.3
04/10/2025 15:09:06,04/10/2025,15:09:06,"[0, 161, 0, 2, 66, 253, 1, 59, 255]",0.578,31.5
04/10/2025 15:09:07,04/10/2025,15:09:07,"[0, 161, 0, 0, 250, 253, 1, 57, 255]",0.250,31.3
04/10/2025 15:09:08,04/10/2025,15:09:08,"[0, 161, 0, 0, 62, 253, 1, 58, 255]",0.062,31.4
04/10/2025 15:09:09,04/10/2025,15:09:09,"[0, 161, 0, 0, 62, 253, 1, 55, 255]",0.062,31.1
04/10/2025 15:09:10,04/10/2025,15:09:10,"[0, 161, 0, 1, 122, 253, 1, 56, 255]",0.378,31.2
04/10/2025 15:09:11,04/10/2025,15:09:11,"[0, 161, 0, 2, 155, 253, 1, 57, 255]",0.667,31.3
04/10/2025 15:09:12,04/10/2025,15:09:12,"[0, 161, 0, 1, 170, 253, 1, 55, 255]",0.426,31.1
04/10/2025 15:09:13,04/10/2025,15:09:13,"[0, 161, 0, 1, 170, 253, 1, 57, 255]",0.426,31.3
04/10/2025 15:09:14,04/10/2025,15:09:14,"[0, 161, 0, 0, 0, 253, 1, 54, 255]",0.000,31.0
04/10/2025 15:09:15,04/10/2025,15:09:15,"[0, 161, 0, 0, 0, 253, 1, 56, 255]",0.000,31.2
04/10/2025 15:09:16,04/10/2025,15:09:16,"[0, 161, 0, 0, 0, 253, 1, 56, 255]",0.000,31.2
04/10/2025 15:09:17,04/10/2025,15:09:17,"[0, 161, 0, 0, 0, 253, 1, 57, 255]",0.000,31.3
04/10/2025 15:09:18,04/10/2025,15:09:18,"[0, 161, 0, 0, 0, 253, 1, 56, 255]",0.000,31.2
04/10/2025 15:09:19,04/10/2025,15:09:19,"[0, 161, 0, 0, 0, 253, 1, 57, 255]",0.000,31.3
04/10/2025 15:09:20,04/10/2025,15:09:20,"[0, 161, 0, 0, 0, 253, 1, 59, 255]",0.000,31.5
04/10/2025 15:09:21,04/10/2025,15:09:21,"[0, 161, 0, 0, 0, 253, 1, 58, 255]",0.000,31.4
04/10/2025 15:09:22,04/10/2025,15:09:22,"[0, 161, 0, 4, 138, 253, 1, 56, 255]",1.162,31.2
04/10/2025 15:09:23,04/10/2025,15:09:23,"[0, 161, 0, 1, 9, 253, 1, 58, 255]",0.265,31.4
04/10/2025 15:09:24,04/10/2025,15:09:24,"[0, 161, 0, 1, 62, 253, 1, 58, 255]",0.318,31.4
04/10/2025 15:09:25,04/10/2025,15:09:25,"[0, 161, 0, 1, 62, 253, 1, 58, 255]",0.318,31.4
04/10/2025 15:09:26,04/10/2025,15:09:26,"[0, 161, 0, 1, 62, 253, 1, 57, 255]",0.318,31.3
04/10/2025 15:09:27,04/10/2025,15:09:27,"[0, 161, 0, 1, 33, 253, 1, 55, 255]",0.289,31.1
04/10/2025 15:09:28,04/10/2025,15:09:28,"[0, 161, 0, 0, 45, 253, 1, 56, 255]",0.045,31.2
04/10/2025 15:09:29,04/10/2025,15:09:29,"[0, 161, 0, 0, 45, 253, 1, 58, 255]",0.045,31.4
04/10/2025 15:09:30,04/10/2025,15:09:30,"[0, 161, 0, 0, 142, 253, 1, 56, 255]",0.142,31.2
04/10/2025 15:09:31,04/10/2025,15:09:31,"[0, 161, 0, 0, 0, 253, 1, 54, 255]",0.000,31.0
04/10/2025 15:09:32,04/10/2025,15:09:32,"[0, 161, 0, 0, 0, 253, 1, 57, 255]",0.000,31.3
04/10/2025 15:09:33,04/10/2025,15:09:33,"[0, 161, 0, 0, 18, 253, 1, 59, 255]",0.018,31.5
04/10/2025 15:09:34,04/10/2025,15:09:34,"[0, 161, 0, 0, 18, 253, 1, 55, 255]",0.018,31.1
04/10/2025 15:09:35,04/10/2025,15:09:35,"[0, 161, 0, 0, 0, 253, 1, 56, 255]",0.000,31.2
04/10/2025 15:09:36,04/10/2025,15:09:36,"[0, 161, 0, 0, 0, 253, 1, 58, 255]",0.000,31.4
04/10/2025 15:09:37,04/10/2025,15:09:37,"[0, 161, 0, 3, 53, 253, 1, 56, 255]",0.821,31.2
04/10/2025 15:09:38,04/10/2025,15:09:38,"[0, 161, 0, 3, 53, 253, 1, 55, 255]",0.821,31.1
04/10/2025 15:09:39,04/10/2025,15:09:39,"[0, 161, 0, 1, 231, 253, 1, 56, 255]",0.487,31.2
04/10/2025 15:09:40,04/10/2025,15:09:40,"[0, 161, 0, 0, 122, 253, 1, 57, 255]",0.122,31.3
04/10/2025 15:09:41,04/10/2025,15:09:41,"[0, 161, 0, 1, 203, 253, 1, 59, 255]",0.459,31.5
04/10/2025 15:09:42,04/10/2025,15:09:42,"[0, 161, 0, 1, 203, 253, 1, 56, 255]",0.459,31.2
04/10/2025 15:09:43,04/10/2025,15:09:43,"[0, 161, 0, 2, 81, 253, 1, 58, 255]",0.593,31.4
04/10/2025 15:09:44,04/10/2025,15:09:44,"[0, 161, 0, 0, 117, 253, 1, 58, 255]",0.117,31.4
04/10/2025 15:09:45,04/10/2025,15:09:45,"[0, 161, 0, 0, 31, 253, 1, 57, 255]",0.031,31.3
04/10/2025 15:09:46,04/10/2025,15:09:46,"[0, 161, 0, 0, 31, 253, 1, 59, 255]",0.031,31.5
04/10/2025 15:09:47,04/10/2025,15:09:47,"[0, 161, 0, 0, 0, 253, 1, 56, 255]",0.000,31.2
04/10/2025 15:09:48,04/10/2025,15:09:48,"[0, 161, 0, 0, 0, 253, 1, 56, 255]",0.000,31.2
04/10/2025 15:09:49,04/10/2025,15:09:49,"[0, 161, 0, 0, 0, 253, 1, 57, 255]",0.000,31.3
04/10/2025 15:09:50,04/10/2025,15:09:50,"[0, 161, 0, 0, 0, 253, 1, 56, 255]",0.000,31.2
04/10/2025 15:09:51,04/10/2025,15:09:51,"[0, 161, 0, 0, 0, 253, 1, 58, 255]",0.000,31.4
04/10/2025 15:09:52,04/10/2025,15:09:52,"[0, 161, 0, 0, 42, 253, 1, 57, 255]",0.042,31.3
04/10/2025 15:09:53,04/10/2025,15:09:53,"[0, 161, 0, 2, 133, 253, 1, 58, 255]",0.645,31.4
04/10/2025 15:09:54,04/10/2025,15:09:54,"[0, 161, 0, 1, 70, 253, 1, 57, 255]",0.326,31.3
04/10/2025 15:09:55,04/10/2025,15:09:55,"[0, 161, 0, 1, 70, 253, 1, 56, 255]",0.326,31.2
04/10/2025 15:09:56,04/10/2025,15:09:56,"[0, 161, 0, 0, 172, 253, 1, 58, 255]",0.172,31.4
04/10/2025 15:09:57,04/10/2025,15:09:57,"[0, 161, 0, 3, 43, 253, 1, 57, 255]",0.811,31.3
04/10/2025 15:09:58,04/10/2025,15:09:58,"[0, 161, 0, 2, 164, 253, 1, 56, 255]",0.676,31.2
04/10/2025 15:09:59,04/10/2025,15:09:59,"[0, 161, 0, 2, 164, 253, 1, 56, 255]",0.676,31.2
04/10/2025 15:10:00,04/10/2025,15:10:00,"[0, 161, 0, 1, 56, 253, 1, 56, 255]",0.312,31.2
04/10/2025 15:10:01,04/10/2025,15:10:01,"[0, 161, 0, 0, 164, 253, 1, 58, 255]",0.164,31.4
04/10/2025 15:10:02,04/10/2025,15:10:02,"[0, 161, 0, 0, 72, 253, 1, 57, 255]",0.072,31.3
04/10/2025 15:10:03,04/10/2025,15:10:03,"[0, 161, 0, 0, 72, 253, 1, 57, 255]",0.072,31.3
04/10/2025 15:10:04,04/10/2025,15:10:04,"[0, 161, 0, 0, 0, 253, 1, 58, 255]",0.000,31.4
04/10/2025 15:10:05,04/10/2025,15:10:05,"[0, 161, 0, 0, 0, 253, 1, 58, 255]",0.000,31.4
04/10/2025 15:10:06,04/10/2025,15:10:06,"[0, 161, 0, 0, 0, 253, 1, 57, 255]",0.000,31.3
04/10/2025 15:10:07,04/10/2025,15:10:07,"[0, 161, 0, 0, 0, 253, 1, 57, 255]",0.000,31.3
04/10/2025 15:10:08,04/10/2025,15:10:08,"[0, 161, 0, 0, 176, 253, 1, 57, 255]",0.176,31.3
04/10/2025 15:10:09,04/10/2025,15:10:09,"[0, 161, 0, 1, 93, 253, 1, 56, 255]",0.349,31.2
04/10/2025 15:10:10,04/10/2025,15:10:10,"[0, 161, 0, 0, 210, 253, 1, 57, 255]",0.210,31.3
04/10/2025 15:10:11,04/10/2025,15:10:11,"[0, 161, 0, 0, 210, 253, 1, 57, 255]",0.210,31.3
04/10/2025 15:10:12,04/10/2025,15:10:12,"[0, 161, 0, 2, 51, 253, 1, 56, 255]",0.563,31.2
04/10/2025 15:10:13,04/10/2025,15:10:13,"[0, 161, 0, 2, 4, 253, 1, 57, 255]",0.516,31.3
04/10/2025 15:10:14,04/10/2025,15:10:14,"[0, 161, 0, 0, 216, 253, 1, 57, 255]",0.216,31.3
04/10/2025 15:10:15,04/10/2025,15:10:15,"[0, 161, 0, 0, 27, 253, 1, 56, 255]",0.027,31.2
04/10/2025 15:10:16,04/10/2025,15:10:16,"[0, 161, 0, 0, 27, 253, 1, 57, 255]",0.027,31.3
04/10/2025 15:10:17,04/10/2025,15:10:17,"[0, 161, 0, 0, 0, 253, 1, 57, 255]",0.000,31.3
04/10/2025 15:10:18,04/10/2025,15:10:18,"[0, 161, 0, 0, 0, 253, 1, 57, 255]",0.000,31.3
04/10/2025 15:10:19,04/10/2025,15:10:19,"[0, 161, 0, 0, 17, 253, 1, 56, 255]",0.017,31.2
04/10/2025 15:10:20,04/10/2025,15:10:20,"[0, 161, 0, 0, 17, 253, 1, 58, 255]",0.017,31.4
04/10/2025 15:10:21,04/10/2025,15:10:21,"[0, 161, 0, 0, 200, 253, 1, 60, 255]",0.200,31.6
04/10/2025 15:10:22,04/10/2025,15:10:22,"[0, 161, 0, 0, 0, 253, 1, 58, 255]",0.000,31.4
04/10/2025 15:10:23,04/10/2025,15:10:23,"[0, 161, 0, 0, 0, 253, 1, 59, 255]",0.000,31.5
04/10/2025 15:10:24,04/10/2025,15:10:24,"[0, 161, 0, 0, 0, 253, 1, 59, 255]",0.000,31.5
04/10/2025 15:10:25,04/10/2025,15:10:25,"[0, 161, 0, 2, 70, 253, 1, 56, 255]",0.582,31.2
04/10/2025 15:10:26,04/10/2025,15:10:26,"[0, 161, 0, 1, 164, 253, 1, 56, 255]",0.420,31.2
04/10/2025 15:10:27,04/10/2025,15:10:27,"[0, 161, 0, 2, 27, 253, 1, 57, 255]",0.539,31.3
04/10/2025 15:10:28,04/10/2025,15:10:28,"[0, 161, 0, 2, 27, 253, 1, 57, 255]",0.539,31.3
04/10/2025 15:10:29,04/10/2025,15:10:29,"[0, 161, 0, 2, 114, 253, 1, 57, 255]",0.626,31.3
04/10/2025 15:10:30,04/10/2025,15:10:30,"[0, 161, 0, 2, 209, 253, 1, 57, 255]",0.721,31.3
04/10/2025 15:10:31,04/10/2025,15:10:31,"[0, 161, 0, 0, 98, 253, 1, 56, 255]",0.098,31.2
04/10/2025 15:10:32,04/10/2025,15:10:32,"[0, 161, 0, 0, 98, 253, 1, 58, 255]",0.098,31.4
04/10/2025 15:10:33,04/10/2025,15:10:33,"[0, 161, 0, 0, 0, 253, 1, 56, 255]",0.000,31.2
04/10/2025 15:10:34,04/10/2025,15:10:34,"[0, 161, 0, 0, 31, 253, 1, 55, 255]",0.031,31.1
04/10/2025 15:10:35,04/10/2025,15:10:35,"[0, 161, 0, 0, 25, 253, 1, 57, 255]",0.025,31.3
04/10/2025 15:10:36,04/10/2025,15:10:36,"[0, 161, 0, 0, 0, 253, 1, 54, 255]",0.000,31.0
04/10/2025 15:10:37,04/10/2025,15:10:37,"[0, 161, 0, 0, 0, 253, 1, 57, 255]",0.000,31.3
04/10/2025 15:10:38,04/10/2025,15:10:38,"[0, 161, 0, 0, 0, 253, 1, 58, 255]",0.000,31.4
04/10/2025 15:10:39,04/10/2025,15:10:39,"[0, 161, 0, 0, 244, 253, 1, 57, 255]",0.244,31.3
04/10/2025 15:10:40,04/10/2025,15:10:40,"[0, 161, 0, 2, 62, 253, 1, 56, 255]",0.574,31.2
04/10/2025 15:10:41,04/10/2025,15:10:41,"[0, 161, 0, 2, 62, 253, 1, 58, 255]",0.574,31.4
04/10/2025 15:10:42,04/10/2025,15:10:42,"[0, 161, 0, 1, 148, 253, 1, 56, 255]",0.404,31.2
04/10/2025 15:10:43,04/10/2025,15:10:43,"[0, 161, 0, 0, 92, 253, 1, 56, 255]",0.092,31.2
04/10/2025 15:10:44,04/10/2025,15:10:44,"[0, 161, 0, 4, 23, 253, 1, 58, 255]",1.047,31.4
04/10/2025 15:10:45,04/10/2025,15:10:45,"[0, 161, 0, 4, 23, 253, 1, 55, 255]",1.047,31.1
04/10/2025 15:10:46,04/10/2025,15:10:46,"[0, 161, 0, 1, 46, 253, 1, 56, 255]",0.302,31.2
04/10/2025 15:10:47,04/10/2025,15:10:47,"[0, 161, 0, 0, 25, 253, 1, 56, 255]",0.025,31.2
04/10/2025 15:10:48,04/10/2025,15:10:48,"[0, 161, 0, 0, 0, 253, 1, 54, 255]",0.000,31.0
04/10/2025 15:10:49,04/10/2025,15:10:49,"[0, 161, 0, 0, 0, 253, 1, 56, 255]",0.000,31.2
04/10/2025 15:10:50,04/10/2025,15:10:50,"[0, 161, 0, 0, 0, 253, 1, 55, 255]",0.000,31.1
04/10/2025 15:10:51,04/10/2025,15:10:51,"[0, 161, 0, 0, 0, 253, 1, 56, 255]",0.000,31.2
04/10/2025 15:10:52,04/10/2025,15:10:52,"[0, 161, 0, 0, 0, 253, 1, 56, 255]",0.000,31.2
04/10/2025 15:10:53,04/10/2025,15:10:53,"[0, 161, 0, 0, 0, 253, 1, 57, 255]",0.000,31.3
04/10/2025 15:10:54,04/10/2025,15:10:54,"[0, 161, 0, 0, 0, 253, 1, 58, 255]",0.000,31.4
04/10/2025 15:10:55,04/10/2025,15:10:55,"[0, 161, 0, 1, 189, 253, 1, 56, 255]",0.445,31.2
04/10/2025 15:10:56,04/10/2025,15:10:56,"[0, 161, 0, 2, 27, 253, 1, 57, 255]",0.539,31.3
04/10/2025 15:10:57,04/10/2025,15:10:57,"[0, 161, 0, 0, 230, 253, 1, 57, 255]",0.230,31.3
04/10/2025 15:10:58,04/10/2025,15:10:58,"[0, 161, 0, 0, 230, 253, 1, 58, 255]",0.230,31.4
04/10/2025 15:10:59,04/10/2025,15:10:59,"[0, 161, 0, 1, 96, 253, 1, 57, 255]",0.352,31.3
04/10/2025 15:11:00,04/10/2025,15:11:00,"[0, 161, 0, 2, 198, 253, 1, 56, 255]",0.710,31.2
04/10/2025 15:11:01,04/10/2025,15:11:01,"[0, 161, 0, 1, 13, 253, 1, 58, 255]",0.269,31.4
04/10/2025 15:11:02,04/10/2025,15:11:02,"[0, 161, 0, 1, 13, 253, 1, 57, 255]",0.269,31.3
04/10/2025 15:11:03,04/10/2025,15:11:03,"[0, 161, 0, 0, 0, 253, 1, 56, 255]",0.000,31.2
04/10/2025 15:11:04,04/10/2025,15:11:04,"[0, 161, 0, 0, 0, 253, 1, 55, 255]",0.000,31.1
04/10/2025 15:11:05,04/10/2025,15:11:05,"[0, 161, 0, 0, 56, 253, 1, 56, 255]",0.056,31.2
04/10/2025 15:11:06,04/10/2025,15:11:06,"[0, 161, 0, 0, 56, 253, 1, 55, 255]",0.056,31.1
04/10/2025 15:11:07,04/10/2025,15:11:07,"[0, 161, 0, 0, 0, 253, 1, 55, 255]",0.000,31.1
04/10/2025 15:11:08,04/10/2025,15:11:08,"[0, 161, 0, 0, 0, 253, 1, 56, 255]",0.000,31.2
04/10/2025 15:11:09,04/10/2025,15:11:09,"[0, 161, 0, 0, 0, 253, 1, 57, 255]",0.000,31.3
04/10/2025 15:11:10,04/10/2025,15:11:10,"[0, 161, 0, 0, 0, 253, 1, 57, 255]",0.000,31.3
04/10/2025 15:11:11,04/10/2025,15:11:11,"[0, 161, 0, 0, 223, 253, 1, 58, 255]",0.223,31.4
04/10/2025 15:11:12,04/10/2025,15:11:12,"[0, 161, 0, 1, 17, 253, 1, 57, 255]",0.273,31.3
04/10/2025 15:11:13,04/10/2025,15:11:13,"[0, 161, 0, 0, 218, 253, 1, 58, 255]",0.218,31.4
04/10/2025 15:11:14,04/10/2025,15:11:14,"[0, 161, 0, 0, 218, 253, 1, 58, 255]",0.218,31.4
04/10/2025 15:11:15,04/10/2025,15:11:15,"[0, 161, 0, 0, 0, 253, 1, 57, 255]",0.000,31.3
04/10/2025 15:11:16,04/10/2025,15:11:16,"[0, 161, 0, 2, 35, 253, 1, 57, 255]",0.547,31.3
04/10/2025 15:11:17,04/10/2025,15:11:17,"[0, 161, 0, 1, 42, 253, 1, 58, 255]",0.298,31.4
04/10/2025 15:11:18,04/10/2025,15:11:18,"[0, 161, 0, 0, 185, 253, 1, 58, 255]",0.185,31.4
04/10/2025 15:11:19,04/10/2025,15:11:19,"[0, 161, 0, 0, 185, 253, 1, 57, 255]",0.185,31.3
04/10/2025 15:11:20,04/10/2025,15:11:20,"[0, 161, 0, 0, 0, 253, 1, 57, 255]",0.000,31.3
04/10/2025 15:11:21,04/10/2025,15:11:21,"[0, 161, 0, 0, 0, 253, 1, 58, 255]",0.000,31.4
04/10/2025 15:11:22,04/10/2025,15:11:22,"[0, 161, 0, 0, 32, 253, 1, 56, 255]",0.032,31.2
04/10/2025 15:11:23,04/10/2025,15:11:23,"[0, 161, 0, 0, 32, 253, 1, 57, 255]",0.032,31.3
04/10/2025 15:11:24,04/10/2025,15:11:24,"[0, 161, 0, 0, 0, 253, 1, 56, 255]",0.000,31.2
04/10/2025 15:11:25,04/10/2025,15:11:25,"[0, 161, 0, 0, 0, 253, 1, 57, 255]",0.000,31.3
04/10/2025 15:11:26,04/10/2025,15:11:26,"[0, 161, 0, 2, 33, 253, 1, 60, 255]",0.545,31.6
04/10/2025 15:11:27,04/10/2025,15:11:27,"[0, 161, 0, 2, 33, 253, 1, 56, 255]",0.545,31.2
04/10/2025 15:11:28,04/10/2025,15:11:28,"[0, 161, 0, 1, 122, 253, 1, 56, 255]",0.378,31.2
04/10/2025 15:11:29,04/10/2025,15:11:29,"[0, 161, 0, 1, 120, 253, 1, 57, 255]",0.376,31.3
04/10/2025 15:11:30,04/10/2025,15:11:30,"[0, 161, 0, 2, 123, 253, 1, 56, 255]",0.635,31.2
04/10/2025 15:11:31,04/10/2025,15:11:31,"[0, 161, 0, 2, 123, 253, 1, 56, 255]",0.635,31.2
04/10/2025 15:11:32,04/10/2025,15:11:32,"[0, 161, 0, 2, 150, 253, 1, 55, 255]",0.662,31.1
04/10/2025 15:11:33,04/10/2025,15:11:33,"[0, 161, 0, 0, 44, 253, 1, 56, 255]",0.044,31.2
04/10/2025 15:11:34,04/10/2025,15:11:34,"[0, 161, 0, 0, 0, 253, 1, 55, 255]",0.000,31.1
04/10/2025 15:11:35,04/10/2025,15:11:35,"[0, 161, 0, 0, 0, 253, 1, 55, 255]",0.000,31.1
04/10/2025 15:11:36,04/10/2025,15:11:36,"[0, 161, 0, 0, 0, 253, 1, 55, 255]",0.000,31.1
04/10/2025 15:11:37,04/10/2025,15:11:37,"[0, 161, 0, 0, 0, 253, 1, 58, 255]",0.000,31.4
04/10/2025 15:11:38,04/10/2025,15:11:38,"[0, 161, 0, 0, 0, 253, 1, 56, 255]",0.000,31.2
04/10/2025 15:11:39,04/10/2025,15:11:39,"[0, 161, 0, 0, 0, 253, 1, 58, 255]",0.000,31.4
04/10/2025 15:11:40,04/10/2025,15:11:40,"[0, 161, 0, 0, 0, 253, 1, 56, 255]",0.000,31.2
04/10/2025 15:11:41,04/10/2025,15:11:41,"[0, 161, 0, 0, 21, 253, 1, 57, 255]",0.021,31.3
04/10/2025 15:11:42,04/10/2025,15:11:42,"[0, 161, 0, 1, 254, 253, 1, 56, 255]",0.510,31.2
04/10/2025 15:11:43,04/10/2025,15:11:43,"[0, 161, 0, 3, 36, 253, 1, 57, 255]",0.804,31.3
04/10/2025 15:11:44,04/10/2025,15:11:44,"[0, 161, 0, 3, 36, 253, 1, 57, 255]",0.804,31.3
04/10/2025 15:11:45,04/10/2025,15:11:45,"[0, 161, 0, 1, 8, 253, 1, 57, 255]",0.264,31.3
04/10/2025 15:11:46,04/10/2025,15:11:46,"[0, 161, 0, 3, 58, 253, 1, 57, 255]",0.826,31.3
04/10/2025 15:11:47,04/10/2025,15:11:47,"[0, 161, 0, 1, 170, 253, 1, 56, 255]",0.426,31.2
04/10/2025 15:11:48,04/10/2025,15:11:48,"[0, 161, 0, 1, 170, 253, 1, 55, 255]",0.426,31.1
04/10/2025 15:11:49,04/10/2025,15:11:49,"[0, 161, 0, 0, 27, 253, 1, 55, 255]",0.027,31.1
04/10/2025 15:11:50,04/10/2025,15:11:50,"[0, 161, 0, 0, 0, 253, 1, 57, 255]",0.000,31.3
04/10/2025 15:11:51,04/10/2025,15:11:51,"[0, 161, 0, 0, 0, 253, 1, 56, 255]",0.000,31.2
04/10/2025 15:11:52,04/10/2025,15:11:52,"[0, 161, 0, 0, 0, 253, 1, 57, 255]",0.000,31.3
04/10/2025 15:11:53,04/10/2025,15:11:53,"[0, 161, 0, 0, 0, 253, 1, 56, 255]",0.000,31.2
04/10/2025 15:11:54,04/10/2025,15:11:54,"[0, 161, 0, 0, 0, 253, 1, 57, 255]",0.000,31.3
04/10/2025 15:11:55,04/10/2025,15:11:55,"[0, 161, 0, 0, 0, 253, 1, 57, 255]",0.000,31.3
04/10/2025 15:11:56,04/10/2025,15:11:56,"[0, 161, 0, 0, 0, 253, 1, 56, 255]",0.000,31.2
04/10/2025 15:11:57,04/10/2025,15:11:57,"[0, 161, 0, 0, 68, 253, 1, 57, 255]",0.068,31.3
04/10/2025 15:11:58,04/10/2025,15:11:58,"[0, 161, 0, 1, 179, 253, 1, 58, 255]",0.435,31.4
04/10/2025 15:11:59,04/10/2025,15:11:59,"[0, 161, 0, 2, 46, 253, 1, 55, 255]",0.558,31.1
04/10/2025 15:12:00,04/10/2025,15:12:00,"[0, 161, 0, 2, 46, 253, 1, 55, 255]",0.558,31.1
04/10/2025 15:12:01,04/10/2025,15:12:01,"[0, 161, 0, 0, 75, 253, 1, 58, 255]",0.075,31.4
04/10/2025 15:12:02,04/10/2025,15:12:02,"[0, 161, 0, 1, 246, 253, 1, 58, 255]",0.502,31.4
04/10/2025 15:12:03,04/10/2025,15:12:03,"[0, 161, 0, 1, 62, 253, 1, 57, 255]",0.318,31.3
04/10/2025 15:12:04,04/10/2025,15:12:04,"[0, 161, 0, 0, 45, 253, 1, 58, 255]",0.045,31.4
04/10/2025 15:12:05,04/10/2025,15:12:05,"[0, 161, 0, 0, 45, 253, 1, 56, 255]",0.045,31.2
04/10/2025 15:12:06,04/10/2025,15:12:06,"[0, 161, 0, 0, 0, 253, 1, 59, 255]",0.000,31.5
04/10/2025 15:12:07,04/10/2025,15:12:07,"[0, 161, 0, 0, 72, 253, 1, 57, 255]",0.072,31.3
04/10/2025 15:12:08,04/10/2025,15:12:08,"[0, 161, 0, 0, 0, 253, 1, 58, 255]",0.000,31.4
04/10/2025 15:12:09,04/10/2025,15:12:09,"[0, 161, 0, 0, 0, 253, 1, 59, 255]",0.000,31.5
04/10/2025 15:12:10,04/10/2025,15:12:10,"[0, 161, 0, 0, 0, 253, 1, 59, 255]",0.000,31.5
04/10/2025 15:12:11,04/10/2025,15:12:11,"[0, 161, 0, 0, 0, 253, 1, 58, 255]",0.000,31.4
04/10/2025 15:12:12,04/10/2025,15:12:12,"[0, 161, 0, 1, 22, 253, 1, 56, 255]",0.278,31.2
04/10/2025 15:12:13,04/10/2025,15:12:13,"[0, 161, 0, 1, 22, 253, 1, 58, 255]",0.278,31.4
04/10/2025 15:12:14,04/10/2025,15:12:14,"[0, 161, 0, 1, 106, 253, 1, 59, 255]",0.362,31.5
04/10/2025 15:12:15,04/10/2025,15:12:15,"[0, 161, 0, 0, 227, 253, 1, 58, 255]",0.227,31.4
04/10/2025 15:12:16,04/10/2025,15:12:16,"[0, 161, 0, 2, 200, 253, 1, 58, 255]",0.712,31.4
04/10/2025 15:12:17,04/10/2025,15:12:17,"[0, 161, 0, 2, 200, 253, 1, 57, 255]",0.712,31.3
04/10/2025 15:12:18,04/10/2025,15:12:18,"[0, 161, 0, 3, 127, 253, 1, 58, 255]",0.895,31.4
04/10/2025 15:12:19,04/10/2025,15:12:19,"[0, 161, 0, 1, 157, 253, 1, 56, 255]",0.413,31.2
04/10/2025 15:12:20,04/10/2025,15:12:20,"[0, 161, 0, 0, 31, 253, 1, 53, 255]",0.031,30.9
04/10/2025 15:12:21,04/10/2025,15:12:21,"[0, 161, 0, 0, 31, 253, 1, 57, 255]",0.031,31.3
04/10/2025 15:12:22,04/10/2025,15:12:22,"[0, 161, 0, 0, 25, 253, 1, 56, 255]",0.025,31.2
04/10/2025 15:12:23,04/10/2025,15:12:23,"[0, 161, 0, 0, 0, 253, 1, 58, 255]",0.000,31.4
04/10/2025 15:12:24,04/10/2025,15:12:24,"[0, 161, 0, 0, 107, 253, 1, 58, 255]",0.107,31.4
04/10/2025 15:12:25,04/10/2025,15:12:25,"[0, 161, 0, 0, 0, 253, 1, 57, 255]",0.000,31.3
04/10/2025 15:12:26,04/10/2025,15:12:26,"[0, 161, 0, 0, 0, 253, 1, 57, 255]",0.000,31.3
04/10/2025 15:12:27,04/10/2025,15:12:27,"[0, 161, 0, 0, 0, 253, 1, 56, 255]",0.000,31.2
04/10/2025 15:12:28,04/10/2025,15:12:28,"[0, 161, 0, 2, 136, 253, 1, 57, 255]",0.648,31.3
04/10/2025 15:12:29,04/10/2025,15:12:29,"[0, 161, 0, 1, 247, 253, 1, 60, 255]",0.503,31.6
04/10/2025 15:12:30,04/10/2025,15:12:30,"[0, 161, 0, 1, 247, 253, 1, 57, 255]",0.503,31.3
04/10/2025 15:12:31,04/10/2025,15:12:31,"[0, 161, 0, 1, 15, 253, 1, 57, 255]",0.271,31.3
04/10/2025 15:12:32,04/10/2025,15:12:32,"[0, 161, 0, 2, 77, 253, 1, 59, 255]",0.589,31.5
04/10/2025 15:12:33,04/10/2025,15:12:33,"[0, 161, 0, 3, 127, 253, 1, 57, 255]",0.895,31.3
04/10/2025 15:12:34,04/10/2025,15:12:34,"[0, 161, 0, 3, 127, 253, 1, 58, 255]",0.895,31.4
04/10/2025 15:12:35,04/10/2025,15:12:35,"[0, 161, 0, 0, 238, 253, 1, 57, 255]",0.238,31.3
04/10/2025 15:12:36,04/10/2025,15:12:36,"[0, 161, 0, 0, 242, 253, 1, 57, 255]",0.242,31.3
04/10/2025 15:12:37,04/10/2025,15:12:37,"[0, 161, 0, 0, 112, 253, 1, 58, 255]",0.112,31.4
04/10/2025 15:12:38,04/10/2025,15:12:38,"[0, 161, 0, 0, 112, 253, 1, 56, 255]",0.112,31.2
04/10/2025 15:12:39,04/10/2025,15:12:39,"[0, 161, 0, 0, 0, 253, 1, 57, 255]",0.000,31.3
04/10/2025 15:12:40,04/10/2025,15:12:40,"[0, 161, 0, 0, 0, 253, 1, 57, 255]",0.000,31.3
04/10/2025 15:12:41,04/10/2025,15:12:41,"[0, 161, 0, 0, 0, 253, 1, 57, 255]",0.000,31.3
04/10/2025 15:12:42,04/10/2025,15:12:42,"[0, 161, 0, 0, 0, 253, 1, 59, 255]",0.000,31.5
04/10/2025 15:12:43,04/10/2025,15:12:43,"[0, 161, 0, 0, 0, 253, 1, 56, 255]",0.000,31.2
04/10/2025 15:12:44,04/10/2025,15:12:44,"[0, 161, 0, 0, 134, 253, 1, 58, 255]",0.134,31.4
04/10/2025 15:12:45,04/10/2025,15:12:45,"[0, 161, 0, 0, 110, 253, 1, 59, 255]",0.110,31.5
04/10/2025 15:12:46,04/10/2025,15:12:46,"[0, 161, 0, 0, 45, 253, 1, 57, 255]",0.045,31.3
04/10/2025 15:12:47,04/10/2025,15:12:47,"[0, 161, 0, 0, 45, 253, 1, 57, 255]",0.045,31.3
04/10/2025 15:12:48,04/10/2025,15:12:48,"[0, 161, 0, 1, 56, 253, 1, 57, 255]",0.312,31.3
04/10/2025 15:12:49,04/10/2025,15:12:49,"[0, 161, 0, 2, 181, 253, 1, 58, 255]",0.693,31.4
04/10/2025 15:12:50,04/10/2025,15:12:50,"[0, 161, 0, 0, 164, 253, 1, 57, 255]",0.164,31.3
04/10/2025 15:12:51,04/10/2025,15:12:51,"[0, 161, 0, 0, 164, 253, 1, 57, 255]",0.164,31.3
04/10/2025 15:12:52,04/10/2025,15:12:52,"[0, 161, 0, 0, 16, 253, 1, 57, 255]",0.016,31.3
04/10/2025 15:12:53,04/10/2025,15:12:53,"[0, 161, 0, 0, 0, 253, 1, 58, 255]",0.000,31.4
04/10/2025 15:12:54,04/10/2025,15:12:54,"[0, 161, 0, 0, 20, 253, 1, 57, 255]",0.020,31.3
04/10/2025 15:12:55,04/10/2025,15:12:55,"[0, 161, 0, 0, 20, 253, 1, 57, 255]",0.020,31.3
04/10/2025 15:12:56,04/10/2025,15:12:56,"[0, 161, 0, 0, 0, 253, 1, 57, 255]",0.000,31.3
04/10/2025 15:12:57,04/10/2025,15:12:57,"[0, 161, 0, 0, 0, 253, 1, 58, 255]",0.000,31.4
04/10/2025 15:12:58,04/10/2025,15:12:58,"[0, 161, 0, 0, 99, 253, 1, 57, 255]",0.099,31.3
04/10/2025 15:12:59,04/10/2025,15:12:59,"[0, 161, 0, 0, 99, 253, 1, 57, 255]",0.099,31.3
04/10/2025 15:13:00,04/10/2025,15:13:00,"[0, 161, 0, 3, 199, 253, 1, 57, 255]",0.967,31.3
04/10/2025 15:13:01,04/10/2025,15:13:01,"[0, 161, 0, 2, 71, 253, 1, 56, 255]",0.583,31.2
04/10/2025 15:13:02,04/10/2025,15:13:02,"[0, 161, 0, 0, 182, 253, 1, 57, 255]",0.182,31.3
04/10/2025 15:13:03,04/10/2025,15:13:03,"[0, 161, 0, 0, 182, 253, 1, 56, 255]",0.182,31.2
04/10/2025 15:13:04,04/10/2025,15:13:04,"[0, 161, 0, 3, 11, 253, 1, 56, 255]",0.779,31.2
04/10/2025 15:13:05,04/10/2025,15:13:05,"[0, 161, 0, 1, 33, 253, 1, 56, 255]",0.289,31.2
04/10/2025 15:13:06,04/10/2025,15:13:06,"[0, 161, 0, 0, 49, 253, 1, 57, 255]",0.049,31.3
04/10/2025 15:13:07,04/10/2025,15:13:07,"[0, 161, 0, 0, 0, 253, 1, 55, 255]",0.000,31.1
04/10/2025 15:13:08,04/10/2025,15:13:08,"[0, 161, 0, 0, 0, 253, 1, 58, 255]",0.000,31.4
04/10/2025 15:13:09,04/10/2025,15:13:09,"[0, 161, 0, 0, 0, 253, 1, 56, 255]",0.000,31.2
04/10/2025 15:13:10,04/10/2025,15:13:10,"[0, 161, 0, 0, 0, 253, 1, 57, 255]",0.000,31.3
04/10/2025 15:13:11,04/10/2025,15:13:11,"[0, 161, 0, 0, 80, 253, 1, 59, 255]",0.080,31.5
04/10/2025 15:13:12,04/10/2025,15:13:12,"[0, 161, 0, 0, 80, 253, 1, 59, 255]",0.080,31.5
04/10/2025 15:13:13,04/10/2025,15:13:13,"[0, 161, 0, 0, 0, 253, 1, 59, 255]",0.000,31.5
04/10/2025 15:13:14,04/10/2025,15:13:14,"[0, 161, 0, 0, 0, 253, 1, 58, 255]",0.000,31.4
04/10/2025 15:13:15,04/10/2025,15:13:15,"[0, 161, 0, 1, 217, 253, 1, 55, 255]",0.473,31.1
04/10/2025 15:13:16,04/10/2025,15:13:16,"[0, 161, 0, 1, 217, 253, 1, 59, 255]",0.473,31.5
04/10/2025 15:13:17,04/10/2025,15:13:17,"[0, 161, 0, 1, 254, 253, 1, 56, 255]",0.510,31.2
04/10/2025 15:13:18,04/10/2025,15:13:18,"[0, 161, 0, 0, 195, 253, 1, 54, 255]",0.195,31.0
04/10/2025 15:13:19,04/10/2025,15:13:19,"[0, 161, 0, 1, 219, 253, 1, 58, 255]",0.475,31.4
04/10/2025 15:13:20,04/10/2025,15:13:20,"[0, 161, 0, 1, 219, 253, 1, 58, 255]",0.475,31.4
04/10/2025 15:13:21,04/10/2025,15:13:21,"[0, 161, 0, 2, 3, 253, 1, 57, 255]",0.515,31.3
04/10/2025 15:13:22,04/10/2025,15:13:22,"[0, 161, 0, 0, 191, 253, 1, 57, 255]",0.191,31.3
04/10/2025 15:13:23,04/10/2025,15:13:23,"[0, 161, 0, 0, 0, 253, 1, 55, 255]",0.000,31.1
04/10/2025 15:13:24,04/10/2025,15:13:24,"[0, 161, 0, 0, 0, 253, 1, 56, 255]",0.000,31.2
04/10/2025 15:13:25,04/10/2025,15:13:25,"[0, 161, 0, 0, 1, 253, 1, 58, 255]",0.001,31.4
04/10/2025 15:13:26,04/10/2025,15:13:26,"[0, 161, 0, 0, 0, 253, 1, 56, 255]",0.000,31.2
04/10/2025 15:13:27,04/10/2025,15:13:27,"[0, 161, 0, 0, 0, 253, 1, 58, 255]",0.000,31.4
04/10/2025 15:13:28,04/10/2025,15:13:28,"[0, 161, 0, 0, 0, 253, 1, 59, 255]",0.000,31.5
04/10/2025 15:13:29,04/10/2025,15:13:29,"[0, 161, 0, 0, 0, 253, 1, 57, 255]",0.000,31.3
04/10/2025 15:13:30,04/10/2025,15:13:30,"[0, 161, 0, 0, 129, 253, 1, 57, 255]",0.129,31.3
04/10/2025 15:13:31,04/10/2025,15:13:31,"[0, 161, 0, 3, 135, 253, 1, 56, 255]",0.903,31.2
04/10/2025 15:13:32,04/10/2025,15:13:32,"[0, 161, 0, 2, 44, 253, 1, 56, 255]",0.556,31.2
04/10/2025 15:13:33,04/10/2025,15:13:33,"[0, 161, 0, 2, 44, 253, 1, 59, 255]",0.556,31.5
04/10/2025 15:13:34,04/10/2025,15:13:34,"[0, 161, 0, 0, 208, 253, 1, 59, 255]",0.208,31.5
04/10/2025 15:13:35,04/10/2025,15:13:35,"[0, 161, 0, 1, 39, 253, 1, 57, 255]",0.295,31.3
04/10/2025 15:13:36,04/10/2025,15:13:36,"[0, 161, 0, 2, 28, 253, 1, 56, 255]",0.540,31.2
04/10/2025 15:13:37,04/10/2025,15:13:37,"[0, 161, 0, 2, 28, 253, 1, 58, 255]",0.540,31.4
04/10/2025 15:13:38,04/10/2025,15:13:38,"[0, 161, 0, 0, 70, 253, 1, 56, 255]",0.070,31.2
04/10/2025 15:13:39,04/10/2025,15:13:39,"[0, 161, 0, 0, 0, 253, 1, 55, 255]",0.000,31.1
04/10/2025 15:13:40,04/10/2025,15:13:40,"[0, 161, 0, 0, 6, 253, 1, 56, 255]",0.006,31.2
04/10/2025 15:13:41,04/10/2025,15:13:41,"[0, 161, 0, 0, 6, 253, 1, 60, 255]",0.006,31.6
04/10/2025 15:13:42,04/10/2025,15:13:42,"[0, 161, 0, 0, 151, 253, 1, 58, 255]",0.151,31.4
04/10/2025 15:13:43,04/10/2025,15:13:43,"[0, 161, 0, 0, 0, 253, 1, 57, 255]",0.000,31.3
04/10/2025 15:13:44,04/10/2025,15:13:44,"[0, 161, 0, 0, 0, 253, 1, 57, 255]",0.000,31.3
04/10/2025 15:13:45,04/10/2025,15:13:45,"[0, 161, 0, 0, 0, 253, 1, 59, 255]",0.000,31.5
04/10/2025 15:13:46,04/10/2025,15:13:46,"[0, 161, 0, 2, 9, 253, 1, 58, 255]",0.521,31.4
04/10/2025 15:13:47,04/10/2025,15:13:47,"[0, 161, 0, 2, 249, 253, 1, 58, 255]",0.761,31.4
04/10/2025 15:13:48,04/10/2025,15:13:48,"[0, 161, 0, 0, 183, 253, 1, 60, 255]",0.183,31.6
04/10/2025 15:13:49,04/10/2025,15:13:49,"[0, 161, 0, 1, 90, 253, 1, 58, 255]",0.346,31.4
04/10/2025 15:13:50,04/10/2025,15:13:50,"[0, 161, 0, 1, 90, 253, 1, 58, 255]",0.346,31.4
04/10/2025 15:13:51,04/10/2025,15:13:51,"[0, 161, 0, 2, 202, 253, 1, 58, 255]",0.714,31.4
04/10/2025 15:13:52,04/10/2025,15:13:52,"[0, 161, 0, 2, 155, 253, 1, 55, 255]",0.667,31.1
04/10/2025 15:13:53,04/10/2025,15:13:53,"[0, 161, 0, 0, 56, 253, 1, 58, 255]",0.056,31.4
04/10/2025 15:13:54,04/10/2025,15:13:54,"[0, 161, 0, 0, 56, 253, 1, 58, 255]",0.056,31.4
04/10/2025 15:13:55,04/10/2025,15:13:55,"[0, 161, 0, 0, 0, 253, 1, 54, 255]",0.000,31.0
04/10/2025 15:13:56,04/10/2025,15:13:56,"[0, 161, 0, 0, 0, 253, 1, 56, 255]",0.000,31.2
04/10/2025 15:13:57,04/10/2025,15:13:57,"[0, 161, 0, 0, 0, 253, 1, 57, 255]",0.000,31.3
04/10/2025 15:13:58,04/10/2025,15:13:58,"[0, 161, 0, 0, 0, 253, 1, 57, 255]",0.000,31.3
04/10/2025 15:13:59,04/10/2025,15:13:59,"[0, 161, 0, 0, 0, 253, 1, 56, 255]",0.000,31.2
04/10/2025 15:14:00,04/10/2025,15:14:00,"[0, 161, 0, 0, 0, 253, 1, 59, 255]",0.000,31.5
04/10/2025 15:14:01,04/10/2025,15:14:01,"[0, 161, 0, 1, 146, 253, 1, 55, 255]",0.402,31.1
04/10/2025 15:14:02,04/10/2025,15:14:02,"[0, 161, 0, 1, 146, 253, 1, 58, 255]",0.402,31.4
04/10/2025 15:14:03,04/10/2025,15:14:03,"[0, 161, 0, 2, 4, 253, 1, 57, 255]",0.516,31.3
04/10/2025 15:14:04,04/10/2025,15:14:04,"[0, 161, 0, 0, 112, 253, 1, 56, 255]",0.112,31.2
04/10/2025 15:14:05,04/10/2025,15:14:05,"[0, 161, 0, 1, 84, 253, 1, 57, 255]",0.340,31.3
04/10/2025 15:14:06,04/10/2025,15:14:06,"[0, 161, 0, 1, 84, 253, 1, 57, 255]",0.340,31.3
04/10/2025 15:14:07,04/10/2025,15:14:07,"[0, 161, 0, 3, 156, 253, 1, 55, 255]",0.924,31.1
04/10/2025 15:14:08,04/10/2025,15:14:08,"[0, 161, 0, 1, 195, 253, 1, 56, 255]",0.451,31.2
04/10/2025 15:14:09,04/10/2025,15:14:09,"[0, 161, 0, 1, 85, 253, 1, 56, 255]",0.341,31.2
04/10/2025 15:14:10,04/10/2025,15:14:10,"[0, 161, 0, 0, 70, 253, 1, 59, 255]",0.070,31.5
04/10/2025 15:14:11,04/10/2025,15:14:11,"[0, 161, 0, 0, 70, 253, 1, 59, 255]",0.070,31.5
04/10/2025 15:14:12,04/10/2025,15:14:12,"[0, 161, 0, 0, 194, 253, 1, 59, 255]",0.194,31.5
04/10/2025 15:14:13,04/10/2025,15:14:13,"[0, 161, 0, 0, 88, 253, 1, 56, 255]",0.088,31.2
04/10/2025 15:14:14,04/10/2025,15:14:14,"[0, 161, 0, 0, 0, 253, 1, 57, 255]",0.000,31.3
04/10/2025 15:14:15,04/10/2025,15:14:15,"[0, 161, 0, 0, 0, 253, 1, 57, 255]",0.000,31.3
04/10/2025 15:14:16,04/10/2025,15:14:16,"[0, 161, 0, 0, 0, 253, 1, 56, 255]",0.000,31.2
04/10/2025 15:14:17,04/10/2025,15:14:17,"[0, 161, 0, 4, 200, 253, 1, 56, 255]",1.224,31.2
04/10/2025 15:14:18,04/10/2025,15:14:18,"[0, 161, 0, 1, 183, 253, 1, 55, 255]",0.439,31.1
04/10/2025 15:14:19,04/10/2025,15:14:19,"[0, 161, 0, 1, 183, 253, 1, 58, 255]",0.439,31.4
04/10/2025 15:14:20,04/10/2025,15:14:20,"[0, 161, 0, 0, 243, 253, 1, 57, 255]",0.243,31.3
04/10/2025 15:14:21,04/10/2025,15:14:21,"[0, 161, 0, 1, 41, 253, 1, 56, 255]",0.297,31.2
04/10/2025 15:14:22,04/10/2025,15:14:22,"[0, 161, 0, 3, 70, 253, 1, 57, 255]",0.838,31.3
04/10/2025 15:14:23,04/10/2025,15:14:23,"[0, 161, 0, 3, 70, 253, 1, 55, 255]",0.838,31.1
04/10/2025 15:14:24,04/10/2025,15:14:24,"[0, 161, 0, 1, 67, 253, 1, 56, 255]",0.323,31.2
04/10/2025 15:14:25,04/10/2025,15:14:25,"[0, 161, 0, 0, 0, 253, 1, 56, 255]",0.000,31.2
04/10/2025 15:14:26,04/10/2025,15:14:26,"[0, 161, 0, 0, 0, 253, 1, 57, 255]",0.000,31.3
04/10/2025 15:14:27,04/10/2025,15:14:27,"[0, 161, 0, 0, 0, 253, 1, 57, 255]",0.000,31.3
04/10/2025 15:14:28,04/10/2025,15:14:28,"[0, 161, 0, 0, 0, 253, 1, 57, 255]",0.000,31.3
04/10/2025 15:14:29,04/10/2025,15:14:29,"[0, 161, 0, 0, 0, 253, 1, 57, 255]",0.000,31.3
04/10/2025 15:14:30,04/10/2025,15:14:30,"[0, 161, 0, 0, 13, 253, 1, 57, 255]",0.013,31.3
04/10/2025 15:14:31,04/10/2025,15:14:31,"[0, 161, 0, 0, 0, 253, 1, 57, 255]",0.000,31.3
04/10/2025 15:14:32,04/10/2025,15:14:32,"[0, 161, 0, 0, 0, 253, 1, 58, 255]",0.000,31.4
04/10/2025 15:14:33,04/10/2025,15:14:33,"[0, 161, 0, 3, 41, 253, 1, 56, 255]",0.809,31.2
04/10/2025 15:14:34,04/10/2025,15:14:34,"[0, 161, 0, 1, 129, 253, 1, 57, 255]",0.385,31.3
04/10/2025 15:14:35,04/10/2025,15:14:35,"[0, 161, 0, 1, 89, 253, 1, 59, 255]",0.345,31.5
04/10/2025 15:14:36,04/10/2025,15:14:36,"[0, 161, 0, 1, 89, 253, 1, 59, 255]",0.345,31.5
04/10/2025 15:14:37,04/10/2025,15:14:37,"[0, 161, 0, 0, 38, 253, 1, 56, 255]",0.038,31.2
04/10/2025 15:14:38,04/10/2025,15:14:38,"[0, 161, 0, 1, 71, 253, 1, 56, 255]",0.327,31.2
04/10/2025 15:14:39,04/10/2025,15:14:39,"[0, 161, 0, 2, 178, 253, 1, 55, 255]",0.690,31.1
04/10/2025 15:14:40,04/10/2025,15:14:40,"[0, 161, 0, 2, 178, 253, 1, 56, 255]",0.690,31.2
04/10/2025 15:14:41,04/10/2025,15:14:41,"[0, 161, 0, 0, 69, 253, 1, 55, 255]",0.069,31.1
04/10/2025 15:14:42,04/10/2025,15:14:42,"[0, 161, 0, 0, 0, 253, 1, 55, 255]",0.000,31.1
04/10/2025 15:14:43,04/10/2025,15:14:43,"[0, 161, 0, 0, 59, 253, 1, 56, 255]",0.059,31.2
04/10/2025 15:14:44,04/10/2025,15:14:44,"[0, 161, 0, 0, 59, 253, 1, 58, 255]",0.059,31.4
04/10/2025 15:14:45,04/10/2025,15:14:45,"[0, 161, 0, 0, 0, 253, 1, 57, 255]",0.000,31.3
04/10/2025 15:14:46,04/10/2025,15:14:46,"[0, 161, 0, 0, 0, 253, 1, 58, 255]",0.000,31.4
04/10/2025 15:14:47,04/10/2025,15:14:47,"[0, 161, 0, 0, 0, 253, 1, 56, 255]",0.000,31.2
04/10/2025 15:14:48,04/10/2025,15:14:48,"[0, 161, 0, 0, 0, 253, 1, 56, 255]",0.000,31.2
04/10/2025 15:14:49,04/10/2025,15:14:49,"[0, 161, 0, 2, 247, 253, 1, 59, 255]",0.759,31.5
04/10/2025 15:14:50,04/10/2025,15:14:50,"[0, 161, 0, 0, 185, 253, 1, 57, 255]",0.185,31.3
04/10/2025 15:14:51,04/10/2025,15:14:51,"[0, 161, 0, 0, 162, 253, 1, 59, 255]",0.162,31.5
04/10/2025 15:14:52,04/10/2025,15:14:52,"[0, 161, 0, 0, 162, 253, 1, 55, 255]",0.162,31.1
04/10/2025 15:14:53,04/10/2025,15:14:53,"[0, 161, 0, 2, 255, 253, 1, 55, 255]",0.767,31.1
04/10/2025 15:14:54,04/10/2025,15:14:54,"[0, 161, 0, 3, 147, 253, 1, 54, 255]",0.915,31.0
04/10/2025 15:14:55,04/10/2025,15:14:55,"[0, 161, 0, 1, 164, 253, 1, 57, 255]",0.420,31.3
04/10/2025 15:14:56,04/10/2025,15:14:56,"[0, 161, 0, 0, 74, 253, 1, 54, 255]",0.074,31.0
04/10/2025 15:14:57,04/10/2025,15:14:57,"[0, 161, 0, 0, 74, 253, 1, 54, 255]",0.074,31.0
04/10/2025 15:14:58,04/10/2025,15:14:58,"[0, 161, 0, 0, 131, 253, 1, 56, 255]",0.131,31.2
04/10/2025 15:14:59,04/10/2025,15:14:59,"[0, 161, 0, 0, 0, 253, 1, 56, 255]",0.000,31.2
04/10/2025 15:15:00,04/10/2025,15:15:00,"[0, 161, 0, 0, 104, 253, 1, 58, 255]",0.104,31.4
04/10/2025 15:15:01,04/10/2025,15:15:01,"[0, 161, 0, 0, 104, 253, 1, 56, 255]",0.104,31.2
04/10/2025 15:15:02,04/10/2025,15:15:02,"[0, 161, 0, 0, 0, 253, 1, 56, 255]",0.000,31.2
04/10/2025 15:15:03,04/10/2025,15:15:03,"[0, 161, 0, 0, 27, 253, 1, 57, 255]",0.027,31.3
04/10/2025 15:15:04,04/10/2025,15:15:04,"[0, 161, 0, 0, 232, 253, 1, 57, 255]",0.232,31.3
04/10/2025 15:15:05,04/10/2025,15:15:05,"[0, 161, 0, 0, 232, 253, 1, 57, 255]",0.232,31.3
04/10/2025 15:15:06,04/10/2025,15:15:06,"[0, 161, 0, 0, 157, 253, 1, 58, 255]",0.157,31.4
04/10/2025 15:15:07,04/10/2025,15:15:07,"[0, 161, 0, 0, 162, 253, 1, 58, 255]",0.162,31.4
04/10/2025 15:15:08,04/10/2025,15:15:08,"[0, 161, 0, 1, 24, 253, 1, 55, 255]",0.280,31.1
04/10/2025 15:15:09,04/10/2025,15:15:09,"[0, 161, 0, 1, 24, 253, 1, 55, 255]",0.280,31.1
04/10/2025 15:15:10,04/10/2025,15:15:10,"[0, 161, 0, 2, 131, 253, 1, 57, 255]",0.643,31.3
04/10/2025 15:15:11,04/10/2025,15:15:11,"[0, 161, 0, 0, 179, 253, 1, 57, 255]",0.179,31.3
04/10/2025 15:15:12,04/10/2025,15:15:12,"[0, 161, 0, 0, 0, 253, 1, 54, 255]",0.000,31.0
04/10/2025 15:15:13,04/10/2025,15:15:13,"[0, 161, 0, 0, 0, 253, 1, 56, 255]",0.000,31.2
04/10/2025 15:15:14,04/10/2025,15:15:14,"[0, 161, 0, 0, 54, 253, 1, 58, 255]",0.054,31.4
04/10/2025 15:15:15,04/10/2025,15:15:15,"[0, 161, 0, 0, 34, 253, 1, 57, 255]",0.034,31.3
04/10/2025 15:15:16,04/10/2025,15:15:16,"[0, 161, 0, 0, 0, 253, 1, 57, 255]",0.000,31.3
04/10/2025 15:15:17,04/10/2025,15:15:17,"[0, 161, 0, 0, 0, 253, 1, 58, 255]",0.000,31.4
04/10/2025 15:15:18,04/10/2025,15:15:18,"[0, 161, 0, 0, 0, 253, 1, 58, 255]",0.000,31.4
04/10/2025 15:15:19,04/10/2025,15:15:19,"[0, 161, 0, 0, 66, 253, 1, 55, 255]",0.066,31.1
04/10/2025 15:15:20,04/10/2025,15:15:20,"[0, 161, 0, 2, 3, 253, 1, 56, 255]",0.515,31.2
04/10/2025 15:15:21,04/10/2025,15:15:21,"[0, 161, 0, 0, 93, 253, 1, 53, 255]",0.093,30.9
04/10/2025 15:15:22,04/10/2025,15:15:22,"[0, 161, 0, 0, 93, 253, 1, 59, 255]",0.093,31.5
04/10/2025 15:15:23,04/10/2025,15:15:23,"[0, 161, 0, 1, 208, 253, 1, 56, 255]",0.464,31.2
04/10/2025 15:15:24,04/10/2025,15:15:24,"[0, 161, 0, 3, 158, 253, 1, 57, 255]",0.926,31.3
04/10/2025 15:15:25,04/10/2025,15:15:25,"[0, 161, 0, 2, 184, 253, 1, 57, 255]",0.696,31.3
04/10/2025 15:15:26,04/10/2025,15:15:26,"[0, 161, 0, 2, 184, 253, 1, 57, 255]",0.696,31.3
04/10/2025 15:15:27,04/10/2025,15:15:27,"[0, 161, 0, 0, 215, 253, 1, 56, 255]",0.215,31.2
04/10/2025 15:15:28,04/10/2025,15:15:28,"[0, 161, 0, 0, 0, 253, 1, 54, 255]",0.000,31.0
04/10/2025 15:15:29,04/10/2025,15:15:29,"[0, 161, 0, 0, 0, 253, 1, 54, 255]",0.000,31.0
04/10/2025 15:15:30,04/10/2025,15:15:30,"[0, 161, 0, 0, 0, 253, 1, 56, 255]",0.000,31.2
04/10/2025 15:15:31,04/10/2025,15:15:31,"[0, 161, 0, 0, 0, 253, 1, 54, 255]",0.000,31.0
04/10/2025 15:15:32,04/10/2025,15:15:32,"[0, 161, 0, 0, 0, 253, 1, 56, 255]",0.000,31.2
04/10/2025 15:15:33,04/10/2025,15:15:33,"[0, 161, 0, 0, 0, 253, 1, 55, 255]",0.000,31.1
04/10/2025 15:15:34,04/10/2025,15:15:34,"[0, 161, 0, 0, 0, 253, 1, 58, 255]",0.000,31.4
04/10/2025 15:15:35,04/10/2025,15:15:35,"[0, 161, 0, 1, 219, 253, 1, 57, 255]",0.475,31.3
04/10/2025 15:15:36,04/10/2025,15:15:36,"[0, 161, 0, 1, 8, 253, 1, 56, 255]",0.264,31.2
04/10/2025 15:15:37,04/10/2025,15:15:37,"[0, 161, 0, 1, 246, 253, 1, 54, 255]",0.502,31.0
04/10/2025 15:15:38,04/10/2025,15:15:38,"[0, 161, 0, 1, 139, 253, 1, 56, 255]",0.395,31.2
04/10/2025 15:15:39,04/10/2025,15:15:39,"[0, 161, 0, 1, 139, 253, 1, 56, 255]",0.395,31.2
04/10/2025 15:15:40,04/10/2025,15:15:40,"[0, 161, 0, 3, 41, 253, 1, 56, 255]",0.809,31.2
04/10/2025 15:15:41,04/10/2025,15:15:41,"[0, 161, 0, 0, 253, 253, 1, 57, 255]",0.253,31.3
04/10/2025 15:15:42,04/10/2025,15:15:42,"[0, 161, 0, 0, 175, 253, 1, 58, 255]",0.175,31.4
04/10/2025 15:15:43,04/10/2025,15:15:43,"[0, 161, 0, 0, 175, 253, 1, 56, 255]",0.175,31.2
04/10/2025 15:15:44,04/10/2025,15:15:44,"[0, 161, 0, 0, 0, 253, 1, 55, 255]",0.000,31.1
04/10/2025 15:15:45,04/10/2025,15:15:45,"[0, 161, 0, 0, 0, 253, 1, 55, 255]",0.000,31.1
04/10/2025 15:15:46,04/10/2025,15:15:46,"[0, 161, 0, 0, 0, 253, 1, 55, 255]",0.000,31.1
04/10/2025 15:15:47,04/10/2025,15:15:47,"[0, 161, 0, 0, 0, 253, 1, 57, 255]",0.000,31.3
04/10/2025 15:15:48,04/10/2025,15:15:48,"[0, 161, 0, 0, 0, 253, 1, 56, 255]",0.000,31.2
04/10/2025 15:15:49,04/10/2025,15:15:49,"[0, 161, 0, 0, 0, 253, 1, 57, 255]",0.000,31.3
04/10/2025 15:15:50,04/10/2025,15:15:50,"[0, 161, 0, 2, 133, 253, 1, 58, 255]",0.645,31.4
04/10/2025 15:15:51,04/10/2025,15:15:51,"[0, 161, 0, 2, 133, 253, 1, 57, 255]",0.645,31.3
04/10/2025 15:15:52,04/10/2025,15:15:52,"[0, 161, 0, 1, 220, 253, 1, 56, 255]",0.476,31.2
04/10/2025 15:15:53,04/10/2025,15:15:53,"[0, 161, 0, 1, 62, 253, 1, 57, 255]",0.318,31.3
04/10/2025 15:15:54,04/10/2025,15:15:54,"[0, 161, 0, 2, 74, 253, 1, 57, 255]",0.586,31.3
04/10/2025 15:15:55,04/10/2025,15:15:55,"[0, 161, 0, 2, 74, 253, 1, 56, 255]",0.586,31.2
04/10/2025 15:15:56,04/10/2025,15:15:56,"[0, 161, 0, 3, 44, 253, 1, 59, 255]",0.812,31.5
04/10/2025 15:15:57,04/10/2025,15:15:57,"[0, 161, 0, 0, 230, 253, 1, 58, 255]",0.230,31.4
04/10/2025 15:15:58,04/10/2025,15:15:58,"[0, 161, 0, 0, 44, 253, 1, 55, 255]",0.044,31.1
04/10/2025 15:15:59,04/10/2025,15:15:59,"[0, 161, 0, 0, 0, 253, 1, 57, 255]",0.000,31.3
04/10/2025 15:16:00,04/10/2025,15:16:00,"[0, 161, 0, 0, 0, 253, 1, 57, 255]",0.000,31.3
04/10/2025 15:16:01,04/10/2025,15:16:01,"[0, 161, 0, 0, 0, 253, 1, 55, 255]",0.000,31.1
04/10/2025 15:16:02,04/10/2025,15:16:02,"[0, 161, 0, 0, 37, 253, 1, 57, 255]",0.037,31.3
04/10/2025 15:16:03,04/10/2025,15:16:03,"[0, 161, 0, 0, 0, 253, 1, 57, 255]",0.000,31.3
04/10/2025 15:16:04,04/10/2025,15:16:04,"[0, 161, 0, 0, 0, 253, 1, 57, 255]",0.000,31.3
04/10/2025 15:16:05,04/10/2025,15:16:05,"[0, 161, 0, 0, 0, 253, 1, 56, 255]",0.000,31.2
04/10/2025 15:16:06,04/10/2025,15:16:06,"[0, 161, 0, 1, 139, 253, 1, 56, 255]",0.395,31.2
04/10/2025 15:16:07,04/10/2025,15:16:07,"[0, 161, 0, 1, 101, 253, 1, 55, 255]",0.357,31.1
04/10/2025 15:16:08,04/10/2025,15:16:08,"[0, 161, 0, 1, 101, 253, 1, 58, 255]",0.357,31.4
04/10/2025 15:16:09,04/10/2025,15:16:09,"[0, 161, 0, 0, 73, 253, 1, 58, 255]",0.073,31.4
04/10/2025 15:16:10,04/10/2025,15:16:10,"[0, 161, 0, 3, 1, 253, 1, 57, 255]",0.769,31.3
04/10/2025 15:16:11,04/10/2025,15:16:11,"[0, 161, 0, 1, 237, 253, 1, 59, 255]",0.493,31.5
04/10/2025 15:16:12,04/10/2025,15:16:12,"[0, 161, 0, 1, 237, 253, 1, 56, 255]",0.493,31.2
04/10/2025 15:16:13,04/10/2025,15:16:13,"[0, 161, 0, 0, 161, 253, 1, 58, 255]",0.161,31.4
04/10/2025 15:16:14,04/10/2025,15:16:14,"[0, 161, 0, 0, 5, 253, 1, 53, 255]",0.005,30.9
04/10/2025 15:16:15,04/10/2025,15:16:15,"[0, 161, 0, 0, 44, 253, 1, 58, 255]",0.044,31.4
04/10/2025 15:16:16,04/10/2025,15:16:16,"[0, 161, 0, 0, 44, 253, 1, 56, 255]",0.044,31.2
04/10/2025 15:16:17,04/10/2025,15:16:17,"[0, 161, 0, 0, 0, 253, 1, 57, 255]",0.000,31.3
04/10/2025 15:16:18,04/10/2025,15:16:18,"[0, 161, 0, 0, 0, 253, 1, 54, 255]",0.000,31.0
04/10/2025 15:16:19,04/10/2025,15:16:19,"[0, 161, 0, 0, 0, 253, 1, 56, 255]",0.000,31.2
04/10/2025 15:16:20,04/10/2025,15:16:20,"[0, 161, 0, 0, 0, 253, 1, 56, 255]",0.000,31.2
04/10/2025 15:16:21,04/10/2025,15:16:21,"[0, 161, 0, 0, 0, 253, 1, 56, 255]",0.000,31.2
04/10/2025 15:16:22,04/10/2025,15:16:22,"[0, 161, 0, 0, 88, 253, 1, 55, 255]",0.088,31.1
04/10/2025 15:16:23,04/10/2025,15:16:23,"[0, 161, 0, 1, 80, 253, 1, 57, 255]",0.336,31.3
04/10/2025 15:16:24,04/10/2025,15:16:24,"[0, 161, 0, 1, 240, 253, 1, 56, 255]",0.496,31.2
04/10/2025 15:16:25,04/10/2025,15:16:25,"[0, 161, 0, 1, 240, 253, 1, 57, 255]",0.496,31.3
04/10/2025 15:16:26,04/10/2025,15:16:26,"[0, 161, 0, 3, 54, 253, 1, 57, 255]",0.822,31.3
04/10/2025 15:16:27,04/10/2025,15:16:27,"[0, 161, 0, 2, 217, 253, 1, 56, 255]",0.729,31.2
04/10/2025 15:16:28,04/10/2025,15:16:28,"[0, 161, 0, 0, 32, 253, 1, 55, 255]",0.032,31.1
04/10/2025 15:16:29,04/10/2025,15:16:29,"[0, 161, 0, 0, 32, 253, 1, 56, 255]",0.032,31.2
04/10/2025 15:16:30,04/10/2025,15:16:30,"[0, 161, 0, 0, 0, 253, 1, 57, 255]",0.000,31.3
04/10/2025 15:16:31,04/10/2025,15:16:31,"[0, 161, 0, 0, 64, 253, 1, 54, 255]",0.064,31.0
04/10/2025 15:16:32,04/10/2025,15:16:32,"[0, 161, 0, 0, 99, 253, 1, 58, 255]",0.099,31.4
04/10/2025 15:16:33,04/10/2025,15:16:33,"[0, 161, 0, 0, 99, 253, 1, 61, 255]",0.099,31.7
04/10/2025 15:16:34,04/10/2025,15:16:34,"[0, 161, 0, 0, 152, 253, 1, 56, 255]",0.152,31.2
04/10/2025 15:16:35,04/10/2025,15:16:35,"[0, 161, 0, 0, 0, 253, 1, 58, 255]",0.000,31.4
04/10/2025 15:16:36,04/10/2025,15:16:36,"[0, 161, 0, 0, 139, 253, 1, 54, 255]",0.139,31.0
04/10/2025 15:16:37,04/10/2025,15:16:37,"[0, 161, 0, 0, 139, 253, 1, 55, 255]",0.139,31.1
04/10/2025 15:16:38,04/10/2025,15:16:38,"[0, 161, 0, 2, 23, 253, 1, 54, 255]",0.535,31.0
04/10/2025 15:16:39,04/10/2025,15:16:39,"[0, 161, 0, 0, 142, 253, 1, 54, 255]",0.142,31.0
04/10/2025 15:16:40,04/10/2025,15:16:40,"[0, 161, 0, 1, 56, 253, 1, 58, 255]",0.312,31.4
04/10/2025 15:16:41,04/10/2025,15:16:41,"[0, 161, 0, 2, 141, 253, 1, 58, 255]",0.653,31.4
04/10/2025 15:16:42,04/10/2025,15:16:42,"[0, 161, 0, 2, 141, 253, 1, 57, 255]",0.653,31.3
04/10/2025 15:16:43,04/10/2025,15:16:43,"[0, 161, 0, 2, 71, 253, 1, 55, 255]",0.583,31.1
04/10/2025 15:16:44,04/10/2025,15:16:44,"[0, 161, 0, 0, 245, 253, 1, 55, 255]",0.245,31.1
04/10/2025 15:16:45,04/10/2025,15:16:45,"[0, 161, 0, 0, 84, 253, 1, 56, 255]",0.084,31.2
04/10/2025 15:16:46,04/10/2025,15:16:46,"[0, 161, 0, 0, 84, 253, 1, 55, 255]",0.084,31.1
04/10/2025 15:16:47,04/10/2025,15:16:47,"[0, 161, 0, 0, 138, 253, 1, 57, 255]",0.138,31.3
04/10/2025 15:16:48,04/10/2025,15:16:48,"[0, 161, 0, 0, 0, 253, 1, 57, 255]",0.000,31.3
04/10/2025 15:16:49,04/10/2025,15:16:49,"[0, 161, 0, 0, 0, 253, 1, 57, 255]",0.000,31.3
04/10/2025 15:16:50,04/10/2025,15:16:50,"[0, 161, 0, 0, 0, 253, 1, 57, 255]",0.000,31.3
04/10/2025 15:16:51,04/10/2025,15:16:51,"[0, 161, 0, 0, 0, 253, 1, 57, 255]",0.000,31.3
04/10/2025 15:16:52,04/10/2025,15:16:52,"[0, 161, 0, 1, 158, 253, 1, 55, 255]",0.414,31.1
04/10/2025 15:16:53,04/10/2025,15:16:53,"[0, 161, 0, 2, 229, 253, 1, 57, 255]",0.741,31.3
04/10/2025 15:16:54,04/10/2025,15:16:54,"[0, 161, 0, 2, 229, 253, 1, 57, 255]",0.741,31.3
04/10/2025 15:16:55,04/10/2025,15:16:55,"[0, 161, 0, 0, 173, 253, 1, 54, 255]",0.173,31.0
04/10/2025 15:16:56,04/10/2025,15:16:56,"[0, 161, 0, 0, 0, 253, 1, 55, 255]",0.000,31.1
04/10/2025 15:16:57,04/10/2025,15:16:57,"[0, 161, 0, 2, 204, 253, 1, 54, 255]",0.716,31.0
04/10/2025 15:16:58,04/10/2025,15:16:58,"[0, 161, 0, 2, 204, 253, 1, 56, 255]",0.716,31.2
04/10/2025 15:16:59,04/10/2025,15:16:59,"[0, 161, 0, 1, 242, 253, 1, 57, 255]",0.498,31.3
04/10/2025 15:17:00,04/10/2025,15:17:00,"[0, 161, 0, 0, 129, 253, 1, 56, 255]",0.129,31.2
04/10/2025 15:17:01,04/10/2025,15:17:01,"[0, 161, 0, 0, 40, 253, 1, 54, 255]",0.040,31.0
04/10/2025 15:17:02,04/10/2025,15:17:02,"[0, 161, 0, 0, 0, 253, 1, 54, 255]",0.000,31.0
04/10/2025 15:17:03,04/10/2025,15:17:03,"[0, 161, 0, 0, 0, 253, 1, 56, 255]",0.000,31.2
04/10/2025 15:17:04,04/10/2025,15:17:04,"[0, 161, 0, 0, 0, 253, 1, 55, 255]",0.000,31.1
04/10/2025 15:17:05,04/10/2025,15:17:05,"[0, 161, 0, 0, 0, 253, 1, 56, 255]",0.000,31.2
04/10/2025 15:17:06,04/10/2025,15:17:06,"[0, 161, 0, 0, 0, 253, 1, 57, 255]",0.000,31.3
04/10/2025 15:17:07,04/10/2025,15:17:07,"[0, 161, 0, 0, 0, 253, 1, 56, 255]",0.000,31.2
04/10/2025 15:17:08,04/10/2025,15:17:08,"[0, 161, 0, 0, 9, 253, 1, 57, 255]",0.009,31.3
04/10/2025 15:17:09,04/10/2025,15:17:09,"[0, 161, 0, 2, 175, 253, 1, 57, 255]",0.687,31.3
04/10/2025 15:17:10,04/10/2025,15:17:10,"[0, 161, 0, 0, 216, 253, 1, 56, 255]",0.216,31.2
04/10/2025 15:17:11,04/10/2025,15:17:11,"[0, 161, 0, 0, 216, 253, 1, 57, 255]",0.216,31.3
04/10/2025 15:17:12,04/10/2025,15:17:12,"[0, 161, 0, 2, 9, 253, 1, 55, 255]",0.521,31.1
04/10/2025 15:17:13,04/10/2025,15:17:13,"[0, 161, 0, 3, 15, 253, 1, 56, 255]",0.783,31.2
04/10/2025 15:17:14,04/10/2025,15:17:14,"[0, 161, 0, 1, 99, 253, 1, 59, 255]",0.355,31.5
04/10/2025 15:17:15,04/10/2025,15:17:15,"[0, 161, 0, 1, 99, 253, 1, 56, 255]",0.355,31.2
04/10/2025 15:17:16,04/10/2025,15:17:16,"[0, 161, 0, 0, 113, 253, 1, 55, 255]",0.113,31.1
04/10/2025 15:17:17,04/10/2025,15:17:17,"[0, 161, 0, 0, 0, 253, 1, 56, 255]",0.000,31.2
04/10/2025 15:17:18,04/10/2025,15:17:18,"[0, 161, 0, 0, 0, 253, 1, 56, 255]",0.000,31.2
04/10/2025 15:17:19,04/10/2025,15:17:19,"[0, 161, 0, 0, 0, 253, 1, 56, 255]",0.000,31.2
04/10/2025 15:17:20,04/10/2025,15:17:20,"[0, 161, 0, 0, 0, 253, 1, 55, 255]",0.000,31.1
04/10/2025 15:17:21,04/10/2025,15:17:21,"[0, 161, 0, 0, 0, 253, 1, 56, 255]",0.000,31.2
04/10/2025 15:17:22,04/10/2025,15:17:22,"[0, 161, 0, 0, 0, 253, 1, 57, 255]",0.000,31.3
04/10/2025 15:17:23,04/10/2025,15:17:23,"[0, 161, 0, 0, 0, 253, 1, 57, 255]",0.000,31.3
04/10/2025 15:17:24,04/10/2025,15:17:24,"[0, 161, 0, 0, 103, 253, 1, 58, 255]",0.103,31.4
04/10/2025 15:17:25,04/10/2025,15:17:25,"[0, 161, 0, 2, 67, 253, 1, 56, 255]",0.579,31.2
04/10/2025 15:17:26,04/10/2025,15:17:26,"[0, 161, 0, 1, 91, 253, 1, 57, 255]",0.347,31.3
04/10/2025 15:17:27,04/10/2025,15:17:27,"[0, 161, 0, 2, 133, 253, 1, 58, 255]",0.645,31.4
04/10/2025 15:17:28,04/10/2025,15:17:28,"[0, 161, 0, 2, 133, 253, 1, 56, 255]",0.645,31.2
04/10/2025 15:17:29,04/10/2025,15:17:29,"[0, 161, 0, 2, 190, 253, 1, 57, 255]",0.702,31.3
04/10/2025 15:17:30,04/10/2025,15:17:30,"[0, 161, 0, 1, 41, 253, 1, 56, 255]",0.297,31.2
04/10/2025 15:17:31,04/10/2025,15:17:31,"[0, 161, 0, 0, 104, 253, 1, 56, 255]",0.104,31.2
04/10/2025 15:17:32,04/10/2025,15:17:32,"[0, 161, 0, 0, 104, 253, 1, 56, 255]",0.104,31.2
04/10/2025 15:17:33,04/10/2025,15:17:33,"[0, 161, 0, 0, 0, 253, 1, 56, 255]",0.000,31.2
04/10/2025 15:17:34,04/10/2025,15:17:34,"[0, 161, 0, 0, 0, 253, 1, 55, 255]",0.000,31.1
04/10/2025 15:17:35,04/10/2025,15:17:35,"[0, 161, 0, 0, 101, 253, 1, 54, 255]",0.101,31.0
04/10/2025 15:17:36,04/10/2025,15:17:36,"[0, 161, 0, 0, 101, 253, 1, 56, 255]",0.101,31.2
04/10/2025 15:17:37,04/10/2025,15:17:37,"[0, 161, 0, 0, 0, 253, 1, 58, 255]",0.000,31.4
04/10/2025 15:17:38,04/10/2025,15:17:38,"[0, 161, 0, 0, 0, 253, 1, 59, 255]",0.000,31.5
04/10/2025 15:17:39,04/10/2025,15:17:39,"[0, 161, 0, 3, 19, 253, 1, 56, 255]",0.787,31.2
04/10/2025 15:17:40,04/10/2025,15:17:40,"[0, 161, 0, 3, 19, 253, 1, 56, 255]",0.787,31.2
04/10/2025 15:17:41,04/10/2025,15:17:41,"[0, 161, 0, 1, 159, 253, 1, 56, 255]",0.415,31.2
04/10/2025 15:17:42,04/10/2025,15:17:42,"[0, 161, 0, 1, 2, 253, 1, 58, 255]",0.258,31.4
04/10/2025 15:17:43,04/10/2025,15:17:43,"[0, 161, 0, 2, 213, 253, 1, 57, 255]",0.725,31.3
04/10/2025 15:17:44,04/10/2025,15:17:44,"[0, 161, 0, 2, 213, 253, 1, 57, 255]",0.725,31.3
04/10/2025 15:17:45,04/10/2025,15:17:45,"[0, 161, 0, 1, 222, 253, 1, 58, 255]",0.478,31.4
04/10/2025 15:17:46,04/10/2025,15:17:46,"[0, 161, 0, 0, 190, 253, 1, 55, 255]",0.190,31.1
04/10/2025 15:17:47,04/10/2025,15:17:47,"[0, 161, 0, 0, 0, 253, 1, 55, 255]",0.000,31.1
04/10/2025 15:17:48,04/10/2025,15:17:48,"[0, 161, 0, 0, 0, 253, 1, 56, 255]",0.000,31.2
04/10/2025 15:17:49,04/10/2025,15:17:49,"[0, 161, 0, 0, 0, 253, 1, 57, 255]",0.000,31.3
04/10/2025 15:17:50,04/10/2025,15:17:50,"[0, 161, 0, 0, 0, 253, 1, 54, 255]",0.000,31.0
04/10/2025 15:17:51,04/10/2025,15:17:51,"[0, 161, 0, 0, 0, 253, 1, 55, 255]",0.000,31.1
04/10/2025 15:17:52,04/10/2025,15:17:52,"[0, 161, 0, 0, 0, 253, 1, 57, 255]",0.000,31.3
04/10/2025 15:17:53,04/10/2025,15:17:53,"[0, 161, 0, 0, 0, 253, 1, 56, 255]",0.000,31.2
04/10/2025 15:17:54,04/10/2025,15:17:54,"[0, 161, 0, 0, 0, 253, 1, 56, 255]",0.000,31.2
04/10/2025 15:17:55,04/10/2025,15:17:55,"[0, 161, 0, 2, 169, 253, 1, 57, 255]",0.681,31.3
04/10/2025 15:17:56,04/10/2025,15:17:56,"[0, 161, 0, 2, 133, 253, 1, 55, 255]",0.645,31.1
04/10/2025 15:17:57,04/10/2025,15:17:57,"[0, 161, 0, 2, 133, 253, 1, 57, 255]",0.645,31.3
04/10/2025 15:17:58,04/10/2025,15:17:58,"[0, 161, 0, 0, 144, 253, 1, 55, 255]",0.144,31.1
04/10/2025 15:17:59,04/10/2025,15:17:59,"[0, 161, 0, 1, 91, 253, 1, 57, 255]",0.347,31.3
04/10/2025 15:18:00,04/10/2025,15:18:00,"[0, 161, 0, 2, 54, 253, 1, 58, 255]",0.566,31.4
04/10/2025 15:18:01,04/10/2025,15:18:01,"[0, 161, 0, 2, 54, 253, 1, 57, 255]",0.566,31.3
04/10/2025 15:18:02,04/10/2025,15:18:02,"[0, 161, 0, 0, 186, 253, 1, 58, 255]",0.186,31.4
04/10/2025 15:18:03,04/10/2025,15:18:03,"[0, 161, 0, 0, 131, 253, 1, 54, 255]",0.131,31.0
04/10/2025 15:18:04,04/10/2025,15:18:04,"[0, 161, 0, 0, 0, 253, 1, 54, 255]",0.000,31.0
04/10/2025 15:18:05,04/10/2025,15:18:05,"[0, 161, 0, 0, 0, 253, 1, 54, 255]",0.000,31.0
04/10/2025 15:18:06,04/10/2025,15:18:06,"[0, 161, 0, 0, 0, 253, 1, 57, 255]",0.000,31.3
04/10/2025 15:18:07,04/10/2025,15:18:07,"[0, 161, 0, 0, 0, 253, 1, 57, 255]",0.000,31.3
04/10/2025 15:18:08,04/10/2025,15:18:08,"[0, 161, 0, 0, 0, 253, 1, 57, 255]",0.000,31.3
04/10/2025 15:18:09,04/10/2025,15:18:09,"[0, 161, 0, 0, 0, 253, 1, 58, 255]",0.000,31.4
04/10/2025 15:18:10,04/10/2025,15:18:10,"[0, 161, 0, 0, 0, 253, 1, 56, 255]",0.000,31.2
04/10/2025 15:18:11,04/10/2025,15:18:11,"[0, 161, 0, 1, 69, 253, 1, 58, 255]",0.325,31.4
04/10/2025 15:18:12,04/10/2025,15:18:12,"[0, 161, 0, 0, 245, 253, 1, 56, 255]",0.245,31.2
04/10/2025 15:18:13,04/10/2025,15:18:13,"[0, 161, 0, 3, 84, 253, 1, 55, 255]",0.852,31.1
04/10/2025 15:18:14,04/10/2025,15:18:14,"[0, 161, 0, 3, 84, 253, 1, 56, 255]",0.852,31.2
04/10/2025 15:18:15,04/10/2025,15:18:15,"[0, 161, 0, 2, 193, 253, 1, 55, 255]",0.705,31.1
04/10/2025 15:18:16,04/10/2025,15:18:16,"[0, 161, 0, 3, 160, 253, 1, 54, 255]",0.928,31.0
04/10/2025 15:18:17,04/10/2025,15:18:17,"[0, 161, 0, 1, 143, 253, 1, 58, 255]",0.399,31.4
04/10/2025 15:18:18,04/10/2025,15:18:18,"[0, 161, 0, 1, 143, 253, 1, 55, 255]",0.399,31.1
04/10/2025 15:18:19,04/10/2025,15:18:19,"[0, 161, 0, 0, 0, 253, 1, 56, 255]",0.000,31.2
04/10/2025 15:18:20,04/10/2025,15:18:20,"[0, 161, 0, 0, 68, 253, 1, 54, 255]",0.068,31.0
04/10/2025 15:18:21,04/10/2025,15:18:21,"[0, 161, 0, 0, 0, 253, 1, 57, 255]",0.000,31.3
04/10/2025 15:18:22,04/10/2025,15:18:22,"[0, 161, 0, 0, 0, 253, 1, 56, 255]",0.000,31.2
04/10/2025 15:18:23,04/10/2025,15:18:23,"[0, 161, 0, 0, 0, 253, 1, 56, 255]",0.000,31.2
04/10/2025 15:18:24,04/10/2025,15:18:24,"[0, 161, 0, 0, 0, 253, 1, 58, 255]",0.000,31.4
04/10/2025 15:18:25,04/10/2025,15:18:25,"[0, 161, 0, 0, 118, 253, 1, 58, 255]",0.118,31.4
04/10/2025 15:18:26,04/10/2025,15:18:26,"[0, 161, 0, 0, 118, 253, 1, 58, 255]",0.118,31.4
04/10/2025 15:18:27,04/10/2025,15:18:27,"[0, 161, 0, 2, 184, 253, 1, 58, 255]",0.696,31.4
04/10/2025 15:18:28,04/10/2025,15:18:28,"[0, 161, 0, 0, 153, 253, 1, 56, 255]",0.153,31.2
04/10/2025 15:18:29,04/10/2025,15:18:29,"[0, 161, 0, 0, 245, 253, 1, 56, 255]",0.245,31.2
04/10/2025 15:18:30,04/10/2025,15:18:30,"[0, 161, 0, 3, 85, 253, 1, 59, 255]",0.853,31.5
04/10/2025 15:18:31,04/10/2025,15:18:31,"[0, 161, 0, 3, 85, 253, 1, 56, 255]",0.853,31.2
04/10/2025 15:18:32,04/10/2025,15:18:32,"[0, 161, 0, 2, 62, 253, 1, 55, 255]",0.574,31.1
04/10/2025 15:18:33,04/10/2025,15:18:33,"[0, 161, 0, 0, 170, 253, 1, 58, 255]",0.170,31.4
04/10/2025 15:18:34,04/10/2025,15:18:34,"[0, 161, 0, 0, 45, 253, 1, 56, 255]",0.045,31.2
04/10/2025 15:18:35,04/10/2025,15:18:35,"[0, 161, 0, 0, 45, 253, 1, 55, 255]",0.045,31.1
04/10/2025 15:18:36,04/10/2025,15:18:36,"[0, 161, 0, 0, 0, 253, 1, 56, 255]",0.000,31.2
04/10/2025 15:18:37,04/10/2025,15:18:37,"[0, 161, 0, 0, 0, 253, 1, 58, 255]",0.000,31.4
04/10/2025 15:18:38,04/10/2025,15:18:38,"[0, 161, 0, 0, 0, 253, 1, 55, 255]",0.000,31.1
04/10/2025 15:18:39,04/10/2025,15:18:39,"[0, 161, 0, 0, 0, 253, 1, 57, 255]",0.000,31.3
04/10/2025 15:18:40,04/10/2025,15:18:40,"[0, 161, 0, 0, 0, 253, 1, 58, 255]",0.000,31.4
04/10/2025 15:18:41,04/10/2025,15:18:41,"[0, 161, 0, 0, 171, 253, 1, 57, 255]",0.171,31.3
04/10/2025 15:18:42,04/10/2025,15:18:42,"[0, 161, 0, 2, 83, 253, 1, 56, 255]",0.595,31.2
04/10/2025 15:18:43,04/10/2025,15:18:43,"[0, 161, 0, 2, 83, 253, 1, 55, 255]",0.595,31.1
04/10/2025 15:18:44,04/10/2025,15:18:44,"[0, 161, 0, 1, 51, 253, 1, 58, 255]",0.307,31.4
04/10/2025 15:18:45,04/10/2025,15:18:45,"[0, 161, 0, 2, 164, 253, 1, 57, 255]",0.676,31.3
04/10/2025 15:18:46,04/10/2025,15:18:46,"[0, 161, 0, 5, 57, 253, 1, 57, 255]",1.337,31.3
04/10/2025 15:18:47,04/10/2025,15:18:47,"[0, 161, 0, 5, 57, 253, 1, 55, 255]",1.337,31.1
04/10/2025 15:18:48,04/10/2025,15:18:48,"[0, 161, 0, 1, 158, 253, 1, 56, 255]",0.414,31.2
04/10/2025 15:18:49,04/10/2025,15:18:49,"[0, 161, 0, 0, 45, 253, 1, 54, 255]",0.045,31.0
04/10/2025 15:18:50,04/10/2025,15:18:50,"[0, 161, 0, 0, 0, 253, 1, 55, 255]",0.000,31.1
04/10/2025 15:18:51,04/10/2025,15:18:51,"[0, 161, 0, 0, 0, 253, 1, 55, 255]",0.000,31.1
04/10/2025 15:18:52,04/10/2025,15:18:52,"[0, 161, 0, 0, 0, 253, 1, 57, 255]",0.000,31.3
04/10/2025 15:18:53,04/10/2025,15:18:53,"[0, 161, 0, 0, 35, 253, 1, 56, 255]",0.035,31.2
04/10/2025 15:18:54,04/10/2025,15:18:54,"[0, 161, 0, 0, 0, 253, 1, 55, 255]",0.000,31.1
04/10/2025 15:18:55,04/10/2025,15:18:55,"[0, 161, 0, 0, 0, 253, 1, 57, 255]",0.000,31.3
04/10/2025 15:18:56,04/10/2025,15:18:56,"[0, 161, 0, 0, 0, 253, 1, 58, 255]",0.000,31.4
04/10/2025 15:18:57,04/10/2025,15:18:57,"[0, 161, 0, 1, 209, 253, 1, 58, 255]",0.465,31.4
04/10/2025 15:18:58,04/10/2025,15:18:58,"[0, 161, 0, 3, 31, 253, 1, 58, 255]",0.799,31.4
04/10/2025 15:18:59,04/10/2025,15:18:59,"[0, 161, 0, 2, 52, 253, 1, 56, 255]",0.564,31.2
04/10/2025 15:19:00,04/10/2025,15:19:00,"[0, 161, 0, 2, 52, 253, 1, 57, 255]",0.564,31.3
04/10/2025 15:19:01,04/10/2025,15:19:01,"[0, 161, 0, 1, 250, 253, 1, 57, 255]",0.506,31.3
04/10/2025 15:19:02,04/10/2025,15:19:02,"[0, 161, 0, 3, 2, 253, 1, 57, 255]",0.770,31.3
04/10/2025 15:19:03,04/10/2025,15:19:03,"[0, 161, 0, 1, 75, 253, 1, 55, 255]",0.331,31.1
04/10/2025 15:19:04,04/10/2025,15:19:04,"[0, 161, 0, 1, 75, 253, 1, 56, 255]",0.331,31.2
04/10/2025 15:19:05,04/10/2025,15:19:05,"[0, 161, 0, 0, 133, 253, 1, 57, 255]",0.133,31.3
04/10/2025 15:19:06,04/10/2025,15:19:06,"[0, 161, 0, 0, 81, 253, 1, 57, 255]",0.081,31.3
04/10/2025 15:19:07,04/10/2025,15:19:07,"[0, 161, 0, 0, 41, 253, 1, 57, 255]",0.041,31.3
04/10/2025 15:19:08,04/10/2025,15:19:08,"[0, 161, 0, 0, 41, 253, 1, 56, 255]",0.041,31.2
04/10/2025 15:19:09,04/10/2025,15:19:09,"[0, 161, 0, 0, 0, 253, 1, 56, 255]",0.000,31.2
04/10/2025 15:19:10,04/10/2025,15:19:10,"[0, 161, 0, 0, 0, 253, 1, 58, 255]",0.000,31.4
04/10/2025 15:19:11,04/10/2025,15:19:11,"[0, 161, 0, 0, 0, 253, 1, 57, 255]",0.000,31.3
04/10/2025 15:19:12,04/10/2025,15:19:12,"[0, 161, 0, 0, 45, 253, 1, 58, 255]",0.045,31.4
04/10/2025 15:19:13,04/10/2025,15:19:13,"[0, 161, 0, 0, 45, 253, 1, 55, 255]",0.045,31.1
04/10/2025 15:19:14,04/10/2025,15:19:14,"[0, 161, 0, 0, 166, 253, 1, 57, 255]",0.166,31.3
04/10/2025 15:19:15,04/10/2025,15:19:15,"[0, 161, 0, 0, 21, 253, 1, 57, 255]",0.021,31.3
04/10/2025 15:19:16,04/10/2025,15:19:16,"[0, 161, 0, 1, 204, 253, 1, 57, 255]",0.460,31.3
04/10/2025 15:19:17,04/10/2025,15:19:17,"[0, 161, 0, 1, 204, 253, 1, 58, 255]",0.460,31.4
04/10/2025 15:19:18,04/10/2025,15:19:18,"[0, 161, 0, 4, 8, 253, 1, 56, 255]",1.032,31.2
04/10/2025 15:19:19,04/10/2025,15:19:19,"[0, 161, 0, 1, 221, 253, 1, 57, 255]",0.477,31.3
04/10/2025 15:19:20,04/10/2025,15:19:20,"[0, 161, 0, 0, 9, 253, 1, 56, 255]",0.009,31.2
04/10/2025 15:19:21,04/10/2025,15:19:21,"[0, 161, 0, 0, 9, 253, 1, 56, 255]",0.009,31.2
04/10/2025 15:19:22,04/10/2025,15:19:22,"[0, 161, 0, 0, 83, 253, 1, 57, 255]",0.083,31.3
04/10/2025 15:19:23,04/10/2025,15:19:23,"[0, 161, 0, 0, 0, 253, 1, 58, 255]",0.000,31.4
04/10/2025 15:19:24,04/10/2025,15:19:24,"[0, 161, 0, 0, 0, 253, 1, 55, 255]",0.000,31.1
04/10/2025 15:19:25,04/10/2025,15:19:25,"[0, 161, 0, 0, 0, 253, 1, 57, 255]",0.000,31.3
04/10/2025 15:19:26,04/10/2025,15:19:26,"[0, 161, 0, 0, 0, 253, 1, 56, 255]",0.000,31.2
04/10/2025 15:19:27,04/10/2025,15:19:27,"[0, 161, 0, 0, 0, 253, 1, 57, 255]",0.000,31.3
04/10/2025 15:19:28,04/10/2025,15:19:28,"[0, 161, 0, 0, 0, 253, 1, 57, 255]",0.000,31.3
04/10/2025 15:19:29,04/10/2025,15:19:29,"[0, 161, 0, 0, 0, 253, 1, 56, 255]",0.000,31.2
04/10/2025 15:19:30,04/10/2025,15:19:30,"[0, 161, 0, 1, 120, 253, 1, 58, 255]",0.376,31.4
04/10/2025 15:19:31,04/10/2025,15:19:31,"[0, 161, 0, 1, 13, 253, 1, 55, 255]",0.269,31.1
04/10/2025 15:19:32,04/10/2025,15:19:32,"[0, 161, 0, 1, 244, 253, 1, 57, 255]",0.500,31.3
04/10/2025 15:19:33,04/10/2025,15:19:33,"[0, 161, 0, 3, 218, 253, 1, 57, 255]",0.986,31.3
04/10/2025 15:19:34,04/10/2025,15:19:34,"[0, 161, 0, 3, 218, 253, 1, 56, 255]",0.986,31.2
04/10/2025 15:19:35,04/10/2025,15:19:35,"[0, 161, 0, 1, 114, 253, 1, 57, 255]",0.370,31.3
04/10/2025 15:19:36,04/10/2025,15:19:36,"[0, 161, 0, 0, 7, 253, 1, 56, 255]",0.007,31.2
04/10/2025 15:19:37,04/10/2025,15:19:37,"[0, 161, 0, 0, 0, 253, 1, 58, 255]",0.000,31.4
04/10/2025 15:19:38,04/10/2025,15:19:38,"[0, 161, 0, 0, 0, 253, 1, 55, 255]",0.000,31.1
04/10/2025 15:19:39,04/10/2025,15:19:39,"[0, 161, 0, 0, 0, 253, 1, 56, 255]",0.000,31.2
04/10/2025 15:19:40,04/10/2025,15:19:40,"[0, 161, 0, 0, 0, 253, 1, 57, 255]",0.000,31.3
04/10/2025 15:19:41,04/10/2025,15:19:41,"[0, 161, 0, 0, 0, 253, 1, 58, 255]",0.000,31.4
04/10/2025 15:19:42,04/10/2025,15:19:42,"[0, 161, 0, 0, 0, 253, 1, 57, 255]",0.000,31.3
04/10/2025 15:19:43,04/10/2025,15:19:43,"[0, 161, 0, 0, 0, 253, 1, 56, 255]",0.000,31.2
04/10/2025 15:19:44,04/10/2025,15:19:44,"[0, 161, 0, 1, 162, 253, 1, 58, 255]",0.418,31.4
04/10/2025 15:19:45,04/10/2025,15:19:45,"[0, 161, 0, 0, 253, 253, 1, 57, 255]",0.253,31.3
04/10/2025 15:19:46,04/10/2025,15:19:46,"[0, 161, 0, 0, 253, 253, 1, 56, 255]",0.253,31.2
04/10/2025 15:19:47,04/10/2025,15:19:47,"[0, 161, 0, 1, 33, 253, 1, 55, 255]",0.289,31.1
04/10/2025 15:19:48,04/10/2025,15:19:48,"[0, 161, 0, 3, 17, 253, 1, 58, 255]",0.785,31.4
04/10/2025 15:19:49,04/10/2025,15:19:49,"[0, 161, 0, 1, 58, 253, 1, 58, 255]",0.314,31.4
04/10/2025 15:19:50,04/10/2025,15:19:50,"[0, 161, 0, 1, 58, 253, 1, 55, 255]",0.314,31.1
04/10/2025 15:19:51,04/10/2025,15:19:51,"[0, 161, 0, 0, 0, 253, 1, 56, 255]",0.000,31.2
04/10/2025 15:19:52,04/10/2025,15:19:52,"[0, 161, 0, 0, 0, 253, 1, 56, 255]",0.000,31.2
04/10/2025 15:19:53,04/10/2025,15:19:53,"[0, 161, 0, 0, 0, 253, 1, 57, 255]",0.000,31.3
04/10/2025 15:19:54,04/10/2025,15:19:54,"[0, 161, 0, 0, 30, 253, 1, 57, 255]",0.030,31.3
04/10/2025 15:19:55,04/10/2025,15:19:55,"[0, 161, 0, 0, 30, 253, 1, 59, 255]",0.030,31.5
04/10/2025 15:19:56,04/10/2025,15:19:56,"[0, 161, 0, 0, 0, 253, 1, 58, 255]",0.000,31.4
04/10/2025 15:19:57,04/10/2025,15:19:57,"[0, 161, 0, 0, 0, 253, 1, 59, 255]",0.000,31.5
04/10/2025 15:19:58,04/10/2025,15:19:58,"[0, 161, 0, 0, 0, 253, 1, 56, 255]",0.000,31.2
04/10/2025 15:19:59,04/10/2025,15:19:59,"[0, 161, 0, 0, 0, 253, 1, 59, 255]",0.000,31.5
04/10/2025 15:20:00,04/10/2025,15:20:00,"[0, 161, 0, 0, 133, 253, 1, 59, 255]",0.133,31.5
04/10/2025 15:20:01,04/10/2025,15:20:01,"[0, 161, 0, 1, 157, 253, 1, 55, 255]",0.413,31.1
04/10/2025 15:20:02,04/10/2025,15:20:02,"[0, 161, 0, 2, 20, 253, 1, 56, 255]",0.532,31.2
04/10/2025 15:20:03,04/10/2025,15:20:03,"[0, 161, 0, 2, 20, 253, 1, 58, 255]",0.532,31.4
04/10/2025 15:20:04,04/10/2025,15:20:04,"[0, 161, 0, 2, 174, 253, 1, 55, 255]",0.686,31.1
04/10/2025 15:20:05,04/10/2025,15:20:05,"[0, 161, 0, 1, 158, 253, 1, 57, 255]",0.414,31.3
04/10/2025 15:20:06,04/10/2025,15:20:06,"[0, 161, 0, 0, 242, 253, 1, 58, 255]",0.242,31.4
04/10/2025 15:20:07,04/10/2025,15:20:07,"[0, 161, 0, 0, 242, 253, 1, 56, 255]",0.242,31.2
04/10/2025 15:20:08,04/10/2025,15:20:08,"[0, 161, 0, 1, 231, 253, 1, 56, 255]",0.487,31.2
04/10/2025 15:20:09,04/10/2025,15:20:09,"[0, 161, 0, 0, 92, 253, 1, 57, 255]",0.092,31.3
04/10/2025 15:20:10,04/10/2025,15:20:10,"[0, 161, 0, 0, 0, 253, 1, 57, 255]",0.000,31.3
04/10/2025 15:20:11,04/10/2025,15:20:11,"[0, 161, 0, 0, 0, 253, 1, 57, 255]",0.000,31.3
04/10/2025 15:20:12,04/10/2025,15:20:12,"[0, 161, 0, 0, 0, 253, 1, 55, 255]",0.000,31.1
04/10/2025 15:20:13,04/10/2025,15:20:13,"[0, 161, 0, 0, 0, 253, 1, 55, 255]",0.000,31.1
04/10/2025 15:20:14,04/10/2025,15:20:14,"[0, 161, 0, 0, 53, 253, 1, 57, 255]",0.053,31.3
04/10/2025 15:20:15,04/10/2025,15:20:15,"[0, 161, 0, 0, 134, 253, 1, 58, 255]",0.134,31.4
04/10/2025 15:20:16,04/10/2025,15:20:16,"[0, 161, 0, 0, 134, 253, 1, 56, 255]",0.134,31.2
04/10/2025 15:20:17,04/10/2025,15:20:17,"[0, 161, 0, 1, 150, 253, 1, 58, 255]",0.406,31.4
04/10/2025 15:20:18,04/10/2025,15:20:18,"[0, 161, 0, 1, 66, 253, 1, 58, 255]",0.322,31.4
04/10/2025 15:20:19,04/10/2025,15:20:19,"[0, 161, 0, 3, 143, 253, 1, 57, 255]",0.911,31.3
04/10/2025 15:20:20,04/10/2025,15:20:20,"[0, 161, 0, 3, 143, 253, 1, 56, 255]",0.911,31.2
04/10/2025 15:20:21,04/10/2025,15:20:21,"[0, 161, 0, 1, 246, 253, 1, 59, 255]",0.502,31.5
04/10/2025 15:20:22,04/10/2025,15:20:22,"[0, 161, 0, 0, 112, 253, 1, 56, 255]",0.112,31.2
04/10/2025 15:20:23,04/10/2025,15:20:23,"[0, 161, 0, 0, 171, 253, 1, 56, 255]",0.171,31.2
04/10/2025 15:20:24,04/10/2025,15:20:24,"[0, 161, 0, 0, 171, 253, 1, 55, 255]",0.171,31.1
04/10/2025 15:20:25,04/10/2025,15:20:25,"[0, 161, 0, 0, 15, 253, 1, 54, 255]",0.015,31.0
04/10/2025 15:20:26,04/10/2025,15:20:26,"[0, 161, 0, 0, 0, 253, 1, 56, 255]",0.000,31.2
04/10/2025 15:20:27,04/10/2025,15:20:27,"[0, 161, 0, 0, 0, 253, 1, 56, 255]",0.000,31.2
04/10/2025 15:20:28,04/10/2025,15:20:28,"[0, 161, 0, 0, 0, 253, 1, 57, 255]",0.000,31.3
04/10/2025 15:20:29,04/10/2025,15:20:29,"[0, 161, 0, 0, 0, 253, 1, 57, 255]",0.000,31.3
04/10/2025 15:20:30,04/10/2025,15:20:30,"[0, 161, 0, 0, 0, 253, 1, 57, 255]",0.000,31.3
04/10/2025 15:20:31,04/10/2025,15:20:31,"[0, 161, 0, 2, 73, 253, 1, 57, 255]",0.585,31.3
04/10/2025 15:20:32,04/10/2025,15:20:32,"[0, 161, 0, 2, 73, 253, 1, 57, 255]",0.585,31.3
04/10/2025 15:20:33,04/10/2025,15:20:33,"[0, 161, 0, 0, 201, 253, 1, 58, 255]",0.201,31.4
04/10/2025 15:20:34,04/10/2025,15:20:34,"[0, 161, 0, 0, 137, 253, 1, 56, 255]",0.137,31.2
04/10/2025 15:20:35,04/10/2025,15:20:35,"[0, 161, 0, 2, 156, 253, 1, 57, 255]",0.668,31.3
04/10/2025 15:20:36,04/10/2025,15:20:36,"[0, 161, 0, 1, 43, 253, 1, 57, 255]",0.299,31.3
04/10/2025 15:20:37,04/10/2025,15:20:37,"[0, 161, 0, 1, 43, 253, 1, 57, 255]",0.299,31.3
04/10/2025 15:20:38,04/10/2025,15:20:38,"[0, 161, 0, 0, 0, 253, 1, 56, 255]",0.000,31.2
04/10/2025 15:20:39,04/10/2025,15:20:39,"[0, 161, 0, 0, 0, 253, 1, 55, 255]",0.000,31.1
04/10/2025 15:20:40,04/10/2025,15:20:40,"[0, 161, 0, 0, 0, 253, 1, 55, 255]",0.000,31.1
04/10/2025 15:20:41,04/10/2025,15:20:41,"[0, 161, 0, 0, 0, 253, 1, 57, 255]",0.000,31.3
04/10/2025 15:20:42,04/10/2025,15:20:42,"[0, 161, 0, 0, 190, 253, 1, 57, 255]",0.190,31.3
04/10/2025 15:20:43,04/10/2025,15:20:43,"[0, 161, 0, 0, 0, 253, 1, 55, 255]",0.000,31.1
04/10/2025 15:20:44,04/10/2025,15:20:44,"[0, 161, 0, 0, 0, 253, 1, 58, 255]",0.000,31.4
04/10/2025 15:20:45,04/10/2025,15:20:45,"[0, 161, 0, 0, 0, 253, 1, 56, 255]",0.000,31.2
04/10/2025 15:20:46,04/10/2025,15:20:46,"[0, 161, 0, 1, 109, 253, 1, 58, 255]",0.365,31.4
04/10/2025 15:20:47,04/10/2025,15:20:47,"[0, 161, 0, 3, 189, 253, 1, 60, 255]",0.957,31.6
04/10/2025 15:20:48,04/10/2025,15:20:48,"[0, 161, 0, 2, 23, 253, 1, 57, 255]",0.535,31.3
04/10/2025 15:20:49,04/10/2025,15:20:49,"[0, 161, 0, 2, 23, 253, 1, 56, 255]",0.535,31.2
04/10/2025 15:20:50,04/10/2025,15:20:50,"[0, 161, 0, 3, 24, 253, 1, 57, 255]",0.792,31.3
04/10/2025 15:20:51,04/10/2025,15:20:51,"[0, 161, 0, 3, 195, 253, 1, 57, 255]",0.963,31.3
04/10/2025 15:20:52,04/10/2025,15:20:52,"[0, 161, 0, 0, 223, 253, 1, 56, 255]",0.223,31.2
04/10/2025 15:20:53,04/10/2025,15:20:53,"[0, 161, 0, 0, 223, 253, 1, 56, 255]",0.223,31.2
04/10/2025 15:20:54,04/10/2025,15:20:54,"[0, 161, 0, 0, 0, 253, 1, 55, 255]",0.000,31.1
04/10/2025 15:20:55,04/10/2025,15:20:55,"[0, 161, 0, 0, 0, 253, 1, 56, 255]",0.000,31.2
04/10/2025 15:20:56,04/10/2025,15:20:56,"[0, 161, 0, 0, 0, 253, 1, 58, 255]",0.000,31.4
04/10/2025 15:20:57,04/10/2025,15:20:57,"[0, 161, 0, 0, 0, 253, 1, 55, 255]",0.000,31.1
04/10/2025 15:20:58,04/10/2025,15:20:58,"[0, 161, 0, 0, 0, 253, 1, 56, 255]",0.000,31.2
04/10/2025 15:20:59,04/10/2025,15:20:59,"[0, 161, 0, 0, 0, 253, 1, 56, 255]",0.000,31.2
04/10/2025 15:21:00,04/10/2025,15:21:00,"[0, 161, 0, 0, 0, 253, 1, 58, 255]",0.000,31.4
04/10/2025 15:21:01,04/10/2025,15:21:01,"[0, 161, 0, 2, 171, 253, 1, 56, 255]",0.683,31.2
04/10/2025 15:21:02,04/10/2025,15:21:02,"[0, 161, 0, 2, 171, 253, 1, 59, 255]",0.683,31.5
04/10/2025 15:21:03,04/10/2025,15:21:03,"[0, 161, 0, 1, 174, 253, 1, 56, 255]",0.430,31.2
04/10/2025 15:21:04,04/10/2025,15:21:04,"[0, 161, 0, 2, 203, 253, 1, 55, 255]",0.715,31.1
04/10/2025 15:21:05,04/10/2025,15:21:05,"[0, 161, 0, 4, 14, 253, 1, 58, 255]",1.038,31.4
04/10/2025 15:21:06,04/10/2025,15:21:06,"[0, 161, 0, 4, 14, 253, 1, 55, 255]",1.038,31.1
04/10/2025 15:21:07,04/10/2025,15:21:07,"[0, 161, 0, 2, 4, 253, 1, 56, 255]",0.516,31.2
04/10/2025 15:21:08,04/10/2025,15:21:08,"[0, 161, 0, 1, 21, 253, 1, 56, 255]",0.277,31.2
04/10/2025 15:21:09,04/10/2025,15:21:09,"[0, 161, 0, 0, 0, 253, 1, 54, 255]",0.000,31.0
04/10/2025 15:21:10,04/10/2025,15:21:10,"[0, 161, 0, 0, 0, 253, 1, 57, 255]",0.000,31.3
04/10/2025 15:21:11,04/10/2025,15:21:11,"[0, 161, 0, 0, 64, 253, 1, 56, 255]",0.064,31.2
04/10/2025 15:21:12,04/10/2025,15:21:12,"[0, 161, 0, 0, 18, 253, 1, 56, 255]",0.018,31.2
04/10/2025 15:21:13,04/10/2025,15:21:13,"[0, 161, 0, 0, 0, 253, 1, 56, 255]",0.000,31.2
04/10/2025 15:21:14,04/10/2025,15:21:14,"[0, 161, 0, 0, 0, 253, 1, 57, 255]",0.000,31.3
04/10/2025 15:21:15,04/10/2025,15:21:15,"[0, 161, 0, 0, 0, 253, 1, 57, 255]",0.000,31.3
04/10/2025 15:21:16,04/10/2025,15:21:16,"[0, 161, 0, 0, 5, 253, 1, 58, 255]",0.005,31.4
04/10/2025 15:21:17,04/10/2025,15:21:17,"[0, 161, 0, 3, 131, 253, 1, 58, 255]",0.899,31.4
04/10/2025 15:21:18,04/10/2025,15:21:18,"[0, 161, 0, 3, 131, 253, 1, 55, 255]",0.899,31.1
04/10/2025 15:21:19,04/10/2025,15:21:19,"[0, 161, 0, 1, 69, 253, 1, 55, 255]",0.325,31.1
04/10/2025 15:21:20,04/10/2025,15:21:20,"[0, 161, 0, 0, 166, 253, 1, 57, 255]",0.166,31.3
04/10/2025 15:21:21,04/10/2025,15:21:21,"[0, 161, 0, 2, 193, 253, 1, 56, 255]",0.705,31.2
04/10/2025 15:21:22,04/10/2025,15:21:22,"[0, 161, 0, 1, 39, 253, 1, 56, 255]",0.295,31.2
04/10/2025 15:21:23,04/10/2025,15:21:23,"[0, 161, 0, 1, 39, 253, 1, 57, 255]",0.295,31.3
04/10/2025 15:21:24,04/10/2025,15:21:24,"[0, 161, 0, 0, 0, 253, 1, 58, 255]",0.000,31.4
04/10/2025 15:21:25,04/10/2025,15:21:25,"[0, 161, 0, 0, 0, 253, 1, 55, 255]",0.000,31.1
04/10/2025 15:21:26,04/10/2025,15:21:26,"[0, 161, 0, 0, 0, 253, 1, 57, 255]",0.000,31.3
04/10/2025 15:21:27,04/10/2025,15:21:27,"[0, 161, 0, 0, 0, 253, 1, 57, 255]",0.000,31.3
04/10/2025 15:21:28,04/10/2025,15:21:28,"[0, 161, 0, 0, 158, 253, 1, 58, 255]",0.158,31.4
04/10/2025 15:21:29,04/10/2025,15:21:29,"[0, 161, 0, 0, 0, 253, 1, 56, 255]",0.000,31.2
04/10/2025 15:21:30,04/10/2025,15:21:30,"[0, 161, 0, 0, 0, 253, 1, 54, 255]",0.000,31.0
04/10/2025 15:21:31,04/10/2025,15:21:31,"[0, 161, 0, 0, 0, 253, 1, 57, 255]",0.000,31.3
04/10/2025 15:21:32,04/10/2025,15:21:32,"[0, 161, 0, 0, 36, 253, 1, 60, 255]",0.036,31.6
04/10/2025 15:21:33,04/10/2025,15:21:33,"[0, 161, 0, 1, 252, 253, 1, 60, 255]",0.508,31.6
04/10/2025 15:21:34,04/10/2025,15:21:34,"[0, 161, 0, 1, 222, 253, 1, 56, 255]",0.478,31.2
04/10/2025 15:21:35,04/10/2025,15:21:35,"[0, 161, 0, 1, 222, 253, 1, 54, 255]",0.478,31.0
04/10/2025 15:21:36,04/10/2025,15:21:36,"[0, 161, 0, 0, 0, 253, 1, 56, 255]",0.000,31.2
04/10/2025 15:21:37,04/10/2025,15:21:37,"[0, 161, 0, 1, 245, 253, 1, 56, 255]",0.501,31.2
04/10/2025 15:21:38,04/10/2025,15:21:38,"[0, 161, 0, 0, 95, 253, 1, 56, 255]",0.095,31.2
04/10/2025 15:21:39,04/10/2025,15:21:39,"[0, 161, 0, 0, 95, 253, 1, 56, 255]",0.095,31.2
04/10/2025 15:21:40,04/10/2025,15:21:40,"[0, 161, 0, 0, 0, 253, 1, 55, 255]",0.000,31.1
04/10/2025 15:21:41,04/10/2025,15:21:41,"[0, 161, 0, 0, 0, 253, 1, 56, 255]",0.000,31.2
04/10/2025 15:21:42,04/10/2025,15:21:42,"[0, 161, 0, 0, 59, 253, 1, 55, 255]",0.059,31.1
04/10/2025 15:21:43,04/10/2025,15:21:43,"[0, 161, 0, 0, 0, 253, 1, 57, 255]",0.000,31.3
04/10/2025 15:21:44,04/10/2025,15:21:44,"[0, 161, 0, 0, 0, 253, 1, 58, 255]",0.000,31.4
04/10/2025 15:21:45,04/10/2025,15:21:45,"[0, 161, 0, 0, 98, 253, 1, 56, 255]",0.098,31.2
04/10/2025 15:21:46,04/10/2025,15:21:46,"[0, 161, 0, 0, 0, 253, 1, 57, 255]",0.000,31.3
04/10/2025 15:21:47,04/10/2025,15:21:47,"[0, 161, 0, 0, 219, 253, 1, 58, 255]",0.219,31.4
04/10/2025 15:21:48,04/10/2025,15:21:48,"[0, 161, 0, 0, 219, 253, 1, 58, 255]",0.219,31.4
04/10/2025 15:21:49,04/10/2025,15:21:49,"[0, 161, 0, 1, 237, 253, 1, 58, 255]",0.493,31.4
04/10/2025 15:21:50,04/10/2025,15:21:50,"[0, 161, 0, 1, 81, 253, 1, 58, 255]",0.337,31.4
04/10/2025 15:21:51,04/10/2025,15:21:51,"[0, 161, 0, 2, 28, 253, 1, 57, 255]",0.540,31.3
04/10/2025 15:21:52,04/10/2025,15:21:52,"[0, 161, 0, 2, 28, 253, 1, 56, 255]",0.540,31.2
04/10/2025 15:21:53,04/10/2025,15:21:53,"[0, 161, 0, 2, 241, 253, 1, 58, 255]",0.753,31.4
04/10/2025 15:21:54,04/10/2025,15:21:54,"[0, 161, 0, 0, 234, 253, 1, 58, 255]",0.234,31.4
04/10/2025 15:21:55,04/10/2025,15:21:55,"[0, 161, 0, 0, 208, 253, 1, 58, 255]",0.208,31.4
04/10/2025 15:21:56,04/10/2025,15:21:56,"[0, 161, 0, 0, 208, 253, 1, 60, 255]",0.208,31.6
04/10/2025 15:21:57,04/10/2025,15:21:57,"[0, 161, 0, 0, 0, 253, 1, 56, 255]",0.000,31.2
04/10/2025 15:21:58,04/10/2025,15:21:58,"[0, 161, 0, 0, 2, 253, 1, 57, 255]",0.002,31.3
04/10/2025 15:21:59,04/10/2025,15:21:59,"[0, 161, 0, 0, 0, 253, 1, 57, 255]",0.000,31.3
04/10/2025 15:22:00,04/10/2025,15:22:00,"[0, 161, 0, 0, 0, 253, 1, 56, 255]",0.000,31.2
04/10/2025 15:22:01,04/10/2025,15:22:01,"[0, 161, 0, 0, 0, 253, 1, 57, 255]",0.000,31.3
04/10/2025 15:22:02,04/10/2025,15:22:02,"[0, 161, 0, 0, 0, 253, 1, 60, 255]",0.000,31.6
04/10/2025 15:22:03,04/10/2025,15:22:03,"[0, 161, 0, 2, 112, 253, 1, 56, 255]",0.624,31.2
04/10/2025 15:22:04,04/10/2025,15:22:04,"[0, 161, 0, 0, 153, 253, 1, 59, 255]",0.153,31.5
04/10/2025 15:22:05,04/10/2025,15:22:05,"[0, 161, 0, 0, 153, 253, 1, 56, 255]",0.153,31.2
04/10/2025 15:22:06,04/10/2025,15:22:06,"[0, 161, 0, 0, 65, 253, 1, 58, 255]",0.065,31.4
04/10/2025 15:22:07,04/10/2025,15:22:07,"[0, 161, 0, 1, 21, 253, 1, 57, 255]",0.277,31.3
04/10/2025 15:22:08,04/10/2025,15:22:08,"[0, 161, 0, 3, 123, 253, 1, 58, 255]",0.891,31.4
04/10/2025 15:22:09,04/10/2025,15:22:09,"[0, 161, 0, 3, 123, 253, 1, 58, 255]",0.891,31.4
04/10/2025 15:22:10,04/10/2025,15:22:10,"[0, 161, 0, 0, 70, 253, 1, 54, 255]",0.070,31.0
04/10/2025 15:22:11,04/10/2025,15:22:11,"[0, 161, 0, 0, 0, 253, 1, 56, 255]",0.000,31.2
04/10/2025 15:22:12,04/10/2025,15:22:12,"[0, 161, 0, 0, 0, 253, 1, 58, 255]",0.000,31.4
04/10/2025 15:22:13,04/10/2025,15:22:13,"[0, 161, 0, 0, 0, 253, 1, 56, 255]",0.000,31.2
04/10/2025 15:22:14,04/10/2025,15:22:14,"[0, 161, 0, 0, 0, 253, 1, 57, 255]",0.000,31.3
04/10/2025 15:22:15,04/10/2025,15:22:15,"[0, 161, 0, 0, 49, 253, 1, 57, 255]",0.049,31.3
04/10/2025 15:22:16,04/10/2025,15:22:16,"[0, 161, 0, 0, 0, 253, 1, 58, 255]",0.000,31.4
04/10/2025 15:22:17,04/10/2025,15:22:17,"[0, 161, 0, 0, 0, 253, 1, 56, 255]",0.000,31.2
04/10/2025 15:22:18,04/10/2025,15:22:18,"[0, 161, 0, 0, 0, 253, 1, 58, 255]",0.000,31.4
04/10/2025 15:22:19,04/10/2025,15:22:19,"[0, 161, 0, 3, 182, 253, 1, 57, 255]",0.950,31.3
04/10/2025 15:22:20,04/10/2025,15:22:20,"[0, 161, 0, 1, 47, 253, 1, 58, 255]",0.303,31.4
04/10/2025 15:22:21,04/10/2025,15:22:21,"[0, 161, 0, 1, 47, 253, 1, 54, 255]",0.303,31.0
04/10/2025 15:22:22,04/10/2025,15:22:22,"[0, 161, 0, 0, 253, 253, 1, 59, 255]",0.253,31.5
04/10/2025 15:22:23,04/10/2025,15:22:23,"[0, 161, 0, 1, 184, 253, 1, 56, 255]",0.440,31.2
04/10/2025 15:22:24,04/10/2025,15:22:24,"[0, 161, 0, 3, 89, 253, 1, 56, 255]",0.857,31.2
04/10/2025 15:22:25,04/10/2025,15:22:25,"[0, 161, 0, 1, 193, 253, 1, 58, 255]",0.449,31.4
04/10/2025 15:22:26,04/10/2025,15:22:26,"[0, 161, 0, 1, 193, 253, 1, 56, 255]",0.449,31.2
04/10/2025 15:22:27,04/10/2025,15:22:27,"[0, 161, 0, 0, 112, 253, 1, 56, 255]",0.112,31.2
04/10/2025 15:22:28,04/10/2025,15:22:28,"[0, 161, 0, 0, 0, 253, 1, 57, 255]",0.000,31.3
04/10/2025 15:22:29,04/10/2025,15:22:29,"[0, 161, 0, 0, 0, 253, 1, 55, 255]",0.000,31.1
04/10/2025 15:22:30,04/10/2025,15:22:30,"[0, 161, 0, 0, 0, 253, 1, 55, 255]",0.000,31.1
04/10/2025 15:22:31,04/10/2025,15:22:31,"[0, 161, 0, 0, 0, 253, 1, 58, 255]",0.000,31.4
04/10/2025 15:22:32,04/10/2025,15:22:32,"[0, 161, 0, 0, 0, 253, 1, 58, 255]",0.000,31.4
04/10/2025 15:22:33,04/10/2025,15:22:33,"[0, 161, 0, 0, 0, 253, 1, 56, 255]",0.000,31.2
04/10/2025 15:22:34,04/10/2025,15:22:34,"[0, 161, 0, 0, 0, 253, 1, 57, 255]",0.000,31.3
04/10/2025 15:22:35,04/10/2025,15:22:35,"[0, 161, 0, 2, 43, 253, 1, 57, 255]",0.555,31.3
04/10/2025 15:22:36,04/10/2025,15:22:36,"[0, 161, 0, 0, 211, 253, 1, 57, 255]",0.211,31.3
04/10/2025 15:22:37,04/10/2025,15:22:37,"[0, 161, 0, 0, 68, 253, 1, 58, 255]",0.068,31.4
04/10/2025 15:22:38,04/10/2025,15:22:38,"[0, 161, 0, 0, 68, 253, 1, 56, 255]",0.068,31.2
04/10/2025 15:22:39,04/10/2025,15:22:39,"[0, 161, 0, 1, 159, 253, 1, 57, 255]",0.415,31.3
04/10/2025 15:22:40,04/10/2025,15:22:40,"[0, 161, 0, 2, 142, 253, 1, 57, 255]",0.654,31.3
04/10/2025 15:22:41,04/10/2025,15:22:41,"[0, 161, 0, 0, 133, 253, 1, 59, 255]",0.133,31.5
04/10/2025 15:22:42,04/10/2025,15:22:42,"[0, 161, 0, 0, 133, 253, 1, 55, 255]",0.133,31.1
04/10/2025 15:22:43,04/10/2025,15:22:43,"[0, 161, 0, 0, 0, 253, 1, 55, 255]",0.000,31.1
04/10/2025 15:22:44,04/10/2025,15:22:44,"[0, 161, 0, 0, 10, 253, 1, 57, 255]",0.010,31.3
04/10/2025 15:22:45,04/10/2025,15:22:45,"[0, 161, 0, 0, 0, 253, 1, 57, 255]",0.000,31.3
04/10/2025 15:22:46,04/10/2025,15:22:46,"[0, 161, 0, 0, 123, 253, 1, 58, 255]",0.123,31.4
04/10/2025 15:22:47,04/10/2025,15:22:47,"[0, 161, 0, 0, 123, 253, 1, 58, 255]",0.123,31.4
04/10/2025 15:22:48,04/10/2025,15:22:48,"[0, 161, 0, 0, 0, 253, 1, 58, 255]",0.000,31.4
04/10/2025 15:22:49,04/10/2025,15:22:49,"[0, 161, 0, 0, 0, 253, 1, 57, 255]",0.000,31.3
04/10/2025 15:22:50,04/10/2025,15:22:50,"[0, 161, 0, 0, 56, 253, 1, 58, 255]",0.056,31.4
04/10/2025 15:22:51,04/10/2025,15:22:51,"[0, 161, 0, 0, 56, 253, 1, 60, 255]",0.056,31.6
04/10/2025 15:22:52,04/10/2025,15:22:52,"[0, 161, 0, 0, 250, 253, 1, 57, 255]",0.250,31.3
04/10/2025 15:22:53,04/10/2025,15:22:53,"[0, 161, 0, 2, 46, 253, 1, 57, 255]",0.558,31.3
04/10/2025 15:22:54,04/10/2025,15:22:54,"[0, 161, 0, 3, 206, 253, 1, 57, 255]",0.974,31.3
04/10/2025 15:22:55,04/10/2025,15:22:55,"[0, 161, 0, 3, 206, 253, 1, 56, 255]",0.974,31.2
04/10/2025 15:22:56,04/10/2025,15:22:56,"[0, 161, 0, 3, 35, 253, 1, 56, 255]",0.803,31.2
04/10/2025 15:22:57,04/10/2025,15:22:57,"[0, 161, 0, 1, 114, 253, 1, 58, 255]",0.370,31.4
04/10/2025 15:22:58,04/10/2025,15:22:58,"[0, 161, 0, 0, 0, 253, 1, 56, 255]",0.000,31.2
04/10/2025 15:22:59,04/10/2025,15:22:59,"[0, 161, 0, 0, 0, 253, 1, 55, 255]",0.000,31.1
04/10/2025 15:23:00,04/10/2025,15:23:00,"[0, 161, 0, 0, 0, 253, 1, 57, 255]",0.000,31.3
04/10/2025 15:23:01,04/10/2025,15:23:01,"[0, 161, 0, 0, 0, 253, 1, 58, 255]",0.000,31.4
04/10/2025 15:23:02,04/10/2025,15:23:02,"[0, 161, 0, 0, 0, 253, 1, 58, 255]",0.000,31.4
04/10/2025 15:23:03,04/10/2025,15:23:03,"[0, 161, 0, 0, 0, 253, 1, 59, 255]",0.000,31.5
04/10/2025 15:23:04,04/10/2025,15:23:04,"[0, 161, 0, 0, 0, 253, 1, 59, 255]",0.000,31.5
04/10/2025 15:23:05,04/10/2025,15:23:05,"[0, 161, 0, 0, 62, 253, 1, 58, 255]",0.062,31.4
04/10/2025 15:23:06,04/10/2025,15:23:06,"[0, 161, 0, 2, 165, 253, 1, 57, 255]",0.677,31.3
04/10/2025 15:23:07,04/10/2025,15:23:07,"[0, 161, 0, 2, 165, 253, 1, 57, 255]",0.677,31.3
04/10/2025 15:23:08,04/10/2025,15:23:08,"[0, 161, 0, 2, 118, 253, 1, 58, 255]",0.630,31.4
04/10/2025 15:23:09,04/10/2025,15:23:09,"[0, 161, 0, 1, 221, 253, 1, 57, 255]",0.477,31.3
04/10/2025 15:23:10,04/10/2025,15:23:10,"[0, 161, 0, 1, 93, 253, 1, 60, 255]",0.349,31.6
04/10/2025 15:23:11,04/10/2025,15:23:11,"[0, 161, 0, 2, 83, 253, 1, 57, 255]",0.595,31.3
04/10/2025 15:23:12,04/10/2025,15:23:12,"[0, 161, 0, 2, 83, 253, 1, 57, 255]",0.595,31.3
04/10/2025 15:23:13,04/10/2025,15:23:13,"[0, 161, 0, 0, 206, 253, 1, 57, 255]",0.206,31.3
04/10/2025 15:23:14,04/10/2025,15:23:14,"[0, 161, 0, 0, 0, 253, 1, 58, 255]",0.000,31.4
04/10/2025 15:23:15,04/10/2025,15:23:15,"[0, 161, 0, 0, 0, 253, 1, 55, 255]",0.000,31.1
04/10/2025 15:23:16,04/10/2025,15:23:16,"[0, 161, 0, 0, 0, 253, 1, 56, 255]",0.000,31.2
04/10/2025 15:23:17,04/10/2025,15:23:17,"[0, 161, 0, 0, 0, 253, 1, 56, 255]",0.000,31.2
04/10/2025 15:23:18,04/10/2025,15:23:18,"[0, 161, 0, 0, 0, 253, 1, 57, 255]",0.000,31.3
04/10/2025 15:23:19,04/10/2025,15:23:19,"[0, 161, 0, 0, 0, 253, 1, 57, 255]",0.000,31.3
04/10/2025 15:23:20,04/10/2025,15:23:20,"[0, 161, 0, 0, 0, 253, 1, 60, 255]",0.000,31.6
04/10/2025 15:23:21,04/10/2025,15:23:21,"[0, 161, 0, 1, 38, 253, 1, 57, 255]",0.294,31.3
04/10/2025 15:23:22,04/10/2025,15:23:22,"[0, 161, 0, 0, 240, 253, 1, 57, 255]",0.240,31.3
04/10/2025 15:23:23,04/10/2025,15:23:23,"[0, 161, 0, 1, 133, 253, 1, 57, 255]",0.389,31.3
04/10/2025 15:23:24,04/10/2025,15:23:24,"[0, 161, 0, 1, 133, 253, 1, 60, 255]",0.389,31.6
04/10/2025 15:23:25,04/10/2025,15:23:25,"[0, 161, 0, 0, 245, 253, 1, 58, 255]",0.245,31.4
04/10/2025 15:23:26,04/10/2025,15:23:26,"[0, 161, 0, 3, 9, 253, 1, 56, 255]",0.777,31.2
04/10/2025 15:23:27,04/10/2025,15:23:27,"[0, 161, 0, 0, 254, 253, 1, 56, 255]",0.254,31.2
04/10/2025 15:23:28,04/10/2025,15:23:28,"[0, 161, 0, 0, 254, 253, 1, 57, 255]",0.254,31.3
04/10/2025 15:23:29,04/10/2025,15:23:29,"[0, 161, 0, 0, 0, 253, 1, 56, 255]",0.000,31.2
04/10/2025 15:23:30,04/10/2025,15:23:30,"[0, 161, 0, 0, 0, 253, 1, 56, 255]",0.000,31.2
04/10/2025 15:23:31,04/10/2025,15:23:31,"[0, 161, 0, 0, 151, 253, 1, 58, 255]",0.151,31.4
04/10/2025 15:23:32,04/10/2025,15:23:32,"[0, 161, 0, 0, 72, 253, 1, 57, 255]",0.072,31.3
04/10/2025 15:23:33,04/10/2025,15:23:33,"[0, 161, 0, 0, 72, 253, 1, 57, 255]",0.072,31.3
04/10/2025 15:23:34,04/10/2025,15:23:34,"[0, 161, 0, 0, 0, 253, 1, 57, 255]",0.000,31.3
04/10/2025 15:23:35,04/10/2025,15:23:35,"[0, 161, 0, 0, 0, 253, 1, 57, 255]",0.000,31.3
04/10/2025 15:23:36,04/10/2025,15:23:36,"[0, 161, 0, 0, 0, 253, 1, 56, 255]",0.000,31.2
04/10/2025 15:23:37,04/10/2025,15:23:37,"[0, 161, 0, 0, 0, 253, 1, 58, 255]",0.000,31.4
04/10/2025 15:23:38,04/10/2025,15:23:38,"[0, 161, 0, 2, 162, 253, 1, 58, 255]",0.674,31.4
04/10/2025 15:23:39,04/10/2025,15:23:39,"[0, 161, 0, 1, 173, 253, 1, 57, 255]",0.429,31.3
04/10/2025 15:23:40,04/10/2025,15:23:40,"[0, 161, 0, 1, 145, 253, 1, 56, 255]",0.401,31.2
04/10/2025 15:23:41,04/10/2025,15:23:41,"[0, 161, 0, 1, 145, 253, 1, 58, 255]",0.401,31.4
04/10/2025 15:23:42,04/10/2025,15:23:42,"[0, 161, 0, 2, 125, 253, 1, 57, 255]",0.637,31.3
04/10/2025 15:23:43,04/10/2025,15:23:43,"[0, 161, 0, 0, 148, 253, 1, 55, 255]",0.148,31.1
04/10/2025 15:23:44,04/10/2025,15:23:44,"[0, 161, 0, 0, 162, 253, 1, 56, 255]",0.162,31.2
04/10/2025 15:23:45,04/10/2025,15:23:45,"[0, 161, 0, 0, 162, 253, 1, 58, 255]",0.162,31.4
04/10/2025 15:23:46,04/10/2025,15:23:46,"[0, 161, 0, 0, 68, 253, 1, 57, 255]",0.068,31.3
04/10/2025 15:23:47,04/10/2025,15:23:47,"[0, 161, 0, 0, 65, 253, 1, 57, 255]",0.065,31.3
04/10/2025 15:23:48,04/10/2025,15:23:48,"[0, 161, 0, 0, 0, 253, 1, 55, 255]",0.000,31.1
04/10/2025 15:23:49,04/10/2025,15:23:49,"[0, 161, 0, 0, 0, 253, 1, 58, 255]",0.000,31.4
04/10/2025 15:23:50,04/10/2025,15:23:50,"[0, 161, 0, 0, 0, 253, 1, 56, 255]",0.000,31.2
04/10/2025 15:23:51,04/10/2025,15:23:51,"[0, 161, 0, 0, 0, 253, 1, 57, 255]",0.000,31.3
04/10/2025 15:23:52,04/10/2025,15:23:52,"[0, 161, 0, 2, 78, 253, 1, 57, 255]",0.590,31.3
04/10/2025 15:23:53,04/10/2025,15:23:53,"[0, 161, 0, 1, 207, 253, 1, 56, 255]",0.463,31.2
04/10/2025 15:23:54,04/10/2025,15:23:54,"[0, 161, 0, 1, 207, 253, 1, 58, 255]",0.463,31.4
04/10/2025 15:23:55,04/10/2025,15:23:55,"[0, 161, 0, 0, 119, 253, 1, 57, 255]",0.119,31.3
04/10/2025 15:23:56,04/10/2025,15:23:56,"[0, 161, 0, 0, 173, 253, 1, 55, 255]",0.173,31.1
04/10/2025 15:23:57,04/10/2025,15:23:57,"[0, 161, 0, 3, 85, 253, 1, 56, 255]",0.853,31.2
04/10/2025 15:23:58,04/10/2025,15:23:58,"[0, 161, 0, 3, 85, 253, 1, 57, 255]",0.853,31.3
04/10/2025 15:23:59,04/10/2025,15:23:59,"[0, 161, 0, 1, 55, 253, 1, 57, 255]",0.311,31.3
04/10/2025 15:24:00,04/10/2025,15:24:00,"[0, 161, 0, 0, 65, 253, 1, 56, 255]",0.065,31.2
04/10/2025 15:24:01,04/10/2025,15:24:01,"[0, 161, 0, 0, 0, 253, 1, 58, 255]",0.000,31.4
04/10/2025 15:24:02,04/10/2025,15:24:02,"[0, 161, 0, 0, 0, 253, 1, 57, 255]",0.000,31.3
04/10/2025 15:24:03,04/10/2025,15:24:03,"[0, 161, 0, 0, 0, 253, 1, 55, 255]",0.000,31.1
04/10/2025 15:24:04,04/10/2025,15:24:04,"[0, 161, 0, 0, 0, 253, 1, 55, 255]",0.000,31.1
04/10/2025 15:24:05,04/10/2025,15:24:05,"[0, 161, 0, 0, 0, 253, 1, 56, 255]",0.000,31.2
04/10/2025 15:24:06,04/10/2025,15:24:06,"[0, 161, 0, 0, 0, 253, 1, 58, 255]",0.000,31.4
04/10/2025 15:24:07,04/10/2025,15:24:07,"[0, 161, 0, 0, 0, 253, 1, 57, 255]",0.000,31.3
04/10/2025 15:24:08,04/10/2025,15:24:08,"[0, 161, 0, 3, 24, 253, 1, 57, 255]",0.792,31.3
04/10/2025 15:24:09,04/10/2025,15:24:09,"[0, 161, 0, 1, 254, 253, 1, 57, 255]",0.510,31.3
04/10/2025 15:24:10,04/10/2025,15:24:10,"[0, 161, 0, 1, 254, 253, 1, 56, 255]",0.510,31.2
04/10/2025 15:24:11,04/10/2025,15:24:11,"[0, 161, 0, 1, 61, 253, 1, 58, 255]",0.317,31.4
04/10/2025 15:24:12,04/10/2025,15:24:12,"[0, 161, 0, 1, 212, 253, 1, 58, 255]",0.468,31.4
04/10/2025 15:24:13,04/10/2025,15:24:13,"[0, 161, 0, 2, 233, 253, 1, 57, 255]",0.745,31.3
04/10/2025 15:24:14,04/10/2025,15:24:14,"[0, 161, 0, 0, 236, 253, 1, 55, 255]",0.236,31.1
04/10/2025 15:24:15,04/10/2025,15:24:15,"[0, 161, 0, 0, 236, 253, 1, 54, 255]",0.236,31.0
04/10/2025 15:24:16,04/10/2025,15:24:16,"[0, 161, 0, 0, 0, 253, 1, 54, 255]",0.000,31.0
04/10/2025 15:24:17,04/10/2025,15:24:17,"[0, 161, 0, 0, 0, 253, 1, 58, 255]",0.000,31.4
04/10/2025 15:24:18,04/10/2025,15:24:18,"[0, 161, 0, 0, 118, 253, 1, 59, 255]",0.118,31.5
04/10/2025 15:24:19,04/10/2025,15:24:19,"[0, 161, 0, 0, 118, 253, 1, 56, 255]",0.118,31.2
04/10/2025 15:24:20,04/10/2025,15:24:20,"[0, 161, 0, 0, 0, 253, 1, 56, 255]",0.000,31.2
04/10/2025 15:24:21,04/10/2025,15:24:21,"[0, 161, 0, 0, 0, 253, 1, 57, 255]",0.000,31.3
04/10/2025 15:24:22,04/10/2025,15:24:22,"[0, 161, 0, 0, 0, 253, 1, 57, 255]",0.000,31.3
04/10/2025 15:24:23,04/10/2025,15:24:23,"[0, 161, 0, 0, 0, 253, 1, 57, 255]",0.000,31.3
04/10/2025 15:24:24,04/10/2025,15:24:24,"[0, 161, 0, 3, 225, 253, 1, 56, 255]",0.993,31.2
04/10/2025 15:24:25,04/10/2025,15:24:25,"[0, 161, 0, 1, 187, 253, 1, 56, 255]",0.443,31.2
04/10/2025 15:24:26,04/10/2025,15:24:26,"[0, 161, 0, 1, 8, 253, 1, 56, 255]",0.264,31.2
04/10/2025 15:24:27,04/10/2025,15:24:27,"[0, 161, 0, 1, 8, 253, 1, 57, 255]",0.264,31.3
04/10/2025 15:24:28,04/10/2025,15:24:28,"[0, 161, 0, 1, 207, 253, 1, 55, 255]",0.463,31.1
04/10/2025 15:24:29,04/10/2025,15:24:29,"[0, 161, 0, 0, 129, 253, 1, 57, 255]",0.129,31.3
04/10/2025 15:24:30,04/10/2025,15:24:30,"[0, 161, 0, 0, 131, 253, 1, 57, 255]",0.131,31.3
04/10/2025 15:24:31,04/10/2025,15:24:31,"[0, 161, 0, 0, 131, 253, 1, 56, 255]",0.131,31.2
04/10/2025 15:24:32,04/10/2025,15:24:32,"[0, 161, 0, 0, 0, 253, 1, 58, 255]",0.000,31.4
04/10/2025 15:24:33,04/10/2025,15:24:33,"[0, 161, 0, 0, 0, 253, 1, 56, 255]",0.000,31.2
04/10/2025 15:24:34,04/10/2025,15:24:34,"[0, 161, 0, 0, 0, 253, 1, 56, 255]",0.000,31.2
04/10/2025 15:24:35,04/10/2025,15:24:35,"[0, 161, 0, 0, 0, 253, 1, 58, 255]",0.000,31.4
04/10/2025 15:24:36,04/10/2025,15:24:36,"[0, 161, 0, 0, 0, 253, 1, 60, 255]",0.000,31.6
04/10/2025 15:24:37,04/10/2025,15:24:37,"[0, 161, 0, 0, 0, 253, 1, 59, 255]",0.000,31.5
04/10/2025 15:24:38,04/10/2025,15:24:38,"[0, 161, 0, 0, 122, 253, 1, 59, 255]",0.122,31.5
04/10/2025 15:24:39,04/10/2025,15:24:39,"[0, 161, 0, 2, 73, 253, 1, 57, 255]",0.585,31.3
04/10/2025 15:24:40,04/10/2025,15:24:40,"[0, 161, 0, 2, 73, 253, 1, 57, 255]",0.585,31.3
04/10/2025 15:24:41,04/10/2025,15:24:41,"[0, 161, 0, 2, 93, 253, 1, 56, 255]",0.605,31.2
04/10/2025 15:24:42,04/10/2025,15:24:42,"[0, 161, 0, 0, 211, 253, 1, 58, 255]",0.211,31.4
04/10/2025 15:24:43,04/10/2025,15:24:43,"[0, 161, 0, 2, 180, 253, 1, 59, 255]",0.692,31.5
04/10/2025 15:24:44,04/10/2025,15:24:44,"[0, 161, 0, 2, 180, 253, 1, 55, 255]",0.692,31.1
04/10/2025 15:24:45,04/10/2025,15:24:45,"[0, 161, 0, 2, 44, 253, 1, 57, 255]",0.556,31.3
04/10/2025 15:24:46,04/10/2025,15:24:46,"[0, 161, 0, 0, 146, 253, 1, 56, 255]",0.146,31.2
04/10/2025 15:24:47,04/10/2025,15:24:47,"[0, 161, 0, 0, 24, 253, 1, 56, 255]",0.024,31.2
04/10/2025 15:24:48,04/10/2025,15:24:48,"[0, 161, 0, 0, 24, 253, 1, 57, 255]",0.024,31.3
04/10/2025 15:24:49,04/10/2025,15:24:49,"[0, 161, 0, 0, 0, 253, 1, 56, 255]",0.000,31.2
04/10/2025 15:24:50,04/10/2025,15:24:50,"[0, 161, 0, 0, 83, 253, 1, 57, 255]",0.083,31.3
04/10/2025 15:24:51,04/10/2025,15:24:51,"[0, 161, 0, 0, 0, 253, 1, 55, 255]",0.000,31.1
04/10/2025 15:24:52,04/10/2025,15:24:52,"[0, 161, 0, 0, 0, 253, 1, 57, 255]",0.000,31.3
04/10/2025 15:24:53,04/10/2025,15:24:53,"[0, 161, 0, 0, 0, 253, 1, 57, 255]",0.000,31.3
04/10/2025 15:24:54,04/10/2025,15:24:54,"[0, 161, 0, 1, 87, 253, 1, 58, 255]",0.343,31.4
04/10/2025 15:24:55,04/10/2025,15:24:55,"[0, 161, 0, 1, 185, 253, 1, 56, 255]",0.441,31.2
04/10/2025 15:24:56,04/10/2025,15:24:56,"[0, 161, 0, 1, 26, 253, 1, 57, 255]",0.282,31.3
04/10/2025 15:24:57,04/10/2025,15:24:57,"[0, 161, 0, 1, 26, 253, 1, 56, 255]",0.282,31.2
04/10/2025 15:24:58,04/10/2025,15:24:58,"[0, 161, 0, 1, 233, 253, 1, 56, 255]",0.489,31.2
04/10/2025 15:24:59,04/10/2025,15:24:59,"[0, 161, 0, 1, 128, 253, 1, 56, 255]",0.384,31.2
04/10/2025 15:25:00,04/10/2025,15:25:00,"[0, 161, 0, 0, 137, 253, 1, 58, 255]",0.137,31.4
04/10/2025 15:25:01,04/10/2025,15:25:01,"[0, 161, 0, 0, 137, 253, 1, 58, 255]",0.137,31.4
04/10/2025 15:25:02,04/10/2025,15:25:02,"[0, 161, 0, 0, 0, 253, 1, 55, 255]",0.000,31.1
04/10/2025 15:25:03,04/10/2025,15:25:03,"[0, 161, 0, 0, 0, 253, 1, 56, 255]",0.000,31.2
04/10/2025 15:25:04,04/10/2025,15:25:04,"[0, 161, 0, 0, 0, 253, 1, 57, 255]",0.000,31.3
04/10/2025 15:25:05,04/10/2025,15:25:05,"[0, 161, 0, 0, 0, 253, 1, 58, 255]",0.000,31.4
04/10/2025 15:25:06,04/10/2025,15:25:06,"[0, 161, 0, 0, 0, 253, 1, 57, 255]",0.000,31.3
04/10/2025 15:25:07,04/10/2025,15:25:07,"[0, 161, 0, 0, 0, 253, 1, 59, 255]",0.000,31.5
04/10/2025 15:25:08,04/10/2025,15:25:08,"[0, 161, 0, 0, 0, 253, 1, 54, 255]",0.000,31.0
04/10/2025 15:25:09,04/10/2025,15:25:09,"[0, 161, 0, 0, 0, 253, 1, 58, 255]",0.000,31.4
04/10/2025 15:25:10,04/10/2025,15:25:10,"[0, 161, 0, 1, 23, 253, 1, 56, 255]",0.279,31.2
04/10/2025 15:25:11,04/10/2025,15:25:11,"[0, 161, 0, 2, 249, 253, 1, 56, 255]",0.761,31.2
04/10/2025 15:25:12,04/10/2025,15:25:12,"[0, 161, 0, 2, 3, 253, 1, 57, 255]",0.515,31.3
04/10/2025 15:25:13,04/10/2025,15:25:13,"[0, 161, 0, 2, 3, 253, 1, 56, 255]",0.515,31.2
04/10/2025 15:25:14,04/10/2025,15:25:14,"[0, 161, 0, 0, 183, 253, 1, 57, 255]",0.183,31.3
04/10/2025 15:25:15,04/10/2025,15:25:15,"[0, 161, 0, 3, 4, 253, 1, 56, 255]",0.772,31.2
04/10/2025 15:25:16,04/10/2025,15:25:16,"[0, 161, 0, 1, 90, 253, 1, 57, 255]",0.346,31.3
04/10/2025 15:25:17,04/10/2025,15:25:17,"[0, 161, 0, 1, 90, 253, 1, 55, 255]",0.346,31.1
04/10/2025 15:25:18,04/10/2025,15:25:18,"[0, 161, 0, 0, 2, 253, 1, 55, 255]",0.002,31.1
04/10/2025 15:25:19,04/10/2025,15:25:19,"[0, 161, 0, 0, 0, 253, 1, 58, 255]",0.000,31.4
04/10/2025 15:25:20,04/10/2025,15:25:20,"[0, 161, 0, 0, 0, 253, 1, 57, 255]",0.000,31.3
04/10/2025 15:25:21,04/10/2025,15:25:21,"[0, 161, 0, 0, 0, 253, 1, 57, 255]",0.000,31.3
04/10/2025 15:25:22,04/10/2025,15:25:22,"[0, 161, 0, 0, 0, 253, 1, 57, 255]",0.000,31.3
04/10/2025 15:25:23,04/10/2025,15:25:23,"[0, 161, 0, 0, 0, 253, 1, 56, 255]",0.000,31.2
04/10/2025 15:25:24,04/10/2025,15:25:24,"[0, 161, 0, 0, 0, 253, 1, 57, 255]",0.000,31.3
04/10/2025 15:25:25,04/10/2025,15:25:25,"[0, 161, 0, 2, 39, 253, 1, 58, 255]",0.551,31.4
04/10/2025 15:25:26,04/10/2025,15:25:26,"[0, 161, 0, 2, 39, 253, 1, 57, 255]",0.551,31.3
04/10/2025 15:25:27,04/10/2025,15:25:27,"[0, 161, 0, 2, 76, 253, 1, 57, 255]",0.588,31.3
04/10/2025 15:25:28,04/10/2025,15:25:28,"[0, 161, 0, 1, 3, 253, 1, 57, 255]",0.259,31.3
04/10/2025 15:25:29,04/10/2025,15:25:29,"[0, 161, 0, 2, 96, 253, 1, 57, 255]",0.608,31.3
04/10/2025 15:25:30,04/10/2025,15:25:30,"[0, 161, 0, 2, 96, 253, 1, 57, 255]",0.608,31.3
04/10/2025 15:25:31,04/10/2025,15:25:31,"[0, 161, 0, 3, 223, 253, 1, 56, 255]",0.991,31.2
04/10/2025 15:25:32,04/10/2025,15:25:32,"[0, 161, 0, 0, 200, 253, 1, 55, 255]",0.200,31.1
04/10/2025 15:25:33,04/10/2025,15:25:33,"[0, 161, 0, 0, 0, 253, 1, 56, 255]",0.000,31.2
04/10/2025 15:25:34,04/10/2025,15:25:34,"[0, 161, 0, 0, 0, 253, 1, 56, 255]",0.000,31.2
04/10/2025 15:25:35,04/10/2025,15:25:35,"[0, 161, 0, 0, 0, 253, 1, 55, 255]",0.000,31.1
04/10/2025 15:25:36,04/10/2025,15:25:36,"[0, 161, 0, 0, 22, 253, 1, 56, 255]",0.022,31.2
04/10/2025 15:25:37,04/10/2025,15:25:37,"[0, 161, 0, 0, 40, 253, 1, 58, 255]",0.040,31.4
04/10/2025 15:25:38,04/10/2025,15:25:38,"[0, 161, 0, 0, 40, 253, 1, 55, 255]",0.040,31.1
04/10/2025 15:25:39,04/10/2025,15:25:39,"[0, 161, 0, 0, 0, 253, 1, 54, 255]",0.000,31.0
04/10/2025 15:25:40,04/10/2025,15:25:40,"[0, 161, 0, 0, 12, 253, 1, 58, 255]",0.012,31.4
04/10/2025 15:25:41,04/10/2025,15:25:41,"[0, 161, 0, 3, 19, 253, 1, 56, 255]",0.787,31.2
04/10/2025 15:25:42,04/10/2025,15:25:42,"[0, 161, 0, 1, 3, 253, 1, 55, 255]",0.259,31.1
04/10/2025 15:25:43,04/10/2025,15:25:43,"[0, 161, 0, 1, 3, 253, 1, 55, 255]",0.259,31.1
04/10/2025 15:25:44,04/10/2025,15:25:44,"[0, 161, 0, 0, 172, 253, 1, 57, 255]",0.172,31.3
04/10/2025 15:25:45,04/10/2025,15:25:45,"[0, 161, 0, 2, 97, 253, 1, 57, 255]",0.609,31.3
04/10/2025 15:25:46,04/10/2025,15:25:46,"[0, 161, 0, 2, 116, 253, 1, 57, 255]",0.628,31.3
04/10/2025 15:25:47,04/10/2025,15:25:47,"[0, 161, 0, 2, 116, 253, 1, 58, 255]",0.628,31.4
04/10/2025 15:25:48,04/10/2025,15:25:48,"[0, 161, 0, 0, 144, 253, 1, 56, 255]",0.144,31.2
04/10/2025 15:25:49,04/10/2025,15:25:49,"[0, 161, 0, 0, 240, 253, 1, 57, 255]",0.240,31.3
04/10/2025 15:25:50,04/10/2025,15:25:50,"[0, 161, 0, 0, 143, 253, 1, 58, 255]",0.143,31.4
04/10/2025 15:25:51,04/10/2025,15:25:51,"[0, 161, 0, 0, 143, 253, 1, 55, 255]",0.143,31.1
04/10/2025 15:25:52,04/10/2025,15:25:52,"[0, 161, 0, 0, 0, 253, 1, 57, 255]",0.000,31.3
04/10/2025 15:25:53,04/10/2025,15:25:53,"[0, 161, 0, 0, 0, 253, 1, 57, 255]",0.000,31.3
04/10/2025 15:25:54,04/10/2025,15:25:54,"[0, 161, 0, 0, 0, 253, 1, 57, 255]",0.000,31.3
04/10/2025 15:25:55,04/10/2025,15:25:55,"[0, 161, 0, 0, 0, 253, 1, 59, 255]",0.000,31.5
04/10/2025 15:25:56,04/10/2025,15:25:56,"[0, 161, 0, 0, 0, 253, 1, 57, 255]",0.000,31.3
04/10/2025 15:25:57,04/10/2025,15:25:57,"[0, 161, 0, 0, 25, 253, 1, 57, 255]",0.025,31.3
04/10/2025 15:25:58,04/10/2025,15:25:58,"[0, 161, 0, 0, 62, 253, 1, 57, 255]",0.062,31.3
04/10/2025 15:25:59,04/10/2025,15:25:59,"[0, 161, 0, 0, 62, 253, 1, 58, 255]",0.062,31.4
04/10/2025 15:26:00,04/10/2025,15:26:00,"[0, 161, 0, 1, 56, 253, 1, 54, 255]",0.312,31.0
04/10/2025 15:26:01,04/10/2025,15:26:01,"[0, 161, 0, 3, 166, 253, 1, 56, 255]",0.934,31.2
04/10/2025 15:26:02,04/10/2025,15:26:02,"[0, 161, 0, 2, 106, 253, 1, 57, 255]",0.618,31.3
04/10/2025 15:26:03,04/10/2025,15:26:03,"[0, 161, 0, 0, 68, 253, 1, 56, 255]",0.068,31.2
04/10/2025 15:26:04,04/10/2025,15:26:04,"[0, 161, 0, 0, 68, 253, 1, 56, 255]",0.068,31.2
04/10/2025 15:26:05,04/10/2025,15:26:05,"[0, 161, 0, 0, 1, 253, 1, 56, 255]",0.001,31.2
04/10/2025 15:26:06,04/10/2025,15:26:06,"[0, 161, 0, 0, 45, 253, 1, 57, 255]",0.045,31.3
04/10/2025 15:26:07,04/10/2025,15:26:07,"[0, 161, 0, 0, 0, 253, 1, 56, 255]",0.000,31.2
04/10/2025 15:26:08,04/10/2025,15:26:08,"[0, 161, 0, 0, 0, 253, 1, 56, 255]",0.000,31.2
04/10/2025 15:26:09,04/10/2025,15:26:09,"[0, 161, 0, 0, 0, 253, 1, 58, 255]",0.000,31.4
04/10/2025 15:26:10,04/10/2025,15:26:10,"[0, 161, 0, 0, 0, 253, 1, 58, 255]",0.000,31.4
04/10/2025 15:26:11,04/10/2025,15:26:11,"[0, 161, 0, 0, 99, 253, 1, 56, 255]",0.099,31.2
04/10/2025 15:26:12,04/10/2025,15:26:12,"[0, 161, 0, 0, 99, 253, 1, 55, 255]",0.099,31.1
04/10/2025 15:26:13,04/10/2025,15:26:13,"[0, 161, 0, 1, 53, 253, 1, 56, 255]",0.309,31.2
04/10/2025 15:26:14,04/10/2025,15:26:14,"[0, 161, 0, 0, 117, 253, 1, 60, 255]",0.117,31.6
04/10/2025 15:26:15,04/10/2025,15:26:15,"[0, 161, 0, 1, 248, 253, 1, 57, 255]",0.504,31.3
04/10/2025 15:26:16,04/10/2025,15:26:16,"[0, 161, 0, 1, 248, 253, 1, 55, 255]",0.504,31.1
04/10/2025 15:26:17,04/10/2025,15:26:17,"[0, 161, 0, 5, 94, 253, 1, 56, 255]",1.374,31.2
04/10/2025 15:26:18,04/10/2025,15:26:18,"[0, 161, 0, 2, 190, 253, 1, 55, 255]",0.702,31.1
04/10/2025 15:26:19,04/10/2025,15:26:19,"[0, 161, 0, 0, 142, 253, 1, 55, 255]",0.142,31.1
04/10/2025 15:26:20,04/10/2025,15:26:20,"[0, 161, 0, 0, 142, 253, 1, 55, 255]",0.142,31.1
04/10/2025 15:26:21,04/10/2025,15:26:21,"[0, 161, 0, 0, 0, 253, 1, 54, 255]",0.000,31.0
04/10/2025 15:26:22,04/10/2025,15:26:22,"[0, 161, 0, 0, 95, 253, 1, 57, 255]",0.095,31.3
04/10/2025 15:26:23,04/10/2025,15:26:23,"[0, 161, 0, 0, 42, 253, 1, 57, 255]",0.042,31.3
04/10/2025 15:26:24,04/10/2025,15:26:24,"[0, 161, 0, 0, 0, 253, 1, 58, 255]",0.000,31.4
04/10/2025 15:26:25,04/10/2025,15:26:25,"[0, 161, 0, 0, 0, 253, 1, 58, 255]",0.000,31.4
04/10/2025 15:26:26,04/10/2025,15:26:26,"[0, 161, 0, 0, 0, 253, 1, 58, 255]",0.000,31.4
04/10/2025 15:26:27,04/10/2025,15:26:27,"[0, 161, 0, 0, 0, 253, 1, 56, 255]",0.000,31.2
04/10/2025 15:26:28,04/10/2025,15:26:28,"[0, 161, 0, 0, 199, 253, 1, 57, 255]",0.199,31.3
04/10/2025 15:26:29,04/10/2025,15:26:29,"[0, 161, 0, 0, 199, 253, 1, 58, 255]",0.199,31.4
04/10/2025 15:26:30,04/10/2025,15:26:30,"[0, 161, 0, 1, 48, 253, 1, 59, 255]",0.304,31.5
04/10/2025 15:26:31,04/10/2025,15:26:31,"[0, 161, 0, 3, 142, 253, 1, 57, 255]",0.910,31.3
04/10/2025 15:26:32,04/10/2025,15:26:32,"[0, 161, 0, 2, 175, 253, 1, 56, 255]",0.687,31.2
04/10/2025 15:26:33,04/10/2025,15:26:33,"[0, 161, 0, 2, 175, 253, 1, 56, 255]",0.687,31.2
04/10/2025 15:26:34,04/10/2025,15:26:34,"[0, 161, 0, 1, 39, 253, 1, 58, 255]",0.295,31.4
04/10/2025 15:26:35,04/10/2025,15:26:35,"[0, 161, 0, 0, 94, 253, 1, 56, 255]",0.094,31.2
04/10/2025 15:26:36,04/10/2025,15:26:36,"[0, 161, 0, 0, 75, 253, 1, 57, 255]",0.075,31.3
04/10/2025 15:26:37,04/10/2025,15:26:37,"[0, 161, 0, 0, 75, 253, 1, 58, 255]",0.075,31.4
04/10/2025 15:26:38,04/10/2025,15:26:38,"[0, 161, 0, 0, 85, 253, 1, 55, 255]",0.085,31.1
04/10/2025 15:26:39,04/10/2025,15:26:39,"[0, 161, 0, 0, 0, 253, 1, 58, 255]",0.000,31.4
04/10/2025 15:26:40,04/10/2025,15:26:40,"[0, 161, 0, 0, 0, 253, 1, 59, 255]",0.000,31.5
04/10/2025 15:26:41,04/10/2025,15:26:41,"[0, 161, 0, 0, 0, 253, 1, 56, 255]",0.000,31.2
04/10/2025 15:26:42,04/10/2025,15:26:42,"[0, 161, 0, 0, 0, 253, 1, 57, 255]",0.000,31.3
04/10/2025 15:26:43,04/10/2025,15:26:43,"[0, 161, 0, 2, 20, 253, 1, 57, 255]",0.532,31.3
04/10/2025 15:26:44,04/10/2025,15:26:44,"[0, 161, 0, 0, 195, 253, 1, 56, 255]",0.195,31.2
04/10/2025 15:26:45,04/10/2025,15:26:45,"[0, 161, 0, 0, 60, 253, 1, 58, 255]",0.060,31.4
04/10/2025 15:26:46,04/10/2025,15:26:46,"[0, 161, 0, 0, 60, 253, 1, 58, 255]",0.060,31.4
04/10/2025 15:26:47,04/10/2025,15:26:47,"[0, 161, 0, 2, 225, 253, 1, 59, 255]",0.737,31.5
04/10/2025 15:26:48,04/10/2025,15:26:48,"[0, 161, 0, 2, 169, 253, 1, 55, 255]",0.681,31.1
04/10/2025 15:26:49,04/10/2025,15:26:49,"[0, 161, 0, 0, 215, 253, 1, 58, 255]",0.215,31.4
04/10/2025 15:26:50,04/10/2025,15:26:50,"[0, 161, 0, 0, 215, 253, 1, 58, 255]",0.215,31.4
04/10/2025 15:26:51,04/10/2025,15:26:51,"[0, 161, 0, 0, 0, 253, 1, 57, 255]",0.000,31.3
04/10/2025 15:26:52,04/10/2025,15:26:52,"[0, 161, 0, 0, 0, 253, 1, 56, 255]",0.000,31.2
04/10/2025 15:26:53,04/10/2025,15:26:53,"[0, 161, 0, 0, 0, 253, 1, 56, 255]",0.000,31.2
04/10/2025 15:26:54,04/10/2025,15:26:54,"[0, 161, 0, 0, 0, 253, 1, 57, 255]",0.000,31.3
04/10/2025 15:26:55,04/10/2025,15:26:55,"[0, 161, 0, 0, 0, 253, 1, 57, 255]",0.000,31.3
04/10/2025 15:26:56,04/10/2025,15:26:56,"[0, 161, 0, 0, 0, 253, 1, 57, 255]",0.000,31.3
04/10/2025 15:26:57,04/10/2025,15:26:57,"[0, 161, 0, 0, 93, 253, 1, 55, 255]",0.093,31.1
04/10/2025 15:26:58,04/10/2025,15:26:58,"[0, 161, 0, 0, 93, 253, 1, 56, 255]",0.093,31.2
04/10/2025 15:26:59,04/10/2025,15:26:59,"[0, 161, 0, 2, 180, 253, 1, 58, 255]",0.692,31.4
04/10/2025 15:27:00,04/10/2025,15:27:00,"[0, 161, 0, 3, 80, 253, 1, 57, 255]",0.848,31.3
04/10/2025 15:27:01,04/10/2025,15:27:01,"[0, 161, 0, 1, 74, 253, 1, 55, 255]",0.330,31.1
04/10/2025 15:27:02,04/10/2025,15:27:02,"[0, 161, 0, 1, 74, 253, 1, 55, 255]",0.330,31.1
04/10/2025 15:27:03,04/10/2025,15:27:03,"[0, 161, 0, 2, 47, 253, 1, 55, 255]",0.559,31.1
04/10/2025 15:27:04,04/10/2025,15:27:04,"[0, 161, 0, 2, 103, 253, 1, 55, 255]",0.615,31.1
04/10/2025 15:27:05,04/10/2025,15:27:05,"[0, 161, 0, 1, 179, 253, 1, 59, 255]",0.435,31.5
04/10/2025 15:27:06,04/10/2025,15:27:06,"[0, 161, 0, 1, 23, 253, 1, 59, 255]",0.279,31.5
04/10/2025 15:27:07,04/10/2025,15:27:07,"[0, 161, 0, 1, 23, 253, 1, 58, 255]",0.279,31.4
04/10/2025 15:27:08,04/10/2025,15:27:08,"[0, 161, 0, 0, 142, 253, 1, 57, 255]",0.142,31.3
04/10/2025 15:27:09,04/10/2025,15:27:09,"[0, 161, 0, 0, 214, 253, 1, 56, 255]",0.214,31.2
04/10/2025 15:27:10,04/10/2025,15:27:10,"[0, 161, 0, 0, 0, 253, 1, 58, 255]",0.000,31.4
04/10/2025 15:27:11,04/10/2025,15:27:11,"[0, 161, 0, 0, 0, 253, 1, 56, 255]",0.000,31.2
04/10/2025 15:27:12,04/10/2025,15:27:12,"[0, 161, 0, 0, 0, 253, 1, 56, 255]",0.000,31.2
04/10/2025 15:27:13,04/10/2025,15:27:13,"[0, 161, 0, 0, 214, 253, 1, 56, 255]",0.214,31.2
04/10/2025 15:27:14,04/10/2025,15:27:14,"[0, 161, 0, 2, 162, 253, 1, 57, 255]",0.674,31.3
04/10/2025 15:27:15,04/10/2025,15:27:15,"[0, 161, 0, 2, 162, 253, 1, 56, 255]",0.674,31.2
04/10/2025 15:27:16,04/10/2025,15:27:16,"[0, 161, 0, 1, 132, 253, 1, 57, 255]",0.388,31.3
04/10/2025 15:27:17,04/10/2025,15:27:17,"[0, 161, 0, 1, 158, 253, 1, 56, 255]",0.414,31.2
04/10/2025 15:27:18,04/10/2025,15:27:18,"[0, 161, 0, 2, 181, 253, 1, 55, 255]",0.693,31.1
04/10/2025 15:27:19,04/10/2025,15:27:19,"[0, 161, 0, 2, 181, 253, 1, 57, 255]",0.693,31.3
04/10/2025 15:27:20,04/10/2025,15:27:20,"[0, 161, 0, 1, 90, 253, 1, 57, 255]",0.346,31.3
04/10/2025 15:27:21,04/10/2025,15:27:21,"[0, 161, 0, 0, 183, 253, 1, 58, 255]",0.183,31.4
04/10/2025 15:27:22,04/10/2025,15:27:22,"[0, 161, 0, 0, 1, 253, 1, 55, 255]",0.001,31.1
04/10/2025 15:27:23,04/10/2025,15:27:23,"[0, 161, 0, 0, 1, 253, 1, 57, 255]",0.001,31.3
04/10/2025 15:27:24,04/10/2025,15:27:24,"[0, 161, 0, 0, 182, 253, 1, 54, 255]",0.182,31.0
04/10/2025 15:27:25,04/10/2025,15:27:25,"[0, 161, 0, 0, 0, 253, 1, 57, 255]",0.000,31.3
04/10/2025 15:27:26,04/10/2025,15:27:26,"[0, 161, 0, 0, 0, 253, 1, 55, 255]",0.000,31.1
04/10/2025 15:27:27,04/10/2025,15:27:27,"[0, 161, 0, 0, 0, 253, 1, 55, 255]",0.000,31.1
04/10/2025 15:27:28,04/10/2025,15:27:28,"[0, 161, 0, 0, 0, 253, 1, 56, 255]",0.000,31.2
04/10/2025 15:27:29,04/10/2025,15:27:29,"[0, 161, 0, 0, 230, 253, 1, 57, 255]",0.230,31.3
04/10/2025 15:27:30,04/10/2025,15:27:30,"[0, 161, 0, 3, 100, 253, 1, 57, 255]",0.868,31.3
04/10/2025 15:27:31,04/10/2025,15:27:31,"[0, 161, 0, 0, 131, 253, 1, 57, 255]",0.131,31.3
04/10/2025 15:27:32,04/10/2025,15:27:32,"[0, 161, 0, 0, 131, 253, 1, 56, 255]",0.131,31.2
04/10/2025 15:27:33,04/10/2025,15:27:33,"[0, 161, 0, 2, 181, 253, 1, 56, 255]",0.693,31.2
04/10/2025 15:27:34,04/10/2025,15:27:34,"[0, 161, 0, 2, 199, 253, 1, 57, 255]",0.711,31.3
04/10/2025 15:27:35,04/10/2025,15:27:35,"[0, 161, 0, 2, 154, 253, 1, 56, 255]",0.666,31.2
04/10/2025 15:27:36,04/10/2025,15:27:36,"[0, 161, 0, 2, 154, 253, 1, 57, 255]",0.666,31.3
04/10/2025 15:27:37,04/10/2025,15:27:37,"[0, 161, 0, 1, 37, 253, 1, 55, 255]",0.293,31.1
04/10/2025 15:27:38,04/10/2025,15:27:38,"[0, 161, 0, 0, 59, 253, 1, 57, 255]",0.059,31.3
04/10/2025 15:27:39,04/10/2025,15:27:39,"[0, 161, 0, 0, 0, 253, 1, 55, 255]",0.000,31.1
04/10/2025 15:27:40,04/10/2025,15:27:40,"[0, 161, 0, 0, 0, 253, 1, 56, 255]",0.000,31.2
04/10/2025 15:27:41,04/10/2025,15:27:41,"[0, 161, 0, 0, 0, 253, 1, 57, 255]",0.000,31.3
04/10/2025 15:27:42,04/10/2025,15:27:42,"[0, 161, 0, 0, 0, 253, 1, 57, 255]",0.000,31.3
04/10/2025 15:27:43,04/10/2025,15:27:43,"[0, 161, 0, 0, 0, 253, 1, 57, 255]",0.000,31.3
04/10/2025 15:27:44,04/10/2025,15:27:44,"[0, 161, 0, 0, 0, 253, 1, 57, 255]",0.000,31.3
04/10/2025 15:27:45,04/10/2025,15:27:45,"[0, 161, 0, 0, 167, 253, 1, 58, 255]",0.167,31.4
04/10/2025 15:27:46,04/10/2025,15:27:46,"[0, 161, 0, 1, 42, 253, 1, 55, 255]",0.298,31.1
04/10/2025 15:27:47,04/10/2025,15:27:47,"[0, 161, 0, 1, 80, 253, 1, 56, 255]",0.336,31.2
04/10/2025 15:27:48,04/10/2025,15:27:48,"[0, 161, 0, 1, 181, 253, 1, 56, 255]",0.437,31.2
04/10/2025 15:27:49,04/10/2025,15:27:49,"[0, 161, 0, 1, 181, 253, 1, 56, 255]",0.437,31.2
04/10/2025 15:27:50,04/10/2025,15:27:50,"[0, 161, 0, 2, 154, 253, 1, 54, 255]",0.666,31.0
04/10/2025 15:27:51,04/10/2025,15:27:51,"[0, 161, 0, 1, 8, 253, 1, 56, 255]",0.264,31.2
04/10/2025 15:27:52,04/10/2025,15:27:52,"[0, 161, 0, 0, 0, 253, 1, 57, 255]",0.000,31.3
04/10/2025 15:27:53,04/10/2025,15:27:53,"[0, 161, 0, 0, 0, 253, 1, 55, 255]",0.000,31.1
04/10/2025 15:27:54,04/10/2025,15:27:54,"[0, 161, 0, 0, 32, 253, 1, 57, 255]",0.032,31.3
04/10/2025 15:27:55,04/10/2025,15:27:55,"[0, 161, 0, 0, 51, 253, 1, 56, 255]",0.051,31.2
04/10/2025 15:27:56,04/10/2025,15:27:56,"[0, 161, 0, 0, 0, 253, 1, 55, 255]",0.000,31.1
04/10/2025 15:27:57,04/10/2025,15:27:57,"[0, 161, 0, 0, 0, 253, 1, 57, 255]",0.000,31.3
04/10/2025 15:27:58,04/10/2025,15:27:58,"[0, 161, 0, 0, 0, 253, 1, 57, 255]",0.000,31.3
04/10/2025 15:27:59,04/10/2025,15:27:59,"[0, 161, 0, 0, 0, 253, 1, 57, 255]",0.000,31.3
04/10/2025 15:28:00,04/10/2025,15:28:00,"[0, 161, 0, 0, 0, 253, 1, 57, 255]",0.000,31.3
04/10/2025 15:28:01,04/10/2025,15:28:01,"[0, 161, 0, 0, 0, 253, 1, 55, 255]",0.000,31.1
04/10/2025 15:28:02,04/10/2025,15:28:02,"[0, 161, 0, 1, 231, 253, 1, 56, 255]",0.487,31.2
04/10/2025 15:28:03,04/10/2025,15:28:03,"[0, 161, 0, 1, 60, 253, 1, 56, 255]",0.316,31.2
04/10/2025 15:28:04,04/10/2025,15:28:04,"[0, 161, 0, 2, 38, 253, 1, 57, 255]",0.550,31.3
04/10/2025 15:28:05,04/10/2025,15:28:05,"[0, 161, 0, 2, 38, 253, 1, 56, 255]",0.550,31.2
04/10/2025 15:28:06,04/10/2025,15:28:06,"[0, 161, 0, 3, 92, 253, 1, 58, 255]",0.860,31.4
04/10/2025 15:28:07,04/10/2025,15:28:07,"[0, 161, 0, 2, 34, 253, 1, 58, 255]",0.546,31.4
04/10/2025 15:28:08,04/10/2025,15:28:08,"[0, 161, 0, 0, 56, 253, 1, 57, 255]",0.056,31.3
04/10/2025 15:28:09,04/10/2025,15:28:09,"[0, 161, 0, 0, 0, 253, 1, 57, 255]",0.000,31.3
04/10/2025 15:28:10,04/10/2025,15:28:10,"[0, 161, 0, 0, 0, 253, 1, 57, 255]",0.000,31.3
04/10/2025 15:28:11,04/10/2025,15:28:11,"[0, 161, 0, 0, 0, 253, 1, 55, 255]",0.000,31.1
04/10/2025 15:28:12,04/10/2025,15:28:12,"[0, 161, 0, 0, 50, 253, 1, 56, 255]",0.050,31.2
04/10/2025 15:28:13,04/10/2025,15:28:13,"[0, 161, 0, 0, 0, 253, 1, 57, 255]",0.000,31.3
04/10/2025 15:28:14,04/10/2025,15:28:14,"[0, 161, 0, 0, 0, 253, 1, 59, 255]",0.000,31.5
04/10/2025 15:28:15,04/10/2025,15:28:15,"[0, 161, 0, 0, 97, 253, 1, 56, 255]",0.097,31.2
04/10/2025 15:28:16,04/10/2025,15:28:16,"[0, 161, 0, 2, 125, 253, 1, 57, 255]",0.637,31.3
04/10/2025 15:28:17,04/10/2025,15:28:17,"[0, 161, 0, 1, 128, 253, 1, 57, 255]",0.384,31.3
04/10/2025 15:28:18,04/10/2025,15:28:18,"[0, 161, 0, 1, 128, 253, 1, 57, 255]",0.384,31.3
04/10/2025 15:28:19,04/10/2025,15:28:19,"[0, 161, 0, 0, 40, 253, 1, 58, 255]",0.040,31.4
04/10/2025 15:28:20,04/10/2025,15:28:20,"[0, 161, 0, 2, 166, 253, 1, 58, 255]",0.678,31.4
04/10/2025 15:28:21,04/10/2025,15:28:21,"[0, 161, 0, 1, 196, 253, 1, 56, 255]",0.452,31.2
04/10/2025 15:28:22,04/10/2025,15:28:22,"[0, 161, 0, 1, 196, 253, 1, 57, 255]",0.452,31.3
04/10/2025 15:28:23,04/10/2025,15:28:23,"[0, 161, 0, 0, 50, 253, 1, 55, 255]",0.050,31.1
04/10/2025 15:28:24,04/10/2025,15:28:24,"[0, 161, 0, 0, 0, 253, 1, 57, 255]",0.000,31.3
04/10/2025 15:28:25,04/10/2025,15:28:25,"[0, 161, 0, 0, 0, 253, 1, 56, 255]",0.000,31.2
04/10/2025 15:28:26,04/10/2025,15:28:26,"[0, 161, 0, 0, 0, 253, 1, 57, 255]",0.000,31.3
04/10/2025 15:28:27,04/10/2025,15:28:27,"[0, 161, 0, 0, 0, 253, 1, 57, 255]",0.000,31.3
04/10/2025 15:28:28,04/10/2025,15:28:28,"[0, 161, 0, 0, 0, 253, 1, 55, 255]",0.000,31.1
04/10/2025 15:28:29,04/10/2025,15:28:29,"[0, 161, 0, 0, 0, 253, 1, 59, 255]",0.000,31.5
04/10/2025 15:28:30,04/10/2025,15:28:30,"[0, 161, 0, 0, 0, 253, 1, 59, 255]",0.000,31.5
04/10/2025 15:28:31,04/10/2025,15:28:31,"[0, 161, 0, 0, 56, 253, 1, 57, 255]",0.056,31.3
04/10/2025 15:28:32,04/10/2025,15:28:32,"[0, 161, 0, 3, 206, 253, 1, 56, 255]",0.974,31.2
04/10/2025 15:28:33,04/10/2025,15:28:33,"[0, 161, 0, 1, 140, 253, 1, 58, 255]",0.396,31.4
04/10/2025 15:28:34,04/10/2025,15:28:34,"[0, 161, 0, 1, 195, 253, 1, 58, 255]",0.451,31.4
04/10/2025 15:28:35,04/10/2025,15:28:35,"[0, 161, 0, 1, 195, 253, 1, 56, 255]",0.451,31.2
04/10/2025 15:28:36,04/10/2025,15:28:36,"[0, 161, 0, 3, 123, 253, 1, 56, 255]",0.891,31.2
04/10/2025 15:28:37,04/10/2025,15:28:37,"[0, 161, 0, 2, 160, 253, 1, 56, 255]",0.672,31.2
04/10/2025 15:28:38,04/10/2025,15:28:38,"[0, 161, 0, 0, 156, 253, 1, 56, 255]",0.156,31.2
04/10/2025 15:28:39,04/10/2025,15:28:39,"[0, 161, 0, 0, 156, 253, 1, 55, 255]",0.156,31.1
04/10/2025 15:28:40,04/10/2025,15:28:40,"[0, 161, 0, 0, 74, 253, 1, 57, 255]",0.074,31.3
04/10/2025 15:28:41,04/10/2025,15:28:41,"[0, 161, 0, 0, 117, 253, 1, 57, 255]",0.117,31.3
04/10/2025 15:28:42,04/10/2025,15:28:42,"[0, 161, 0, 0, 0, 253, 1, 57, 255]",0.000,31.3
04/10/2025 15:28:43,04/10/2025,15:28:43,"[0, 161, 0, 0, 0, 253, 1, 58, 255]",0.000,31.4
04/10/2025 15:28:44,04/10/2025,15:28:44,"[0, 161, 0, 0, 0, 253, 1, 56, 255]",0.000,31.2
04/10/2025 15:28:45,04/10/2025,15:28:45,"[0, 161, 0, 0, 0, 253, 1, 57, 255]",0.000,31.3
04/10/2025 15:28:46,04/10/2025,15:28:46,"[0, 161, 0, 0, 0, 253, 1, 56, 255]",0.000,31.2
04/10/2025 15:28:47,04/10/2025,15:28:47,"[0, 161, 0, 0, 0, 253, 1, 56, 255]",0.000,31.2
04/10/2025 15:28:48,04/10/2025,15:28:48,"[0, 161, 0, 1, 207, 253, 1, 56, 255]",0.463,31.2
04/10/2025 15:28:49,04/10/2025,15:28:49,"[0, 161, 0, 0, 188, 253, 1, 57, 255]",0.188,31.3
04/10/2025 15:28:50,04/10/2025,15:28:50,"[0, 161, 0, 1, 46, 253, 1, 56, 255]",0.302,31.2
04/10/2025 15:28:51,04/10/2025,15:28:51,"[0, 161, 0, 1, 46, 253, 1, 56, 255]",0.302,31.2
04/10/2025 15:28:52,04/10/2025,15:28:52,"[0, 161, 0, 3, 167, 253, 1, 55, 255]",0.935,31.1
04/10/2025 15:28:53,04/10/2025,15:28:53,"[0, 161, 0, 3, 56, 253, 1, 57, 255]",0.824,31.3
04/10/2025 15:28:54,04/10/2025,15:28:54,"[0, 161, 0, 0, 95, 253, 1, 58, 255]",0.095,31.4
04/10/2025 15:28:55,04/10/2025,15:28:55,"[0, 161, 0, 0, 0, 253, 1, 56, 255]",0.000,31.2
04/10/2025 15:28:56,04/10/2025,15:28:56,"[0, 161, 0, 0, 0, 253, 1, 54, 255]",0.000,31.0
04/10/2025 15:28:57,04/10/2025,15:28:57,"[0, 161, 0, 0, 57, 253, 1, 57, 255]",0.057,31.3
04/10/2025 15:28:58,04/10/2025,15:28:58,"[0, 161, 0, 0, 181, 253, 1, 59, 255]",0.181,31.5
04/10/2025 15:28:59,04/10/2025,15:28:59,"[0, 161, 0, 0, 0, 253, 1, 58, 255]",0.000,31.4
04/10/2025 15:29:00,04/10/2025,15:29:00,"[0, 161, 0, 0, 0, 253, 1, 56, 255]",0.000,31.2
04/10/2025 15:29:01,04/10/2025,15:29:01,"[0, 161, 0, 0, 0, 253, 1, 57, 255]",0.000,31.3
04/10/2025 15:29:02,04/10/2025,15:29:02,"[0, 161, 0, 0, 59, 253, 1, 58, 255]",0.059,31.4
