Timestamp,Date,Time,Raw_Data,Wind_Speed,Temperature
06/09/2025 11:35:35,06/09/2025,11:35:35,"[0, 161, 0, 0, 0, 253, 1, 61, 255]",0.000,31.7
06/09/2025 11:35:36,06/09/2025,11:35:36,"[0, 161, 0, 0, 0, 253, 1, 62, 255]",0.000,31.8
06/09/2025 11:35:37,06/09/2025,11:35:37,"[0, 161, 0, 0, 0, 253, 1, 62, 255]",0.000,31.8
06/09/2025 11:35:38,06/09/2025,11:35:38,"[0, 161, 0, 0, 0, 253, 1, 61, 255]",0.000,31.7
06/09/2025 11:35:39,06/09/2025,11:35:39,"[0, 161, 0, 0, 0, 253, 1, 61, 255]",0.000,31.7
06/09/2025 11:35:40,06/09/2025,11:35:40,"[0, 161, 0, 0, 0, 253, 1, 63, 255]",0.000,31.9
06/09/2025 11:35:41,06/09/2025,11:35:41,"[0, 161, 0, 0, 0, 253, 1, 63, 255]",0.000,31.9
06/09/2025 11:35:42,06/09/2025,11:35:42,"[0, 161, 0, 0, 0, 253, 1, 62, 255]",0.000,31.8
06/09/2025 11:35:43,06/09/2025,11:35:43,"[0, 161, 0, 0, 0, 253, 1, 61, 255]",0.000,31.7
06/09/2025 11:35:44,06/09/2025,11:35:44,"[0, 161, 0, 0, 0, 253, 1, 61, 255]",0.000,31.7
06/09/2025 11:35:45,06/09/2025,11:35:45,"[0, 161, 0, 0, 0, 253, 1, 61, 255]",0.000,31.7
06/09/2025 11:35:46,06/09/2025,11:35:46,"[0, 161, 0, 0, 0, 253, 1, 64, 255]",0.000,32.0
06/09/2025 11:35:47,06/09/2025,11:35:47,"[0, 161, 0, 0, 0, 253, 1, 60, 255]",0.000,31.6
06/09/2025 11:35:48,06/09/2025,11:35:48,"[0, 161, 0, 0, 0, 253, 1, 63, 255]",0.000,31.9
06/09/2025 11:35:49,06/09/2025,11:35:49,"[0, 161, 0, 0, 0, 253, 1, 61, 255]",0.000,31.7
06/09/2025 11:35:50,06/09/2025,11:35:50,"[0, 161, 0, 0, 0, 253, 1, 62, 255]",0.000,31.8
06/09/2025 11:35:51,06/09/2025,11:35:51,"[0, 161, 0, 0, 0, 253, 1, 61, 255]",0.000,31.7
06/09/2025 11:35:52,06/09/2025,11:35:52,"[0, 161, 0, 0, 0, 253, 1, 61, 255]",0.000,31.7
06/09/2025 11:35:53,06/09/2025,11:35:53,"[0, 161, 0, 0, 0, 253, 1, 58, 255]",0.000,31.4
06/09/2025 11:35:54,06/09/2025,11:35:54,"[0, 161, 0, 0, 0, 253, 1, 62, 255]",0.000,31.8
06/09/2025 11:35:55,06/09/2025,11:35:55,"[0, 161, 0, 0, 0, 253, 1, 62, 255]",0.000,31.8
06/09/2025 11:35:56,06/09/2025,11:35:56,"[0, 161, 0, 0, 0, 253, 1, 63, 255]",0.000,31.9
06/09/2025 11:35:57,06/09/2025,11:35:57,"[0, 161, 0, 0, 0, 253, 1, 62, 255]",0.000,31.8
06/09/2025 11:35:58,06/09/2025,11:35:58,"[0, 161, 0, 0, 0, 253, 1, 62, 255]",0.000,31.8
06/09/2025 11:35:59,06/09/2025,11:35:59,"[0, 161, 0, 0, 0, 253, 1, 63, 255]",0.000,31.9
06/09/2025 11:36:00,06/09/2025,11:36:00,"[0, 161, 0, 0, 0, 253, 1, 62, 255]",0.000,31.8
06/09/2025 11:36:01,06/09/2025,11:36:01,"[0, 161, 0, 0, 0, 253, 1, 64, 255]",0.000,32.0
06/09/2025 11:36:02,06/09/2025,11:36:02,"[0, 161, 0, 0, 0, 253, 1, 63, 255]",0.000,31.9
06/09/2025 11:36:03,06/09/2025,11:36:03,"[0, 161, 0, 0, 0, 253, 1, 62, 255]",0.000,31.8
06/09/2025 11:36:04,06/09/2025,11:36:04,"[0, 161, 0, 0, 0, 253, 1, 61, 255]",0.000,31.7
06/09/2025 11:36:05,06/09/2025,11:36:05,"[0, 161, 0, 0, 0, 253, 1, 62, 255]",0.000,31.8
06/09/2025 11:36:06,06/09/2025,11:36:06,"[0, 161, 0, 0, 0, 253, 1, 63, 255]",0.000,31.9
06/09/2025 11:36:07,06/09/2025,11:36:07,"[0, 161, 0, 0, 0, 253, 1, 63, 255]",0.000,31.9
06/09/2025 11:36:08,06/09/2025,11:36:08,"[0, 161, 0, 0, 0, 253, 1, 63, 255]",0.000,31.9
06/09/2025 11:36:09,06/09/2025,11:36:09,"[0, 161, 0, 0, 0, 253, 1, 62, 255]",0.000,31.8
06/09/2025 11:36:10,06/09/2025,11:36:10,"[0, 161, 0, 0, 0, 253, 1, 63, 255]",0.000,31.9
06/09/2025 11:36:11,06/09/2025,11:36:11,"[0, 161, 0, 0, 0, 253, 1, 63, 255]",0.000,31.9
06/09/2025 11:36:12,06/09/2025,11:36:12,"[0, 161, 0, 0, 0, 253, 1, 62, 255]",0.000,31.8
06/09/2025 11:36:13,06/09/2025,11:36:13,"[0, 161, 0, 0, 0, 253, 1, 62, 255]",0.000,31.8
06/09/2025 11:36:14,06/09/2025,11:36:14,"[0, 161, 0, 0, 0, 253, 1, 63, 255]",0.000,31.9
06/09/2025 11:36:15,06/09/2025,11:36:15,"[0, 161, 0, 0, 0, 253, 1, 63, 255]",0.000,31.9
06/09/2025 11:36:16,06/09/2025,11:36:16,"[0, 161, 0, 0, 0, 253, 1, 63, 255]",0.000,31.9
06/09/2025 11:36:17,06/09/2025,11:36:17,"[0, 161, 0, 0, 0, 253, 1, 62, 255]",0.000,31.8
06/09/2025 11:36:18,06/09/2025,11:36:18,"[0, 161, 0, 0, 0, 253, 1, 62, 255]",0.000,31.8
06/09/2025 11:36:19,06/09/2025,11:36:19,"[0, 161, 0, 0, 0, 253, 1, 63, 255]",0.000,31.9
06/09/2025 11:36:20,06/09/2025,11:36:20,"[0, 161, 0, 0, 0, 253, 1, 62, 255]",0.000,31.8
06/09/2025 11:36:21,06/09/2025,11:36:21,"[0, 161, 0, 0, 0, 253, 1, 63, 255]",0.000,31.9
06/09/2025 11:36:22,06/09/2025,11:36:22,"[0, 161, 0, 0, 0, 253, 1, 63, 255]",0.000,31.9
06/09/2025 11:36:23,06/09/2025,11:36:23,"[0, 161, 0, 0, 0, 253, 1, 63, 255]",0.000,31.9
06/09/2025 11:36:24,06/09/2025,11:36:24,"[0, 161, 0, 0, 0, 253, 1, 63, 255]",0.000,31.9
06/09/2025 11:36:25,06/09/2025,11:36:25,"[0, 161, 0, 0, 0, 253, 1, 62, 255]",0.000,31.8
06/09/2025 11:36:26,06/09/2025,11:36:26,"[0, 161, 0, 0, 0, 253, 1, 61, 255]",0.000,31.7
06/09/2025 11:36:27,06/09/2025,11:36:27,"[0, 161, 0, 0, 0, 253, 1, 61, 255]",0.000,31.7
06/09/2025 11:36:28,06/09/2025,11:36:28,"[0, 161, 0, 0, 0, 253, 1, 63, 255]",0.000,31.9
06/09/2025 11:36:29,06/09/2025,11:36:29,"[0, 161, 0, 0, 0, 253, 1, 61, 255]",0.000,31.7
06/09/2025 11:36:30,06/09/2025,11:36:30,"[0, 161, 0, 0, 0, 253, 1, 64, 255]",0.000,32.0
06/09/2025 11:36:31,06/09/2025,11:36:31,"[0, 161, 0, 0, 0, 253, 1, 62, 255]",0.000,31.8
06/09/2025 11:36:32,06/09/2025,11:36:32,"[0, 161, 0, 0, 0, 253, 1, 64, 255]",0.000,32.0
06/09/2025 11:36:33,06/09/2025,11:36:33,"[0, 161, 0, 0, 0, 253, 1, 63, 255]",0.000,31.9
06/09/2025 11:36:34,06/09/2025,11:36:34,"[0, 161, 0, 0, 0, 253, 1, 63, 255]",0.000,31.9
06/09/2025 11:36:35,06/09/2025,11:36:35,"[0, 161, 0, 0, 0, 253, 1, 63, 255]",0.000,31.9
06/09/2025 11:36:36,06/09/2025,11:36:36,"[0, 161, 0, 0, 0, 253, 1, 63, 255]",0.000,31.9
06/09/2025 11:36:37,06/09/2025,11:36:37,"[0, 161, 0, 0, 0, 253, 1, 62, 255]",0.000,31.8
06/09/2025 11:36:38,06/09/2025,11:36:38,"[0, 161, 0, 0, 0, 253, 1, 64, 255]",0.000,32.0
06/09/2025 11:36:39,06/09/2025,11:36:39,"[0, 161, 0, 0, 0, 253, 1, 62, 255]",0.000,31.8
06/09/2025 11:36:40,06/09/2025,11:36:40,"[0, 161, 0, 0, 0, 253, 1, 63, 255]",0.000,31.9
06/09/2025 11:36:41,06/09/2025,11:36:41,"[0, 161, 0, 0, 0, 253, 1, 63, 255]",0.000,31.9
06/09/2025 11:36:42,06/09/2025,11:36:42,"[0, 161, 0, 0, 0, 253, 1, 62, 255]",0.000,31.8
06/09/2025 11:36:43,06/09/2025,11:36:43,"[0, 161, 0, 0, 0, 253, 1, 64, 255]",0.000,32.0
06/09/2025 11:36:44,06/09/2025,11:36:44,"[0, 161, 0, 0, 0, 253, 1, 61, 255]",0.000,31.7
06/09/2025 11:36:45,06/09/2025,11:36:45,"[0, 161, 0, 0, 0, 253, 1, 63, 255]",0.000,31.9
06/09/2025 11:36:46,06/09/2025,11:36:46,"[0, 161, 0, 0, 0, 253, 1, 63, 255]",0.000,31.9
06/09/2025 11:36:47,06/09/2025,11:36:47,"[0, 161, 0, 0, 0, 253, 1, 64, 255]",0.000,32.0
06/09/2025 11:36:48,06/09/2025,11:36:48,"[0, 161, 0, 0, 0, 253, 1, 64, 255]",0.000,32.0
06/09/2025 11:36:49,06/09/2025,11:36:49,"[0, 161, 0, 0, 0, 253, 1, 63, 255]",0.000,31.9
06/09/2025 11:36:50,06/09/2025,11:36:50,"[0, 161, 0, 0, 0, 253, 1, 65, 255]",0.000,32.1
06/09/2025 11:36:51,06/09/2025,11:36:51,"[0, 161, 0, 0, 0, 253, 1, 63, 255]",0.000,31.9
06/09/2025 11:36:52,06/09/2025,11:36:52,"[0, 161, 0, 0, 0, 253, 1, 62, 255]",0.000,31.8
06/09/2025 11:36:53,06/09/2025,11:36:53,"[0, 161, 0, 0, 0, 253, 1, 65, 255]",0.000,32.1
06/09/2025 11:36:54,06/09/2025,11:36:54,"[0, 161, 0, 0, 0, 253, 1, 64, 255]",0.000,32.0
06/09/2025 11:36:55,06/09/2025,11:36:55,"[0, 161, 0, 0, 0, 253, 1, 64, 255]",0.000,32.0
06/09/2025 11:36:56,06/09/2025,11:36:56,"[0, 161, 0, 0, 0, 253, 1, 62, 255]",0.000,31.8
06/09/2025 11:36:57,06/09/2025,11:36:57,"[0, 161, 0, 0, 0, 253, 1, 63, 255]",0.000,31.9
06/09/2025 11:36:58,06/09/2025,11:36:58,"[0, 161, 0, 0, 0, 253, 1, 63, 255]",0.000,31.9
06/09/2025 11:36:59,06/09/2025,11:36:59,"[0, 161, 0, 0, 0, 253, 1, 64, 255]",0.000,32.0
06/09/2025 11:37:00,06/09/2025,11:37:00,"[0, 161, 0, 0, 0, 253, 1, 63, 255]",0.000,31.9
06/09/2025 11:37:01,06/09/2025,11:37:01,"[0, 161, 0, 0, 0, 253, 1, 64, 255]",0.000,32.0
06/09/2025 11:37:02,06/09/2025,11:37:02,"[0, 161, 0, 0, 0, 253, 1, 62, 255]",0.000,31.8
06/09/2025 11:37:03,06/09/2025,11:37:03,"[0, 161, 0, 0, 0, 253, 1, 64, 255]",0.000,32.0
06/09/2025 11:37:04,06/09/2025,11:37:04,"[0, 161, 0, 0, 0, 253, 1, 65, 255]",0.000,32.1
06/09/2025 11:37:05,06/09/2025,11:37:05,"[0, 161, 0, 0, 0, 253, 1, 63, 255]",0.000,31.9
06/09/2025 11:37:06,06/09/2025,11:37:06,"[0, 161, 0, 0, 0, 253, 1, 64, 255]",0.000,32.0
06/09/2025 11:37:07,06/09/2025,11:37:07,"[0, 161, 0, 0, 0, 253, 1, 63, 255]",0.000,31.9
06/09/2025 11:37:08,06/09/2025,11:37:08,"[0, 161, 0, 0, 0, 253, 1, 63, 255]",0.000,31.9
06/09/2025 11:37:09,06/09/2025,11:37:09,"[0, 161, 0, 0, 0, 253, 1, 63, 255]",0.000,31.9
06/09/2025 11:37:10,06/09/2025,11:37:10,"[0, 161, 0, 0, 0, 253, 1, 63, 255]",0.000,31.9
06/09/2025 11:37:11,06/09/2025,11:37:11,"[0, 161, 0, 0, 0, 253, 1, 63, 255]",0.000,31.9
06/09/2025 11:37:12,06/09/2025,11:37:12,"[0, 161, 0, 0, 0, 253, 1, 66, 255]",0.000,32.2
06/09/2025 11:37:13,06/09/2025,11:37:13,"[0, 161, 0, 0, 0, 253, 1, 64, 255]",0.000,32.0
06/09/2025 11:37:14,06/09/2025,11:37:14,"[0, 161, 0, 0, 0, 253, 1, 65, 255]",0.000,32.1
06/09/2025 11:37:15,06/09/2025,11:37:15,"[0, 161, 0, 0, 0, 253, 1, 63, 255]",0.000,31.9
06/09/2025 11:37:16,06/09/2025,11:37:16,"[0, 161, 0, 0, 0, 253, 1, 63, 255]",0.000,31.9
06/09/2025 11:37:17,06/09/2025,11:37:17,"[0, 161, 0, 0, 0, 253, 1, 63, 255]",0.000,31.9
06/09/2025 11:37:18,06/09/2025,11:37:18,"[0, 161, 0, 0, 0, 253, 1, 64, 255]",0.000,32.0
06/09/2025 11:37:19,06/09/2025,11:37:19,"[0, 161, 0, 0, 0, 253, 1, 65, 255]",0.000,32.1
06/09/2025 11:37:20,06/09/2025,11:37:20,"[0, 161, 0, 0, 0, 253, 1, 65, 255]",0.000,32.1
06/09/2025 11:37:21,06/09/2025,11:37:21,"[0, 161, 0, 0, 0, 253, 1, 64, 255]",0.000,32.0
06/09/2025 11:37:22,06/09/2025,11:37:22,"[0, 161, 0, 0, 0, 253, 1, 65, 255]",0.000,32.1
06/09/2025 11:37:23,06/09/2025,11:37:23,"[0, 161, 0, 0, 0, 253, 1, 63, 255]",0.000,31.9
06/09/2025 11:37:24,06/09/2025,11:37:24,"[0, 161, 0, 0, 0, 253, 1, 64, 255]",0.000,32.0
06/09/2025 11:37:25,06/09/2025,11:37:25,"[0, 161, 0, 0, 0, 253, 1, 64, 255]",0.000,32.0
06/09/2025 11:37:26,06/09/2025,11:37:26,"[0, 161, 0, 0, 0, 253, 1, 65, 255]",0.000,32.1
06/09/2025 11:37:27,06/09/2025,11:37:27,"[0, 161, 0, 0, 0, 253, 1, 64, 255]",0.000,32.0
06/09/2025 11:37:28,06/09/2025,11:37:28,"[0, 161, 0, 0, 0, 253, 1, 63, 255]",0.000,31.9
06/09/2025 11:37:29,06/09/2025,11:37:29,"[0, 161, 0, 0, 0, 253, 1, 64, 255]",0.000,32.0
06/09/2025 11:37:30,06/09/2025,11:37:30,"[0, 161, 0, 0, 0, 253, 1, 65, 255]",0.000,32.1
06/09/2025 11:37:31,06/09/2025,11:37:31,"[0, 161, 0, 0, 0, 253, 1, 65, 255]",0.000,32.1
06/09/2025 11:37:32,06/09/2025,11:37:32,"[0, 161, 0, 0, 0, 253, 1, 64, 255]",0.000,32.0
06/09/2025 11:37:33,06/09/2025,11:37:33,"[0, 161, 0, 0, 0, 253, 1, 64, 255]",0.000,32.0
06/09/2025 11:37:34,06/09/2025,11:37:34,"[0, 161, 0, 0, 0, 253, 1, 64, 255]",0.000,32.0
06/09/2025 11:37:35,06/09/2025,11:37:35,"[0, 161, 0, 0, 0, 253, 1, 64, 255]",0.000,32.0
06/09/2025 11:37:36,06/09/2025,11:37:36,"[0, 161, 0, 0, 0, 253, 1, 64, 255]",0.000,32.0
06/09/2025 11:37:37,06/09/2025,11:37:37,"[0, 161, 0, 0, 0, 253, 1, 63, 255]",0.000,31.9
06/09/2025 11:37:38,06/09/2025,11:37:38,"[0, 161, 0, 0, 0, 253, 1, 65, 255]",0.000,32.1
06/09/2025 11:37:39,06/09/2025,11:37:39,"[0, 161, 0, 0, 0, 253, 1, 64, 255]",0.000,32.0
06/09/2025 11:37:40,06/09/2025,11:37:40,"[0, 161, 0, 0, 0, 253, 1, 62, 255]",0.000,31.8
06/09/2025 11:37:41,06/09/2025,11:37:41,"[0, 161, 0, 0, 0, 253, 1, 65, 255]",0.000,32.1
06/09/2025 11:37:42,06/09/2025,11:37:42,"[0, 161, 0, 0, 0, 253, 1, 66, 255]",0.000,32.2
06/09/2025 11:37:43,06/09/2025,11:37:43,"[0, 161, 0, 0, 0, 253, 1, 64, 255]",0.000,32.0
06/09/2025 11:37:44,06/09/2025,11:37:44,"[0, 161, 0, 0, 0, 253, 1, 63, 255]",0.000,31.9
06/09/2025 11:37:45,06/09/2025,11:37:45,"[0, 161, 0, 0, 0, 253, 1, 66, 255]",0.000,32.2
06/09/2025 11:37:46,06/09/2025,11:37:46,"[0, 161, 0, 0, 0, 253, 1, 64, 255]",0.000,32.0
06/09/2025 11:37:47,06/09/2025,11:37:47,"[0, 161, 0, 0, 0, 253, 1, 65, 255]",0.000,32.1
06/09/2025 11:37:48,06/09/2025,11:37:48,"[0, 161, 0, 0, 0, 253, 1, 64, 255]",0.000,32.0
06/09/2025 11:37:49,06/09/2025,11:37:49,"[0, 161, 0, 0, 0, 253, 1, 66, 255]",0.000,32.2
06/09/2025 11:37:50,06/09/2025,11:37:50,"[0, 161, 0, 0, 0, 253, 1, 65, 255]",0.000,32.1
06/09/2025 11:37:51,06/09/2025,11:37:51,"[0, 161, 0, 0, 0, 253, 1, 65, 255]",0.000,32.1
06/09/2025 11:37:52,06/09/2025,11:37:52,"[0, 161, 0, 0, 0, 253, 1, 65, 255]",0.000,32.1
06/09/2025 11:37:53,06/09/2025,11:37:53,"[0, 161, 0, 0, 0, 253, 1, 65, 255]",0.000,32.1
06/09/2025 11:37:54,06/09/2025,11:37:54,"[0, 161, 0, 0, 0, 253, 1, 66, 255]",0.000,32.2
06/09/2025 11:37:55,06/09/2025,11:37:55,"[0, 161, 0, 0, 0, 253, 1, 63, 255]",0.000,31.9
06/09/2025 11:37:56,06/09/2025,11:37:56,"[0, 161, 0, 0, 0, 253, 1, 65, 255]",0.000,32.1
06/09/2025 11:37:57,06/09/2025,11:37:57,"[0, 161, 0, 0, 0, 253, 1, 65, 255]",0.000,32.1
06/09/2025 11:37:58,06/09/2025,11:37:58,"[0, 161, 0, 0, 0, 253, 1, 64, 255]",0.000,32.0
06/09/2025 11:37:59,06/09/2025,11:37:59,"[0, 161, 0, 0, 0, 253, 1, 64, 255]",0.000,32.0
06/09/2025 11:38:00,06/09/2025,11:38:00,"[0, 161, 0, 0, 0, 253, 1, 65, 255]",0.000,32.1
06/09/2025 11:38:01,06/09/2025,11:38:01,"[0, 161, 0, 0, 0, 253, 1, 65, 255]",0.000,32.1
06/09/2025 11:38:02,06/09/2025,11:38:02,"[0, 161, 0, 0, 0, 253, 1, 66, 255]",0.000,32.2
06/09/2025 11:38:03,06/09/2025,11:38:03,"[0, 161, 0, 0, 0, 253, 1, 64, 255]",0.000,32.0
06/09/2025 11:38:04,06/09/2025,11:38:04,"[0, 161, 0, 0, 0, 253, 1, 65, 255]",0.000,32.1
06/09/2025 11:38:05,06/09/2025,11:38:05,"[0, 161, 0, 0, 0, 253, 1, 64, 255]",0.000,32.0
06/09/2025 11:38:06,06/09/2025,11:38:06,"[0, 161, 0, 0, 0, 253, 1, 63, 255]",0.000,31.9
06/09/2025 11:38:07,06/09/2025,11:38:07,"[0, 161, 0, 0, 0, 253, 1, 66, 255]",0.000,32.2
06/09/2025 11:38:08,06/09/2025,11:38:08,"[0, 161, 0, 0, 0, 253, 1, 65, 255]",0.000,32.1
06/09/2025 11:38:09,06/09/2025,11:38:09,"[0, 161, 0, 0, 0, 253, 1, 64, 255]",0.000,32.0
06/09/2025 11:38:10,06/09/2025,11:38:10,"[0, 161, 0, 0, 0, 253, 1, 65, 255]",0.000,32.1
06/09/2025 11:38:11,06/09/2025,11:38:11,"[0, 161, 0, 0, 0, 253, 1, 68, 255]",0.000,32.4
06/09/2025 11:38:12,06/09/2025,11:38:12,"[0, 161, 0, 0, 0, 253, 1, 67, 255]",0.000,32.3
06/09/2025 11:38:13,06/09/2025,11:38:13,"[0, 161, 0, 0, 0, 253, 1, 64, 255]",0.000,32.0
06/09/2025 11:38:14,06/09/2025,11:38:14,"[0, 161, 0, 0, 0, 253, 1, 64, 255]",0.000,32.0
06/09/2025 11:38:15,06/09/2025,11:38:15,"[0, 161, 0, 0, 0, 253, 1, 64, 255]",0.000,32.0
06/09/2025 11:38:16,06/09/2025,11:38:16,"[0, 161, 0, 0, 0, 253, 1, 65, 255]",0.000,32.1
06/09/2025 11:38:17,06/09/2025,11:38:17,"[0, 161, 0, 0, 0, 253, 1, 64, 255]",0.000,32.0
06/09/2025 11:38:18,06/09/2025,11:38:18,"[0, 161, 0, 0, 0, 253, 1, 64, 255]",0.000,32.0
06/09/2025 11:38:19,06/09/2025,11:38:19,"[0, 161, 0, 0, 0, 253, 1, 65, 255]",0.000,32.1
06/09/2025 11:38:20,06/09/2025,11:38:20,"[0, 161, 0, 0, 0, 253, 1, 66, 255]",0.000,32.2
06/09/2025 11:38:21,06/09/2025,11:38:21,"[0, 161, 0, 0, 0, 253, 1, 66, 255]",0.000,32.2
06/09/2025 11:38:22,06/09/2025,11:38:22,"[0, 161, 0, 0, 0, 253, 1, 65, 255]",0.000,32.1
06/09/2025 11:38:23,06/09/2025,11:38:23,"[0, 161, 0, 0, 0, 253, 1, 66, 255]",0.000,32.2
06/09/2025 11:38:24,06/09/2025,11:38:24,"[0, 161, 0, 0, 0, 253, 1, 65, 255]",0.000,32.1
06/09/2025 11:38:25,06/09/2025,11:38:25,"[0, 161, 0, 0, 0, 253, 1, 66, 255]",0.000,32.2
06/09/2025 11:38:26,06/09/2025,11:38:26,"[0, 161, 0, 0, 0, 253, 1, 66, 255]",0.000,32.2
06/09/2025 11:38:27,06/09/2025,11:38:27,"[0, 161, 0, 0, 0, 253, 1, 66, 255]",0.000,32.2
06/09/2025 11:38:28,06/09/2025,11:38:28,"[0, 161, 0, 0, 0, 253, 1, 67, 255]",0.000,32.3
06/09/2025 11:38:29,06/09/2025,11:38:29,"[0, 161, 0, 0, 0, 253, 1, 67, 255]",0.000,32.3
06/09/2025 11:38:30,06/09/2025,11:38:30,"[0, 161, 0, 0, 0, 253, 1, 66, 255]",0.000,32.2
06/09/2025 11:38:31,06/09/2025,11:38:31,"[0, 161, 0, 0, 0, 253, 1, 65, 255]",0.000,32.1
06/09/2025 11:38:32,06/09/2025,11:38:32,"[0, 161, 0, 0, 0, 253, 1, 65, 255]",0.000,32.1
06/09/2025 11:38:33,06/09/2025,11:38:33,"[0, 161, 0, 0, 0, 253, 1, 66, 255]",0.000,32.2
06/09/2025 11:38:34,06/09/2025,11:38:34,"[0, 161, 0, 0, 0, 253, 1, 65, 255]",0.000,32.1
06/09/2025 11:38:35,06/09/2025,11:38:35,"[0, 161, 0, 0, 0, 253, 1, 65, 255]",0.000,32.1
06/09/2025 11:38:36,06/09/2025,11:38:36,"[0, 161, 0, 0, 0, 253, 1, 64, 255]",0.000,32.0
06/09/2025 11:38:37,06/09/2025,11:38:37,"[0, 161, 0, 0, 0, 253, 1, 65, 255]",0.000,32.1
06/09/2025 11:38:38,06/09/2025,11:38:38,"[0, 161, 0, 0, 0, 253, 1, 68, 255]",0.000,32.4
06/09/2025 11:38:39,06/09/2025,11:38:39,"[0, 161, 0, 0, 0, 253, 1, 68, 255]",0.000,32.4
06/09/2025 11:38:40,06/09/2025,11:38:40,"[0, 161, 0, 0, 0, 253, 1, 65, 255]",0.000,32.1
06/09/2025 11:38:41,06/09/2025,11:38:41,"[0, 161, 0, 0, 0, 253, 1, 65, 255]",0.000,32.1
06/09/2025 11:38:42,06/09/2025,11:38:42,"[0, 161, 0, 0, 0, 253, 1, 63, 255]",0.000,31.9
06/09/2025 11:38:43,06/09/2025,11:38:43,"[0, 161, 0, 0, 0, 253, 1, 65, 255]",0.000,32.1
06/09/2025 11:38:44,06/09/2025,11:38:44,"[0, 161, 0, 0, 0, 253, 1, 65, 255]",0.000,32.1
06/09/2025 11:38:45,06/09/2025,11:38:45,"[0, 161, 0, 0, 0, 253, 1, 65, 255]",0.000,32.1
06/09/2025 11:38:46,06/09/2025,11:38:46,"[0, 161, 0, 0, 0, 253, 1, 66, 255]",0.000,32.2
06/09/2025 11:38:47,06/09/2025,11:38:47,"[0, 161, 0, 0, 0, 253, 1, 65, 255]",0.000,32.1
06/09/2025 11:38:48,06/09/2025,11:38:48,"[0, 161, 0, 0, 0, 253, 1, 66, 255]",0.000,32.2
06/09/2025 11:38:49,06/09/2025,11:38:49,"[0, 161, 0, 0, 0, 253, 1, 65, 255]",0.000,32.1
06/09/2025 11:38:50,06/09/2025,11:38:50,"[0, 161, 0, 0, 0, 253, 1, 66, 255]",0.000,32.2
06/09/2025 11:38:51,06/09/2025,11:38:51,"[0, 161, 0, 0, 0, 253, 1, 66, 255]",0.000,32.2
06/09/2025 11:38:52,06/09/2025,11:38:52,"[0, 161, 0, 0, 0, 253, 1, 66, 255]",0.000,32.2
06/09/2025 11:38:53,06/09/2025,11:38:53,"[0, 161, 0, 0, 0, 253, 1, 65, 255]",0.000,32.1
06/09/2025 11:38:54,06/09/2025,11:38:54,"[0, 161, 0, 0, 0, 253, 1, 67, 255]",0.000,32.3
06/09/2025 11:38:55,06/09/2025,11:38:55,"[0, 161, 0, 0, 0, 253, 1, 66, 255]",0.000,32.2
06/09/2025 11:38:56,06/09/2025,11:38:56,"[0, 161, 0, 0, 0, 253, 1, 67, 255]",0.000,32.3
06/09/2025 11:38:57,06/09/2025,11:38:57,"[0, 161, 0, 0, 0, 253, 1, 64, 255]",0.000,32.0
06/09/2025 11:38:58,06/09/2025,11:38:58,"[0, 161, 0, 0, 0, 253, 1, 66, 255]",0.000,32.2
06/09/2025 11:38:59,06/09/2025,11:38:59,"[0, 161, 0, 0, 0, 253, 1, 65, 255]",0.000,32.1
06/09/2025 11:39:00,06/09/2025,11:39:00,"[0, 161, 0, 0, 0, 253, 1, 65, 255]",0.000,32.1
06/09/2025 11:39:01,06/09/2025,11:39:01,"[0, 161, 0, 0, 0, 253, 1, 65, 255]",0.000,32.1
06/09/2025 11:39:02,06/09/2025,11:39:02,"[0, 161, 0, 0, 0, 253, 1, 65, 255]",0.000,32.1
06/09/2025 11:39:03,06/09/2025,11:39:03,"[0, 161, 0, 0, 0, 253, 1, 63, 255]",0.000,31.9
06/09/2025 11:39:04,06/09/2025,11:39:04,"[0, 161, 0, 0, 0, 253, 1, 65, 255]",0.000,32.1
06/09/2025 11:39:05,06/09/2025,11:39:05,"[0, 161, 0, 0, 0, 253, 1, 66, 255]",0.000,32.2
06/09/2025 11:39:06,06/09/2025,11:39:06,"[0, 161, 0, 0, 0, 253, 1, 64, 255]",0.000,32.0
06/09/2025 11:39:07,06/09/2025,11:39:07,"[0, 161, 0, 0, 0, 253, 1, 66, 255]",0.000,32.2
06/09/2025 11:39:08,06/09/2025,11:39:08,"[0, 161, 0, 0, 0, 253, 1, 64, 255]",0.000,32.0
06/09/2025 11:39:09,06/09/2025,11:39:09,"[0, 161, 0, 0, 0, 253, 1, 66, 255]",0.000,32.2
06/09/2025 11:39:10,06/09/2025,11:39:10,"[0, 161, 0, 0, 0, 253, 1, 65, 255]",0.000,32.1
06/09/2025 11:39:11,06/09/2025,11:39:11,"[0, 161, 0, 0, 0, 253, 1, 66, 255]",0.000,32.2
06/09/2025 11:39:12,06/09/2025,11:39:12,"[0, 161, 0, 0, 0, 253, 1, 65, 255]",0.000,32.1
06/09/2025 11:39:13,06/09/2025,11:39:13,"[0, 161, 0, 0, 0, 253, 1, 66, 255]",0.000,32.2
06/09/2025 11:39:14,06/09/2025,11:39:14,"[0, 161, 0, 0, 0, 253, 1, 65, 255]",0.000,32.1
06/09/2025 11:39:15,06/09/2025,11:39:15,"[0, 161, 0, 0, 0, 253, 1, 66, 255]",0.000,32.2
06/09/2025 11:39:16,06/09/2025,11:39:16,"[0, 161, 0, 0, 0, 253, 1, 67, 255]",0.000,32.3
06/09/2025 11:39:17,06/09/2025,11:39:17,"[0, 161, 0, 0, 0, 253, 1, 67, 255]",0.000,32.3
06/09/2025 11:39:18,06/09/2025,11:39:18,"[0, 161, 0, 0, 0, 253, 1, 65, 255]",0.000,32.1
06/09/2025 11:39:19,06/09/2025,11:39:19,"[0, 161, 0, 0, 0, 253, 1, 65, 255]",0.000,32.1
06/09/2025 11:39:20,06/09/2025,11:39:20,"[0, 161, 0, 0, 0, 253, 1, 65, 255]",0.000,32.1
06/09/2025 11:39:21,06/09/2025,11:39:21,"[0, 161, 0, 0, 0, 253, 1, 65, 255]",0.000,32.1
06/09/2025 11:39:22,06/09/2025,11:39:22,"[0, 161, 0, 0, 0, 253, 1, 65, 255]",0.000,32.1
06/09/2025 11:39:23,06/09/2025,11:39:23,"[0, 161, 0, 0, 0, 253, 1, 65, 255]",0.000,32.1
06/09/2025 11:39:24,06/09/2025,11:39:24,"[0, 161, 0, 0, 0, 253, 1, 66, 255]",0.000,32.2
06/09/2025 11:39:25,06/09/2025,11:39:25,"[0, 161, 0, 0, 0, 253, 1, 65, 255]",0.000,32.1
06/09/2025 11:39:26,06/09/2025,11:39:26,"[0, 161, 0, 0, 0, 253, 1, 65, 255]",0.000,32.1
06/09/2025 11:39:27,06/09/2025,11:39:27,"[0, 161, 0, 0, 0, 253, 1, 64, 255]",0.000,32.0
06/09/2025 11:39:28,06/09/2025,11:39:28,"[0, 161, 0, 0, 0, 253, 1, 65, 255]",0.000,32.1
06/09/2025 11:39:29,06/09/2025,11:39:29,"[0, 161, 0, 0, 0, 253, 1, 65, 255]",0.000,32.1
06/09/2025 11:39:30,06/09/2025,11:39:30,"[0, 161, 0, 0, 0, 253, 1, 67, 255]",0.000,32.3
06/09/2025 11:39:31,06/09/2025,11:39:31,"[0, 161, 0, 0, 0, 253, 1, 66, 255]",0.000,32.2
06/09/2025 11:39:32,06/09/2025,11:39:32,"[0, 161, 0, 0, 0, 253, 1, 67, 255]",0.000,32.3
06/09/2025 11:39:33,06/09/2025,11:39:33,"[0, 161, 0, 0, 0, 253, 1, 66, 255]",0.000,32.2
06/09/2025 11:39:34,06/09/2025,11:39:34,"[0, 161, 0, 0, 0, 253, 1, 63, 255]",0.000,31.9
06/09/2025 11:39:35,06/09/2025,11:39:35,"[0, 161, 0, 0, 0, 253, 1, 65, 255]",0.000,32.1
06/09/2025 11:39:36,06/09/2025,11:39:36,"[0, 161, 0, 0, 0, 253, 1, 65, 255]",0.000,32.1
06/09/2025 11:39:37,06/09/2025,11:39:37,"[0, 161, 0, 0, 0, 253, 1, 64, 255]",0.000,32.0
06/09/2025 11:39:38,06/09/2025,11:39:38,"[0, 161, 0, 0, 0, 253, 1, 66, 255]",0.000,32.2
06/09/2025 11:39:39,06/09/2025,11:39:39,"[0, 161, 0, 0, 0, 253, 1, 64, 255]",0.000,32.0
06/09/2025 11:39:40,06/09/2025,11:39:40,"[0, 161, 0, 0, 0, 253, 1, 64, 255]",0.000,32.0
06/09/2025 11:39:41,06/09/2025,11:39:41,"[0, 161, 0, 0, 0, 253, 1, 64, 255]",0.000,32.0
06/09/2025 11:39:42,06/09/2025,11:39:42,"[0, 161, 0, 0, 0, 253, 1, 66, 255]",0.000,32.2
06/09/2025 11:39:43,06/09/2025,11:39:43,"[0, 161, 0, 0, 0, 253, 1, 67, 255]",0.000,32.3
06/09/2025 11:39:44,06/09/2025,11:39:44,"[0, 161, 0, 0, 0, 253, 1, 65, 255]",0.000,32.1
06/09/2025 11:39:45,06/09/2025,11:39:45,"[0, 161, 0, 0, 0, 253, 1, 64, 255]",0.000,32.0
06/09/2025 11:39:46,06/09/2025,11:39:46,"[0, 161, 0, 0, 0, 253, 1, 65, 255]",0.000,32.1
06/09/2025 11:39:47,06/09/2025,11:39:47,"[0, 161, 0, 0, 0, 253, 1, 66, 255]",0.000,32.2
06/09/2025 11:39:48,06/09/2025,11:39:48,"[0, 161, 0, 0, 0, 253, 1, 67, 255]",0.000,32.3
06/09/2025 11:39:49,06/09/2025,11:39:49,"[0, 161, 0, 0, 0, 253, 1, 64, 255]",0.000,32.0
06/09/2025 11:39:50,06/09/2025,11:39:50,"[0, 161, 0, 0, 0, 253, 1, 66, 255]",0.000,32.2
06/09/2025 11:39:51,06/09/2025,11:39:51,"[0, 161, 0, 0, 0, 253, 1, 66, 255]",0.000,32.2
06/09/2025 11:39:52,06/09/2025,11:39:52,"[0, 161, 0, 0, 0, 253, 1, 64, 255]",0.000,32.0
06/09/2025 11:39:53,06/09/2025,11:39:53,"[0, 161, 0, 0, 0, 253, 1, 65, 255]",0.000,32.1
06/09/2025 11:39:54,06/09/2025,11:39:54,"[0, 161, 0, 0, 0, 253, 1, 68, 255]",0.000,32.4
06/09/2025 11:39:55,06/09/2025,11:39:55,"[0, 161, 0, 0, 0, 253, 1, 66, 255]",0.000,32.2
06/09/2025 11:39:56,06/09/2025,11:39:56,"[0, 161, 0, 0, 0, 253, 1, 65, 255]",0.000,32.1
06/09/2025 11:39:57,06/09/2025,11:39:57,"[0, 161, 0, 0, 0, 253, 1, 65, 255]",0.000,32.1
06/09/2025 11:39:58,06/09/2025,11:39:58,"[0, 161, 0, 0, 0, 253, 1, 66, 255]",0.000,32.2
06/09/2025 11:39:59,06/09/2025,11:39:59,"[0, 161, 0, 0, 0, 253, 1, 66, 255]",0.000,32.2
06/09/2025 11:40:00,06/09/2025,11:40:00,"[0, 161, 0, 0, 0, 253, 1, 65, 255]",0.000,32.1
06/09/2025 11:40:01,06/09/2025,11:40:01,"[0, 161, 0, 0, 0, 253, 1, 66, 255]",0.000,32.2
06/09/2025 11:40:02,06/09/2025,11:40:02,"[0, 161, 0, 0, 0, 253, 1, 66, 255]",0.000,32.2
06/09/2025 11:40:03,06/09/2025,11:40:03,"[0, 161, 0, 0, 0, 253, 1, 65, 255]",0.000,32.1
06/09/2025 11:40:04,06/09/2025,11:40:04,"[0, 161, 0, 0, 0, 253, 1, 67, 255]",0.000,32.3
06/09/2025 11:40:05,06/09/2025,11:40:05,"[0, 161, 0, 0, 0, 253, 1, 67, 255]",0.000,32.3
06/09/2025 11:40:06,06/09/2025,11:40:06,"[0, 161, 0, 0, 0, 253, 1, 65, 255]",0.000,32.1
06/09/2025 11:40:07,06/09/2025,11:40:07,"[0, 161, 0, 0, 0, 253, 1, 66, 255]",0.000,32.2
06/09/2025 11:40:08,06/09/2025,11:40:08,"[0, 161, 0, 0, 0, 253, 1, 64, 255]",0.000,32.0
06/09/2025 11:40:09,06/09/2025,11:40:09,"[0, 161, 0, 0, 0, 253, 1, 66, 255]",0.000,32.2
06/09/2025 11:40:10,06/09/2025,11:40:10,"[0, 161, 0, 0, 0, 253, 1, 66, 255]",0.000,32.2
06/09/2025 11:40:11,06/09/2025,11:40:11,"[0, 161, 0, 0, 0, 253, 1, 66, 255]",0.000,32.2
06/09/2025 11:40:12,06/09/2025,11:40:12,"[0, 161, 0, 0, 0, 253, 1, 65, 255]",0.000,32.1
06/09/2025 11:40:13,06/09/2025,11:40:13,"[0, 161, 0, 0, 0, 253, 1, 66, 255]",0.000,32.2
06/09/2025 11:40:14,06/09/2025,11:40:14,"[0, 161, 0, 0, 0, 253, 1, 65, 255]",0.000,32.1
06/09/2025 11:40:15,06/09/2025,11:40:15,"[0, 161, 0, 0, 0, 253, 1, 66, 255]",0.000,32.2
06/09/2025 11:40:16,06/09/2025,11:40:16,"[0, 161, 0, 0, 0, 253, 1, 66, 255]",0.000,32.2
06/09/2025 11:40:17,06/09/2025,11:40:17,"[0, 161, 0, 0, 0, 253, 1, 67, 255]",0.000,32.3
06/09/2025 11:40:18,06/09/2025,11:40:18,"[0, 161, 0, 0, 0, 253, 1, 65, 255]",0.000,32.1
06/09/2025 11:40:19,06/09/2025,11:40:19,"[0, 161, 0, 0, 0, 253, 1, 67, 255]",0.000,32.3
06/09/2025 11:40:20,06/09/2025,11:40:20,"[0, 161, 0, 0, 0, 253, 1, 66, 255]",0.000,32.2
06/09/2025 11:40:21,06/09/2025,11:40:21,"[0, 161, 0, 0, 0, 253, 1, 66, 255]",0.000,32.2
06/09/2025 11:40:22,06/09/2025,11:40:22,"[0, 161, 0, 0, 0, 253, 1, 67, 255]",0.000,32.3
06/09/2025 11:40:23,06/09/2025,11:40:23,"[0, 161, 0, 0, 0, 253, 1, 67, 255]",0.000,32.3
06/09/2025 11:40:24,06/09/2025,11:40:24,"[0, 161, 0, 0, 0, 253, 1, 65, 255]",0.000,32.1
06/09/2025 11:40:25,06/09/2025,11:40:25,"[0, 161, 0, 0, 0, 253, 1, 67, 255]",0.000,32.3
06/09/2025 11:40:26,06/09/2025,11:40:26,"[0, 161, 0, 0, 0, 253, 1, 66, 255]",0.000,32.2
06/09/2025 11:40:27,06/09/2025,11:40:27,"[0, 161, 0, 0, 0, 253, 1, 66, 255]",0.000,32.2
06/09/2025 11:40:28,06/09/2025,11:40:28,"[0, 161, 0, 0, 0, 253, 1, 66, 255]",0.000,32.2
06/09/2025 11:40:29,06/09/2025,11:40:29,"[0, 161, 0, 0, 0, 253, 1, 66, 255]",0.000,32.2
06/09/2025 11:40:30,06/09/2025,11:40:30,"[0, 161, 0, 0, 0, 253, 1, 67, 255]",0.000,32.3
06/09/2025 11:40:31,06/09/2025,11:40:31,"[0, 161, 0, 0, 0, 253, 1, 66, 255]",0.000,32.2
06/09/2025 11:40:32,06/09/2025,11:40:32,"[0, 161, 0, 0, 0, 253, 1, 65, 255]",0.000,32.1
06/09/2025 11:40:33,06/09/2025,11:40:33,"[0, 161, 0, 0, 0, 253, 1, 66, 255]",0.000,32.2
06/09/2025 11:40:34,06/09/2025,11:40:34,"[0, 161, 0, 0, 0, 253, 1, 66, 255]",0.000,32.2
06/09/2025 11:40:35,06/09/2025,11:40:35,"[0, 161, 0, 0, 0, 253, 1, 66, 255]",0.000,32.2
06/09/2025 11:40:36,06/09/2025,11:40:36,"[0, 161, 0, 0, 0, 253, 1, 66, 255]",0.000,32.2
06/09/2025 11:40:37,06/09/2025,11:40:37,"[0, 161, 0, 0, 0, 253, 1, 66, 255]",0.000,32.2
06/09/2025 11:40:38,06/09/2025,11:40:38,"[0, 161, 0, 0, 0, 253, 1, 68, 255]",0.000,32.4
06/09/2025 11:40:39,06/09/2025,11:40:39,"[0, 161, 0, 0, 0, 253, 1, 66, 255]",0.000,32.2
06/09/2025 11:40:40,06/09/2025,11:40:40,"[0, 161, 0, 0, 0, 253, 1, 67, 255]",0.000,32.3
06/09/2025 11:40:41,06/09/2025,11:40:41,"[0, 161, 0, 0, 0, 253, 1, 66, 255]",0.000,32.2
06/09/2025 11:40:42,06/09/2025,11:40:42,"[0, 161, 0, 0, 0, 253, 1, 66, 255]",0.000,32.2
06/09/2025 11:40:43,06/09/2025,11:40:43,"[0, 161, 0, 0, 0, 253, 1, 66, 255]",0.000,32.2
06/09/2025 11:40:44,06/09/2025,11:40:44,"[0, 161, 0, 0, 0, 253, 1, 66, 255]",0.000,32.2
06/09/2025 11:40:45,06/09/2025,11:40:45,"[0, 161, 0, 0, 0, 253, 1, 66, 255]",0.000,32.2
06/09/2025 11:40:46,06/09/2025,11:40:46,"[0, 161, 0, 1, 139, 253, 1, 68, 255]",0.395,32.4
06/09/2025 11:40:47,06/09/2025,11:40:47,"[0, 161, 0, 1, 144, 253, 1, 67, 255]",0.400,32.3
06/09/2025 11:40:48,06/09/2025,11:40:48,"[0, 161, 0, 1, 144, 253, 1, 67, 255]",0.400,32.3
06/09/2025 11:40:49,06/09/2025,11:40:49,"[0, 161, 0, 1, 43, 253, 1, 66, 255]",0.299,32.2
06/09/2025 11:40:50,06/09/2025,11:40:50,"[0, 161, 0, 1, 209, 253, 1, 66, 255]",0.465,32.2
06/09/2025 11:40:51,06/09/2025,11:40:51,"[0, 161, 0, 1, 55, 253, 1, 65, 255]",0.311,32.1
06/09/2025 11:40:52,06/09/2025,11:40:52,"[0, 161, 0, 1, 55, 253, 1, 67, 255]",0.311,32.3
06/09/2025 11:40:53,06/09/2025,11:40:53,"[0, 161, 0, 1, 119, 253, 1, 65, 255]",0.375,32.1
06/09/2025 11:40:54,06/09/2025,11:40:54,"[0, 161, 0, 0, 181, 253, 1, 63, 255]",0.181,31.9
06/09/2025 11:40:55,06/09/2025,11:40:55,"[0, 161, 0, 1, 153, 253, 1, 65, 255]",0.409,32.1
06/09/2025 11:40:56,06/09/2025,11:40:56,"[0, 161, 0, 1, 153, 253, 1, 64, 255]",0.409,32.0
06/09/2025 11:40:57,06/09/2025,11:40:57,"[0, 161, 0, 1, 110, 253, 1, 65, 255]",0.366,32.1
06/09/2025 11:40:58,06/09/2025,11:40:58,"[0, 161, 0, 0, 136, 253, 1, 64, 255]",0.136,32.0
06/09/2025 11:40:59,06/09/2025,11:40:59,"[0, 161, 0, 0, 122, 253, 1, 65, 255]",0.122,32.1
06/09/2025 11:41:00,06/09/2025,11:41:00,"[0, 161, 0, 0, 122, 253, 1, 64, 255]",0.122,32.0
06/09/2025 11:41:01,06/09/2025,11:41:01,"[0, 161, 0, 3, 217, 253, 1, 63, 255]",0.985,31.9
06/09/2025 11:41:02,06/09/2025,11:41:02,"[0, 161, 0, 2, 123, 253, 1, 63, 255]",0.635,31.9
06/09/2025 11:41:03,06/09/2025,11:41:03,"[0, 161, 0, 1, 7, 253, 1, 64, 255]",0.263,32.0
06/09/2025 11:41:04,06/09/2025,11:41:04,"[0, 161, 0, 0, 204, 253, 1, 65, 255]",0.204,32.1
06/09/2025 11:41:05,06/09/2025,11:41:05,"[0, 161, 0, 0, 204, 253, 1, 65, 255]",0.204,32.1
06/09/2025 11:41:06,06/09/2025,11:41:06,"[0, 161, 0, 0, 136, 253, 1, 64, 255]",0.136,32.0
06/09/2025 11:41:07,06/09/2025,11:41:07,"[0, 161, 0, 1, 200, 253, 1, 65, 255]",0.456,32.1
06/09/2025 11:41:08,06/09/2025,11:41:08,"[0, 161, 0, 4, 129, 253, 1, 66, 255]",1.153,32.2
06/09/2025 11:41:09,06/09/2025,11:41:09,"[0, 161, 0, 4, 129, 253, 1, 63, 255]",1.153,31.9
06/09/2025 11:41:10,06/09/2025,11:41:10,"[0, 161, 0, 1, 162, 253, 1, 63, 255]",0.418,31.9
06/09/2025 11:41:11,06/09/2025,11:41:11,"[0, 161, 0, 0, 55, 253, 1, 63, 255]",0.055,31.9
06/09/2025 11:41:12,06/09/2025,11:41:12,"[0, 161, 0, 0, 173, 253, 1, 63, 255]",0.173,31.9
06/09/2025 11:41:13,06/09/2025,11:41:13,"[0, 161, 0, 0, 173, 253, 1, 65, 255]",0.173,32.1
06/09/2025 11:41:14,06/09/2025,11:41:14,"[0, 161, 0, 1, 128, 253, 1, 63, 255]",0.384,31.9
06/09/2025 11:41:15,06/09/2025,11:41:15,"[0, 161, 0, 2, 29, 253, 1, 65, 255]",0.541,32.1
06/09/2025 11:41:16,06/09/2025,11:41:16,"[0, 161, 0, 0, 215, 253, 1, 64, 255]",0.215,32.0
06/09/2025 11:41:17,06/09/2025,11:41:17,"[0, 161, 0, 0, 215, 253, 1, 64, 255]",0.215,32.0
06/09/2025 11:41:18,06/09/2025,11:41:18,"[0, 161, 0, 0, 180, 253, 1, 63, 255]",0.180,31.9
06/09/2025 11:41:19,06/09/2025,11:41:19,"[0, 161, 0, 0, 137, 253, 1, 65, 255]",0.137,32.1
06/09/2025 11:41:20,06/09/2025,11:41:20,"[0, 161, 0, 0, 6, 253, 1, 63, 255]",0.006,31.9
06/09/2025 11:41:21,06/09/2025,11:41:21,"[0, 161, 0, 0, 6, 253, 1, 64, 255]",0.006,32.0
06/09/2025 11:41:22,06/09/2025,11:41:22,"[0, 161, 0, 2, 194, 253, 1, 64, 255]",0.706,32.0
06/09/2025 11:41:23,06/09/2025,11:41:23,"[0, 161, 0, 2, 81, 253, 1, 61, 255]",0.593,31.7
06/09/2025 11:41:24,06/09/2025,11:41:24,"[0, 161, 0, 1, 138, 253, 1, 62, 255]",0.394,31.8
06/09/2025 11:41:25,06/09/2025,11:41:25,"[0, 161, 0, 0, 208, 253, 1, 63, 255]",0.208,31.9
06/09/2025 11:41:26,06/09/2025,11:41:26,"[0, 161, 0, 0, 208, 253, 1, 63, 255]",0.208,31.9
06/09/2025 11:41:27,06/09/2025,11:41:27,"[0, 161, 0, 4, 32, 253, 1, 62, 255]",1.056,31.8
06/09/2025 11:41:28,06/09/2025,11:41:28,"[0, 161, 0, 3, 15, 253, 1, 63, 255]",0.783,31.9
06/09/2025 11:41:29,06/09/2025,11:41:29,"[0, 161, 0, 0, 128, 253, 1, 60, 255]",0.128,31.6
06/09/2025 11:41:30,06/09/2025,11:41:30,"[0, 161, 0, 0, 128, 253, 1, 61, 255]",0.128,31.7
06/09/2025 11:41:31,06/09/2025,11:41:31,"[0, 161, 0, 0, 72, 253, 1, 62, 255]",0.072,31.8
06/09/2025 11:41:32,06/09/2025,11:41:32,"[0, 161, 0, 0, 0, 253, 1, 63, 255]",0.000,31.9
06/09/2025 11:41:33,06/09/2025,11:41:33,"[0, 161, 0, 0, 0, 253, 1, 62, 255]",0.000,31.8
06/09/2025 11:41:34,06/09/2025,11:41:34,"[0, 161, 0, 0, 0, 253, 1, 64, 255]",0.000,32.0
06/09/2025 11:41:35,06/09/2025,11:41:35,"[0, 161, 0, 1, 69, 253, 1, 63, 255]",0.325,31.9
06/09/2025 11:41:36,06/09/2025,11:41:36,"[0, 161, 0, 3, 118, 253, 1, 61, 255]",0.886,31.7
06/09/2025 11:41:37,06/09/2025,11:41:37,"[0, 161, 0, 3, 32, 253, 1, 61, 255]",0.800,31.7
06/09/2025 11:41:38,06/09/2025,11:41:38,"[0, 161, 0, 3, 32, 253, 1, 60, 255]",0.800,31.6
06/09/2025 11:41:39,06/09/2025,11:41:39,"[0, 161, 0, 0, 254, 253, 1, 63, 255]",0.254,31.9
06/09/2025 11:41:40,06/09/2025,11:41:40,"[0, 161, 0, 1, 252, 253, 1, 63, 255]",0.508,31.9
06/09/2025 11:41:41,06/09/2025,11:41:41,"[0, 161, 0, 2, 169, 253, 1, 60, 255]",0.681,31.6
06/09/2025 11:41:42,06/09/2025,11:41:42,"[0, 161, 0, 2, 169, 253, 1, 62, 255]",0.681,31.8
06/09/2025 11:41:43,06/09/2025,11:41:43,"[0, 161, 0, 1, 149, 253, 1, 62, 255]",0.405,31.8
06/09/2025 11:41:44,06/09/2025,11:41:44,"[0, 161, 0, 1, 178, 253, 1, 62, 255]",0.434,31.8
06/09/2025 11:41:45,06/09/2025,11:41:45,"[0, 161, 0, 1, 179, 253, 1, 63, 255]",0.435,31.9
06/09/2025 11:41:46,06/09/2025,11:41:46,"[0, 161, 0, 1, 18, 253, 1, 63, 255]",0.274,31.9
06/09/2025 11:41:47,06/09/2025,11:41:47,"[0, 161, 0, 1, 18, 253, 1, 61, 255]",0.274,31.7
06/09/2025 11:41:48,06/09/2025,11:41:48,"[0, 161, 0, 0, 79, 253, 1, 59, 255]",0.079,31.5
06/09/2025 11:41:49,06/09/2025,11:41:49,"[0, 161, 0, 1, 119, 253, 1, 61, 255]",0.375,31.7
06/09/2025 11:41:50,06/09/2025,11:41:50,"[0, 161, 0, 3, 93, 253, 1, 62, 255]",0.861,31.8
06/09/2025 11:41:51,06/09/2025,11:41:51,"[0, 161, 0, 3, 93, 253, 1, 59, 255]",0.861,31.5
06/09/2025 11:41:52,06/09/2025,11:41:52,"[0, 161, 0, 1, 133, 253, 1, 60, 255]",0.389,31.6
06/09/2025 11:41:53,06/09/2025,11:41:53,"[0, 161, 0, 2, 59, 253, 1, 62, 255]",0.571,31.8
06/09/2025 11:41:54,06/09/2025,11:41:54,"[0, 161, 0, 4, 236, 253, 1, 60, 255]",1.260,31.6
06/09/2025 11:41:55,06/09/2025,11:41:55,"[0, 161, 0, 4, 236, 253, 1, 60, 255]",1.260,31.6
06/09/2025 11:41:56,06/09/2025,11:41:56,"[0, 161, 0, 1, 208, 253, 1, 61, 255]",0.464,31.7
06/09/2025 11:41:57,06/09/2025,11:41:57,"[0, 161, 0, 1, 104, 253, 1, 60, 255]",0.360,31.6
06/09/2025 11:41:58,06/09/2025,11:41:58,"[0, 161, 0, 0, 210, 253, 1, 61, 255]",0.210,31.7
06/09/2025 11:41:59,06/09/2025,11:41:59,"[0, 161, 0, 0, 210, 253, 1, 60, 255]",0.210,31.6
06/09/2025 11:42:00,06/09/2025,11:42:00,"[0, 161, 0, 0, 49, 253, 1, 60, 255]",0.049,31.6
06/09/2025 11:42:01,06/09/2025,11:42:01,"[0, 161, 0, 0, 138, 253, 1, 61, 255]",0.138,31.7
06/09/2025 11:42:02,06/09/2025,11:42:02,"[0, 161, 0, 2, 145, 253, 1, 60, 255]",0.657,31.6
06/09/2025 11:42:03,06/09/2025,11:42:03,"[0, 161, 0, 2, 145, 253, 1, 61, 255]",0.657,31.7
06/09/2025 11:42:04,06/09/2025,11:42:04,"[0, 161, 0, 2, 185, 253, 1, 61, 255]",0.697,31.7
06/09/2025 11:42:05,06/09/2025,11:42:05,"[0, 161, 0, 1, 115, 253, 1, 60, 255]",0.371,31.6
06/09/2025 11:42:06,06/09/2025,11:42:06,"[0, 161, 0, 1, 82, 253, 1, 59, 255]",0.338,31.5
06/09/2025 11:42:07,06/09/2025,11:42:07,"[0, 161, 0, 3, 130, 253, 1, 59, 255]",0.898,31.5
06/09/2025 11:42:08,06/09/2025,11:42:08,"[0, 161, 0, 3, 130, 253, 1, 61, 255]",0.898,31.7
06/09/2025 11:42:09,06/09/2025,11:42:09,"[0, 161, 0, 3, 1, 253, 1, 61, 255]",0.769,31.7
06/09/2025 11:42:10,06/09/2025,11:42:10,"[0, 161, 0, 1, 102, 253, 1, 59, 255]",0.358,31.5
06/09/2025 11:42:11,06/09/2025,11:42:11,"[0, 161, 0, 1, 11, 253, 1, 59, 255]",0.267,31.5
06/09/2025 11:42:12,06/09/2025,11:42:12,"[0, 161, 0, 1, 11, 253, 1, 58, 255]",0.267,31.4
06/09/2025 11:42:13,06/09/2025,11:42:13,"[0, 161, 0, 0, 194, 253, 1, 60, 255]",0.194,31.6
06/09/2025 11:42:14,06/09/2025,11:42:14,"[0, 161, 0, 0, 177, 253, 1, 61, 255]",0.177,31.7
06/09/2025 11:42:15,06/09/2025,11:42:15,"[0, 161, 0, 2, 234, 253, 1, 60, 255]",0.746,31.6
06/09/2025 11:42:16,06/09/2025,11:42:16,"[0, 161, 0, 2, 234, 253, 1, 60, 255]",0.746,31.6
06/09/2025 11:42:17,06/09/2025,11:42:17,"[0, 161, 0, 2, 195, 253, 1, 60, 255]",0.707,31.6
06/09/2025 11:42:18,06/09/2025,11:42:18,"[0, 161, 0, 2, 24, 253, 1, 59, 255]",0.536,31.5
06/09/2025 11:42:19,06/09/2025,11:42:19,"[0, 161, 0, 0, 0, 253, 1, 58, 255]",0.000,31.4
06/09/2025 11:42:20,06/09/2025,11:42:20,"[0, 161, 0, 0, 0, 253, 1, 60, 255]",0.000,31.6
06/09/2025 11:42:21,06/09/2025,11:42:21,"[0, 161, 0, 2, 9, 253, 1, 60, 255]",0.521,31.6
06/09/2025 11:42:22,06/09/2025,11:42:22,"[0, 161, 0, 3, 217, 253, 1, 57, 255]",0.985,31.3
06/09/2025 11:42:23,06/09/2025,11:42:23,"[0, 161, 0, 2, 82, 253, 1, 58, 255]",0.594,31.4
06/09/2025 11:42:24,06/09/2025,11:42:24,"[0, 161, 0, 2, 82, 253, 1, 59, 255]",0.594,31.5
06/09/2025 11:42:25,06/09/2025,11:42:25,"[0, 161, 0, 0, 253, 253, 1, 59, 255]",0.253,31.5
06/09/2025 11:42:26,06/09/2025,11:42:26,"[0, 161, 0, 0, 235, 253, 1, 60, 255]",0.235,31.6
06/09/2025 11:42:27,06/09/2025,11:42:27,"[0, 161, 0, 0, 246, 253, 1, 58, 255]",0.246,31.4
06/09/2025 11:42:28,06/09/2025,11:42:28,"[0, 161, 0, 1, 55, 253, 1, 58, 255]",0.311,31.4
06/09/2025 11:42:29,06/09/2025,11:42:29,"[0, 161, 0, 1, 55, 253, 1, 59, 255]",0.311,31.5
06/09/2025 11:42:30,06/09/2025,11:42:30,"[0, 161, 0, 1, 169, 253, 1, 59, 255]",0.425,31.5
06/09/2025 11:42:31,06/09/2025,11:42:31,"[0, 161, 0, 2, 218, 253, 1, 58, 255]",0.730,31.4
06/09/2025 11:42:32,06/09/2025,11:42:32,"[0, 161, 0, 2, 19, 253, 1, 59, 255]",0.531,31.5
06/09/2025 11:42:33,06/09/2025,11:42:33,"[0, 161, 0, 2, 19, 253, 1, 58, 255]",0.531,31.4
06/09/2025 11:42:34,06/09/2025,11:42:34,"[0, 161, 0, 3, 225, 253, 1, 59, 255]",0.993,31.5
06/09/2025 11:42:35,06/09/2025,11:42:35,"[0, 161, 0, 4, 118, 253, 1, 59, 255]",1.142,31.5
06/09/2025 11:42:36,06/09/2025,11:42:36,"[0, 161, 0, 2, 44, 253, 1, 59, 255]",0.556,31.5
06/09/2025 11:42:37,06/09/2025,11:42:37,"[0, 161, 0, 2, 44, 253, 1, 57, 255]",0.556,31.3
06/09/2025 11:42:38,06/09/2025,11:42:38,"[0, 161, 0, 0, 134, 253, 1, 58, 255]",0.134,31.4
06/09/2025 11:42:39,06/09/2025,11:42:39,"[0, 161, 0, 0, 46, 253, 1, 57, 255]",0.046,31.3
06/09/2025 11:42:40,06/09/2025,11:42:40,"[0, 161, 0, 0, 175, 253, 1, 59, 255]",0.175,31.5
06/09/2025 11:42:41,06/09/2025,11:42:41,"[0, 161, 0, 0, 175, 253, 1, 59, 255]",0.175,31.5
06/09/2025 11:42:42,06/09/2025,11:42:42,"[0, 161, 0, 1, 254, 253, 1, 59, 255]",0.510,31.5
06/09/2025 11:42:43,06/09/2025,11:42:43,"[0, 161, 0, 4, 76, 253, 1, 59, 255]",1.100,31.5
06/09/2025 11:42:44,06/09/2025,11:42:44,"[0, 161, 0, 1, 157, 253, 1, 58, 255]",0.413,31.4
06/09/2025 11:42:45,06/09/2025,11:42:45,"[0, 161, 0, 1, 157, 253, 1, 56, 255]",0.413,31.2
06/09/2025 11:42:46,06/09/2025,11:42:46,"[0, 161, 0, 1, 82, 253, 1, 58, 255]",0.338,31.4
06/09/2025 11:42:47,06/09/2025,11:42:47,"[0, 161, 0, 2, 232, 253, 1, 60, 255]",0.744,31.6
06/09/2025 11:42:48,06/09/2025,11:42:48,"[0, 161, 0, 4, 241, 253, 1, 58, 255]",1.265,31.4
06/09/2025 11:42:49,06/09/2025,11:42:49,"[0, 161, 0, 1, 11, 253, 1, 58, 255]",0.267,31.4
06/09/2025 11:42:50,06/09/2025,11:42:50,"[0, 161, 0, 1, 11, 253, 1, 57, 255]",0.267,31.3
06/09/2025 11:42:51,06/09/2025,11:42:51,"[0, 161, 0, 1, 227, 253, 1, 60, 255]",0.483,31.6
06/09/2025 11:42:52,06/09/2025,11:42:52,"[0, 161, 0, 1, 173, 253, 1, 59, 255]",0.429,31.5
06/09/2025 11:42:53,06/09/2025,11:42:53,"[0, 161, 0, 0, 177, 253, 1, 58, 255]",0.177,31.4
06/09/2025 11:42:54,06/09/2025,11:42:54,"[0, 161, 0, 0, 177, 253, 1, 57, 255]",0.177,31.3
06/09/2025 11:42:55,06/09/2025,11:42:55,"[0, 161, 0, 0, 142, 253, 1, 58, 255]",0.142,31.4
06/09/2025 11:42:56,06/09/2025,11:42:56,"[0, 161, 0, 3, 174, 253, 1, 57, 255]",0.942,31.3
06/09/2025 11:42:57,06/09/2025,11:42:57,"[0, 161, 0, 2, 118, 253, 1, 57, 255]",0.630,31.3
06/09/2025 11:42:58,06/09/2025,11:42:58,"[0, 161, 0, 2, 118, 253, 1, 56, 255]",0.630,31.2
06/09/2025 11:42:59,06/09/2025,11:42:59,"[0, 161, 0, 1, 122, 253, 1, 57, 255]",0.378,31.3
06/09/2025 11:43:00,06/09/2025,11:43:00,"[0, 161, 0, 0, 110, 253, 1, 54, 255]",0.110,31.0
06/09/2025 11:43:01,06/09/2025,11:43:01,"[0, 161, 0, 3, 181, 253, 1, 57, 255]",0.949,31.3
06/09/2025 11:43:02,06/09/2025,11:43:02,"[0, 161, 0, 3, 181, 253, 1, 58, 255]",0.949,31.4
06/09/2025 11:43:03,06/09/2025,11:43:03,"[0, 161, 0, 2, 255, 253, 1, 55, 255]",0.767,31.1
06/09/2025 11:43:04,06/09/2025,11:43:04,"[0, 161, 0, 1, 213, 253, 1, 58, 255]",0.469,31.4
06/09/2025 11:43:05,06/09/2025,11:43:05,"[0, 161, 0, 0, 0, 253, 1, 57, 255]",0.000,31.3
06/09/2025 11:43:06,06/09/2025,11:43:06,"[0, 161, 0, 0, 0, 253, 1, 58, 255]",0.000,31.4
06/09/2025 11:43:07,06/09/2025,11:43:07,"[0, 161, 0, 0, 0, 253, 1, 56, 255]",0.000,31.2
06/09/2025 11:43:08,06/09/2025,11:43:08,"[0, 161, 0, 0, 0, 253, 1, 57, 255]",0.000,31.3
06/09/2025 11:43:09,06/09/2025,11:43:09,"[0, 161, 0, 1, 204, 253, 1, 58, 255]",0.460,31.4
06/09/2025 11:43:10,06/09/2025,11:43:10,"[0, 161, 0, 0, 246, 253, 1, 58, 255]",0.246,31.4
06/09/2025 11:43:11,06/09/2025,11:43:11,"[0, 161, 0, 0, 246, 253, 1, 57, 255]",0.246,31.3
06/09/2025 11:43:12,06/09/2025,11:43:12,"[0, 161, 0, 0, 156, 253, 1, 56, 255]",0.156,31.2
06/09/2025 11:43:13,06/09/2025,11:43:13,"[0, 161, 0, 0, 171, 253, 1, 57, 255]",0.171,31.3
06/09/2025 11:43:14,06/09/2025,11:43:14,"[0, 161, 0, 2, 134, 253, 1, 57, 255]",0.646,31.3
06/09/2025 11:43:15,06/09/2025,11:43:15,"[0, 161, 0, 2, 134, 253, 1, 56, 255]",0.646,31.2
06/09/2025 11:43:16,06/09/2025,11:43:16,"[0, 161, 0, 3, 228, 253, 1, 58, 255]",0.996,31.4
06/09/2025 11:43:17,06/09/2025,11:43:17,"[0, 161, 0, 1, 114, 253, 1, 56, 255]",0.370,31.2
06/09/2025 11:43:18,06/09/2025,11:43:18,"[0, 161, 0, 1, 114, 253, 1, 56, 255]",0.370,31.2
06/09/2025 11:43:19,06/09/2025,11:43:19,"[0, 161, 0, 1, 114, 253, 1, 55, 255]",0.370,31.1
06/09/2025 11:43:20,06/09/2025,11:43:20,"[0, 161, 0, 0, 64, 253, 1, 56, 255]",0.064,31.2
06/09/2025 11:43:21,06/09/2025,11:43:21,"[0, 161, 0, 0, 60, 253, 1, 57, 255]",0.060,31.3
06/09/2025 11:43:22,06/09/2025,11:43:22,"[0, 161, 0, 0, 144, 253, 1, 56, 255]",0.144,31.2
06/09/2025 11:43:23,06/09/2025,11:43:23,"[0, 161, 0, 0, 144, 253, 1, 57, 255]",0.144,31.3
06/09/2025 11:43:24,06/09/2025,11:43:24,"[0, 161, 0, 3, 12, 253, 1, 56, 255]",0.780,31.2
06/09/2025 11:43:25,06/09/2025,11:43:25,"[0, 161, 0, 0, 218, 253, 1, 55, 255]",0.218,31.1
06/09/2025 11:43:26,06/09/2025,11:43:26,"[0, 161, 0, 0, 132, 253, 1, 57, 255]",0.132,31.3
06/09/2025 11:43:27,06/09/2025,11:43:27,"[0, 161, 0, 0, 132, 253, 1, 55, 255]",0.132,31.1
06/09/2025 11:43:28,06/09/2025,11:43:28,"[0, 161, 0, 1, 63, 253, 1, 57, 255]",0.319,31.3
06/09/2025 11:43:29,06/09/2025,11:43:29,"[0, 161, 0, 4, 103, 253, 1, 57, 255]",1.127,31.3
06/09/2025 11:43:30,06/09/2025,11:43:30,"[0, 161, 0, 2, 175, 253, 1, 56, 255]",0.687,31.2
06/09/2025 11:43:31,06/09/2025,11:43:31,"[0, 161, 0, 1, 0, 253, 1, 56, 255]",0.256,31.2
06/09/2025 11:43:32,06/09/2025,11:43:32,"[0, 161, 0, 1, 0, 253, 1, 55, 255]",0.256,31.1
06/09/2025 11:43:33,06/09/2025,11:43:33,"[0, 161, 0, 0, 162, 253, 1, 55, 255]",0.162,31.1
06/09/2025 11:43:34,06/09/2025,11:43:34,"[0, 161, 0, 0, 143, 253, 1, 56, 255]",0.143,31.2
06/09/2025 11:43:35,06/09/2025,11:43:35,"[0, 161, 0, 1, 30, 253, 1, 55, 255]",0.286,31.1
06/09/2025 11:43:36,06/09/2025,11:43:36,"[0, 161, 0, 1, 30, 253, 1, 56, 255]",0.286,31.2
06/09/2025 11:43:37,06/09/2025,11:43:37,"[0, 161, 0, 2, 202, 253, 1, 58, 255]",0.714,31.4
06/09/2025 11:43:38,06/09/2025,11:43:38,"[0, 161, 0, 1, 31, 253, 1, 56, 255]",0.287,31.2
06/09/2025 11:43:39,06/09/2025,11:43:39,"[0, 161, 0, 2, 229, 253, 1, 56, 255]",0.741,31.2
06/09/2025 11:43:40,06/09/2025,11:43:40,"[0, 161, 0, 2, 229, 253, 1, 56, 255]",0.741,31.2
06/09/2025 11:43:41,06/09/2025,11:43:41,"[0, 161, 0, 2, 136, 253, 1, 56, 255]",0.648,31.2
06/09/2025 11:43:42,06/09/2025,11:43:42,"[0, 161, 0, 3, 224, 253, 1, 56, 255]",0.992,31.2
06/09/2025 11:43:43,06/09/2025,11:43:43,"[0, 161, 0, 2, 42, 253, 1, 55, 255]",0.554,31.1
06/09/2025 11:43:44,06/09/2025,11:43:44,"[0, 161, 0, 2, 42, 253, 1, 56, 255]",0.554,31.2
06/09/2025 11:43:45,06/09/2025,11:43:45,"[0, 161, 0, 0, 185, 253, 1, 57, 255]",0.185,31.3
06/09/2025 11:43:46,06/09/2025,11:43:46,"[0, 161, 0, 1, 22, 253, 1, 57, 255]",0.278,31.3
06/09/2025 11:43:47,06/09/2025,11:43:47,"[0, 161, 0, 0, 187, 253, 1, 56, 255]",0.187,31.2
06/09/2025 11:43:48,06/09/2025,11:43:48,"[0, 161, 0, 0, 187, 253, 1, 55, 255]",0.187,31.1
06/09/2025 11:43:49,06/09/2025,11:43:49,"[0, 161, 0, 0, 205, 253, 1, 57, 255]",0.205,31.3
06/09/2025 11:43:50,06/09/2025,11:43:50,"[0, 161, 0, 2, 197, 253, 1, 55, 255]",0.709,31.1
06/09/2025 11:43:51,06/09/2025,11:43:51,"[0, 161, 0, 1, 195, 253, 1, 55, 255]",0.451,31.1
06/09/2025 11:43:52,06/09/2025,11:43:52,"[0, 161, 0, 1, 122, 253, 1, 55, 255]",0.378,31.1
06/09/2025 11:43:53,06/09/2025,11:43:53,"[0, 161, 0, 1, 122, 253, 1, 56, 255]",0.378,31.2
06/09/2025 11:43:54,06/09/2025,11:43:54,"[0, 161, 0, 0, 239, 253, 1, 56, 255]",0.239,31.2
06/09/2025 11:43:55,06/09/2025,11:43:55,"[0, 161, 0, 1, 128, 253, 1, 55, 255]",0.384,31.1
06/09/2025 11:43:56,06/09/2025,11:43:56,"[0, 161, 0, 2, 106, 253, 1, 57, 255]",0.618,31.3
06/09/2025 11:43:57,06/09/2025,11:43:57,"[0, 161, 0, 2, 106, 253, 1, 55, 255]",0.618,31.1
06/09/2025 11:43:58,06/09/2025,11:43:58,"[0, 161, 0, 0, 210, 253, 1, 56, 255]",0.210,31.2
06/09/2025 11:43:59,06/09/2025,11:43:59,"[0, 161, 0, 0, 60, 253, 1, 56, 255]",0.060,31.2
06/09/2025 11:44:00,06/09/2025,11:44:00,"[0, 161, 0, 1, 189, 253, 1, 55, 255]",0.445,31.1
06/09/2025 11:44:01,06/09/2025,11:44:01,"[0, 161, 0, 1, 189, 253, 1, 57, 255]",0.445,31.3
06/09/2025 11:44:02,06/09/2025,11:44:02,"[0, 161, 0, 0, 166, 253, 1, 56, 255]",0.166,31.2
06/09/2025 11:44:03,06/09/2025,11:44:03,"[0, 161, 0, 1, 63, 253, 1, 57, 255]",0.319,31.3
06/09/2025 11:44:04,06/09/2025,11:44:04,"[0, 161, 0, 3, 181, 253, 1, 57, 255]",0.949,31.3
06/09/2025 11:44:05,06/09/2025,11:44:05,"[0, 161, 0, 3, 181, 253, 1, 55, 255]",0.949,31.1
06/09/2025 11:44:06,06/09/2025,11:44:06,"[0, 161, 0, 2, 8, 253, 1, 54, 255]",0.520,31.0
06/09/2025 11:44:07,06/09/2025,11:44:07,"[0, 161, 0, 0, 0, 253, 1, 56, 255]",0.000,31.2
06/09/2025 11:44:08,06/09/2025,11:44:08,"[0, 161, 0, 0, 0, 253, 1, 55, 255]",0.000,31.1
06/09/2025 11:44:09,06/09/2025,11:44:09,"[0, 161, 0, 0, 0, 253, 1, 55, 255]",0.000,31.1
06/09/2025 11:44:10,06/09/2025,11:44:10,"[0, 161, 0, 3, 88, 253, 1, 56, 255]",0.856,31.2
06/09/2025 11:44:11,06/09/2025,11:44:11,"[0, 161, 0, 2, 227, 253, 1, 55, 255]",0.739,31.1
06/09/2025 11:44:12,06/09/2025,11:44:12,"[0, 161, 0, 1, 8, 253, 1, 56, 255]",0.264,31.2
06/09/2025 11:44:13,06/09/2025,11:44:13,"[0, 161, 0, 0, 188, 253, 1, 56, 255]",0.188,31.2
06/09/2025 11:44:14,06/09/2025,11:44:14,"[0, 161, 0, 0, 188, 253, 1, 56, 255]",0.188,31.2
06/09/2025 11:44:15,06/09/2025,11:44:15,"[0, 161, 0, 0, 54, 253, 1, 55, 255]",0.054,31.1
06/09/2025 11:44:16,06/09/2025,11:44:16,"[0, 161, 0, 0, 0, 253, 1, 55, 255]",0.000,31.1
06/09/2025 11:44:17,06/09/2025,11:44:17,"[0, 161, 0, 0, 55, 253, 1, 56, 255]",0.055,31.2
06/09/2025 11:44:18,06/09/2025,11:44:18,"[0, 161, 0, 0, 55, 253, 1, 58, 255]",0.055,31.4
06/09/2025 11:44:19,06/09/2025,11:44:19,"[0, 161, 0, 2, 214, 253, 1, 56, 255]",0.726,31.2
06/09/2025 11:44:20,06/09/2025,11:44:20,"[0, 161, 0, 1, 69, 253, 1, 56, 255]",0.325,31.2
06/09/2025 11:44:21,06/09/2025,11:44:21,"[0, 161, 0, 0, 248, 253, 1, 58, 255]",0.248,31.4
06/09/2025 11:44:22,06/09/2025,11:44:22,"[0, 161, 0, 0, 248, 253, 1, 57, 255]",0.248,31.3
06/09/2025 11:44:23,06/09/2025,11:44:23,"[0, 161, 0, 1, 89, 253, 1, 57, 255]",0.345,31.3
06/09/2025 11:44:24,06/09/2025,11:44:24,"[0, 161, 0, 4, 55, 253, 1, 55, 255]",1.079,31.1
06/09/2025 11:44:25,06/09/2025,11:44:25,"[0, 161, 0, 2, 23, 253, 1, 55, 255]",0.535,31.1
06/09/2025 11:44:26,06/09/2025,11:44:26,"[0, 161, 0, 2, 23, 253, 1, 54, 255]",0.535,31.0
06/09/2025 11:44:27,06/09/2025,11:44:27,"[0, 161, 0, 1, 27, 253, 1, 56, 255]",0.283,31.2
06/09/2025 11:44:28,06/09/2025,11:44:28,"[0, 161, 0, 1, 231, 253, 1, 56, 255]",0.487,31.2
06/09/2025 11:44:29,06/09/2025,11:44:29,"[0, 161, 0, 0, 240, 253, 1, 55, 255]",0.240,31.1
06/09/2025 11:44:30,06/09/2025,11:44:30,"[0, 161, 0, 0, 240, 253, 1, 55, 255]",0.240,31.1
06/09/2025 11:44:31,06/09/2025,11:44:31,"[0, 161, 0, 1, 145, 253, 1, 54, 255]",0.401,31.0
06/09/2025 11:44:32,06/09/2025,11:44:32,"[0, 161, 0, 2, 55, 253, 1, 55, 255]",0.567,31.1
06/09/2025 11:44:33,06/09/2025,11:44:33,"[0, 161, 0, 2, 36, 253, 1, 56, 255]",0.548,31.2
06/09/2025 11:44:34,06/09/2025,11:44:34,"[0, 161, 0, 1, 121, 253, 1, 56, 255]",0.377,31.2
06/09/2025 11:44:35,06/09/2025,11:44:35,"[0, 161, 0, 1, 121, 253, 1, 55, 255]",0.377,31.1
06/09/2025 11:44:36,06/09/2025,11:44:36,"[0, 161, 0, 0, 190, 253, 1, 54, 255]",0.190,31.0
06/09/2025 11:44:37,06/09/2025,11:44:37,"[0, 161, 0, 2, 241, 253, 1, 56, 255]",0.753,31.2
06/09/2025 11:44:38,06/09/2025,11:44:38,"[0, 161, 0, 2, 44, 253, 1, 54, 255]",0.556,31.0
06/09/2025 11:44:39,06/09/2025,11:44:39,"[0, 161, 0, 2, 44, 253, 1, 55, 255]",0.556,31.1
06/09/2025 11:44:40,06/09/2025,11:44:40,"[0, 161, 0, 0, 114, 253, 1, 53, 255]",0.114,30.9
06/09/2025 11:44:41,06/09/2025,11:44:41,"[0, 161, 0, 0, 243, 253, 1, 55, 255]",0.243,31.1
06/09/2025 11:44:42,06/09/2025,11:44:42,"[0, 161, 0, 0, 243, 253, 1, 56, 255]",0.243,31.2
06/09/2025 11:44:43,06/09/2025,11:44:43,"[0, 161, 0, 0, 243, 253, 1, 56, 255]",0.243,31.2
06/09/2025 11:44:44,06/09/2025,11:44:44,"[0, 161, 0, 1, 21, 253, 1, 57, 255]",0.277,31.3
06/09/2025 11:44:45,06/09/2025,11:44:45,"[0, 161, 0, 5, 187, 253, 1, 57, 255]",1.467,31.3
06/09/2025 11:44:46,06/09/2025,11:44:46,"[0, 161, 0, 2, 28, 253, 1, 55, 255]",0.540,31.1
06/09/2025 11:44:47,06/09/2025,11:44:47,"[0, 161, 0, 2, 28, 253, 1, 56, 255]",0.540,31.2
06/09/2025 11:44:48,06/09/2025,11:44:48,"[0, 161, 0, 2, 14, 253, 1, 56, 255]",0.526,31.2
06/09/2025 11:44:49,06/09/2025,11:44:49,"[0, 161, 0, 1, 145, 253, 1, 54, 255]",0.401,31.0
06/09/2025 11:44:50,06/09/2025,11:44:50,"[0, 161, 0, 2, 192, 253, 1, 56, 255]",0.704,31.2
06/09/2025 11:44:51,06/09/2025,11:44:51,"[0, 161, 0, 2, 192, 253, 1, 55, 255]",0.704,31.1
06/09/2025 11:44:52,06/09/2025,11:44:52,"[0, 161, 0, 3, 137, 253, 1, 54, 255]",0.905,31.0
06/09/2025 11:44:53,06/09/2025,11:44:53,"[0, 161, 0, 1, 61, 253, 1, 55, 255]",0.317,31.1
06/09/2025 11:44:54,06/09/2025,11:44:54,"[0, 161, 0, 1, 121, 253, 1, 54, 255]",0.377,31.0
06/09/2025 11:44:55,06/09/2025,11:44:55,"[0, 161, 0, 1, 121, 253, 1, 54, 255]",0.377,31.0
06/09/2025 11:44:56,06/09/2025,11:44:56,"[0, 161, 0, 0, 53, 253, 1, 53, 255]",0.053,30.9
06/09/2025 11:44:57,06/09/2025,11:44:57,"[0, 161, 0, 0, 155, 253, 1, 55, 255]",0.155,31.1
06/09/2025 11:44:58,06/09/2025,11:44:58,"[0, 161, 0, 3, 74, 253, 1, 56, 255]",0.842,31.2
06/09/2025 11:44:59,06/09/2025,11:44:59,"[0, 161, 0, 2, 248, 253, 1, 54, 255]",0.760,31.0
06/09/2025 11:45:00,06/09/2025,11:45:00,"[0, 161, 0, 2, 248, 253, 1, 56, 255]",0.760,31.2
06/09/2025 11:45:01,06/09/2025,11:45:01,"[0, 161, 0, 2, 44, 253, 1, 55, 255]",0.556,31.1
06/09/2025 11:45:02,06/09/2025,11:45:02,"[0, 161, 0, 0, 180, 253, 1, 53, 255]",0.180,30.9
06/09/2025 11:45:03,06/09/2025,11:45:03,"[0, 161, 0, 1, 36, 253, 1, 52, 255]",0.292,30.8
06/09/2025 11:45:04,06/09/2025,11:45:04,"[0, 161, 0, 1, 36, 253, 1, 54, 255]",0.292,31.0
06/09/2025 11:45:05,06/09/2025,11:45:05,"[0, 161, 0, 4, 123, 253, 1, 53, 255]",1.147,30.9
06/09/2025 11:45:06,06/09/2025,11:45:06,"[0, 161, 0, 2, 48, 253, 1, 54, 255]",0.560,31.0
06/09/2025 11:45:07,06/09/2025,11:45:07,"[0, 161, 0, 0, 253, 253, 1, 53, 255]",0.253,30.9
06/09/2025 11:45:08,06/09/2025,11:45:08,"[0, 161, 0, 0, 253, 253, 1, 54, 255]",0.253,31.0
06/09/2025 11:45:09,06/09/2025,11:45:09,"[0, 161, 0, 0, 170, 253, 1, 56, 255]",0.170,31.2
06/09/2025 11:45:10,06/09/2025,11:45:10,"[0, 161, 0, 1, 156, 253, 1, 53, 255]",0.412,30.9
06/09/2025 11:45:11,06/09/2025,11:45:11,"[0, 161, 0, 0, 122, 253, 1, 56, 255]",0.122,31.2
06/09/2025 11:45:12,06/09/2025,11:45:12,"[0, 161, 0, 0, 122, 253, 1, 54, 255]",0.122,31.0
06/09/2025 11:45:13,06/09/2025,11:45:13,"[0, 161, 0, 1, 152, 253, 1, 54, 255]",0.408,31.0
06/09/2025 11:45:14,06/09/2025,11:45:14,"[0, 161, 0, 3, 91, 253, 1, 53, 255]",0.859,30.9
06/09/2025 11:45:15,06/09/2025,11:45:15,"[0, 161, 0, 2, 71, 253, 1, 55, 255]",0.583,31.1
06/09/2025 11:45:16,06/09/2025,11:45:16,"[0, 161, 0, 2, 71, 253, 1, 55, 255]",0.583,31.1
06/09/2025 11:45:17,06/09/2025,11:45:17,"[0, 161, 0, 1, 104, 253, 1, 54, 255]",0.360,31.0
06/09/2025 11:45:18,06/09/2025,11:45:18,"[0, 161, 0, 3, 185, 253, 1, 56, 255]",0.953,31.2
06/09/2025 11:45:19,06/09/2025,11:45:19,"[0, 161, 0, 2, 95, 253, 1, 52, 255]",0.607,30.8
06/09/2025 11:45:20,06/09/2025,11:45:20,"[0, 161, 0, 1, 140, 253, 1, 54, 255]",0.396,31.0
06/09/2025 11:45:21,06/09/2025,11:45:21,"[0, 161, 0, 1, 140, 253, 1, 54, 255]",0.396,31.0
06/09/2025 11:45:22,06/09/2025,11:45:22,"[0, 161, 0, 0, 211, 253, 1, 54, 255]",0.211,31.0
06/09/2025 11:45:23,06/09/2025,11:45:23,"[0, 161, 0, 1, 140, 253, 1, 54, 255]",0.396,31.0
06/09/2025 11:45:24,06/09/2025,11:45:24,"[0, 161, 0, 1, 37, 253, 1, 55, 255]",0.293,31.1
06/09/2025 11:45:25,06/09/2025,11:45:25,"[0, 161, 0, 1, 37, 253, 1, 54, 255]",0.293,31.0
06/09/2025 11:45:26,06/09/2025,11:45:26,"[0, 161, 0, 0, 160, 253, 1, 56, 255]",0.160,31.2
06/09/2025 11:45:27,06/09/2025,11:45:27,"[0, 161, 0, 3, 137, 253, 1, 55, 255]",0.905,31.1
06/09/2025 11:45:28,06/09/2025,11:45:28,"[0, 161, 0, 0, 218, 253, 1, 52, 255]",0.218,30.8
06/09/2025 11:45:29,06/09/2025,11:45:29,"[0, 161, 0, 0, 218, 253, 1, 54, 255]",0.218,31.0
06/09/2025 11:45:30,06/09/2025,11:45:30,"[0, 161, 0, 0, 162, 253, 1, 55, 255]",0.162,31.1
06/09/2025 11:45:31,06/09/2025,11:45:31,"[0, 161, 0, 2, 52, 253, 1, 56, 255]",0.564,31.2
06/09/2025 11:45:32,06/09/2025,11:45:32,"[0, 161, 0, 5, 69, 253, 1, 54, 255]",1.349,31.0
06/09/2025 11:45:33,06/09/2025,11:45:33,"[0, 161, 0, 5, 69, 253, 1, 55, 255]",1.349,31.1
06/09/2025 11:45:34,06/09/2025,11:45:34,"[0, 161, 0, 2, 103, 253, 1, 54, 255]",0.615,31.0
06/09/2025 11:45:35,06/09/2025,11:45:35,"[0, 161, 0, 0, 90, 253, 1, 55, 255]",0.090,31.1
06/09/2025 11:45:36,06/09/2025,11:45:36,"[0, 161, 0, 0, 98, 253, 1, 55, 255]",0.098,31.1
06/09/2025 11:45:37,06/09/2025,11:45:37,"[0, 161, 0, 0, 98, 253, 1, 53, 255]",0.098,30.9
06/09/2025 11:45:38,06/09/2025,11:45:38,"[0, 161, 0, 0, 81, 253, 1, 53, 255]",0.081,30.9
06/09/2025 11:45:39,06/09/2025,11:45:39,"[0, 161, 0, 0, 146, 253, 1, 54, 255]",0.146,31.0
06/09/2025 11:45:40,06/09/2025,11:45:40,"[0, 161, 0, 2, 127, 253, 1, 54, 255]",0.639,31.0
06/09/2025 11:45:41,06/09/2025,11:45:41,"[0, 161, 0, 1, 28, 253, 1, 54, 255]",0.284,31.0
06/09/2025 11:45:42,06/09/2025,11:45:42,"[0, 161, 0, 1, 28, 253, 1, 54, 255]",0.284,31.0
06/09/2025 11:45:43,06/09/2025,11:45:43,"[0, 161, 0, 1, 239, 253, 1, 55, 255]",0.495,31.1
06/09/2025 11:45:44,06/09/2025,11:45:44,"[0, 161, 0, 0, 127, 253, 1, 54, 255]",0.127,31.0
06/09/2025 11:45:45,06/09/2025,11:45:45,"[0, 161, 0, 3, 28, 253, 1, 54, 255]",0.796,31.0
06/09/2025 11:45:46,06/09/2025,11:45:46,"[0, 161, 0, 3, 28, 253, 1, 54, 255]",0.796,31.0
06/09/2025 11:45:47,06/09/2025,11:45:47,"[0, 161, 0, 3, 5, 253, 1, 55, 255]",0.773,31.1
06/09/2025 11:45:48,06/09/2025,11:45:48,"[0, 161, 0, 0, 136, 253, 1, 53, 255]",0.136,30.9
06/09/2025 11:45:49,06/09/2025,11:45:49,"[0, 161, 0, 0, 0, 253, 1, 54, 255]",0.000,31.0
06/09/2025 11:45:50,06/09/2025,11:45:50,"[0, 161, 0, 0, 0, 253, 1, 54, 255]",0.000,31.0
06/09/2025 11:45:51,06/09/2025,11:45:51,"[0, 161, 0, 0, 0, 253, 1, 52, 255]",0.000,30.8
06/09/2025 11:45:52,06/09/2025,11:45:52,"[0, 161, 0, 0, 0, 253, 1, 54, 255]",0.000,31.0
06/09/2025 11:45:53,06/09/2025,11:45:53,"[0, 161, 0, 2, 168, 253, 1, 53, 255]",0.680,30.9
06/09/2025 11:45:54,06/09/2025,11:45:54,"[0, 161, 0, 2, 168, 253, 1, 56, 255]",0.680,31.2
06/09/2025 11:45:55,06/09/2025,11:45:55,"[0, 161, 0, 1, 240, 253, 1, 53, 255]",0.496,30.9
06/09/2025 11:45:56,06/09/2025,11:45:56,"[0, 161, 0, 1, 26, 253, 1, 54, 255]",0.282,31.0
06/09/2025 11:45:57,06/09/2025,11:45:57,"[0, 161, 0, 0, 75, 253, 1, 54, 255]",0.075,31.0
06/09/2025 11:45:58,06/09/2025,11:45:58,"[0, 161, 0, 1, 65, 253, 1, 54, 255]",0.321,31.0
06/09/2025 11:45:59,06/09/2025,11:45:59,"[0, 161, 0, 1, 65, 253, 1, 55, 255]",0.321,31.1
06/09/2025 11:46:00,06/09/2025,11:46:00,"[0, 161, 0, 3, 249, 253, 1, 54, 255]",1.017,31.0
06/09/2025 11:46:01,06/09/2025,11:46:01,"[0, 161, 0, 1, 42, 253, 1, 55, 255]",0.298,31.1
06/09/2025 11:46:02,06/09/2025,11:46:02,"[0, 161, 0, 0, 98, 253, 1, 53, 255]",0.098,30.9
06/09/2025 11:46:03,06/09/2025,11:46:03,"[0, 161, 0, 0, 98, 253, 1, 53, 255]",0.098,30.9
06/09/2025 11:46:04,06/09/2025,11:46:04,"[0, 161, 0, 0, 148, 253, 1, 54, 255]",0.148,31.0
06/09/2025 11:46:05,06/09/2025,11:46:05,"[0, 161, 0, 0, 78, 253, 1, 53, 255]",0.078,30.9
06/09/2025 11:46:06,06/09/2025,11:46:06,"[0, 161, 0, 2, 83, 253, 1, 55, 255]",0.595,31.1
06/09/2025 11:46:07,06/09/2025,11:46:07,"[0, 161, 0, 2, 83, 253, 1, 56, 255]",0.595,31.2
06/09/2025 11:46:08,06/09/2025,11:46:08,"[0, 161, 0, 4, 20, 253, 1, 52, 255]",1.044,30.8
06/09/2025 11:46:09,06/09/2025,11:46:09,"[0, 161, 0, 0, 196, 253, 1, 53, 255]",0.196,30.9
06/09/2025 11:46:10,06/09/2025,11:46:10,"[0, 161, 0, 1, 252, 253, 1, 54, 255]",0.508,31.0
06/09/2025 11:46:11,06/09/2025,11:46:11,"[0, 161, 0, 1, 252, 253, 1, 55, 255]",0.508,31.1
06/09/2025 11:46:12,06/09/2025,11:46:12,"[0, 161, 0, 1, 47, 253, 1, 54, 255]",0.303,31.0
06/09/2025 11:46:13,06/09/2025,11:46:13,"[0, 161, 0, 3, 32, 253, 1, 52, 255]",0.800,30.8
06/09/2025 11:46:14,06/09/2025,11:46:14,"[0, 161, 0, 2, 9, 253, 1, 55, 255]",0.521,31.1
06/09/2025 11:46:15,06/09/2025,11:46:15,"[0, 161, 0, 2, 9, 253, 1, 52, 255]",0.521,30.8
06/09/2025 11:46:16,06/09/2025,11:46:16,"[0, 161, 0, 0, 254, 253, 1, 56, 255]",0.254,31.2
06/09/2025 11:46:17,06/09/2025,11:46:17,"[0, 161, 0, 0, 197, 253, 1, 54, 255]",0.197,31.0
06/09/2025 11:46:18,06/09/2025,11:46:18,"[0, 161, 0, 0, 147, 253, 1, 53, 255]",0.147,30.9
06/09/2025 11:46:19,06/09/2025,11:46:19,"[0, 161, 0, 0, 147, 253, 1, 53, 255]",0.147,30.9
06/09/2025 11:46:20,06/09/2025,11:46:20,"[0, 161, 0, 0, 142, 253, 1, 55, 255]",0.142,31.1
06/09/2025 11:46:21,06/09/2025,11:46:21,"[0, 161, 0, 1, 96, 253, 1, 54, 255]",0.352,31.0
06/09/2025 11:46:22,06/09/2025,11:46:22,"[0, 161, 0, 3, 26, 253, 1, 55, 255]",0.794,31.1
06/09/2025 11:46:23,06/09/2025,11:46:23,"[0, 161, 0, 1, 223, 253, 1, 54, 255]",0.479,31.0
06/09/2025 11:46:24,06/09/2025,11:46:24,"[0, 161, 0, 1, 223, 253, 1, 55, 255]",0.479,31.1
06/09/2025 11:46:25,06/09/2025,11:46:25,"[0, 161, 0, 0, 191, 253, 1, 53, 255]",0.191,30.9
06/09/2025 11:46:26,06/09/2025,11:46:26,"[0, 161, 0, 2, 156, 253, 1, 53, 255]",0.668,30.9
06/09/2025 11:46:27,06/09/2025,11:46:27,"[0, 161, 0, 2, 9, 253, 1, 54, 255]",0.521,31.0
06/09/2025 11:46:28,06/09/2025,11:46:28,"[0, 161, 0, 2, 9, 253, 1, 54, 255]",0.521,31.0
06/09/2025 11:46:29,06/09/2025,11:46:29,"[0, 161, 0, 1, 152, 253, 1, 56, 255]",0.408,31.2
06/09/2025 11:46:30,06/09/2025,11:46:30,"[0, 161, 0, 0, 164, 253, 1, 53, 255]",0.164,30.9
06/09/2025 11:46:31,06/09/2025,11:46:31,"[0, 161, 0, 0, 206, 253, 1, 52, 255]",0.206,30.8
06/09/2025 11:46:32,06/09/2025,11:46:32,"[0, 161, 0, 0, 206, 253, 1, 55, 255]",0.206,31.1
06/09/2025 11:46:33,06/09/2025,11:46:33,"[0, 161, 0, 1, 55, 253, 1, 54, 255]",0.311,31.0
06/09/2025 11:46:34,06/09/2025,11:46:34,"[0, 161, 0, 2, 227, 253, 1, 53, 255]",0.739,30.9
06/09/2025 11:46:35,06/09/2025,11:46:35,"[0, 161, 0, 2, 179, 253, 1, 55, 255]",0.691,31.1
06/09/2025 11:46:36,06/09/2025,11:46:36,"[0, 161, 0, 2, 179, 253, 1, 55, 255]",0.691,31.1
06/09/2025 11:46:37,06/09/2025,11:46:37,"[0, 161, 0, 1, 192, 253, 1, 55, 255]",0.448,31.1
06/09/2025 11:46:38,06/09/2025,11:46:38,"[0, 161, 0, 1, 222, 253, 1, 53, 255]",0.478,30.9
06/09/2025 11:46:39,06/09/2025,11:46:39,"[0, 161, 0, 1, 84, 253, 1, 53, 255]",0.340,30.9
06/09/2025 11:46:40,06/09/2025,11:46:40,"[0, 161, 0, 1, 84, 253, 1, 53, 255]",0.340,30.9
06/09/2025 11:46:41,06/09/2025,11:46:41,"[0, 161, 0, 1, 148, 253, 1, 53, 255]",0.404,30.9
06/09/2025 11:46:42,06/09/2025,11:46:42,"[0, 161, 0, 1, 141, 253, 1, 55, 255]",0.397,31.1
06/09/2025 11:46:43,06/09/2025,11:46:43,"[0, 161, 0, 2, 8, 253, 1, 54, 255]",0.520,31.0
06/09/2025 11:46:44,06/09/2025,11:46:44,"[0, 161, 0, 0, 65, 253, 1, 54, 255]",0.065,31.0
06/09/2025 11:46:45,06/09/2025,11:46:45,"[0, 161, 0, 0, 65, 253, 1, 53, 255]",0.065,30.9
06/09/2025 11:46:46,06/09/2025,11:46:46,"[0, 161, 0, 0, 0, 253, 1, 55, 255]",0.000,31.1
06/09/2025 11:46:47,06/09/2025,11:46:47,"[0, 161, 0, 0, 243, 253, 1, 54, 255]",0.243,31.0
06/09/2025 11:46:48,06/09/2025,11:46:48,"[0, 161, 0, 6, 123, 253, 1, 54, 255]",1.659,31.0
06/09/2025 11:46:49,06/09/2025,11:46:49,"[0, 161, 0, 6, 123, 253, 1, 53, 255]",1.659,30.9
06/09/2025 11:46:50,06/09/2025,11:46:50,"[0, 161, 0, 1, 208, 253, 1, 54, 255]",0.464,31.0
06/09/2025 11:46:51,06/09/2025,11:46:51,"[0, 161, 0, 2, 184, 253, 1, 55, 255]",0.696,31.1
06/09/2025 11:46:52,06/09/2025,11:46:52,"[0, 161, 0, 1, 28, 253, 1, 52, 255]",0.284,30.8
06/09/2025 11:46:53,06/09/2025,11:46:53,"[0, 161, 0, 1, 28, 253, 1, 53, 255]",0.284,30.9
06/09/2025 11:46:54,06/09/2025,11:46:54,"[0, 161, 0, 2, 27, 253, 1, 56, 255]",0.539,31.2
06/09/2025 11:46:55,06/09/2025,11:46:55,"[0, 161, 0, 4, 8, 253, 1, 54, 255]",1.032,31.0
06/09/2025 11:46:56,06/09/2025,11:46:56,"[0, 161, 0, 1, 27, 253, 1, 53, 255]",0.283,30.9
06/09/2025 11:46:57,06/09/2025,11:46:57,"[0, 161, 0, 1, 27, 253, 1, 54, 255]",0.283,31.0
06/09/2025 11:46:58,06/09/2025,11:46:58,"[0, 161, 0, 0, 70, 253, 1, 54, 255]",0.070,31.0
06/09/2025 11:46:59,06/09/2025,11:46:59,"[0, 161, 0, 0, 21, 253, 1, 53, 255]",0.021,30.9
06/09/2025 11:47:00,06/09/2025,11:47:00,"[0, 161, 0, 0, 0, 253, 1, 53, 255]",0.000,30.9
06/09/2025 11:47:01,06/09/2025,11:47:01,"[0, 161, 0, 0, 0, 253, 1, 54, 255]",0.000,31.0
06/09/2025 11:47:02,06/09/2025,11:47:02,"[0, 161, 0, 0, 143, 253, 1, 54, 255]",0.143,31.0
06/09/2025 11:47:03,06/09/2025,11:47:03,"[0, 161, 0, 0, 0, 253, 1, 55, 255]",0.000,31.1
06/09/2025 11:47:04,06/09/2025,11:47:04,"[0, 161, 0, 0, 0, 253, 1, 54, 255]",0.000,31.0
06/09/2025 11:47:05,06/09/2025,11:47:05,"[0, 161, 0, 0, 0, 253, 1, 51, 255]",0.000,30.7
06/09/2025 11:47:06,06/09/2025,11:47:06,"[0, 161, 0, 0, 0, 253, 1, 55, 255]",0.000,31.1
06/09/2025 11:47:07,06/09/2025,11:47:07,"[0, 161, 0, 2, 71, 253, 1, 55, 255]",0.583,31.1
06/09/2025 11:47:08,06/09/2025,11:47:08,"[0, 161, 0, 4, 0, 253, 1, 53, 255]",1.024,30.9
06/09/2025 11:47:09,06/09/2025,11:47:09,"[0, 161, 0, 1, 143, 253, 1, 55, 255]",0.399,31.1
06/09/2025 11:47:10,06/09/2025,11:47:10,"[0, 161, 0, 1, 143, 253, 1, 53, 255]",0.399,30.9
06/09/2025 11:47:11,06/09/2025,11:47:11,"[0, 161, 0, 1, 18, 253, 1, 56, 255]",0.274,31.2
06/09/2025 11:47:12,06/09/2025,11:47:12,"[0, 161, 0, 0, 225, 253, 1, 53, 255]",0.225,30.9
06/09/2025 11:47:13,06/09/2025,11:47:13,"[0, 161, 0, 1, 22, 253, 1, 54, 255]",0.278,31.0
06/09/2025 11:47:14,06/09/2025,11:47:14,"[0, 161, 0, 1, 22, 253, 1, 52, 255]",0.278,30.8
06/09/2025 11:47:15,06/09/2025,11:47:15,"[0, 161, 0, 1, 4, 253, 1, 55, 255]",0.260,31.1
06/09/2025 11:47:16,06/09/2025,11:47:16,"[0, 161, 0, 3, 39, 253, 1, 54, 255]",0.807,31.0
06/09/2025 11:47:17,06/09/2025,11:47:17,"[0, 161, 0, 1, 235, 253, 1, 54, 255]",0.491,31.0
06/09/2025 11:47:18,06/09/2025,11:47:18,"[0, 161, 0, 1, 235, 253, 1, 54, 255]",0.491,31.0
06/09/2025 11:47:19,06/09/2025,11:47:19,"[0, 161, 0, 2, 3, 253, 1, 54, 255]",0.515,31.0
06/09/2025 11:47:20,06/09/2025,11:47:20,"[0, 161, 0, 0, 205, 253, 1, 55, 255]",0.205,31.1
06/09/2025 11:47:21,06/09/2025,11:47:21,"[0, 161, 0, 3, 179, 253, 1, 55, 255]",0.947,31.1
06/09/2025 11:47:22,06/09/2025,11:47:22,"[0, 161, 0, 3, 179, 253, 1, 53, 255]",0.947,30.9
06/09/2025 11:47:23,06/09/2025,11:47:23,"[0, 161, 0, 2, 82, 253, 1, 52, 255]",0.594,30.8
06/09/2025 11:47:24,06/09/2025,11:47:24,"[0, 161, 0, 1, 114, 253, 1, 55, 255]",0.370,31.1
06/09/2025 11:47:25,06/09/2025,11:47:25,"[0, 161, 0, 0, 166, 253, 1, 54, 255]",0.166,31.0
06/09/2025 11:47:26,06/09/2025,11:47:26,"[0, 161, 0, 0, 175, 253, 1, 54, 255]",0.175,31.0
06/09/2025 11:47:27,06/09/2025,11:47:27,"[0, 161, 0, 0, 175, 253, 1, 54, 255]",0.175,31.0
06/09/2025 11:47:28,06/09/2025,11:47:28,"[0, 161, 0, 1, 215, 253, 1, 52, 255]",0.471,30.8
06/09/2025 11:47:29,06/09/2025,11:47:29,"[0, 161, 0, 1, 39, 253, 1, 54, 255]",0.295,31.0
06/09/2025 11:47:30,06/09/2025,11:47:30,"[0, 161, 0, 2, 44, 253, 1, 54, 255]",0.556,31.0
06/09/2025 11:47:31,06/09/2025,11:47:31,"[0, 161, 0, 2, 44, 253, 1, 54, 255]",0.556,31.0
06/09/2025 11:47:32,06/09/2025,11:47:32,"[0, 161, 0, 1, 252, 253, 1, 53, 255]",0.508,30.9
06/09/2025 11:47:33,06/09/2025,11:47:33,"[0, 161, 0, 0, 175, 253, 1, 54, 255]",0.175,31.0
06/09/2025 11:47:34,06/09/2025,11:47:34,"[0, 161, 0, 0, 83, 253, 1, 52, 255]",0.083,30.8
06/09/2025 11:47:35,06/09/2025,11:47:35,"[0, 161, 0, 0, 83, 253, 1, 54, 255]",0.083,31.0
06/09/2025 11:47:36,06/09/2025,11:47:36,"[0, 161, 0, 3, 24, 253, 1, 56, 255]",0.792,31.2
06/09/2025 11:47:37,06/09/2025,11:47:37,"[0, 161, 0, 1, 157, 253, 1, 55, 255]",0.413,31.1
06/09/2025 11:47:38,06/09/2025,11:47:38,"[0, 161, 0, 0, 134, 253, 1, 53, 255]",0.134,30.9
06/09/2025 11:47:39,06/09/2025,11:47:39,"[0, 161, 0, 0, 134, 253, 1, 52, 255]",0.134,30.8
06/09/2025 11:47:40,06/09/2025,11:47:40,"[0, 161, 0, 0, 20, 253, 1, 53, 255]",0.020,30.9
06/09/2025 11:47:41,06/09/2025,11:47:41,"[0, 161, 0, 0, 94, 253, 1, 54, 255]",0.094,31.0
06/09/2025 11:47:42,06/09/2025,11:47:42,"[0, 161, 0, 0, 50, 253, 1, 54, 255]",0.050,31.0
06/09/2025 11:47:43,06/09/2025,11:47:43,"[0, 161, 0, 0, 50, 253, 1, 54, 255]",0.050,31.0
06/09/2025 11:47:44,06/09/2025,11:47:44,"[0, 161, 0, 1, 197, 253, 1, 55, 255]",0.453,31.1
06/09/2025 11:47:45,06/09/2025,11:47:45,"[0, 161, 0, 3, 49, 253, 1, 54, 255]",0.817,31.0
06/09/2025 11:47:46,06/09/2025,11:47:46,"[0, 161, 0, 1, 36, 253, 1, 54, 255]",0.292,31.0
06/09/2025 11:47:47,06/09/2025,11:47:47,"[0, 161, 0, 1, 149, 253, 1, 53, 255]",0.405,30.9
06/09/2025 11:47:48,06/09/2025,11:47:48,"[0, 161, 0, 1, 149, 253, 1, 55, 255]",0.405,31.1
06/09/2025 11:47:49,06/09/2025,11:47:49,"[0, 161, 0, 2, 204, 253, 1, 53, 255]",0.716,30.9
06/09/2025 11:47:50,06/09/2025,11:47:50,"[0, 161, 0, 2, 252, 253, 1, 55, 255]",0.764,31.1
06/09/2025 11:47:51,06/09/2025,11:47:51,"[0, 161, 0, 1, 93, 253, 1, 53, 255]",0.349,30.9
06/09/2025 11:47:52,06/09/2025,11:47:52,"[0, 161, 0, 1, 93, 253, 1, 54, 255]",0.349,31.0
06/09/2025 11:47:53,06/09/2025,11:47:53,"[0, 161, 0, 1, 4, 253, 1, 53, 255]",0.260,30.9
06/09/2025 11:47:54,06/09/2025,11:47:54,"[0, 161, 0, 0, 225, 253, 1, 54, 255]",0.225,31.0
06/09/2025 11:47:55,06/09/2025,11:47:55,"[0, 161, 0, 0, 158, 253, 1, 54, 255]",0.158,31.0
06/09/2025 11:47:56,06/09/2025,11:47:56,"[0, 161, 0, 0, 158, 253, 1, 53, 255]",0.158,30.9
06/09/2025 11:47:57,06/09/2025,11:47:57,"[0, 161, 0, 2, 116, 253, 1, 53, 255]",0.628,30.9
06/09/2025 11:47:58,06/09/2025,11:47:58,"[0, 161, 0, 1, 58, 253, 1, 55, 255]",0.314,31.1
06/09/2025 11:47:59,06/09/2025,11:47:59,"[0, 161, 0, 1, 3, 253, 1, 53, 255]",0.259,30.9
06/09/2025 11:48:00,06/09/2025,11:48:00,"[0, 161, 0, 1, 3, 253, 1, 53, 255]",0.259,30.9
06/09/2025 11:48:01,06/09/2025,11:48:01,"[0, 161, 0, 0, 210, 253, 1, 53, 255]",0.210,30.9
06/09/2025 11:48:02,06/09/2025,11:48:02,"[0, 161, 0, 2, 46, 253, 1, 54, 255]",0.558,31.0
06/09/2025 11:48:03,06/09/2025,11:48:03,"[0, 161, 0, 4, 67, 253, 1, 54, 255]",1.091,31.0
06/09/2025 11:48:04,06/09/2025,11:48:04,"[0, 161, 0, 4, 67, 253, 1, 56, 255]",1.091,31.2
06/09/2025 11:48:05,06/09/2025,11:48:05,"[0, 161, 0, 2, 177, 253, 1, 54, 255]",0.689,31.0
06/09/2025 11:48:06,06/09/2025,11:48:06,"[0, 161, 0, 1, 76, 253, 1, 53, 255]",0.332,30.9
06/09/2025 11:48:07,06/09/2025,11:48:07,"[0, 161, 0, 0, 188, 253, 1, 54, 255]",0.188,31.0
06/09/2025 11:48:08,06/09/2025,11:48:08,"[0, 161, 0, 1, 252, 253, 1, 55, 255]",0.508,31.1
06/09/2025 11:48:09,06/09/2025,11:48:09,"[0, 161, 0, 1, 252, 253, 1, 51, 255]",0.508,30.7
06/09/2025 11:48:10,06/09/2025,11:48:10,"[0, 161, 0, 0, 225, 253, 1, 51, 255]",0.225,30.7
06/09/2025 11:48:11,06/09/2025,11:48:11,"[0, 161, 0, 3, 29, 253, 1, 54, 255]",0.797,31.0
06/09/2025 11:48:12,06/09/2025,11:48:12,"[0, 161, 0, 2, 200, 253, 1, 53, 255]",0.712,30.9
06/09/2025 11:48:13,06/09/2025,11:48:13,"[0, 161, 0, 2, 200, 253, 1, 54, 255]",0.712,31.0
06/09/2025 11:48:14,06/09/2025,11:48:14,"[0, 161, 0, 1, 7, 253, 1, 54, 255]",0.263,31.0
06/09/2025 11:48:15,06/09/2025,11:48:15,"[0, 161, 0, 1, 193, 253, 1, 53, 255]",0.449,30.9
06/09/2025 11:48:16,06/09/2025,11:48:16,"[0, 161, 0, 3, 165, 253, 1, 53, 255]",0.933,30.9
06/09/2025 11:48:17,06/09/2025,11:48:17,"[0, 161, 0, 3, 165, 253, 1, 52, 255]",0.933,30.8
06/09/2025 11:48:18,06/09/2025,11:48:18,"[0, 161, 0, 3, 41, 253, 1, 52, 255]",0.809,30.8
06/09/2025 11:48:19,06/09/2025,11:48:19,"[0, 161, 0, 1, 237, 253, 1, 53, 255]",0.493,30.9
06/09/2025 11:48:20,06/09/2025,11:48:20,"[0, 161, 0, 0, 245, 253, 1, 54, 255]",0.245,31.0
06/09/2025 11:48:21,06/09/2025,11:48:21,"[0, 161, 0, 0, 245, 253, 1, 53, 255]",0.245,30.9
06/09/2025 11:48:22,06/09/2025,11:48:22,"[0, 161, 0, 0, 162, 253, 1, 54, 255]",0.162,31.0
06/09/2025 11:48:23,06/09/2025,11:48:23,"[0, 161, 0, 0, 227, 253, 1, 53, 255]",0.227,30.9
06/09/2025 11:48:24,06/09/2025,11:48:24,"[0, 161, 0, 2, 54, 253, 1, 53, 255]",0.566,30.9
06/09/2025 11:48:25,06/09/2025,11:48:25,"[0, 161, 0, 2, 54, 253, 1, 53, 255]",0.566,30.9
06/09/2025 11:48:26,06/09/2025,11:48:26,"[0, 161, 0, 4, 14, 253, 1, 53, 255]",1.038,30.9
06/09/2025 11:48:27,06/09/2025,11:48:27,"[0, 161, 0, 2, 14, 253, 1, 56, 255]",0.526,31.2
06/09/2025 11:48:28,06/09/2025,11:48:28,"[0, 161, 0, 2, 49, 253, 1, 53, 255]",0.561,30.9
06/09/2025 11:48:29,06/09/2025,11:48:29,"[0, 161, 0, 2, 129, 253, 1, 54, 255]",0.641,31.0
06/09/2025 11:48:30,06/09/2025,11:48:30,"[0, 161, 0, 2, 129, 253, 1, 53, 255]",0.641,30.9
06/09/2025 11:48:31,06/09/2025,11:48:31,"[0, 161, 0, 3, 228, 253, 1, 53, 255]",0.996,30.9
06/09/2025 11:48:32,06/09/2025,11:48:32,"[0, 161, 0, 1, 222, 253, 1, 52, 255]",0.478,30.8
06/09/2025 11:48:33,06/09/2025,11:48:33,"[0, 161, 0, 1, 153, 253, 1, 54, 255]",0.409,31.0
06/09/2025 11:48:34,06/09/2025,11:48:34,"[0, 161, 0, 1, 153, 253, 1, 53, 255]",0.409,30.9
06/09/2025 11:48:35,06/09/2025,11:48:35,"[0, 161, 0, 1, 78, 253, 1, 54, 255]",0.334,31.0
06/09/2025 11:48:36,06/09/2025,11:48:36,"[0, 161, 0, 1, 52, 253, 1, 53, 255]",0.308,30.9
06/09/2025 11:48:37,06/09/2025,11:48:37,"[0, 161, 0, 0, 0, 253, 1, 53, 255]",0.000,30.9
06/09/2025 11:48:38,06/09/2025,11:48:38,"[0, 161, 0, 0, 0, 253, 1, 54, 255]",0.000,31.0
06/09/2025 11:48:39,06/09/2025,11:48:39,"[0, 161, 0, 1, 33, 253, 1, 54, 255]",0.289,31.0
06/09/2025 11:48:40,06/09/2025,11:48:40,"[0, 161, 0, 0, 167, 253, 1, 54, 255]",0.167,31.0
06/09/2025 11:48:41,06/09/2025,11:48:41,"[0, 161, 0, 0, 166, 253, 1, 54, 255]",0.166,31.0
06/09/2025 11:48:42,06/09/2025,11:48:42,"[0, 161, 0, 0, 166, 253, 1, 53, 255]",0.166,30.9
06/09/2025 11:48:43,06/09/2025,11:48:43,"[0, 161, 0, 0, 62, 253, 1, 56, 255]",0.062,31.2
06/09/2025 11:48:44,06/09/2025,11:48:44,"[0, 161, 0, 3, 202, 253, 1, 54, 255]",0.970,31.0
06/09/2025 11:48:45,06/09/2025,11:48:45,"[0, 161, 0, 2, 98, 253, 1, 54, 255]",0.610,31.0
06/09/2025 11:48:46,06/09/2025,11:48:46,"[0, 161, 0, 2, 98, 253, 1, 54, 255]",0.610,31.0
06/09/2025 11:48:47,06/09/2025,11:48:47,"[0, 161, 0, 1, 43, 253, 1, 53, 255]",0.299,30.9
06/09/2025 11:48:48,06/09/2025,11:48:48,"[0, 161, 0, 1, 61, 253, 1, 54, 255]",0.317,31.0
06/09/2025 11:48:49,06/09/2025,11:48:49,"[0, 161, 0, 1, 145, 253, 1, 54, 255]",0.401,31.0
06/09/2025 11:48:50,06/09/2025,11:48:50,"[0, 161, 0, 0, 108, 253, 1, 55, 255]",0.108,31.1
06/09/2025 11:48:51,06/09/2025,11:48:51,"[0, 161, 0, 0, 108, 253, 1, 53, 255]",0.108,30.9
06/09/2025 11:48:52,06/09/2025,11:48:52,"[0, 161, 0, 0, 231, 253, 1, 54, 255]",0.231,31.0
06/09/2025 11:48:53,06/09/2025,11:48:53,"[0, 161, 0, 1, 193, 253, 1, 55, 255]",0.449,31.1
06/09/2025 11:48:54,06/09/2025,11:48:54,"[0, 161, 0, 1, 228, 253, 1, 54, 255]",0.484,31.0
06/09/2025 11:48:55,06/09/2025,11:48:55,"[0, 161, 0, 1, 228, 253, 1, 53, 255]",0.484,30.9
06/09/2025 11:48:56,06/09/2025,11:48:56,"[0, 161, 0, 0, 138, 253, 1, 54, 255]",0.138,31.0
06/09/2025 11:48:57,06/09/2025,11:48:57,"[0, 161, 0, 0, 242, 253, 1, 55, 255]",0.242,31.1
06/09/2025 11:48:58,06/09/2025,11:48:58,"[0, 161, 0, 2, 62, 253, 1, 53, 255]",0.574,30.9
06/09/2025 11:48:59,06/09/2025,11:48:59,"[0, 161, 0, 2, 62, 253, 1, 54, 255]",0.574,31.0
06/09/2025 11:49:00,06/09/2025,11:49:00,"[0, 161, 0, 1, 225, 253, 1, 53, 255]",0.481,30.9
06/09/2025 11:49:01,06/09/2025,11:49:01,"[0, 161, 0, 1, 58, 253, 1, 54, 255]",0.314,31.0
06/09/2025 11:49:02,06/09/2025,11:49:02,"[0, 161, 0, 1, 31, 253, 1, 54, 255]",0.287,31.0
06/09/2025 11:49:03,06/09/2025,11:49:03,"[0, 161, 0, 1, 31, 253, 1, 54, 255]",0.287,31.0
06/09/2025 11:49:04,06/09/2025,11:49:04,"[0, 161, 0, 1, 176, 253, 1, 52, 255]",0.432,30.8
06/09/2025 11:49:05,06/09/2025,11:49:05,"[0, 161, 0, 1, 87, 253, 1, 51, 255]",0.343,30.7
06/09/2025 11:49:06,06/09/2025,11:49:06,"[0, 161, 0, 1, 251, 253, 1, 51, 255]",0.507,30.7
06/09/2025 11:49:07,06/09/2025,11:49:07,"[0, 161, 0, 1, 251, 253, 1, 54, 255]",0.507,31.0
06/09/2025 11:49:08,06/09/2025,11:49:08,"[0, 161, 0, 3, 61, 253, 1, 54, 255]",0.829,31.0
06/09/2025 11:49:09,06/09/2025,11:49:09,"[0, 161, 0, 1, 202, 253, 1, 53, 255]",0.458,30.9
06/09/2025 11:49:10,06/09/2025,11:49:10,"[0, 161, 0, 0, 177, 253, 1, 53, 255]",0.177,30.9
06/09/2025 11:49:11,06/09/2025,11:49:11,"[0, 161, 0, 3, 172, 253, 1, 53, 255]",0.940,30.9
06/09/2025 11:49:12,06/09/2025,11:49:12,"[0, 161, 0, 3, 172, 253, 1, 54, 255]",0.940,31.0
06/09/2025 11:49:13,06/09/2025,11:49:13,"[0, 161, 0, 2, 103, 253, 1, 51, 255]",0.615,30.7
06/09/2025 11:49:14,06/09/2025,11:49:14,"[0, 161, 0, 0, 244, 253, 1, 53, 255]",0.244,30.9
06/09/2025 11:49:15,06/09/2025,11:49:15,"[0, 161, 0, 0, 29, 253, 1, 51, 255]",0.029,30.7
06/09/2025 11:49:16,06/09/2025,11:49:16,"[0, 161, 0, 0, 29, 253, 1, 54, 255]",0.029,31.0
06/09/2025 11:49:17,06/09/2025,11:49:17,"[0, 161, 0, 0, 0, 253, 1, 52, 255]",0.000,30.8
06/09/2025 11:49:18,06/09/2025,11:49:18,"[0, 161, 0, 0, 0, 253, 1, 54, 255]",0.000,31.0
06/09/2025 11:49:19,06/09/2025,11:49:19,"[0, 161, 0, 3, 191, 253, 1, 53, 255]",0.959,30.9
06/09/2025 11:49:20,06/09/2025,11:49:20,"[0, 161, 0, 3, 191, 253, 1, 54, 255]",0.959,31.0
06/09/2025 11:49:21,06/09/2025,11:49:21,"[0, 161, 0, 3, 34, 253, 1, 53, 255]",0.802,30.9
06/09/2025 11:49:22,06/09/2025,11:49:22,"[0, 161, 0, 1, 46, 253, 1, 53, 255]",0.302,30.9
06/09/2025 11:49:23,06/09/2025,11:49:23,"[0, 161, 0, 0, 7, 253, 1, 53, 255]",0.007,30.9
06/09/2025 11:49:24,06/09/2025,11:49:24,"[0, 161, 0, 0, 7, 253, 1, 53, 255]",0.007,30.9
06/09/2025 11:49:25,06/09/2025,11:49:25,"[0, 161, 0, 0, 216, 253, 1, 54, 255]",0.216,31.0
06/09/2025 11:49:26,06/09/2025,11:49:26,"[0, 161, 0, 2, 179, 253, 1, 53, 255]",0.691,30.9
06/09/2025 11:49:27,06/09/2025,11:49:27,"[0, 161, 0, 1, 129, 253, 1, 53, 255]",0.385,30.9
06/09/2025 11:49:28,06/09/2025,11:49:28,"[0, 161, 0, 1, 129, 253, 1, 53, 255]",0.385,30.9
06/09/2025 11:49:29,06/09/2025,11:49:29,"[0, 161, 0, 1, 23, 253, 1, 54, 255]",0.279,31.0
06/09/2025 11:49:30,06/09/2025,11:49:30,"[0, 161, 0, 0, 235, 253, 1, 52, 255]",0.235,30.8
06/09/2025 11:49:31,06/09/2025,11:49:31,"[0, 161, 0, 0, 113, 253, 1, 54, 255]",0.113,31.0
06/09/2025 11:49:32,06/09/2025,11:49:32,"[0, 161, 0, 0, 113, 253, 1, 52, 255]",0.113,30.8
06/09/2025 11:49:33,06/09/2025,11:49:33,"[0, 161, 0, 2, 76, 253, 1, 54, 255]",0.588,31.0
06/09/2025 11:49:34,06/09/2025,11:49:34,"[0, 161, 0, 3, 106, 253, 1, 52, 255]",0.874,30.8
06/09/2025 11:49:35,06/09/2025,11:49:35,"[0, 161, 0, 1, 217, 253, 1, 54, 255]",0.473,31.0
06/09/2025 11:49:36,06/09/2025,11:49:36,"[0, 161, 0, 1, 8, 253, 1, 54, 255]",0.264,31.0
06/09/2025 11:49:37,06/09/2025,11:49:37,"[0, 161, 0, 1, 8, 253, 1, 53, 255]",0.264,30.9
06/09/2025 11:49:38,06/09/2025,11:49:38,"[0, 161, 0, 1, 189, 253, 1, 54, 255]",0.445,31.0
06/09/2025 11:49:39,06/09/2025,11:49:39,"[0, 161, 0, 4, 52, 253, 1, 53, 255]",1.076,30.9
06/09/2025 11:49:40,06/09/2025,11:49:40,"[0, 161, 0, 2, 68, 253, 1, 54, 255]",0.580,31.0
06/09/2025 11:49:41,06/09/2025,11:49:41,"[0, 161, 0, 2, 68, 253, 1, 53, 255]",0.580,30.9
06/09/2025 11:49:42,06/09/2025,11:49:42,"[0, 161, 0, 1, 170, 253, 1, 53, 255]",0.426,30.9
06/09/2025 11:49:43,06/09/2025,11:49:43,"[0, 161, 0, 0, 254, 253, 1, 52, 255]",0.254,30.8
06/09/2025 11:49:44,06/09/2025,11:49:44,"[0, 161, 0, 0, 0, 253, 1, 52, 255]",0.000,30.8
06/09/2025 11:49:45,06/09/2025,11:49:45,"[0, 161, 0, 0, 0, 253, 1, 54, 255]",0.000,31.0
06/09/2025 11:49:46,06/09/2025,11:49:46,"[0, 161, 0, 0, 0, 253, 1, 53, 255]",0.000,30.9
06/09/2025 11:49:47,06/09/2025,11:49:47,"[0, 161, 0, 1, 42, 253, 1, 54, 255]",0.298,31.0
06/09/2025 11:49:48,06/09/2025,11:49:48,"[0, 161, 0, 1, 237, 253, 1, 54, 255]",0.493,31.0
06/09/2025 11:49:49,06/09/2025,11:49:49,"[0, 161, 0, 1, 237, 253, 1, 55, 255]",0.493,31.1
06/09/2025 11:49:50,06/09/2025,11:49:50,"[0, 161, 0, 0, 206, 253, 1, 53, 255]",0.206,30.9
06/09/2025 11:49:51,06/09/2025,11:49:51,"[0, 161, 0, 0, 117, 253, 1, 53, 255]",0.117,30.9
06/09/2025 11:49:52,06/09/2025,11:49:52,"[0, 161, 0, 2, 90, 253, 1, 52, 255]",0.602,30.8
06/09/2025 11:49:53,06/09/2025,11:49:53,"[0, 161, 0, 2, 90, 253, 1, 54, 255]",0.602,31.0
06/09/2025 11:49:54,06/09/2025,11:49:54,"[0, 161, 0, 3, 108, 253, 1, 54, 255]",0.876,31.0
06/09/2025 11:49:55,06/09/2025,11:49:55,"[0, 161, 0, 1, 207, 253, 1, 53, 255]",0.463,30.9
06/09/2025 11:49:56,06/09/2025,11:49:56,"[0, 161, 0, 1, 134, 253, 1, 53, 255]",0.390,30.9
06/09/2025 11:49:57,06/09/2025,11:49:57,"[0, 161, 0, 0, 191, 253, 1, 55, 255]",0.191,31.1
06/09/2025 11:49:58,06/09/2025,11:49:58,"[0, 161, 0, 0, 191, 253, 1, 53, 255]",0.191,30.9
06/09/2025 11:49:59,06/09/2025,11:49:59,"[0, 161, 0, 0, 230, 253, 1, 53, 255]",0.230,30.9
06/09/2025 11:50:00,06/09/2025,11:50:00,"[0, 161, 0, 0, 167, 253, 1, 54, 255]",0.167,31.0
06/09/2025 11:50:01,06/09/2025,11:50:01,"[0, 161, 0, 1, 159, 253, 1, 53, 255]",0.415,30.9
06/09/2025 11:50:02,06/09/2025,11:50:02,"[0, 161, 0, 1, 159, 253, 1, 53, 255]",0.415,30.9
06/09/2025 11:50:03,06/09/2025,11:50:03,"[0, 161, 0, 0, 0, 253, 1, 53, 255]",0.000,30.9
06/09/2025 11:50:04,06/09/2025,11:50:04,"[0, 161, 0, 0, 0, 253, 1, 54, 255]",0.000,31.0
06/09/2025 11:50:05,06/09/2025,11:50:05,"[0, 161, 0, 0, 161, 253, 1, 52, 255]",0.161,30.8
06/09/2025 11:50:06,06/09/2025,11:50:06,"[0, 161, 0, 0, 161, 253, 1, 56, 255]",0.161,31.2
06/09/2025 11:50:07,06/09/2025,11:50:07,"[0, 161, 0, 2, 238, 253, 1, 53, 255]",0.750,30.9
06/09/2025 11:50:08,06/09/2025,11:50:08,"[0, 161, 0, 0, 214, 253, 1, 53, 255]",0.214,30.9
06/09/2025 11:50:09,06/09/2025,11:50:09,"[0, 161, 0, 1, 63, 253, 1, 53, 255]",0.319,30.9
06/09/2025 11:50:10,06/09/2025,11:50:10,"[0, 161, 0, 1, 63, 253, 1, 53, 255]",0.319,30.9
06/09/2025 11:50:11,06/09/2025,11:50:11,"[0, 161, 0, 1, 6, 253, 1, 53, 255]",0.262,30.9
06/09/2025 11:50:12,06/09/2025,11:50:12,"[0, 161, 0, 0, 92, 253, 1, 53, 255]",0.092,30.9
06/09/2025 11:50:13,06/09/2025,11:50:13,"[0, 161, 0, 0, 171, 253, 1, 55, 255]",0.171,31.1
06/09/2025 11:50:14,06/09/2025,11:50:14,"[0, 161, 0, 2, 224, 253, 1, 53, 255]",0.736,30.9
06/09/2025 11:50:15,06/09/2025,11:50:15,"[0, 161, 0, 2, 224, 253, 1, 54, 255]",0.736,31.0
06/09/2025 11:50:16,06/09/2025,11:50:16,"[0, 161, 0, 2, 218, 253, 1, 52, 255]",0.730,30.8
06/09/2025 11:50:17,06/09/2025,11:50:17,"[0, 161, 0, 1, 241, 253, 1, 55, 255]",0.497,31.1
06/09/2025 11:50:18,06/09/2025,11:50:18,"[0, 161, 0, 0, 235, 253, 1, 53, 255]",0.235,30.9
06/09/2025 11:50:19,06/09/2025,11:50:19,"[0, 161, 0, 0, 235, 253, 1, 55, 255]",0.235,31.1
06/09/2025 11:50:20,06/09/2025,11:50:20,"[0, 161, 0, 3, 9, 253, 1, 56, 255]",0.777,31.2
06/09/2025 11:50:21,06/09/2025,11:50:21,"[0, 161, 0, 4, 70, 253, 1, 53, 255]",1.094,30.9
06/09/2025 11:50:22,06/09/2025,11:50:22,"[0, 161, 0, 0, 248, 253, 1, 53, 255]",0.248,30.9
06/09/2025 11:50:23,06/09/2025,11:50:23,"[0, 161, 0, 0, 248, 253, 1, 54, 255]",0.248,31.0
06/09/2025 11:50:24,06/09/2025,11:50:24,"[0, 161, 0, 1, 50, 253, 1, 53, 255]",0.306,30.9
06/09/2025 11:50:25,06/09/2025,11:50:25,"[0, 161, 0, 0, 122, 253, 1, 52, 255]",0.122,30.8
06/09/2025 11:50:26,06/09/2025,11:50:26,"[0, 161, 0, 0, 0, 253, 1, 54, 255]",0.000,31.0
06/09/2025 11:50:27,06/09/2025,11:50:27,"[0, 161, 0, 0, 0, 253, 1, 52, 255]",0.000,30.8
06/09/2025 11:50:28,06/09/2025,11:50:28,"[0, 161, 0, 0, 175, 253, 1, 53, 255]",0.175,30.9
06/09/2025 11:50:29,06/09/2025,11:50:29,"[0, 161, 0, 1, 89, 253, 1, 53, 255]",0.345,30.9
06/09/2025 11:50:30,06/09/2025,11:50:30,"[0, 161, 0, 2, 142, 253, 1, 53, 255]",0.654,30.9
06/09/2025 11:50:31,06/09/2025,11:50:31,"[0, 161, 0, 2, 142, 253, 1, 55, 255]",0.654,31.1
06/09/2025 11:50:32,06/09/2025,11:50:32,"[0, 161, 0, 1, 71, 253, 1, 53, 255]",0.327,30.9
06/09/2025 11:50:33,06/09/2025,11:50:33,"[0, 161, 0, 0, 153, 253, 1, 51, 255]",0.153,30.7
06/09/2025 11:50:34,06/09/2025,11:50:34,"[0, 161, 0, 3, 130, 253, 1, 54, 255]",0.898,31.0
06/09/2025 11:50:35,06/09/2025,11:50:35,"[0, 161, 0, 1, 254, 253, 1, 53, 255]",0.510,30.9
06/09/2025 11:50:36,06/09/2025,11:50:36,"[0, 161, 0, 1, 254, 253, 1, 52, 255]",0.510,30.8
06/09/2025 11:50:37,06/09/2025,11:50:37,"[0, 161, 0, 1, 26, 253, 1, 53, 255]",0.282,30.9
06/09/2025 11:50:38,06/09/2025,11:50:38,"[0, 161, 0, 1, 90, 253, 1, 53, 255]",0.346,30.9
06/09/2025 11:50:39,06/09/2025,11:50:39,"[0, 161, 0, 0, 186, 253, 1, 52, 255]",0.186,30.8
06/09/2025 11:50:40,06/09/2025,11:50:40,"[0, 161, 0, 0, 186, 253, 1, 54, 255]",0.186,31.0
06/09/2025 11:50:41,06/09/2025,11:50:41,"[0, 161, 0, 1, 163, 253, 1, 53, 255]",0.419,30.9
06/09/2025 11:50:42,06/09/2025,11:50:42,"[0, 161, 0, 3, 186, 253, 1, 53, 255]",0.954,30.9
06/09/2025 11:50:43,06/09/2025,11:50:43,"[0, 161, 0, 3, 61, 253, 1, 53, 255]",0.829,30.9
06/09/2025 11:50:44,06/09/2025,11:50:44,"[0, 161, 0, 3, 61, 253, 1, 52, 255]",0.829,30.8
06/09/2025 11:50:45,06/09/2025,11:50:45,"[0, 161, 0, 2, 85, 253, 1, 52, 255]",0.597,30.8
06/09/2025 11:50:46,06/09/2025,11:50:46,"[0, 161, 0, 1, 14, 253, 1, 51, 255]",0.270,30.7
06/09/2025 11:50:47,06/09/2025,11:50:47,"[0, 161, 0, 0, 244, 253, 1, 52, 255]",0.244,30.8
06/09/2025 11:50:48,06/09/2025,11:50:48,"[0, 161, 0, 0, 244, 253, 1, 53, 255]",0.244,30.9
06/09/2025 11:50:49,06/09/2025,11:50:49,"[0, 161, 0, 2, 217, 253, 1, 52, 255]",0.729,30.8
06/09/2025 11:50:50,06/09/2025,11:50:50,"[0, 161, 0, 1, 23, 253, 1, 52, 255]",0.279,30.8
06/09/2025 11:50:51,06/09/2025,11:50:51,"[0, 161, 0, 0, 224, 253, 1, 53, 255]",0.224,30.9
06/09/2025 11:50:52,06/09/2025,11:50:52,"[0, 161, 0, 0, 224, 253, 1, 54, 255]",0.224,31.0
06/09/2025 11:50:53,06/09/2025,11:50:53,"[0, 161, 0, 0, 243, 253, 1, 53, 255]",0.243,30.9
06/09/2025 11:50:54,06/09/2025,11:50:54,"[0, 161, 0, 0, 134, 253, 1, 52, 255]",0.134,30.8
06/09/2025 11:50:55,06/09/2025,11:50:55,"[0, 161, 0, 3, 112, 253, 1, 55, 255]",0.880,31.1
06/09/2025 11:50:56,06/09/2025,11:50:56,"[0, 161, 0, 3, 112, 253, 1, 55, 255]",0.880,31.1
06/09/2025 11:50:57,06/09/2025,11:50:57,"[0, 161, 0, 3, 20, 253, 1, 54, 255]",0.788,31.0
06/09/2025 11:50:58,06/09/2025,11:50:58,"[0, 161, 0, 1, 80, 253, 1, 53, 255]",0.336,30.9
06/09/2025 11:50:59,06/09/2025,11:50:59,"[0, 161, 0, 1, 109, 253, 1, 54, 255]",0.365,31.0
06/09/2025 11:51:00,06/09/2025,11:51:00,"[0, 161, 0, 2, 55, 253, 1, 52, 255]",0.567,30.8
06/09/2025 11:51:01,06/09/2025,11:51:01,"[0, 161, 0, 2, 55, 253, 1, 53, 255]",0.567,30.9
06/09/2025 11:51:02,06/09/2025,11:51:02,"[0, 161, 0, 4, 76, 253, 1, 53, 255]",1.100,30.9
06/09/2025 11:51:03,06/09/2025,11:51:03,"[0, 161, 0, 1, 221, 253, 1, 52, 255]",0.477,30.8
06/09/2025 11:51:04,06/09/2025,11:51:04,"[0, 161, 0, 0, 199, 253, 1, 53, 255]",0.199,30.9
06/09/2025 11:51:05,06/09/2025,11:51:05,"[0, 161, 0, 0, 199, 253, 1, 54, 255]",0.199,31.0
06/09/2025 11:51:06,06/09/2025,11:51:06,"[0, 161, 0, 0, 143, 253, 1, 52, 255]",0.143,30.8
06/09/2025 11:51:07,06/09/2025,11:51:07,"[0, 161, 0, 0, 88, 253, 1, 54, 255]",0.088,31.0
06/09/2025 11:51:08,06/09/2025,11:51:08,"[0, 161, 0, 0, 149, 253, 1, 54, 255]",0.149,31.0
06/09/2025 11:51:09,06/09/2025,11:51:09,"[0, 161, 0, 0, 149, 253, 1, 54, 255]",0.149,31.0
06/09/2025 11:51:10,06/09/2025,11:51:10,"[0, 161, 0, 2, 47, 253, 1, 54, 255]",0.559,31.0
06/09/2025 11:51:11,06/09/2025,11:51:11,"[0, 161, 0, 2, 43, 253, 1, 54, 255]",0.555,31.0
06/09/2025 11:51:12,06/09/2025,11:51:12,"[0, 161, 0, 1, 9, 253, 1, 53, 255]",0.265,30.9
06/09/2025 11:51:13,06/09/2025,11:51:13,"[0, 161, 0, 1, 9, 253, 1, 53, 255]",0.265,30.9
06/09/2025 11:51:14,06/09/2025,11:51:14,"[0, 161, 0, 0, 246, 253, 1, 54, 255]",0.246,31.0
06/09/2025 11:51:15,06/09/2025,11:51:15,"[0, 161, 0, 2, 231, 253, 1, 54, 255]",0.743,31.0
06/09/2025 11:51:16,06/09/2025,11:51:16,"[0, 161, 0, 3, 72, 253, 1, 54, 255]",0.840,31.0
06/09/2025 11:51:17,06/09/2025,11:51:17,"[0, 161, 0, 3, 72, 253, 1, 52, 255]",0.840,30.8
06/09/2025 11:51:18,06/09/2025,11:51:18,"[0, 161, 0, 1, 185, 253, 1, 52, 255]",0.441,30.8
06/09/2025 11:51:19,06/09/2025,11:51:19,"[0, 161, 0, 0, 183, 253, 1, 52, 255]",0.183,30.8
06/09/2025 11:51:20,06/09/2025,11:51:20,"[0, 161, 0, 1, 160, 253, 1, 55, 255]",0.416,31.1
06/09/2025 11:51:21,06/09/2025,11:51:21,"[0, 161, 0, 0, 218, 253, 1, 54, 255]",0.218,31.0
06/09/2025 11:51:22,06/09/2025,11:51:22,"[0, 161, 0, 0, 218, 253, 1, 53, 255]",0.218,30.9
06/09/2025 11:51:23,06/09/2025,11:51:23,"[0, 161, 0, 0, 153, 253, 1, 53, 255]",0.153,30.9
06/09/2025 11:51:24,06/09/2025,11:51:24,"[0, 161, 0, 0, 31, 253, 1, 54, 255]",0.031,31.0
06/09/2025 11:51:25,06/09/2025,11:51:25,"[0, 161, 0, 1, 221, 253, 1, 55, 255]",0.477,31.1
06/09/2025 11:51:26,06/09/2025,11:51:26,"[0, 161, 0, 1, 221, 253, 1, 51, 255]",0.477,30.7
06/09/2025 11:51:27,06/09/2025,11:51:27,"[0, 161, 0, 0, 0, 253, 1, 53, 255]",0.000,30.9
06/09/2025 11:51:28,06/09/2025,11:51:28,"[0, 161, 0, 0, 0, 253, 1, 53, 255]",0.000,30.9
06/09/2025 11:51:29,06/09/2025,11:51:29,"[0, 161, 0, 3, 30, 253, 1, 54, 255]",0.798,31.0
06/09/2025 11:51:30,06/09/2025,11:51:30,"[0, 161, 0, 3, 30, 253, 1, 53, 255]",0.798,30.9
06/09/2025 11:51:31,06/09/2025,11:51:31,"[0, 161, 0, 1, 2, 253, 1, 54, 255]",0.258,31.0
06/09/2025 11:51:32,06/09/2025,11:51:32,"[0, 161, 0, 0, 120, 253, 1, 54, 255]",0.120,31.0
06/09/2025 11:51:33,06/09/2025,11:51:33,"[0, 161, 0, 0, 99, 253, 1, 53, 255]",0.099,30.9
06/09/2025 11:51:34,06/09/2025,11:51:34,"[0, 161, 0, 0, 99, 253, 1, 53, 255]",0.099,30.9
06/09/2025 11:51:35,06/09/2025,11:51:35,"[0, 161, 0, 0, 131, 253, 1, 54, 255]",0.131,31.0
06/09/2025 11:51:36,06/09/2025,11:51:36,"[0, 161, 0, 1, 126, 253, 1, 53, 255]",0.382,30.9
06/09/2025 11:51:37,06/09/2025,11:51:37,"[0, 161, 0, 0, 116, 253, 1, 53, 255]",0.116,30.9
06/09/2025 11:51:38,06/09/2025,11:51:38,"[0, 161, 0, 0, 116, 253, 1, 53, 255]",0.116,30.9
06/09/2025 11:51:39,06/09/2025,11:51:39,"[0, 161, 0, 0, 125, 253, 1, 54, 255]",0.125,31.0
06/09/2025 11:51:40,06/09/2025,11:51:40,"[0, 161, 0, 0, 244, 253, 1, 54, 255]",0.244,31.0
06/09/2025 11:51:41,06/09/2025,11:51:41,"[0, 161, 0, 1, 172, 253, 1, 53, 255]",0.428,30.9
06/09/2025 11:51:42,06/09/2025,11:51:42,"[0, 161, 0, 3, 119, 253, 1, 53, 255]",0.887,30.9
06/09/2025 11:51:43,06/09/2025,11:51:43,"[0, 161, 0, 3, 119, 253, 1, 55, 255]",0.887,31.1
06/09/2025 11:51:44,06/09/2025,11:51:44,"[0, 161, 0, 3, 214, 253, 1, 53, 255]",0.982,30.9
06/09/2025 11:51:45,06/09/2025,11:51:45,"[0, 161, 0, 1, 95, 253, 1, 54, 255]",0.351,31.0
06/09/2025 11:51:46,06/09/2025,11:51:46,"[0, 161, 0, 1, 61, 253, 1, 53, 255]",0.317,30.9
06/09/2025 11:51:47,06/09/2025,11:51:47,"[0, 161, 0, 1, 61, 253, 1, 54, 255]",0.317,31.0
06/09/2025 11:51:48,06/09/2025,11:51:48,"[0, 161, 0, 0, 125, 253, 1, 54, 255]",0.125,31.0
06/09/2025 11:51:49,06/09/2025,11:51:49,"[0, 161, 0, 1, 149, 253, 1, 54, 255]",0.405,31.0
06/09/2025 11:51:50,06/09/2025,11:51:50,"[0, 161, 0, 2, 23, 253, 1, 54, 255]",0.535,31.0
06/09/2025 11:51:51,06/09/2025,11:51:51,"[0, 161, 0, 2, 23, 253, 1, 53, 255]",0.535,30.9
06/09/2025 11:51:52,06/09/2025,11:51:52,"[0, 161, 0, 3, 226, 253, 1, 53, 255]",0.994,30.9
06/09/2025 11:51:53,06/09/2025,11:51:53,"[0, 161, 0, 2, 185, 253, 1, 53, 255]",0.697,30.9
06/09/2025 11:51:54,06/09/2025,11:51:54,"[0, 161, 0, 0, 104, 253, 1, 53, 255]",0.104,30.9
06/09/2025 11:51:55,06/09/2025,11:51:55,"[0, 161, 0, 0, 104, 253, 1, 53, 255]",0.104,30.9
06/09/2025 11:51:56,06/09/2025,11:51:56,"[0, 161, 0, 0, 146, 253, 1, 52, 255]",0.146,30.8
06/09/2025 11:51:57,06/09/2025,11:51:57,"[0, 161, 0, 0, 57, 253, 1, 53, 255]",0.057,30.9
06/09/2025 11:51:58,06/09/2025,11:51:58,"[0, 161, 0, 1, 15, 253, 1, 54, 255]",0.271,31.0
06/09/2025 11:51:59,06/09/2025,11:51:59,"[0, 161, 0, 1, 15, 253, 1, 51, 255]",0.271,30.7
06/09/2025 11:52:00,06/09/2025,11:52:00,"[0, 161, 0, 0, 235, 253, 1, 53, 255]",0.235,30.9
06/09/2025 11:52:01,06/09/2025,11:52:01,"[0, 161, 0, 0, 208, 253, 1, 52, 255]",0.208,30.8
06/09/2025 11:52:02,06/09/2025,11:52:02,"[0, 161, 0, 0, 113, 253, 1, 53, 255]",0.113,30.9
06/09/2025 11:52:03,06/09/2025,11:52:03,"[0, 161, 0, 0, 31, 253, 1, 53, 255]",0.031,30.9
06/09/2025 11:52:04,06/09/2025,11:52:04,"[0, 161, 0, 0, 31, 253, 1, 53, 255]",0.031,30.9
06/09/2025 11:52:05,06/09/2025,11:52:05,"[0, 161, 0, 3, 67, 253, 1, 53, 255]",0.835,30.9
06/09/2025 11:52:06,06/09/2025,11:52:06,"[0, 161, 0, 2, 18, 253, 1, 53, 255]",0.530,30.9
06/09/2025 11:52:07,06/09/2025,11:52:07,"[0, 161, 0, 1, 240, 253, 1, 54, 255]",0.496,31.0
06/09/2025 11:52:08,06/09/2025,11:52:08,"[0, 161, 0, 1, 240, 253, 1, 51, 255]",0.496,30.7
06/09/2025 11:52:09,06/09/2025,11:52:09,"[0, 161, 0, 0, 240, 253, 1, 53, 255]",0.240,30.9
06/09/2025 11:52:10,06/09/2025,11:52:10,"[0, 161, 0, 0, 202, 253, 1, 53, 255]",0.202,30.9
06/09/2025 11:52:11,06/09/2025,11:52:11,"[0, 161, 0, 3, 211, 253, 1, 54, 255]",0.979,31.0
06/09/2025 11:52:12,06/09/2025,11:52:12,"[0, 161, 0, 3, 211, 253, 1, 52, 255]",0.979,30.8
06/09/2025 11:52:13,06/09/2025,11:52:13,"[0, 161, 0, 1, 197, 253, 1, 54, 255]",0.453,31.0
06/09/2025 11:52:14,06/09/2025,11:52:14,"[0, 161, 0, 1, 128, 253, 1, 54, 255]",0.384,31.0
06/09/2025 11:52:15,06/09/2025,11:52:15,"[0, 161, 0, 0, 215, 253, 1, 52, 255]",0.215,30.8
06/09/2025 11:52:16,06/09/2025,11:52:16,"[0, 161, 0, 0, 215, 253, 1, 54, 255]",0.215,31.0
06/09/2025 11:52:17,06/09/2025,11:52:17,"[0, 161, 0, 1, 60, 253, 1, 53, 255]",0.316,30.9
06/09/2025 11:52:18,06/09/2025,11:52:18,"[0, 161, 0, 0, 173, 253, 1, 54, 255]",0.173,31.0
06/09/2025 11:52:19,06/09/2025,11:52:19,"[0, 161, 0, 3, 128, 253, 1, 53, 255]",0.896,30.9
06/09/2025 11:52:20,06/09/2025,11:52:20,"[0, 161, 0, 3, 128, 253, 1, 52, 255]",0.896,30.8
06/09/2025 11:52:21,06/09/2025,11:52:21,"[0, 161, 0, 2, 91, 253, 1, 52, 255]",0.603,30.8
06/09/2025 11:52:22,06/09/2025,11:52:22,"[0, 161, 0, 0, 42, 253, 1, 53, 255]",0.042,30.9
06/09/2025 11:52:23,06/09/2025,11:52:23,"[0, 161, 0, 0, 113, 253, 1, 53, 255]",0.113,30.9
06/09/2025 11:52:24,06/09/2025,11:52:24,"[0, 161, 0, 3, 0, 253, 1, 54, 255]",0.768,31.0
06/09/2025 11:52:25,06/09/2025,11:52:25,"[0, 161, 0, 3, 0, 253, 1, 54, 255]",0.768,31.0
06/09/2025 11:52:26,06/09/2025,11:52:26,"[0, 161, 0, 2, 216, 253, 1, 54, 255]",0.728,31.0
06/09/2025 11:52:27,06/09/2025,11:52:27,"[0, 161, 0, 1, 135, 253, 1, 54, 255]",0.391,31.0
06/09/2025 11:52:28,06/09/2025,11:52:28,"[0, 161, 0, 0, 41, 253, 1, 52, 255]",0.041,30.8
06/09/2025 11:52:29,06/09/2025,11:52:29,"[0, 161, 0, 0, 41, 253, 1, 53, 255]",0.041,30.9
06/09/2025 11:52:30,06/09/2025,11:52:30,"[0, 161, 0, 0, 123, 253, 1, 54, 255]",0.123,31.0
06/09/2025 11:52:31,06/09/2025,11:52:31,"[0, 161, 0, 0, 191, 253, 1, 53, 255]",0.191,30.9
06/09/2025 11:52:32,06/09/2025,11:52:32,"[0, 161, 0, 0, 46, 253, 1, 53, 255]",0.046,30.9
06/09/2025 11:52:33,06/09/2025,11:52:33,"[0, 161, 0, 0, 46, 253, 1, 53, 255]",0.046,30.9
06/09/2025 11:52:34,06/09/2025,11:52:34,"[0, 161, 0, 0, 0, 253, 1, 54, 255]",0.000,31.0
06/09/2025 11:52:35,06/09/2025,11:52:35,"[0, 161, 0, 0, 26, 253, 1, 54, 255]",0.026,31.0
06/09/2025 11:52:36,06/09/2025,11:52:36,"[0, 161, 0, 1, 124, 253, 1, 54, 255]",0.380,31.0
06/09/2025 11:52:37,06/09/2025,11:52:37,"[0, 161, 0, 1, 124, 253, 1, 53, 255]",0.380,30.9
06/09/2025 11:52:38,06/09/2025,11:52:38,"[0, 161, 0, 2, 233, 253, 1, 53, 255]",0.745,30.9
06/09/2025 11:52:39,06/09/2025,11:52:39,"[0, 161, 0, 3, 16, 253, 1, 53, 255]",0.784,30.9
06/09/2025 11:52:40,06/09/2025,11:52:40,"[0, 161, 0, 1, 38, 253, 1, 53, 255]",0.294,30.9
06/09/2025 11:52:41,06/09/2025,11:52:41,"[0, 161, 0, 1, 38, 253, 1, 53, 255]",0.294,30.9
06/09/2025 11:52:42,06/09/2025,11:52:42,"[0, 161, 0, 0, 221, 253, 1, 53, 255]",0.221,30.9
06/09/2025 11:52:43,06/09/2025,11:52:43,"[0, 161, 0, 0, 117, 253, 1, 53, 255]",0.117,30.9
06/09/2025 11:52:44,06/09/2025,11:52:44,"[0, 161, 0, 0, 246, 253, 1, 52, 255]",0.246,30.8
06/09/2025 11:52:45,06/09/2025,11:52:45,"[0, 161, 0, 0, 231, 253, 1, 53, 255]",0.231,30.9
06/09/2025 11:52:46,06/09/2025,11:52:46,"[0, 161, 0, 0, 231, 253, 1, 53, 255]",0.231,30.9
06/09/2025 11:52:47,06/09/2025,11:52:47,"[0, 161, 0, 1, 208, 253, 1, 55, 255]",0.464,31.1
06/09/2025 11:52:48,06/09/2025,11:52:48,"[0, 161, 0, 2, 106, 253, 1, 54, 255]",0.618,31.0
06/09/2025 11:52:49,06/09/2025,11:52:49,"[0, 161, 0, 1, 197, 253, 1, 52, 255]",0.453,30.8
06/09/2025 11:52:50,06/09/2025,11:52:50,"[0, 161, 0, 1, 197, 253, 1, 52, 255]",0.453,30.8
06/09/2025 11:52:51,06/09/2025,11:52:51,"[0, 161, 0, 1, 250, 253, 1, 54, 255]",0.506,31.0
06/09/2025 11:52:52,06/09/2025,11:52:52,"[0, 161, 0, 3, 189, 253, 1, 51, 255]",0.957,30.7
06/09/2025 11:52:53,06/09/2025,11:52:53,"[0, 161, 0, 2, 51, 253, 1, 54, 255]",0.563,31.0
06/09/2025 11:52:54,06/09/2025,11:52:54,"[0, 161, 0, 2, 51, 253, 1, 54, 255]",0.563,31.0
06/09/2025 11:52:55,06/09/2025,11:52:55,"[0, 161, 0, 0, 216, 253, 1, 54, 255]",0.216,31.0
06/09/2025 11:52:56,06/09/2025,11:52:56,"[0, 161, 0, 0, 90, 253, 1, 52, 255]",0.090,30.8
06/09/2025 11:52:57,06/09/2025,11:52:57,"[0, 161, 0, 0, 30, 253, 1, 53, 255]",0.030,30.9
06/09/2025 11:52:58,06/09/2025,11:52:58,"[0, 161, 0, 0, 30, 253, 1, 53, 255]",0.030,30.9
06/09/2025 11:52:59,06/09/2025,11:52:59,"[0, 161, 0, 0, 85, 253, 1, 53, 255]",0.085,30.9
06/09/2025 11:53:00,06/09/2025,11:53:00,"[0, 161, 0, 2, 18, 253, 1, 54, 255]",0.530,31.0
06/09/2025 11:53:01,06/09/2025,11:53:01,"[0, 161, 0, 3, 39, 253, 1, 54, 255]",0.807,31.0
06/09/2025 11:53:02,06/09/2025,11:53:02,"[0, 161, 0, 3, 39, 253, 1, 52, 255]",0.807,30.8
06/09/2025 11:53:03,06/09/2025,11:53:03,"[0, 161, 0, 3, 124, 253, 1, 52, 255]",0.892,30.8
06/09/2025 11:53:04,06/09/2025,11:53:04,"[0, 161, 0, 2, 40, 253, 1, 53, 255]",0.552,30.9
06/09/2025 11:53:05,06/09/2025,11:53:05,"[0, 161, 0, 5, 189, 253, 1, 54, 255]",1.469,31.0
06/09/2025 11:53:06,06/09/2025,11:53:06,"[0, 161, 0, 3, 20, 253, 1, 53, 255]",0.788,30.9
06/09/2025 11:53:07,06/09/2025,11:53:07,"[0, 161, 0, 3, 20, 253, 1, 53, 255]",0.788,30.9
06/09/2025 11:53:08,06/09/2025,11:53:08,"[0, 161, 0, 1, 195, 253, 1, 53, 255]",0.451,30.9
06/09/2025 11:53:09,06/09/2025,11:53:09,"[0, 161, 0, 1, 76, 253, 1, 54, 255]",0.332,31.0
06/09/2025 11:53:10,06/09/2025,11:53:10,"[0, 161, 0, 0, 139, 253, 1, 52, 255]",0.139,30.8
06/09/2025 11:53:11,06/09/2025,11:53:11,"[0, 161, 0, 0, 139, 253, 1, 54, 255]",0.139,31.0
06/09/2025 11:53:12,06/09/2025,11:53:12,"[0, 161, 0, 0, 13, 253, 1, 53, 255]",0.013,30.9
06/09/2025 11:53:13,06/09/2025,11:53:13,"[0, 161, 0, 2, 52, 253, 1, 54, 255]",0.564,31.0
06/09/2025 11:53:14,06/09/2025,11:53:14,"[0, 161, 0, 3, 30, 253, 1, 52, 255]",0.798,30.8
06/09/2025 11:53:15,06/09/2025,11:53:15,"[0, 161, 0, 3, 30, 253, 1, 54, 255]",0.798,31.0
06/09/2025 11:53:16,06/09/2025,11:53:16,"[0, 161, 0, 2, 224, 253, 1, 54, 255]",0.736,31.0
06/09/2025 11:53:17,06/09/2025,11:53:17,"[0, 161, 0, 1, 62, 253, 1, 52, 255]",0.318,30.8
06/09/2025 11:53:18,06/09/2025,11:53:18,"[0, 161, 0, 1, 43, 253, 1, 52, 255]",0.299,30.8
06/09/2025 11:53:19,06/09/2025,11:53:19,"[0, 161, 0, 1, 43, 253, 1, 54, 255]",0.299,31.0
06/09/2025 11:53:20,06/09/2025,11:53:20,"[0, 161, 0, 4, 177, 253, 1, 54, 255]",1.201,31.0
06/09/2025 11:53:21,06/09/2025,11:53:21,"[0, 161, 0, 1, 31, 253, 1, 51, 255]",0.287,30.7
06/09/2025 11:53:22,06/09/2025,11:53:22,"[0, 161, 0, 0, 74, 253, 1, 52, 255]",0.074,30.8
06/09/2025 11:53:23,06/09/2025,11:53:23,"[0, 161, 0, 0, 74, 253, 1, 53, 255]",0.074,30.9
06/09/2025 11:53:24,06/09/2025,11:53:24,"[0, 161, 0, 0, 0, 253, 1, 53, 255]",0.000,30.9
06/09/2025 11:53:25,06/09/2025,11:53:25,"[0, 161, 0, 0, 0, 253, 1, 54, 255]",0.000,31.0
06/09/2025 11:53:26,06/09/2025,11:53:26,"[0, 161, 0, 0, 45, 253, 1, 54, 255]",0.045,31.0
06/09/2025 11:53:27,06/09/2025,11:53:27,"[0, 161, 0, 0, 45, 253, 1, 54, 255]",0.045,31.0
06/09/2025 11:53:28,06/09/2025,11:53:28,"[0, 161, 0, 2, 27, 253, 1, 54, 255]",0.539,31.0
06/09/2025 11:53:29,06/09/2025,11:53:29,"[0, 161, 0, 2, 228, 253, 1, 53, 255]",0.740,30.9
06/09/2025 11:53:30,06/09/2025,11:53:30,"[0, 161, 0, 2, 253, 253, 1, 53, 255]",0.765,30.9
06/09/2025 11:53:31,06/09/2025,11:53:31,"[0, 161, 0, 2, 155, 253, 1, 54, 255]",0.667,31.0
06/09/2025 11:53:32,06/09/2025,11:53:32,"[0, 161, 0, 2, 155, 253, 1, 54, 255]",0.667,31.0
06/09/2025 11:53:33,06/09/2025,11:53:33,"[0, 161, 0, 4, 138, 253, 1, 54, 255]",1.162,31.0
06/09/2025 11:53:34,06/09/2025,11:53:34,"[0, 161, 0, 2, 130, 253, 1, 51, 255]",0.642,30.7
06/09/2025 11:53:35,06/09/2025,11:53:35,"[0, 161, 0, 0, 17, 253, 1, 51, 255]",0.017,30.7
06/09/2025 11:53:36,06/09/2025,11:53:36,"[0, 161, 0, 0, 17, 253, 1, 53, 255]",0.017,30.9
06/09/2025 11:53:37,06/09/2025,11:53:37,"[0, 161, 0, 0, 194, 253, 1, 53, 255]",0.194,30.9
06/09/2025 11:53:38,06/09/2025,11:53:38,"[0, 161, 0, 0, 107, 253, 1, 53, 255]",0.107,30.9
06/09/2025 11:53:39,06/09/2025,11:53:39,"[0, 161, 0, 0, 26, 253, 1, 53, 255]",0.026,30.9
06/09/2025 11:53:40,06/09/2025,11:53:40,"[0, 161, 0, 0, 26, 253, 1, 53, 255]",0.026,30.9
06/09/2025 11:53:41,06/09/2025,11:53:41,"[0, 161, 0, 0, 99, 253, 1, 53, 255]",0.099,30.9
06/09/2025 11:53:42,06/09/2025,11:53:42,"[0, 161, 0, 3, 138, 253, 1, 54, 255]",0.906,31.0
06/09/2025 11:53:43,06/09/2025,11:53:43,"[0, 161, 0, 3, 25, 253, 1, 54, 255]",0.793,31.0
06/09/2025 11:53:44,06/09/2025,11:53:44,"[0, 161, 0, 3, 25, 253, 1, 53, 255]",0.793,30.9
06/09/2025 11:53:45,06/09/2025,11:53:45,"[0, 161, 0, 1, 154, 253, 1, 52, 255]",0.410,30.8
06/09/2025 11:53:46,06/09/2025,11:53:46,"[0, 161, 0, 2, 40, 253, 1, 53, 255]",0.552,30.9
06/09/2025 11:53:47,06/09/2025,11:53:47,"[0, 161, 0, 3, 29, 253, 1, 52, 255]",0.797,30.8
06/09/2025 11:53:48,06/09/2025,11:53:48,"[0, 161, 0, 3, 29, 253, 1, 53, 255]",0.797,30.9
06/09/2025 11:53:49,06/09/2025,11:53:49,"[0, 161, 0, 0, 210, 253, 1, 55, 255]",0.210,31.1
06/09/2025 11:53:50,06/09/2025,11:53:50,"[0, 161, 0, 1, 212, 253, 1, 51, 255]",0.468,30.7
06/09/2025 11:53:51,06/09/2025,11:53:51,"[0, 161, 0, 1, 43, 253, 1, 53, 255]",0.299,30.9
06/09/2025 11:53:52,06/09/2025,11:53:52,"[0, 161, 0, 0, 74, 253, 1, 53, 255]",0.074,30.9
06/09/2025 11:53:53,06/09/2025,11:53:53,"[0, 161, 0, 0, 74, 253, 1, 54, 255]",0.074,31.0
06/09/2025 11:53:54,06/09/2025,11:53:54,"[0, 161, 0, 0, 232, 253, 1, 53, 255]",0.232,30.9
06/09/2025 11:53:55,06/09/2025,11:53:55,"[0, 161, 0, 3, 128, 253, 1, 54, 255]",0.896,31.0
06/09/2025 11:53:56,06/09/2025,11:53:56,"[0, 161, 0, 2, 189, 253, 1, 54, 255]",0.701,31.0
06/09/2025 11:53:57,06/09/2025,11:53:57,"[0, 161, 0, 2, 189, 253, 1, 52, 255]",0.701,30.8
06/09/2025 11:53:58,06/09/2025,11:53:58,"[0, 161, 0, 2, 36, 253, 1, 52, 255]",0.548,30.8
06/09/2025 11:53:59,06/09/2025,11:53:59,"[0, 161, 0, 0, 162, 253, 1, 52, 255]",0.162,30.8
06/09/2025 11:54:00,06/09/2025,11:54:00,"[0, 161, 0, 1, 14, 253, 1, 52, 255]",0.270,30.8
06/09/2025 11:54:01,06/09/2025,11:54:01,"[0, 161, 0, 1, 14, 253, 1, 54, 255]",0.270,31.0
06/09/2025 11:54:02,06/09/2025,11:54:02,"[0, 161, 0, 2, 1, 253, 1, 53, 255]",0.513,30.9
06/09/2025 11:54:03,06/09/2025,11:54:03,"[0, 161, 0, 1, 111, 253, 1, 53, 255]",0.367,30.9
06/09/2025 11:54:04,06/09/2025,11:54:04,"[0, 161, 0, 0, 239, 253, 1, 53, 255]",0.239,30.9
06/09/2025 11:54:05,06/09/2025,11:54:05,"[0, 161, 0, 0, 239, 253, 1, 53, 255]",0.239,30.9
06/09/2025 11:54:06,06/09/2025,11:54:06,"[0, 161, 0, 0, 171, 253, 1, 53, 255]",0.171,30.9
06/09/2025 11:54:07,06/09/2025,11:54:07,"[0, 161, 0, 0, 30, 253, 1, 52, 255]",0.030,30.8
06/09/2025 11:54:08,06/09/2025,11:54:08,"[0, 161, 0, 0, 143, 253, 1, 52, 255]",0.143,30.8
06/09/2025 11:54:09,06/09/2025,11:54:09,"[0, 161, 0, 0, 143, 253, 1, 56, 255]",0.143,31.2
06/09/2025 11:54:10,06/09/2025,11:54:10,"[0, 161, 0, 2, 99, 253, 1, 54, 255]",0.611,31.0
06/09/2025 11:54:11,06/09/2025,11:54:11,"[0, 161, 0, 1, 159, 253, 1, 54, 255]",0.415,31.0
06/09/2025 11:54:12,06/09/2025,11:54:12,"[0, 161, 0, 1, 240, 253, 1, 53, 255]",0.496,30.9
06/09/2025 11:54:13,06/09/2025,11:54:13,"[0, 161, 0, 1, 61, 253, 1, 53, 255]",0.317,30.9
06/09/2025 11:54:14,06/09/2025,11:54:14,"[0, 161, 0, 1, 61, 253, 1, 54, 255]",0.317,31.0
06/09/2025 11:54:15,06/09/2025,11:54:15,"[0, 161, 0, 2, 83, 253, 1, 54, 255]",0.595,31.0
06/09/2025 11:54:16,06/09/2025,11:54:16,"[0, 161, 0, 2, 55, 253, 1, 53, 255]",0.567,30.9
06/09/2025 11:54:17,06/09/2025,11:54:17,"[0, 161, 0, 0, 45, 253, 1, 54, 255]",0.045,31.0
06/09/2025 11:54:18,06/09/2025,11:54:18,"[0, 161, 0, 0, 45, 253, 1, 52, 255]",0.045,30.8
06/09/2025 11:54:19,06/09/2025,11:54:19,"[0, 161, 0, 0, 104, 253, 1, 52, 255]",0.104,30.8
06/09/2025 11:54:20,06/09/2025,11:54:20,"[0, 161, 0, 0, 42, 253, 1, 53, 255]",0.042,30.9
06/09/2025 11:54:21,06/09/2025,11:54:21,"[0, 161, 0, 1, 240, 253, 1, 55, 255]",0.496,31.1
06/09/2025 11:54:22,06/09/2025,11:54:22,"[0, 161, 0, 1, 240, 253, 1, 54, 255]",0.496,31.0
06/09/2025 11:54:23,06/09/2025,11:54:23,"[0, 161, 0, 3, 25, 253, 1, 53, 255]",0.793,30.9
06/09/2025 11:54:24,06/09/2025,11:54:24,"[0, 161, 0, 3, 2, 253, 1, 53, 255]",0.770,30.9
06/09/2025 11:54:25,06/09/2025,11:54:25,"[0, 161, 0, 2, 175, 253, 1, 52, 255]",0.687,30.8
06/09/2025 11:54:26,06/09/2025,11:54:26,"[0, 161, 0, 2, 175, 253, 1, 52, 255]",0.687,30.8
06/09/2025 11:54:27,06/09/2025,11:54:27,"[0, 161, 0, 2, 95, 253, 1, 52, 255]",0.607,30.8
06/09/2025 11:54:28,06/09/2025,11:54:28,"[0, 161, 0, 1, 164, 253, 1, 53, 255]",0.420,30.9
06/09/2025 11:54:29,06/09/2025,11:54:29,"[0, 161, 0, 1, 21, 253, 1, 53, 255]",0.277,30.9
06/09/2025 11:54:30,06/09/2025,11:54:30,"[0, 161, 0, 1, 21, 253, 1, 53, 255]",0.277,30.9
06/09/2025 11:54:31,06/09/2025,11:54:31,"[0, 161, 0, 0, 226, 253, 1, 53, 255]",0.226,30.9
06/09/2025 11:54:32,06/09/2025,11:54:32,"[0, 161, 0, 0, 148, 253, 1, 53, 255]",0.148,30.9
06/09/2025 11:54:33,06/09/2025,11:54:33,"[0, 161, 0, 0, 41, 253, 1, 53, 255]",0.041,30.9
06/09/2025 11:54:34,06/09/2025,11:54:34,"[0, 161, 0, 1, 22, 253, 1, 53, 255]",0.278,30.9
06/09/2025 11:54:35,06/09/2025,11:54:35,"[0, 161, 0, 1, 22, 253, 1, 53, 255]",0.278,30.9
06/09/2025 11:54:36,06/09/2025,11:54:36,"[0, 161, 0, 3, 12, 253, 1, 54, 255]",0.780,31.0
06/09/2025 11:54:37,06/09/2025,11:54:37,"[0, 161, 0, 2, 188, 253, 1, 52, 255]",0.700,30.8
06/09/2025 11:54:38,06/09/2025,11:54:38,"[0, 161, 0, 1, 67, 253, 1, 52, 255]",0.323,30.8
06/09/2025 11:54:39,06/09/2025,11:54:39,"[0, 161, 0, 1, 67, 253, 1, 52, 255]",0.323,30.8
06/09/2025 11:54:40,06/09/2025,11:54:40,"[0, 161, 0, 0, 44, 253, 1, 52, 255]",0.044,30.8
06/09/2025 11:54:41,06/09/2025,11:54:41,"[0, 161, 0, 1, 232, 253, 1, 54, 255]",0.488,31.0
06/09/2025 11:54:42,06/09/2025,11:54:42,"[0, 161, 0, 3, 123, 253, 1, 53, 255]",0.891,30.9
06/09/2025 11:54:43,06/09/2025,11:54:43,"[0, 161, 0, 3, 123, 253, 1, 52, 255]",0.891,30.8
06/09/2025 11:54:44,06/09/2025,11:54:44,"[0, 161, 0, 2, 52, 253, 1, 51, 255]",0.564,30.7
06/09/2025 11:54:45,06/09/2025,11:54:45,"[0, 161, 0, 1, 82, 253, 1, 53, 255]",0.338,30.9
06/09/2025 11:54:46,06/09/2025,11:54:46,"[0, 161, 0, 0, 206, 253, 1, 53, 255]",0.206,30.9
06/09/2025 11:54:47,06/09/2025,11:54:47,"[0, 161, 0, 0, 206, 253, 1, 52, 255]",0.206,30.8
06/09/2025 11:54:48,06/09/2025,11:54:48,"[0, 161, 0, 0, 0, 253, 1, 52, 255]",0.000,30.8
06/09/2025 11:54:49,06/09/2025,11:54:49,"[0, 161, 0, 0, 0, 253, 1, 53, 255]",0.000,30.9
06/09/2025 11:54:50,06/09/2025,11:54:50,"[0, 161, 0, 1, 119, 253, 1, 53, 255]",0.375,30.9
06/09/2025 11:54:51,06/09/2025,11:54:51,"[0, 161, 0, 1, 119, 253, 1, 52, 255]",0.375,30.8
06/09/2025 11:54:52,06/09/2025,11:54:52,"[0, 161, 0, 1, 231, 253, 1, 53, 255]",0.487,30.9
06/09/2025 11:54:53,06/09/2025,11:54:53,"[0, 161, 0, 1, 101, 253, 1, 53, 255]",0.357,30.9
06/09/2025 11:54:54,06/09/2025,11:54:54,"[0, 161, 0, 1, 23, 253, 1, 53, 255]",0.279,30.9
06/09/2025 11:54:55,06/09/2025,11:54:55,"[0, 161, 0, 2, 159, 253, 1, 52, 255]",0.671,30.8
06/09/2025 11:54:56,06/09/2025,11:54:56,"[0, 161, 0, 2, 159, 253, 1, 52, 255]",0.671,30.8
06/09/2025 11:54:57,06/09/2025,11:54:57,"[0, 161, 0, 2, 233, 253, 1, 53, 255]",0.745,30.9
06/09/2025 11:54:58,06/09/2025,11:54:58,"[0, 161, 0, 1, 226, 253, 1, 53, 255]",0.482,30.9
06/09/2025 11:54:59,06/09/2025,11:54:59,"[0, 161, 0, 1, 240, 253, 1, 51, 255]",0.496,30.7
06/09/2025 11:55:00,06/09/2025,11:55:00,"[0, 161, 0, 1, 240, 253, 1, 53, 255]",0.496,30.9
06/09/2025 11:55:01,06/09/2025,11:55:01,"[0, 161, 0, 1, 94, 253, 1, 53, 255]",0.350,30.9
06/09/2025 11:55:02,06/09/2025,11:55:02,"[0, 161, 0, 0, 138, 253, 1, 52, 255]",0.138,30.8
06/09/2025 11:55:03,06/09/2025,11:55:03,"[0, 161, 0, 2, 174, 253, 1, 54, 255]",0.686,31.0
06/09/2025 11:55:04,06/09/2025,11:55:04,"[0, 161, 0, 2, 174, 253, 1, 52, 255]",0.686,30.8
06/09/2025 11:55:05,06/09/2025,11:55:05,"[0, 161, 0, 3, 94, 253, 1, 51, 255]",0.862,30.7
06/09/2025 11:55:06,06/09/2025,11:55:06,"[0, 161, 0, 3, 15, 253, 1, 52, 255]",0.783,30.8
06/09/2025 11:55:07,06/09/2025,11:55:07,"[0, 161, 0, 1, 9, 253, 1, 51, 255]",0.265,30.7
06/09/2025 11:55:08,06/09/2025,11:55:08,"[0, 161, 0, 1, 9, 253, 1, 50, 255]",0.265,30.6
06/09/2025 11:55:09,06/09/2025,11:55:09,"[0, 161, 0, 2, 153, 253, 1, 52, 255]",0.665,30.8
06/09/2025 11:55:10,06/09/2025,11:55:10,"[0, 161, 0, 2, 135, 253, 1, 52, 255]",0.647,30.8
06/09/2025 11:55:11,06/09/2025,11:55:11,"[0, 161, 0, 2, 55, 253, 1, 50, 255]",0.567,30.6
06/09/2025 11:55:12,06/09/2025,11:55:12,"[0, 161, 0, 2, 55, 253, 1, 51, 255]",0.567,30.7
06/09/2025 11:55:13,06/09/2025,11:55:13,"[0, 161, 0, 0, 89, 253, 1, 52, 255]",0.089,30.8
06/09/2025 11:55:14,06/09/2025,11:55:14,"[0, 161, 0, 0, 0, 253, 1, 52, 255]",0.000,30.8
06/09/2025 11:55:15,06/09/2025,11:55:15,"[0, 161, 0, 0, 97, 253, 1, 52, 255]",0.097,30.8
06/09/2025 11:55:16,06/09/2025,11:55:16,"[0, 161, 0, 2, 73, 253, 1, 52, 255]",0.585,30.8
06/09/2025 11:55:17,06/09/2025,11:55:17,"[0, 161, 0, 2, 73, 253, 1, 52, 255]",0.585,30.8
06/09/2025 11:55:18,06/09/2025,11:55:18,"[0, 161, 0, 3, 113, 253, 1, 51, 255]",0.881,30.7
06/09/2025 11:55:19,06/09/2025,11:55:19,"[0, 161, 0, 3, 68, 253, 1, 51, 255]",0.836,30.7
06/09/2025 11:55:20,06/09/2025,11:55:20,"[0, 161, 0, 1, 207, 253, 1, 50, 255]",0.463,30.6
06/09/2025 11:55:21,06/09/2025,11:55:21,"[0, 161, 0, 1, 207, 253, 1, 50, 255]",0.463,30.6
06/09/2025 11:55:22,06/09/2025,11:55:22,"[0, 161, 0, 1, 51, 253, 1, 52, 255]",0.307,30.8
06/09/2025 11:55:23,06/09/2025,11:55:23,"[0, 161, 0, 2, 23, 253, 1, 50, 255]",0.535,30.6
06/09/2025 11:55:24,06/09/2025,11:55:24,"[0, 161, 0, 0, 158, 253, 1, 50, 255]",0.158,30.6
06/09/2025 11:55:25,06/09/2025,11:55:25,"[0, 161, 0, 0, 158, 253, 1, 50, 255]",0.158,30.6
06/09/2025 11:55:26,06/09/2025,11:55:26,"[0, 161, 0, 0, 251, 253, 1, 50, 255]",0.251,30.6
06/09/2025 11:55:27,06/09/2025,11:55:27,"[0, 161, 0, 0, 170, 253, 1, 51, 255]",0.170,30.7
06/09/2025 11:55:28,06/09/2025,11:55:28,"[0, 161, 0, 0, 0, 253, 1, 51, 255]",0.000,30.7
06/09/2025 11:55:29,06/09/2025,11:55:29,"[0, 161, 0, 0, 0, 253, 1, 52, 255]",0.000,30.8
06/09/2025 11:55:30,06/09/2025,11:55:30,"[0, 161, 0, 0, 183, 253, 1, 51, 255]",0.183,30.7
06/09/2025 11:55:31,06/09/2025,11:55:31,"[0, 161, 0, 3, 43, 253, 1, 51, 255]",0.811,30.7
06/09/2025 11:55:32,06/09/2025,11:55:32,"[0, 161, 0, 2, 73, 253, 1, 51, 255]",0.585,30.7
06/09/2025 11:55:33,06/09/2025,11:55:33,"[0, 161, 0, 2, 73, 253, 1, 50, 255]",0.585,30.6
06/09/2025 11:55:34,06/09/2025,11:55:34,"[0, 161, 0, 1, 159, 253, 1, 50, 255]",0.415,30.6
06/09/2025 11:55:35,06/09/2025,11:55:35,"[0, 161, 0, 0, 181, 253, 1, 51, 255]",0.181,30.7
06/09/2025 11:55:36,06/09/2025,11:55:36,"[0, 161, 0, 3, 139, 253, 1, 52, 255]",0.907,30.8
06/09/2025 11:55:37,06/09/2025,11:55:37,"[0, 161, 0, 3, 24, 253, 1, 48, 255]",0.792,30.4
06/09/2025 11:55:38,06/09/2025,11:55:38,"[0, 161, 0, 3, 24, 253, 1, 51, 255]",0.792,30.7
06/09/2025 11:55:39,06/09/2025,11:55:39,"[0, 161, 0, 1, 132, 253, 1, 50, 255]",0.388,30.6
06/09/2025 11:55:40,06/09/2025,11:55:40,"[0, 161, 0, 1, 134, 253, 1, 50, 255]",0.390,30.6
06/09/2025 11:55:41,06/09/2025,11:55:41,"[0, 161, 0, 0, 0, 253, 1, 50, 255]",0.000,30.6
06/09/2025 11:55:42,06/09/2025,11:55:42,"[0, 161, 0, 0, 0, 253, 1, 50, 255]",0.000,30.6
06/09/2025 11:55:43,06/09/2025,11:55:43,"[0, 161, 0, 0, 0, 253, 1, 51, 255]",0.000,30.7
06/09/2025 11:55:44,06/09/2025,11:55:44,"[0, 161, 0, 3, 82, 253, 1, 52, 255]",0.850,30.8
06/09/2025 11:55:45,06/09/2025,11:55:45,"[0, 161, 0, 4, 32, 253, 1, 49, 255]",1.056,30.5
06/09/2025 11:55:46,06/09/2025,11:55:46,"[0, 161, 0, 4, 32, 253, 1, 50, 255]",1.056,30.6
06/09/2025 11:55:47,06/09/2025,11:55:47,"[0, 161, 0, 0, 155, 253, 1, 48, 255]",0.155,30.4
06/09/2025 11:55:48,06/09/2025,11:55:48,"[0, 161, 0, 0, 88, 253, 1, 47, 255]",0.088,30.3
06/09/2025 11:55:49,06/09/2025,11:55:49,"[0, 161, 0, 1, 106, 253, 1, 49, 255]",0.362,30.5
06/09/2025 11:55:50,06/09/2025,11:55:50,"[0, 161, 0, 1, 106, 253, 1, 48, 255]",0.362,30.4
06/09/2025 11:55:51,06/09/2025,11:55:51,"[0, 161, 0, 2, 77, 253, 1, 49, 255]",0.589,30.5
06/09/2025 11:55:52,06/09/2025,11:55:52,"[0, 161, 0, 1, 116, 253, 1, 50, 255]",0.372,30.6
06/09/2025 11:55:53,06/09/2025,11:55:53,"[0, 161, 0, 0, 138, 253, 1, 48, 255]",0.138,30.4
06/09/2025 11:55:54,06/09/2025,11:55:54,"[0, 161, 0, 0, 138, 253, 1, 50, 255]",0.138,30.6
06/09/2025 11:55:55,06/09/2025,11:55:55,"[0, 161, 0, 0, 16, 253, 1, 50, 255]",0.016,30.6
06/09/2025 11:55:56,06/09/2025,11:55:56,"[0, 161, 0, 0, 0, 253, 1, 49, 255]",0.000,30.5
06/09/2025 11:55:57,06/09/2025,11:55:57,"[0, 161, 0, 1, 56, 253, 1, 48, 255]",0.312,30.4
06/09/2025 11:55:58,06/09/2025,11:55:58,"[0, 161, 0, 1, 56, 253, 1, 51, 255]",0.312,30.7
06/09/2025 11:55:59,06/09/2025,11:55:59,"[0, 161, 0, 2, 23, 253, 1, 49, 255]",0.535,30.5
06/09/2025 11:56:00,06/09/2025,11:56:00,"[0, 161, 0, 3, 147, 253, 1, 47, 255]",0.915,30.3
06/09/2025 11:56:01,06/09/2025,11:56:01,"[0, 161, 0, 2, 7, 253, 1, 49, 255]",0.519,30.5
06/09/2025 11:56:02,06/09/2025,11:56:02,"[0, 161, 0, 0, 243, 253, 1, 49, 255]",0.243,30.5
06/09/2025 11:56:03,06/09/2025,11:56:03,"[0, 161, 0, 0, 243, 253, 1, 49, 255]",0.243,30.5
06/09/2025 11:56:04,06/09/2025,11:56:04,"[0, 161, 0, 2, 247, 253, 1, 50, 255]",0.759,30.6
06/09/2025 11:56:05,06/09/2025,11:56:05,"[0, 161, 0, 2, 23, 253, 1, 49, 255]",0.535,30.5
06/09/2025 11:56:06,06/09/2025,11:56:06,"[0, 161, 0, 0, 113, 253, 1, 49, 255]",0.113,30.5
06/09/2025 11:56:07,06/09/2025,11:56:07,"[0, 161, 0, 0, 113, 253, 1, 49, 255]",0.113,30.5
06/09/2025 11:56:08,06/09/2025,11:56:08,"[0, 161, 0, 1, 70, 253, 1, 49, 255]",0.326,30.5
06/09/2025 11:56:09,06/09/2025,11:56:09,"[0, 161, 0, 0, 20, 253, 1, 47, 255]",0.020,30.3
06/09/2025 11:56:10,06/09/2025,11:56:10,"[0, 161, 0, 0, 0, 253, 1, 49, 255]",0.000,30.5
06/09/2025 11:56:11,06/09/2025,11:56:11,"[0, 161, 0, 0, 0, 253, 1, 50, 255]",0.000,30.6
06/09/2025 11:56:12,06/09/2025,11:56:12,"[0, 161, 0, 1, 116, 253, 1, 49, 255]",0.372,30.5
06/09/2025 11:56:13,06/09/2025,11:56:13,"[0, 161, 0, 3, 49, 253, 1, 48, 255]",0.817,30.4
06/09/2025 11:56:14,06/09/2025,11:56:14,"[0, 161, 0, 2, 116, 253, 1, 48, 255]",0.628,30.4
06/09/2025 11:56:15,06/09/2025,11:56:15,"[0, 161, 0, 2, 116, 253, 1, 47, 255]",0.628,30.3
06/09/2025 11:56:16,06/09/2025,11:56:16,"[0, 161, 0, 2, 207, 253, 1, 46, 255]",0.719,30.2
06/09/2025 11:56:17,06/09/2025,11:56:17,"[0, 161, 0, 2, 10, 253, 1, 48, 255]",0.522,30.4
06/09/2025 11:56:18,06/09/2025,11:56:18,"[0, 161, 0, 2, 177, 253, 1, 47, 255]",0.689,30.3
06/09/2025 11:56:19,06/09/2025,11:56:19,"[0, 161, 0, 2, 177, 253, 1, 46, 255]",0.689,30.2
06/09/2025 11:56:20,06/09/2025,11:56:20,"[0, 161, 0, 1, 220, 253, 1, 46, 255]",0.476,30.2
06/09/2025 11:56:21,06/09/2025,11:56:21,"[0, 161, 0, 1, 46, 253, 1, 48, 255]",0.302,30.4
06/09/2025 11:56:22,06/09/2025,11:56:22,"[0, 161, 0, 1, 71, 253, 1, 49, 255]",0.327,30.5
06/09/2025 11:56:23,06/09/2025,11:56:23,"[0, 161, 0, 0, 13, 253, 1, 49, 255]",0.013,30.5
06/09/2025 11:56:24,06/09/2025,11:56:24,"[0, 161, 0, 0, 13, 253, 1, 49, 255]",0.013,30.5
06/09/2025 11:56:25,06/09/2025,11:56:25,"[0, 161, 0, 0, 0, 253, 1, 48, 255]",0.000,30.4
06/09/2025 11:56:26,06/09/2025,11:56:26,"[0, 161, 0, 2, 166, 253, 1, 48, 255]",0.678,30.4
06/09/2025 11:56:27,06/09/2025,11:56:27,"[0, 161, 0, 1, 122, 253, 1, 48, 255]",0.378,30.4
06/09/2025 11:56:28,06/09/2025,11:56:28,"[0, 161, 0, 1, 122, 253, 1, 47, 255]",0.378,30.3
06/09/2025 11:56:29,06/09/2025,11:56:29,"[0, 161, 0, 2, 81, 253, 1, 46, 255]",0.593,30.2
06/09/2025 11:56:30,06/09/2025,11:56:30,"[0, 161, 0, 1, 95, 253, 1, 46, 255]",0.351,30.2
06/09/2025 11:56:31,06/09/2025,11:56:31,"[0, 161, 0, 1, 156, 253, 1, 48, 255]",0.412,30.4
06/09/2025 11:56:32,06/09/2025,11:56:32,"[0, 161, 0, 1, 156, 253, 1, 45, 255]",0.412,30.1
06/09/2025 11:56:33,06/09/2025,11:56:33,"[0, 161, 0, 1, 90, 253, 1, 48, 255]",0.346,30.4
06/09/2025 11:56:34,06/09/2025,11:56:34,"[0, 161, 0, 1, 143, 253, 1, 48, 255]",0.399,30.4
06/09/2025 11:56:35,06/09/2025,11:56:35,"[0, 161, 0, 1, 23, 253, 1, 47, 255]",0.279,30.3
06/09/2025 11:56:36,06/09/2025,11:56:36,"[0, 161, 0, 1, 23, 253, 1, 46, 255]",0.279,30.2
06/09/2025 11:56:37,06/09/2025,11:56:37,"[0, 161, 0, 0, 0, 253, 1, 48, 255]",0.000,30.4
06/09/2025 11:56:38,06/09/2025,11:56:38,"[0, 161, 0, 0, 0, 253, 1, 47, 255]",0.000,30.3
06/09/2025 11:56:39,06/09/2025,11:56:39,"[0, 161, 0, 2, 83, 253, 1, 49, 255]",0.595,30.5
06/09/2025 11:56:40,06/09/2025,11:56:40,"[0, 161, 0, 2, 83, 253, 1, 46, 255]",0.595,30.2
06/09/2025 11:56:41,06/09/2025,11:56:41,"[0, 161, 0, 3, 228, 253, 1, 47, 255]",0.996,30.3
06/09/2025 11:56:42,06/09/2025,11:56:42,"[0, 161, 0, 3, 106, 253, 1, 47, 255]",0.874,30.3
06/09/2025 11:56:43,06/09/2025,11:56:43,"[0, 161, 0, 2, 129, 253, 1, 47, 255]",0.641,30.3
06/09/2025 11:56:44,06/09/2025,11:56:44,"[0, 161, 0, 2, 9, 253, 1, 44, 255]",0.521,30.0
06/09/2025 11:56:45,06/09/2025,11:56:45,"[0, 161, 0, 2, 9, 253, 1, 44, 255]",0.521,30.0
06/09/2025 11:56:46,06/09/2025,11:56:46,"[0, 161, 0, 2, 126, 253, 1, 46, 255]",0.638,30.2
06/09/2025 11:56:47,06/09/2025,11:56:47,"[0, 161, 0, 1, 118, 253, 1, 45, 255]",0.374,30.1
06/09/2025 11:56:48,06/09/2025,11:56:48,"[0, 161, 0, 1, 63, 253, 1, 43, 255]",0.319,29.9
06/09/2025 11:56:49,06/09/2025,11:56:49,"[0, 161, 0, 1, 63, 253, 1, 45, 255]",0.319,30.1
06/09/2025 11:56:50,06/09/2025,11:56:50,"[0, 161, 0, 0, 182, 253, 1, 46, 255]",0.182,30.2
06/09/2025 11:56:51,06/09/2025,11:56:51,"[0, 161, 0, 0, 7, 253, 1, 46, 255]",0.007,30.2
06/09/2025 11:56:52,06/09/2025,11:56:52,"[0, 161, 0, 2, 68, 253, 1, 46, 255]",0.580,30.2
06/09/2025 11:56:53,06/09/2025,11:56:53,"[0, 161, 0, 2, 68, 253, 1, 46, 255]",0.580,30.2
06/09/2025 11:56:54,06/09/2025,11:56:54,"[0, 161, 0, 3, 98, 253, 1, 44, 255]",0.866,30.0
06/09/2025 11:56:55,06/09/2025,11:56:55,"[0, 161, 0, 3, 19, 253, 1, 44, 255]",0.787,30.0
06/09/2025 11:56:56,06/09/2025,11:56:56,"[0, 161, 0, 2, 92, 253, 1, 45, 255]",0.604,30.1
06/09/2025 11:56:57,06/09/2025,11:56:57,"[0, 161, 0, 2, 92, 253, 1, 44, 255]",0.604,30.0
06/09/2025 11:56:58,06/09/2025,11:56:58,"[0, 161, 0, 1, 217, 253, 1, 44, 255]",0.473,30.0
06/09/2025 11:56:59,06/09/2025,11:56:59,"[0, 161, 0, 3, 12, 253, 1, 45, 255]",0.780,30.1
06/09/2025 11:57:00,06/09/2025,11:57:00,"[0, 161, 0, 1, 30, 253, 1, 43, 255]",0.286,29.9
06/09/2025 11:57:01,06/09/2025,11:57:01,"[0, 161, 0, 1, 30, 253, 1, 44, 255]",0.286,30.0
06/09/2025 11:57:02,06/09/2025,11:57:02,"[0, 161, 0, 0, 204, 253, 1, 43, 255]",0.204,29.9
06/09/2025 11:57:03,06/09/2025,11:57:03,"[0, 161, 0, 0, 0, 253, 1, 44, 255]",0.000,30.0
06/09/2025 11:57:04,06/09/2025,11:57:04,"[0, 161, 0, 0, 0, 253, 1, 45, 255]",0.000,30.1
06/09/2025 11:57:05,06/09/2025,11:57:05,"[0, 161, 0, 0, 0, 253, 1, 46, 255]",0.000,30.2
06/09/2025 11:57:06,06/09/2025,11:57:06,"[0, 161, 0, 0, 0, 253, 1, 46, 255]",0.000,30.2
06/09/2025 11:57:07,06/09/2025,11:57:07,"[0, 161, 0, 2, 58, 253, 1, 44, 255]",0.570,30.0
06/09/2025 11:57:08,06/09/2025,11:57:08,"[0, 161, 0, 3, 200, 253, 1, 45, 255]",0.968,30.1
06/09/2025 11:57:09,06/09/2025,11:57:09,"[0, 161, 0, 2, 160, 253, 1, 43, 255]",0.672,29.9
06/09/2025 11:57:10,06/09/2025,11:57:10,"[0, 161, 0, 2, 160, 253, 1, 44, 255]",0.672,30.0
06/09/2025 11:57:11,06/09/2025,11:57:11,"[0, 161, 0, 2, 74, 253, 1, 44, 255]",0.586,30.0
06/09/2025 11:57:12,06/09/2025,11:57:12,"[0, 161, 0, 3, 35, 253, 1, 42, 255]",0.803,29.8
06/09/2025 11:57:13,06/09/2025,11:57:13,"[0, 161, 0, 2, 79, 253, 1, 43, 255]",0.591,29.9
06/09/2025 11:57:14,06/09/2025,11:57:14,"[0, 161, 0, 2, 79, 253, 1, 44, 255]",0.591,30.0
06/09/2025 11:57:15,06/09/2025,11:57:15,"[0, 161, 0, 1, 216, 253, 1, 43, 255]",0.472,29.9
06/09/2025 11:57:16,06/09/2025,11:57:16,"[0, 161, 0, 0, 157, 253, 1, 43, 255]",0.157,29.9
06/09/2025 11:57:17,06/09/2025,11:57:17,"[0, 161, 0, 0, 48, 253, 1, 43, 255]",0.048,29.9
06/09/2025 11:57:18,06/09/2025,11:57:18,"[0, 161, 0, 0, 48, 253, 1, 44, 255]",0.048,30.0
06/09/2025 11:57:19,06/09/2025,11:57:19,"[0, 161, 0, 0, 138, 253, 1, 43, 255]",0.138,29.9
06/09/2025 11:57:20,06/09/2025,11:57:20,"[0, 161, 0, 2, 166, 253, 1, 44, 255]",0.678,30.0
06/09/2025 11:57:21,06/09/2025,11:57:21,"[0, 161, 0, 5, 175, 253, 1, 42, 255]",1.455,29.8
06/09/2025 11:57:22,06/09/2025,11:57:22,"[0, 161, 0, 5, 175, 253, 1, 42, 255]",1.455,29.8
06/09/2025 11:57:23,06/09/2025,11:57:23,"[0, 161, 0, 2, 155, 253, 1, 41, 255]",0.667,29.7
06/09/2025 11:57:24,06/09/2025,11:57:24,"[0, 161, 0, 0, 251, 253, 1, 42, 255]",0.251,29.8
06/09/2025 11:57:25,06/09/2025,11:57:25,"[0, 161, 0, 1, 24, 253, 1, 42, 255]",0.280,29.8
06/09/2025 11:57:26,06/09/2025,11:57:26,"[0, 161, 0, 1, 71, 253, 1, 41, 255]",0.327,29.7
06/09/2025 11:57:27,06/09/2025,11:57:27,"[0, 161, 0, 1, 71, 253, 1, 41, 255]",0.327,29.7
06/09/2025 11:57:28,06/09/2025,11:57:28,"[0, 161, 0, 0, 11, 253, 1, 42, 255]",0.011,29.8
06/09/2025 11:57:29,06/09/2025,11:57:29,"[0, 161, 0, 0, 215, 253, 1, 42, 255]",0.215,29.8
06/09/2025 11:57:30,06/09/2025,11:57:30,"[0, 161, 0, 0, 244, 253, 1, 41, 255]",0.244,29.7
06/09/2025 11:57:31,06/09/2025,11:57:31,"[0, 161, 0, 0, 244, 253, 1, 43, 255]",0.244,29.9
06/09/2025 11:57:32,06/09/2025,11:57:32,"[0, 161, 0, 0, 139, 253, 1, 41, 255]",0.139,29.7
06/09/2025 11:57:33,06/09/2025,11:57:33,"[0, 161, 0, 0, 176, 253, 1, 42, 255]",0.176,29.8
06/09/2025 11:57:34,06/09/2025,11:57:34,"[0, 161, 0, 2, 214, 253, 1, 44, 255]",0.726,30.0
06/09/2025 11:57:35,06/09/2025,11:57:35,"[0, 161, 0, 2, 214, 253, 1, 42, 255]",0.726,29.8
06/09/2025 11:57:36,06/09/2025,11:57:36,"[0, 161, 0, 3, 82, 253, 1, 42, 255]",0.850,29.8
06/09/2025 11:57:37,06/09/2025,11:57:37,"[0, 161, 0, 2, 107, 253, 1, 41, 255]",0.619,29.7
06/09/2025 11:57:38,06/09/2025,11:57:38,"[0, 161, 0, 1, 148, 253, 1, 41, 255]",0.404,29.7
06/09/2025 11:57:39,06/09/2025,11:57:39,"[0, 161, 0, 1, 148, 253, 1, 42, 255]",0.404,29.8
06/09/2025 11:57:40,06/09/2025,11:57:40,"[0, 161, 0, 2, 18, 253, 1, 41, 255]",0.530,29.7
06/09/2025 11:57:41,06/09/2025,11:57:41,"[0, 161, 0, 2, 29, 253, 1, 41, 255]",0.541,29.7
06/09/2025 11:57:42,06/09/2025,11:57:42,"[0, 161, 0, 1, 17, 253, 1, 39, 255]",0.273,29.5
06/09/2025 11:57:43,06/09/2025,11:57:43,"[0, 161, 0, 1, 17, 253, 1, 41, 255]",0.273,29.7
06/09/2025 11:57:44,06/09/2025,11:57:44,"[0, 161, 0, 0, 244, 253, 1, 42, 255]",0.244,29.8
06/09/2025 11:57:45,06/09/2025,11:57:45,"[0, 161, 0, 0, 41, 253, 1, 40, 255]",0.041,29.6
06/09/2025 11:57:46,06/09/2025,11:57:46,"[0, 161, 0, 0, 200, 253, 1, 41, 255]",0.200,29.7
06/09/2025 11:57:47,06/09/2025,11:57:47,"[0, 161, 0, 0, 234, 253, 1, 41, 255]",0.234,29.7
06/09/2025 11:57:48,06/09/2025,11:57:48,"[0, 161, 0, 0, 234, 253, 1, 41, 255]",0.234,29.7
06/09/2025 11:57:49,06/09/2025,11:57:49,"[0, 161, 0, 2, 189, 253, 1, 43, 255]",0.701,29.9
06/09/2025 11:57:50,06/09/2025,11:57:50,"[0, 161, 0, 2, 107, 253, 1, 42, 255]",0.619,29.8
06/09/2025 11:57:51,06/09/2025,11:57:51,"[0, 161, 0, 1, 223, 253, 1, 41, 255]",0.479,29.7
06/09/2025 11:57:52,06/09/2025,11:57:52,"[0, 161, 0, 1, 223, 253, 1, 39, 255]",0.479,29.5
06/09/2025 11:57:53,06/09/2025,11:57:53,"[0, 161, 0, 2, 115, 253, 1, 42, 255]",0.627,29.8
06/09/2025 11:57:54,06/09/2025,11:57:54,"[0, 161, 0, 2, 217, 253, 1, 39, 255]",0.729,29.5
06/09/2025 11:57:55,06/09/2025,11:57:55,"[0, 161, 0, 3, 70, 253, 1, 39, 255]",0.838,29.5
06/09/2025 11:57:56,06/09/2025,11:57:56,"[0, 161, 0, 3, 70, 253, 1, 39, 255]",0.838,29.5
06/09/2025 11:57:57,06/09/2025,11:57:57,"[0, 161, 0, 1, 202, 253, 1, 41, 255]",0.458,29.7
06/09/2025 11:57:58,06/09/2025,11:57:58,"[0, 161, 0, 0, 144, 253, 1, 39, 255]",0.144,29.5
06/09/2025 11:57:59,06/09/2025,11:57:59,"[0, 161, 0, 0, 59, 253, 1, 40, 255]",0.059,29.6
06/09/2025 11:58:00,06/09/2025,11:58:00,"[0, 161, 0, 0, 59, 253, 1, 39, 255]",0.059,29.5
06/09/2025 11:58:01,06/09/2025,11:58:01,"[0, 161, 0, 0, 119, 253, 1, 39, 255]",0.119,29.5
06/09/2025 11:58:02,06/09/2025,11:58:02,"[0, 161, 0, 2, 83, 253, 1, 39, 255]",0.595,29.5
06/09/2025 11:58:03,06/09/2025,11:58:03,"[0, 161, 0, 1, 140, 253, 1, 38, 255]",0.396,29.4
06/09/2025 11:58:04,06/09/2025,11:58:04,"[0, 161, 0, 1, 140, 253, 1, 41, 255]",0.396,29.7
06/09/2025 11:58:05,06/09/2025,11:58:05,"[0, 161, 0, 2, 118, 253, 1, 39, 255]",0.630,29.5
06/09/2025 11:58:06,06/09/2025,11:58:06,"[0, 161, 0, 1, 212, 253, 1, 39, 255]",0.468,29.5
06/09/2025 11:58:07,06/09/2025,11:58:07,"[0, 161, 0, 1, 196, 253, 1, 39, 255]",0.452,29.5
06/09/2025 11:58:08,06/09/2025,11:58:08,"[0, 161, 0, 1, 216, 253, 1, 39, 255]",0.472,29.5
06/09/2025 11:58:09,06/09/2025,11:58:09,"[0, 161, 0, 1, 216, 253, 1, 40, 255]",0.472,29.6
06/09/2025 11:58:10,06/09/2025,11:58:10,"[0, 161, 0, 1, 137, 253, 1, 38, 255]",0.393,29.4
06/09/2025 11:58:11,06/09/2025,11:58:11,"[0, 161, 0, 0, 157, 253, 1, 38, 255]",0.157,29.4
06/09/2025 11:58:12,06/09/2025,11:58:12,"[0, 161, 0, 0, 0, 253, 1, 38, 255]",0.000,29.4
06/09/2025 11:58:13,06/09/2025,11:58:13,"[0, 161, 0, 0, 0, 253, 1, 38, 255]",0.000,29.4
06/09/2025 11:58:14,06/09/2025,11:58:14,"[0, 161, 0, 0, 25, 253, 1, 39, 255]",0.025,29.5
06/09/2025 11:58:15,06/09/2025,11:58:15,"[0, 161, 0, 2, 11, 253, 1, 40, 255]",0.523,29.6
06/09/2025 11:58:16,06/09/2025,11:58:16,"[0, 161, 0, 3, 225, 253, 1, 40, 255]",0.993,29.6
06/09/2025 11:58:17,06/09/2025,11:58:17,"[0, 161, 0, 3, 225, 253, 1, 38, 255]",0.993,29.4
06/09/2025 11:58:18,06/09/2025,11:58:18,"[0, 161, 0, 2, 205, 253, 1, 38, 255]",0.717,29.4
06/09/2025 11:58:19,06/09/2025,11:58:19,"[0, 161, 0, 1, 245, 253, 1, 39, 255]",0.501,29.5
06/09/2025 11:58:20,06/09/2025,11:58:20,"[0, 161, 0, 2, 13, 253, 1, 39, 255]",0.525,29.5
06/09/2025 11:58:21,06/09/2025,11:58:21,"[0, 161, 0, 2, 13, 253, 1, 37, 255]",0.525,29.3
06/09/2025 11:58:22,06/09/2025,11:58:22,"[0, 161, 0, 3, 167, 253, 1, 36, 255]",0.935,29.2
06/09/2025 11:58:23,06/09/2025,11:58:23,"[0, 161, 0, 1, 18, 253, 1, 37, 255]",0.274,29.3
06/09/2025 11:58:24,06/09/2025,11:58:24,"[0, 161, 0, 0, 215, 253, 1, 36, 255]",0.215,29.2
06/09/2025 11:58:25,06/09/2025,11:58:25,"[0, 161, 0, 0, 215, 253, 1, 37, 255]",0.215,29.3
06/09/2025 11:58:26,06/09/2025,11:58:26,"[0, 161, 0, 1, 67, 253, 1, 39, 255]",0.323,29.5
06/09/2025 11:58:27,06/09/2025,11:58:27,"[0, 161, 0, 1, 126, 253, 1, 38, 255]",0.382,29.4
06/09/2025 11:58:28,06/09/2025,11:58:28,"[0, 161, 0, 0, 112, 253, 1, 37, 255]",0.112,29.3
06/09/2025 11:58:29,06/09/2025,11:58:29,"[0, 161, 0, 0, 76, 253, 1, 37, 255]",0.076,29.3
06/09/2025 11:58:30,06/09/2025,11:58:30,"[0, 161, 0, 0, 76, 253, 1, 37, 255]",0.076,29.3
06/09/2025 11:58:31,06/09/2025,11:58:31,"[0, 161, 0, 0, 235, 253, 1, 37, 255]",0.235,29.3
06/09/2025 11:58:32,06/09/2025,11:58:32,"[0, 161, 0, 1, 27, 253, 1, 37, 255]",0.283,29.3
06/09/2025 11:58:33,06/09/2025,11:58:33,"[0, 161, 0, 2, 154, 253, 1, 38, 255]",0.666,29.4
06/09/2025 11:58:34,06/09/2025,11:58:34,"[0, 161, 0, 2, 154, 253, 1, 36, 255]",0.666,29.2
06/09/2025 11:58:35,06/09/2025,11:58:35,"[0, 161, 0, 1, 70, 253, 1, 39, 255]",0.326,29.5
06/09/2025 11:58:36,06/09/2025,11:58:36,"[0, 161, 0, 1, 244, 253, 1, 37, 255]",0.500,29.3
06/09/2025 11:58:37,06/09/2025,11:58:37,"[0, 161, 0, 1, 231, 253, 1, 37, 255]",0.487,29.3
06/09/2025 11:58:38,06/09/2025,11:58:38,"[0, 161, 0, 1, 231, 253, 1, 37, 255]",0.487,29.3
06/09/2025 11:58:39,06/09/2025,11:58:39,"[0, 161, 0, 1, 248, 253, 1, 38, 255]",0.504,29.4
06/09/2025 11:58:40,06/09/2025,11:58:40,"[0, 161, 0, 1, 134, 253, 1, 38, 255]",0.390,29.4
06/09/2025 11:58:41,06/09/2025,11:58:41,"[0, 161, 0, 1, 6, 253, 1, 36, 255]",0.262,29.2
06/09/2025 11:58:42,06/09/2025,11:58:42,"[0, 161, 0, 1, 6, 253, 1, 37, 255]",0.262,29.3
06/09/2025 11:58:43,06/09/2025,11:58:43,"[0, 161, 0, 1, 207, 253, 1, 38, 255]",0.463,29.4
06/09/2025 11:58:44,06/09/2025,11:58:44,"[0, 161, 0, 3, 49, 253, 1, 36, 255]",0.817,29.2
06/09/2025 11:58:45,06/09/2025,11:58:45,"[0, 161, 0, 2, 105, 253, 1, 36, 255]",0.617,29.2
06/09/2025 11:58:46,06/09/2025,11:58:46,"[0, 161, 0, 2, 105, 253, 1, 36, 255]",0.617,29.2
06/09/2025 11:58:47,06/09/2025,11:58:47,"[0, 161, 0, 2, 16, 253, 1, 36, 255]",0.528,29.2
06/09/2025 11:58:48,06/09/2025,11:58:48,"[0, 161, 0, 1, 207, 253, 1, 36, 255]",0.463,29.2
06/09/2025 11:58:49,06/09/2025,11:58:49,"[0, 161, 0, 1, 217, 253, 1, 37, 255]",0.473,29.3
06/09/2025 11:58:50,06/09/2025,11:58:50,"[0, 161, 0, 0, 40, 253, 1, 37, 255]",0.040,29.3
06/09/2025 11:58:51,06/09/2025,11:58:51,"[0, 161, 0, 0, 40, 253, 1, 36, 255]",0.040,29.2
06/09/2025 11:58:52,06/09/2025,11:58:52,"[0, 161, 0, 0, 103, 253, 1, 35, 255]",0.103,29.1
06/09/2025 11:58:53,06/09/2025,11:58:53,"[0, 161, 0, 0, 10, 253, 1, 35, 255]",0.010,29.1
06/09/2025 11:58:54,06/09/2025,11:58:54,"[0, 161, 0, 0, 22, 253, 1, 36, 255]",0.022,29.2
06/09/2025 11:58:55,06/09/2025,11:58:55,"[0, 161, 0, 0, 22, 253, 1, 36, 255]",0.022,29.2
06/09/2025 11:58:56,06/09/2025,11:58:56,"[0, 161, 0, 0, 139, 253, 1, 36, 255]",0.139,29.2
06/09/2025 11:58:57,06/09/2025,11:58:57,"[0, 161, 0, 1, 14, 253, 1, 37, 255]",0.270,29.3
06/09/2025 11:58:58,06/09/2025,11:58:58,"[0, 161, 0, 2, 62, 253, 1, 35, 255]",0.574,29.1
06/09/2025 11:58:59,06/09/2025,11:58:59,"[0, 161, 0, 2, 62, 253, 1, 37, 255]",0.574,29.3
06/09/2025 11:59:00,06/09/2025,11:59:00,"[0, 161, 0, 2, 98, 253, 1, 35, 255]",0.610,29.1
06/09/2025 11:59:01,06/09/2025,11:59:01,"[0, 161, 0, 1, 144, 253, 1, 36, 255]",0.400,29.2
06/09/2025 11:59:02,06/09/2025,11:59:02,"[0, 161, 0, 1, 82, 253, 1, 35, 255]",0.338,29.1
06/09/2025 11:59:03,06/09/2025,11:59:03,"[0, 161, 0, 1, 82, 253, 1, 36, 255]",0.338,29.2
06/09/2025 11:59:04,06/09/2025,11:59:04,"[0, 161, 0, 1, 153, 253, 1, 34, 255]",0.409,29.0
06/09/2025 11:59:05,06/09/2025,11:59:05,"[0, 161, 0, 1, 12, 253, 1, 35, 255]",0.268,29.1
06/09/2025 11:59:06,06/09/2025,11:59:06,"[0, 161, 0, 0, 216, 253, 1, 35, 255]",0.216,29.1
06/09/2025 11:59:07,06/09/2025,11:59:07,"[0, 161, 0, 0, 216, 253, 1, 35, 255]",0.216,29.1
06/09/2025 11:59:08,06/09/2025,11:59:08,"[0, 161, 0, 0, 185, 253, 1, 35, 255]",0.185,29.1
06/09/2025 11:59:09,06/09/2025,11:59:09,"[0, 161, 0, 0, 0, 253, 1, 36, 255]",0.000,29.2
06/09/2025 11:59:10,06/09/2025,11:59:10,"[0, 161, 0, 1, 129, 253, 1, 35, 255]",0.385,29.1
06/09/2025 11:59:11,06/09/2025,11:59:11,"[0, 161, 0, 1, 129, 253, 1, 35, 255]",0.385,29.1
06/09/2025 11:59:12,06/09/2025,11:59:12,"[0, 161, 0, 3, 161, 253, 1, 34, 255]",0.929,29.0
06/09/2025 11:59:13,06/09/2025,11:59:13,"[0, 161, 0, 2, 188, 253, 1, 33, 255]",0.700,28.9
06/09/2025 11:59:14,06/09/2025,11:59:14,"[0, 161, 0, 2, 71, 253, 1, 35, 255]",0.583,29.1
06/09/2025 11:59:15,06/09/2025,11:59:15,"[0, 161, 0, 1, 96, 253, 1, 33, 255]",0.352,28.9
06/09/2025 11:59:16,06/09/2025,11:59:16,"[0, 161, 0, 1, 96, 253, 1, 35, 255]",0.352,29.1
06/09/2025 11:59:17,06/09/2025,11:59:17,"[0, 161, 0, 2, 96, 253, 1, 33, 255]",0.608,28.9
06/09/2025 11:59:18,06/09/2025,11:59:18,"[0, 161, 0, 3, 6, 253, 1, 34, 255]",0.774,29.0
06/09/2025 11:59:19,06/09/2025,11:59:19,"[0, 161, 0, 0, 208, 253, 1, 34, 255]",0.208,29.0
06/09/2025 11:59:20,06/09/2025,11:59:20,"[0, 161, 0, 0, 208, 253, 1, 34, 255]",0.208,29.0
06/09/2025 11:59:21,06/09/2025,11:59:21,"[0, 161, 0, 0, 180, 253, 1, 33, 255]",0.180,28.9
06/09/2025 11:59:22,06/09/2025,11:59:22,"[0, 161, 0, 0, 151, 253, 1, 35, 255]",0.151,29.1
06/09/2025 11:59:23,06/09/2025,11:59:23,"[0, 161, 0, 0, 131, 253, 1, 33, 255]",0.131,28.9
06/09/2025 11:59:24,06/09/2025,11:59:24,"[0, 161, 0, 0, 131, 253, 1, 34, 255]",0.131,29.0
06/09/2025 11:59:25,06/09/2025,11:59:25,"[0, 161, 0, 0, 157, 253, 1, 35, 255]",0.157,29.1
06/09/2025 11:59:26,06/09/2025,11:59:26,"[0, 161, 0, 1, 164, 253, 1, 34, 255]",0.420,29.0
06/09/2025 11:59:27,06/09/2025,11:59:27,"[0, 161, 0, 1, 213, 253, 1, 34, 255]",0.469,29.0
06/09/2025 11:59:28,06/09/2025,11:59:28,"[0, 161, 0, 1, 213, 253, 1, 34, 255]",0.469,29.0
06/09/2025 11:59:29,06/09/2025,11:59:29,"[0, 161, 0, 1, 108, 253, 1, 33, 255]",0.364,28.9
06/09/2025 11:59:30,06/09/2025,11:59:30,"[0, 161, 0, 1, 32, 253, 1, 33, 255]",0.288,28.9
06/09/2025 11:59:31,06/09/2025,11:59:31,"[0, 161, 0, 0, 138, 253, 1, 35, 255]",0.138,29.1
06/09/2025 11:59:32,06/09/2025,11:59:32,"[0, 161, 0, 0, 138, 253, 1, 35, 255]",0.138,29.1
06/09/2025 11:59:33,06/09/2025,11:59:33,"[0, 161, 0, 0, 116, 253, 1, 34, 255]",0.116,29.0
06/09/2025 11:59:34,06/09/2025,11:59:34,"[0, 161, 0, 0, 118, 253, 1, 35, 255]",0.118,29.1
06/09/2025 11:59:35,06/09/2025,11:59:35,"[0, 161, 0, 0, 60, 253, 1, 32, 255]",0.060,28.8
06/09/2025 11:59:36,06/09/2025,11:59:36,"[0, 161, 0, 0, 0, 253, 1, 33, 255]",0.000,28.9
06/09/2025 11:59:37,06/09/2025,11:59:37,"[0, 161, 0, 0, 0, 253, 1, 34, 255]",0.000,29.0
06/09/2025 11:59:38,06/09/2025,11:59:38,"[0, 161, 0, 0, 42, 253, 1, 33, 255]",0.042,28.9
06/09/2025 11:59:39,06/09/2025,11:59:39,"[0, 161, 0, 2, 199, 253, 1, 35, 255]",0.711,29.1
06/09/2025 11:59:40,06/09/2025,11:59:40,"[0, 161, 0, 3, 30, 253, 1, 32, 255]",0.798,28.8
06/09/2025 11:59:41,06/09/2025,11:59:41,"[0, 161, 0, 3, 30, 253, 1, 33, 255]",0.798,28.9
06/09/2025 11:59:42,06/09/2025,11:59:42,"[0, 161, 0, 2, 14, 253, 1, 32, 255]",0.526,28.8
06/09/2025 11:59:43,06/09/2025,11:59:43,"[0, 161, 0, 1, 191, 253, 1, 34, 255]",0.447,29.0
06/09/2025 11:59:44,06/09/2025,11:59:44,"[0, 161, 0, 0, 156, 253, 1, 32, 255]",0.156,28.8
06/09/2025 11:59:45,06/09/2025,11:59:45,"[0, 161, 0, 0, 156, 253, 1, 33, 255]",0.156,28.9
06/09/2025 11:59:46,06/09/2025,11:59:46,"[0, 161, 0, 0, 231, 253, 1, 34, 255]",0.231,29.0
06/09/2025 11:59:47,06/09/2025,11:59:47,"[0, 161, 0, 1, 119, 253, 1, 32, 255]",0.375,28.8
06/09/2025 11:59:48,06/09/2025,11:59:48,"[0, 161, 0, 0, 212, 253, 1, 32, 255]",0.212,28.8
06/09/2025 11:59:49,06/09/2025,11:59:49,"[0, 161, 0, 0, 212, 253, 1, 33, 255]",0.212,28.9
06/09/2025 11:59:50,06/09/2025,11:59:50,"[0, 161, 0, 0, 18, 253, 1, 34, 255]",0.018,29.0
06/09/2025 11:59:51,06/09/2025,11:59:51,"[0, 161, 0, 1, 87, 253, 1, 34, 255]",0.343,29.0
06/09/2025 11:59:52,06/09/2025,11:59:52,"[0, 161, 0, 2, 33, 253, 1, 34, 255]",0.545,29.0
06/09/2025 11:59:53,06/09/2025,11:59:53,"[0, 161, 0, 2, 33, 253, 1, 34, 255]",0.545,29.0
06/09/2025 11:59:54,06/09/2025,11:59:54,"[0, 161, 0, 3, 166, 253, 1, 32, 255]",0.934,28.8
06/09/2025 11:59:55,06/09/2025,11:59:55,"[0, 161, 0, 2, 115, 253, 1, 32, 255]",0.627,28.8
06/09/2025 11:59:56,06/09/2025,11:59:56,"[0, 161, 0, 1, 113, 253, 1, 34, 255]",0.369,29.0
06/09/2025 11:59:57,06/09/2025,11:59:57,"[0, 161, 0, 3, 6, 253, 1, 31, 255]",0.774,28.7
06/09/2025 11:59:58,06/09/2025,11:59:58,"[0, 161, 0, 3, 6, 253, 1, 31, 255]",0.774,28.7
06/09/2025 11:59:59,06/09/2025,11:59:59,"[0, 161, 0, 2, 24, 253, 1, 30, 255]",0.536,28.6
06/09/2025 12:00:00,06/09/2025,12:00:00,"[0, 161, 0, 2, 3, 253, 1, 30, 255]",0.515,28.6
06/09/2025 12:00:01,06/09/2025,12:00:01,"[0, 161, 0, 0, 131, 253, 1, 32, 255]",0.131,28.8
06/09/2025 12:00:02,06/09/2025,12:00:02,"[0, 161, 0, 0, 131, 253, 1, 30, 255]",0.131,28.6
06/09/2025 12:00:03,06/09/2025,12:00:03,"[0, 161, 0, 0, 0, 253, 1, 32, 255]",0.000,28.8
06/09/2025 12:00:04,06/09/2025,12:00:04,"[0, 161, 0, 0, 0, 253, 1, 32, 255]",0.000,28.8
06/09/2025 12:00:05,06/09/2025,12:00:05,"[0, 161, 0, 0, 229, 253, 1, 31, 255]",0.229,28.7
06/09/2025 12:00:06,06/09/2025,12:00:06,"[0, 161, 0, 0, 229, 253, 1, 32, 255]",0.229,28.8
06/09/2025 12:00:07,06/09/2025,12:00:07,"[0, 161, 0, 3, 167, 253, 1, 32, 255]",0.935,28.8
06/09/2025 12:00:08,06/09/2025,12:00:08,"[0, 161, 0, 1, 167, 253, 1, 30, 255]",0.423,28.6
06/09/2025 12:00:09,06/09/2025,12:00:09,"[0, 161, 0, 1, 152, 253, 1, 31, 255]",0.408,28.7
06/09/2025 12:00:10,06/09/2025,12:00:10,"[0, 161, 0, 1, 152, 253, 1, 32, 255]",0.408,28.8
06/09/2025 12:00:11,06/09/2025,12:00:11,"[0, 161, 0, 1, 120, 253, 1, 31, 255]",0.376,28.7
06/09/2025 12:00:12,06/09/2025,12:00:12,"[0, 161, 0, 3, 30, 253, 1, 31, 255]",0.798,28.7
06/09/2025 12:00:13,06/09/2025,12:00:13,"[0, 161, 0, 2, 38, 253, 1, 31, 255]",0.550,28.7
06/09/2025 12:00:14,06/09/2025,12:00:14,"[0, 161, 0, 2, 38, 253, 1, 30, 255]",0.550,28.6
06/09/2025 12:00:15,06/09/2025,12:00:15,"[0, 161, 0, 2, 15, 253, 1, 30, 255]",0.527,28.6
06/09/2025 12:00:16,06/09/2025,12:00:16,"[0, 161, 0, 0, 2, 253, 1, 31, 255]",0.002,28.7
06/09/2025 12:00:17,06/09/2025,12:00:17,"[0, 161, 0, 0, 11, 253, 1, 32, 255]",0.011,28.8
06/09/2025 12:00:18,06/09/2025,12:00:18,"[0, 161, 0, 0, 156, 253, 1, 31, 255]",0.156,28.7
06/09/2025 12:00:19,06/09/2025,12:00:19,"[0, 161, 0, 0, 156, 253, 1, 32, 255]",0.156,28.8
06/09/2025 12:00:20,06/09/2025,12:00:20,"[0, 161, 0, 3, 61, 253, 1, 30, 255]",0.829,28.6
06/09/2025 12:00:21,06/09/2025,12:00:21,"[0, 161, 0, 2, 131, 253, 1, 31, 255]",0.643,28.7
06/09/2025 12:00:22,06/09/2025,12:00:22,"[0, 161, 0, 2, 127, 253, 1, 30, 255]",0.639,28.6
06/09/2025 12:00:23,06/09/2025,12:00:23,"[0, 161, 0, 2, 127, 253, 1, 32, 255]",0.639,28.8
06/09/2025 12:00:24,06/09/2025,12:00:24,"[0, 161, 0, 1, 76, 253, 1, 30, 255]",0.332,28.6
06/09/2025 12:00:25,06/09/2025,12:00:25,"[0, 161, 0, 1, 148, 253, 1, 30, 255]",0.404,28.6
06/09/2025 12:00:26,06/09/2025,12:00:26,"[0, 161, 0, 1, 31, 253, 1, 30, 255]",0.287,28.6
06/09/2025 12:00:27,06/09/2025,12:00:27,"[0, 161, 0, 1, 31, 253, 1, 30, 255]",0.287,28.6
06/09/2025 12:00:28,06/09/2025,12:00:28,"[0, 161, 0, 0, 133, 253, 1, 30, 255]",0.133,28.6
06/09/2025 12:00:29,06/09/2025,12:00:29,"[0, 161, 0, 0, 84, 253, 1, 30, 255]",0.084,28.6
06/09/2025 12:00:30,06/09/2025,12:00:30,"[0, 161, 0, 0, 55, 253, 1, 30, 255]",0.055,28.6
06/09/2025 12:00:31,06/09/2025,12:00:31,"[0, 161, 0, 0, 55, 253, 1, 31, 255]",0.055,28.7
06/09/2025 12:00:32,06/09/2025,12:00:32,"[0, 161, 0, 0, 17, 253, 1, 30, 255]",0.017,28.6
06/09/2025 12:00:33,06/09/2025,12:00:33,"[0, 161, 0, 2, 204, 253, 1, 31, 255]",0.716,28.7
06/09/2025 12:00:34,06/09/2025,12:00:34,"[0, 161, 0, 3, 11, 253, 1, 31, 255]",0.779,28.7
06/09/2025 12:00:35,06/09/2025,12:00:35,"[0, 161, 0, 3, 11, 253, 1, 30, 255]",0.779,28.6
06/09/2025 12:00:36,06/09/2025,12:00:36,"[0, 161, 0, 3, 20, 253, 1, 30, 255]",0.788,28.6
06/09/2025 12:00:37,06/09/2025,12:00:37,"[0, 161, 0, 1, 102, 253, 1, 29, 255]",0.358,28.5
06/09/2025 12:00:38,06/09/2025,12:00:38,"[0, 161, 0, 2, 29, 253, 1, 29, 255]",0.541,28.5
06/09/2025 12:00:39,06/09/2025,12:00:39,"[0, 161, 0, 2, 181, 253, 1, 30, 255]",0.693,28.6
06/09/2025 12:00:40,06/09/2025,12:00:40,"[0, 161, 0, 2, 181, 253, 1, 30, 255]",0.693,28.6
06/09/2025 12:00:41,06/09/2025,12:00:41,"[0, 161, 0, 2, 16, 253, 1, 29, 255]",0.528,28.5
06/09/2025 12:00:42,06/09/2025,12:00:42,"[0, 161, 0, 0, 240, 253, 1, 30, 255]",0.240,28.6
06/09/2025 12:00:43,06/09/2025,12:00:43,"[0, 161, 0, 0, 103, 253, 1, 29, 255]",0.103,28.5
06/09/2025 12:00:44,06/09/2025,12:00:44,"[0, 161, 0, 0, 103, 253, 1, 30, 255]",0.103,28.6
06/09/2025 12:00:45,06/09/2025,12:00:45,"[0, 161, 0, 0, 0, 253, 1, 31, 255]",0.000,28.7
06/09/2025 12:00:46,06/09/2025,12:00:46,"[0, 161, 0, 0, 151, 253, 1, 30, 255]",0.151,28.6
06/09/2025 12:00:47,06/09/2025,12:00:47,"[0, 161, 0, 1, 242, 253, 1, 30, 255]",0.498,28.6
06/09/2025 12:00:48,06/09/2025,12:00:48,"[0, 161, 0, 1, 242, 253, 1, 30, 255]",0.498,28.6
06/09/2025 12:00:49,06/09/2025,12:00:49,"[0, 161, 0, 1, 137, 253, 1, 30, 255]",0.393,28.6
06/09/2025 12:00:50,06/09/2025,12:00:50,"[0, 161, 0, 1, 173, 253, 1, 29, 255]",0.429,28.5
06/09/2025 12:00:51,06/09/2025,12:00:51,"[0, 161, 0, 1, 77, 253, 1, 30, 255]",0.333,28.6
06/09/2025 12:00:52,06/09/2025,12:00:52,"[0, 161, 0, 1, 77, 253, 1, 28, 255]",0.333,28.4
06/09/2025 12:00:53,06/09/2025,12:00:53,"[0, 161, 0, 1, 255, 253, 1, 30, 255]",0.511,28.6
06/09/2025 12:00:54,06/09/2025,12:00:54,"[0, 161, 0, 1, 71, 253, 1, 29, 255]",0.327,28.5
06/09/2025 12:00:55,06/09/2025,12:00:55,"[0, 161, 0, 0, 0, 253, 1, 29, 255]",0.000,28.5
06/09/2025 12:00:56,06/09/2025,12:00:56,"[0, 161, 0, 0, 0, 253, 1, 29, 255]",0.000,28.5
06/09/2025 12:00:57,06/09/2025,12:00:57,"[0, 161, 0, 0, 0, 253, 1, 30, 255]",0.000,28.6
06/09/2025 12:00:58,06/09/2025,12:00:58,"[0, 161, 0, 0, 0, 253, 1, 29, 255]",0.000,28.5
06/09/2025 12:00:59,06/09/2025,12:00:59,"[0, 161, 0, 1, 71, 253, 1, 30, 255]",0.327,28.6
06/09/2025 12:01:00,06/09/2025,12:01:00,"[0, 161, 0, 6, 75, 253, 1, 30, 255]",1.611,28.6
06/09/2025 12:01:01,06/09/2025,12:01:01,"[0, 161, 0, 6, 75, 253, 1, 30, 255]",1.611,28.6
06/09/2025 12:01:02,06/09/2025,12:01:02,"[0, 161, 0, 3, 41, 253, 1, 28, 255]",0.809,28.4
06/09/2025 12:01:03,06/09/2025,12:01:03,"[0, 161, 0, 0, 214, 253, 1, 26, 255]",0.214,28.2
06/09/2025 12:01:04,06/09/2025,12:01:04,"[0, 161, 0, 0, 176, 253, 1, 26, 255]",0.176,28.2
06/09/2025 12:01:05,06/09/2025,12:01:05,"[0, 161, 0, 0, 176, 253, 1, 28, 255]",0.176,28.4
06/09/2025 12:01:06,06/09/2025,12:01:06,"[0, 161, 0, 3, 39, 253, 1, 29, 255]",0.807,28.5
06/09/2025 12:01:07,06/09/2025,12:01:07,"[0, 161, 0, 2, 68, 253, 1, 28, 255]",0.580,28.4
06/09/2025 12:01:08,06/09/2025,12:01:08,"[0, 161, 0, 0, 0, 253, 1, 27, 255]",0.000,28.3
06/09/2025 12:01:09,06/09/2025,12:01:09,"[0, 161, 0, 0, 0, 253, 1, 28, 255]",0.000,28.4
06/09/2025 12:01:10,06/09/2025,12:01:10,"[0, 161, 0, 0, 0, 253, 1, 29, 255]",0.000,28.5
06/09/2025 12:01:11,06/09/2025,12:01:11,"[0, 161, 0, 0, 0, 253, 1, 29, 255]",0.000,28.5
06/09/2025 12:01:12,06/09/2025,12:01:12,"[0, 161, 0, 0, 0, 253, 1, 30, 255]",0.000,28.6
06/09/2025 12:01:13,06/09/2025,12:01:13,"[0, 161, 0, 0, 0, 253, 1, 30, 255]",0.000,28.6
06/09/2025 12:01:14,06/09/2025,12:01:14,"[0, 161, 0, 2, 171, 253, 1, 29, 255]",0.683,28.5
06/09/2025 12:01:15,06/09/2025,12:01:15,"[0, 161, 0, 3, 176, 253, 1, 29, 255]",0.944,28.5
06/09/2025 12:01:16,06/09/2025,12:01:16,"[0, 161, 0, 2, 54, 253, 1, 29, 255]",0.566,28.5
06/09/2025 12:01:17,06/09/2025,12:01:17,"[0, 161, 0, 2, 54, 253, 1, 28, 255]",0.566,28.4
06/09/2025 12:01:18,06/09/2025,12:01:18,"[0, 161, 0, 2, 8, 253, 1, 29, 255]",0.520,28.5
06/09/2025 12:01:19,06/09/2025,12:01:19,"[0, 161, 0, 0, 186, 253, 1, 26, 255]",0.186,28.2
06/09/2025 12:01:20,06/09/2025,12:01:20,"[0, 161, 0, 2, 29, 253, 1, 28, 255]",0.541,28.4
06/09/2025 12:01:21,06/09/2025,12:01:21,"[0, 161, 0, 2, 29, 253, 1, 27, 255]",0.541,28.3
06/09/2025 12:01:22,06/09/2025,12:01:22,"[0, 161, 0, 0, 85, 253, 1, 28, 255]",0.085,28.4
06/09/2025 12:01:23,06/09/2025,12:01:23,"[0, 161, 0, 0, 129, 253, 1, 27, 255]",0.129,28.3
06/09/2025 12:01:24,06/09/2025,12:01:24,"[0, 161, 0, 0, 45, 253, 1, 28, 255]",0.045,28.4
06/09/2025 12:01:25,06/09/2025,12:01:25,"[0, 161, 0, 0, 1, 253, 1, 27, 255]",0.001,28.3
06/09/2025 12:01:26,06/09/2025,12:01:26,"[0, 161, 0, 0, 1, 253, 1, 29, 255]",0.001,28.5
06/09/2025 12:01:27,06/09/2025,12:01:27,"[0, 161, 0, 1, 102, 253, 1, 28, 255]",0.358,28.4
06/09/2025 12:01:28,06/09/2025,12:01:28,"[0, 161, 0, 3, 181, 253, 1, 29, 255]",0.949,28.5
06/09/2025 12:01:29,06/09/2025,12:01:29,"[0, 161, 0, 1, 168, 253, 1, 27, 255]",0.424,28.3
06/09/2025 12:01:30,06/09/2025,12:01:30,"[0, 161, 0, 1, 168, 253, 1, 27, 255]",0.424,28.3
06/09/2025 12:01:31,06/09/2025,12:01:31,"[0, 161, 0, 2, 33, 253, 1, 27, 255]",0.545,28.3
06/09/2025 12:01:32,06/09/2025,12:01:32,"[0, 161, 0, 1, 15, 253, 1, 28, 255]",0.271,28.4
06/09/2025 12:01:33,06/09/2025,12:01:33,"[0, 161, 0, 2, 109, 253, 1, 28, 255]",0.621,28.4
06/09/2025 12:01:34,06/09/2025,12:01:34,"[0, 161, 0, 2, 109, 253, 1, 25, 255]",0.621,28.1
06/09/2025 12:01:35,06/09/2025,12:01:35,"[0, 161, 0, 1, 37, 253, 1, 27, 255]",0.293,28.3
06/09/2025 12:01:36,06/09/2025,12:01:36,"[0, 161, 0, 1, 70, 253, 1, 28, 255]",0.326,28.4
06/09/2025 12:01:37,06/09/2025,12:01:37,"[0, 161, 0, 0, 125, 253, 1, 28, 255]",0.125,28.4
06/09/2025 12:01:38,06/09/2025,12:01:38,"[0, 161, 0, 0, 125, 253, 1, 27, 255]",0.125,28.3
06/09/2025 12:01:39,06/09/2025,12:01:39,"[0, 161, 0, 0, 0, 253, 1, 27, 255]",0.000,28.3
06/09/2025 12:01:40,06/09/2025,12:01:40,"[0, 161, 0, 0, 0, 253, 1, 28, 255]",0.000,28.4
06/09/2025 12:01:41,06/09/2025,12:01:41,"[0, 161, 0, 1, 86, 253, 1, 27, 255]",0.342,28.3
06/09/2025 12:01:42,06/09/2025,12:01:42,"[0, 161, 0, 2, 55, 253, 1, 27, 255]",0.567,28.3
06/09/2025 12:01:43,06/09/2025,12:01:43,"[0, 161, 0, 2, 55, 253, 1, 27, 255]",0.567,28.3
06/09/2025 12:01:44,06/09/2025,12:01:44,"[0, 161, 0, 3, 56, 253, 1, 26, 255]",0.824,28.2
06/09/2025 12:01:45,06/09/2025,12:01:45,"[0, 161, 0, 2, 29, 253, 1, 26, 255]",0.541,28.2
06/09/2025 12:01:46,06/09/2025,12:01:46,"[0, 161, 0, 1, 69, 253, 1, 24, 255]",0.325,28.0
06/09/2025 12:01:47,06/09/2025,12:01:47,"[0, 161, 0, 1, 69, 253, 1, 27, 255]",0.325,28.3
06/09/2025 12:01:48,06/09/2025,12:01:48,"[0, 161, 0, 2, 48, 253, 1, 26, 255]",0.560,28.2
06/09/2025 12:01:49,06/09/2025,12:01:49,"[0, 161, 0, 2, 55, 253, 1, 25, 255]",0.567,28.1
06/09/2025 12:01:50,06/09/2025,12:01:50,"[0, 161, 0, 0, 251, 253, 1, 25, 255]",0.251,28.1
06/09/2025 12:01:51,06/09/2025,12:01:51,"[0, 161, 0, 0, 251, 253, 1, 26, 255]",0.251,28.2
06/09/2025 12:01:52,06/09/2025,12:01:52,"[0, 161, 0, 0, 90, 253, 1, 26, 255]",0.090,28.2
06/09/2025 12:01:53,06/09/2025,12:01:53,"[0, 161, 0, 0, 54, 253, 1, 28, 255]",0.054,28.4
06/09/2025 12:01:54,06/09/2025,12:01:54,"[0, 161, 0, 0, 79, 253, 1, 26, 255]",0.079,28.2
06/09/2025 12:01:55,06/09/2025,12:01:55,"[0, 161, 0, 0, 79, 253, 1, 26, 255]",0.079,28.2
06/09/2025 12:01:56,06/09/2025,12:01:56,"[0, 161, 0, 1, 125, 253, 1, 26, 255]",0.381,28.2
06/09/2025 12:01:57,06/09/2025,12:01:57,"[0, 161, 0, 2, 58, 253, 1, 26, 255]",0.570,28.2
06/09/2025 12:01:58,06/09/2025,12:01:58,"[0, 161, 0, 2, 137, 253, 1, 26, 255]",0.649,28.2
06/09/2025 12:01:59,06/09/2025,12:01:59,"[0, 161, 0, 2, 137, 253, 1, 27, 255]",0.649,28.3
06/09/2025 12:02:00,06/09/2025,12:02:00,"[0, 161, 0, 1, 78, 253, 1, 24, 255]",0.334,28.0
06/09/2025 12:02:01,06/09/2025,12:02:01,"[0, 161, 0, 2, 42, 253, 1, 27, 255]",0.554,28.3
06/09/2025 12:02:02,06/09/2025,12:02:02,"[0, 161, 0, 2, 142, 253, 1, 24, 255]",0.654,28.0
06/09/2025 12:02:03,06/09/2025,12:02:03,"[0, 161, 0, 1, 39, 253, 1, 24, 255]",0.295,28.0
06/09/2025 12:02:04,06/09/2025,12:02:04,"[0, 161, 0, 1, 39, 253, 1, 26, 255]",0.295,28.2
06/09/2025 12:02:05,06/09/2025,12:02:05,"[0, 161, 0, 1, 28, 253, 1, 25, 255]",0.284,28.1
06/09/2025 12:02:06,06/09/2025,12:02:06,"[0, 161, 0, 0, 0, 253, 1, 25, 255]",0.000,28.1
06/09/2025 12:02:07,06/09/2025,12:02:07,"[0, 161, 0, 0, 83, 253, 1, 26, 255]",0.083,28.2
06/09/2025 12:02:08,06/09/2025,12:02:08,"[0, 161, 0, 0, 83, 253, 1, 25, 255]",0.083,28.1
06/09/2025 12:02:09,06/09/2025,12:02:09,"[0, 161, 0, 0, 0, 253, 1, 26, 255]",0.000,28.2
06/09/2025 12:02:10,06/09/2025,12:02:10,"[0, 161, 0, 2, 88, 253, 1, 25, 255]",0.600,28.1
06/09/2025 12:02:11,06/09/2025,12:02:11,"[0, 161, 0, 2, 111, 253, 1, 26, 255]",0.623,28.2
06/09/2025 12:02:12,06/09/2025,12:02:12,"[0, 161, 0, 2, 111, 253, 1, 26, 255]",0.623,28.2
06/09/2025 12:02:13,06/09/2025,12:02:13,"[0, 161, 0, 2, 156, 253, 1, 24, 255]",0.668,28.0
06/09/2025 12:02:14,06/09/2025,12:02:14,"[0, 161, 0, 1, 7, 253, 1, 25, 255]",0.263,28.1
06/09/2025 12:02:15,06/09/2025,12:02:15,"[0, 161, 0, 2, 186, 253, 1, 26, 255]",0.698,28.2
06/09/2025 12:02:16,06/09/2025,12:02:16,"[0, 161, 0, 2, 186, 253, 1, 23, 255]",0.698,27.9
06/09/2025 12:02:17,06/09/2025,12:02:17,"[0, 161, 0, 2, 72, 253, 1, 24, 255]",0.584,28.0
06/09/2025 12:02:18,06/09/2025,12:02:18,"[0, 161, 0, 1, 17, 253, 1, 25, 255]",0.273,28.1
06/09/2025 12:02:19,06/09/2025,12:02:19,"[0, 161, 0, 0, 107, 253, 1, 25, 255]",0.107,28.1
06/09/2025 12:02:20,06/09/2025,12:02:20,"[0, 161, 0, 0, 107, 253, 1, 25, 255]",0.107,28.1
06/09/2025 12:02:21,06/09/2025,12:02:21,"[0, 161, 0, 0, 0, 253, 1, 25, 255]",0.000,28.1
06/09/2025 12:02:22,06/09/2025,12:02:22,"[0, 161, 0, 0, 37, 253, 1, 25, 255]",0.037,28.1
06/09/2025 12:02:23,06/09/2025,12:02:23,"[0, 161, 0, 2, 194, 253, 1, 25, 255]",0.706,28.1
06/09/2025 12:02:24,06/09/2025,12:02:24,"[0, 161, 0, 3, 196, 253, 1, 26, 255]",0.964,28.2
06/09/2025 12:02:25,06/09/2025,12:02:25,"[0, 161, 0, 3, 196, 253, 1, 23, 255]",0.964,27.9
06/09/2025 12:02:26,06/09/2025,12:02:26,"[0, 161, 0, 2, 161, 253, 1, 24, 255]",0.673,28.0
06/09/2025 12:02:27,06/09/2025,12:02:27,"[0, 161, 0, 0, 215, 253, 1, 23, 255]",0.215,27.9
06/09/2025 12:02:28,06/09/2025,12:02:28,"[0, 161, 0, 1, 181, 253, 1, 25, 255]",0.437,28.1
06/09/2025 12:02:29,06/09/2025,12:02:29,"[0, 161, 0, 1, 181, 253, 1, 27, 255]",0.437,28.3
06/09/2025 12:02:30,06/09/2025,12:02:30,"[0, 161, 0, 3, 130, 253, 1, 23, 255]",0.898,27.9
06/09/2025 12:02:31,06/09/2025,12:02:31,"[0, 161, 0, 1, 62, 253, 1, 23, 255]",0.318,27.9
06/09/2025 12:02:32,06/09/2025,12:02:32,"[0, 161, 0, 0, 0, 253, 1, 25, 255]",0.000,28.1
06/09/2025 12:02:33,06/09/2025,12:02:33,"[0, 161, 0, 0, 0, 253, 1, 24, 255]",0.000,28.0
06/09/2025 12:02:34,06/09/2025,12:02:34,"[0, 161, 0, 0, 0, 253, 1, 24, 255]",0.000,28.0
06/09/2025 12:02:35,06/09/2025,12:02:35,"[0, 161, 0, 0, 0, 253, 1, 23, 255]",0.000,27.9
06/09/2025 12:02:36,06/09/2025,12:02:36,"[0, 161, 0, 1, 76, 253, 1, 25, 255]",0.332,28.1
06/09/2025 12:02:37,06/09/2025,12:02:37,"[0, 161, 0, 1, 76, 253, 1, 24, 255]",0.332,28.0
06/09/2025 12:02:38,06/09/2025,12:02:38,"[0, 161, 0, 3, 213, 253, 1, 25, 255]",0.981,28.1
06/09/2025 12:02:39,06/09/2025,12:02:39,"[0, 161, 0, 3, 59, 253, 1, 25, 255]",0.827,28.1
06/09/2025 12:02:40,06/09/2025,12:02:40,"[0, 161, 0, 3, 56, 253, 1, 23, 255]",0.824,27.9
06/09/2025 12:02:41,06/09/2025,12:02:41,"[0, 161, 0, 3, 56, 253, 1, 22, 255]",0.824,27.8
06/09/2025 12:02:42,06/09/2025,12:02:42,"[0, 161, 0, 2, 32, 253, 1, 24, 255]",0.544,28.0
06/09/2025 12:02:43,06/09/2025,12:02:43,"[0, 161, 0, 1, 156, 253, 1, 22, 255]",0.412,27.8
06/09/2025 12:02:44,06/09/2025,12:02:44,"[0, 161, 0, 2, 52, 253, 1, 23, 255]",0.564,27.9
06/09/2025 12:02:45,06/09/2025,12:02:45,"[0, 161, 0, 2, 52, 253, 1, 24, 255]",0.564,28.0
06/09/2025 12:02:46,06/09/2025,12:02:46,"[0, 161, 0, 0, 75, 253, 1, 24, 255]",0.075,28.0
06/09/2025 12:02:47,06/09/2025,12:02:47,"[0, 161, 0, 0, 7, 253, 1, 25, 255]",0.007,28.1
06/09/2025 12:02:48,06/09/2025,12:02:48,"[0, 161, 0, 0, 0, 253, 1, 25, 255]",0.000,28.1
06/09/2025 12:02:49,06/09/2025,12:02:49,"[0, 161, 0, 0, 36, 253, 1, 24, 255]",0.036,28.0
06/09/2025 12:02:50,06/09/2025,12:02:50,"[0, 161, 0, 0, 36, 253, 1, 24, 255]",0.036,28.0
06/09/2025 12:02:51,06/09/2025,12:02:51,"[0, 161, 0, 2, 204, 253, 1, 23, 255]",0.716,27.9
06/09/2025 12:02:52,06/09/2025,12:02:52,"[0, 161, 0, 1, 255, 253, 1, 24, 255]",0.511,28.0
06/09/2025 12:02:53,06/09/2025,12:02:53,"[0, 161, 0, 1, 153, 253, 1, 23, 255]",0.409,27.9
06/09/2025 12:02:54,06/09/2025,12:02:54,"[0, 161, 0, 1, 153, 253, 1, 26, 255]",0.409,28.2
06/09/2025 12:02:55,06/09/2025,12:02:55,"[0, 161, 0, 2, 49, 253, 1, 24, 255]",0.561,28.0
06/09/2025 12:02:56,06/09/2025,12:02:56,"[0, 161, 0, 2, 106, 253, 1, 23, 255]",0.618,27.9
06/09/2025 12:02:57,06/09/2025,12:02:57,"[0, 161, 0, 2, 135, 253, 1, 22, 255]",0.647,27.8
06/09/2025 12:02:58,06/09/2025,12:02:58,"[0, 161, 0, 2, 135, 253, 1, 24, 255]",0.647,28.0
06/09/2025 12:02:59,06/09/2025,12:02:59,"[0, 161, 0, 1, 153, 253, 1, 23, 255]",0.409,27.9
06/09/2025 12:03:00,06/09/2025,12:03:00,"[0, 161, 0, 1, 31, 253, 1, 23, 255]",0.287,27.9
06/09/2025 12:03:01,06/09/2025,12:03:01,"[0, 161, 0, 0, 173, 253, 1, 23, 255]",0.173,27.9
06/09/2025 12:03:02,06/09/2025,12:03:02,"[0, 161, 0, 0, 173, 253, 1, 23, 255]",0.173,27.9
06/09/2025 12:03:03,06/09/2025,12:03:03,"[0, 161, 0, 0, 0, 253, 1, 22, 255]",0.000,27.8
06/09/2025 12:03:04,06/09/2025,12:03:04,"[0, 161, 0, 0, 0, 253, 1, 23, 255]",0.000,27.9
06/09/2025 12:03:05,06/09/2025,12:03:05,"[0, 161, 0, 2, 144, 253, 1, 25, 255]",0.656,28.1
06/09/2025 12:03:06,06/09/2025,12:03:06,"[0, 161, 0, 2, 144, 253, 1, 23, 255]",0.656,27.9
06/09/2025 12:03:07,06/09/2025,12:03:07,"[0, 161, 0, 2, 123, 253, 1, 24, 255]",0.635,28.0
06/09/2025 12:03:08,06/09/2025,12:03:08,"[0, 161, 0, 2, 47, 253, 1, 22, 255]",0.559,27.8
06/09/2025 12:03:09,06/09/2025,12:03:09,"[0, 161, 0, 2, 30, 253, 1, 22, 255]",0.542,27.8
06/09/2025 12:03:10,06/09/2025,12:03:10,"[0, 161, 0, 2, 1, 253, 1, 22, 255]",0.513,27.8
06/09/2025 12:03:11,06/09/2025,12:03:11,"[0, 161, 0, 2, 1, 253, 1, 22, 255]",0.513,27.8
06/09/2025 12:03:12,06/09/2025,12:03:12,"[0, 161, 0, 1, 240, 253, 1, 22, 255]",0.496,27.8
06/09/2025 12:03:13,06/09/2025,12:03:13,"[0, 161, 0, 0, 227, 253, 1, 22, 255]",0.227,27.8
06/09/2025 12:03:14,06/09/2025,12:03:14,"[0, 161, 0, 0, 235, 253, 1, 22, 255]",0.235,27.8
06/09/2025 12:03:15,06/09/2025,12:03:15,"[0, 161, 0, 0, 235, 253, 1, 22, 255]",0.235,27.8
06/09/2025 12:03:16,06/09/2025,12:03:16,"[0, 161, 0, 0, 44, 253, 1, 24, 255]",0.044,28.0
06/09/2025 12:03:17,06/09/2025,12:03:17,"[0, 161, 0, 0, 72, 253, 1, 23, 255]",0.072,27.9
06/09/2025 12:03:18,06/09/2025,12:03:18,"[0, 161, 0, 0, 167, 253, 1, 23, 255]",0.167,27.9
06/09/2025 12:03:19,06/09/2025,12:03:19,"[0, 161, 0, 0, 167, 253, 1, 23, 255]",0.167,27.9
06/09/2025 12:03:20,06/09/2025,12:03:20,"[0, 161, 0, 3, 47, 253, 1, 22, 255]",0.815,27.8
06/09/2025 12:03:21,06/09/2025,12:03:21,"[0, 161, 0, 1, 77, 253, 1, 22, 255]",0.333,27.8
06/09/2025 12:03:22,06/09/2025,12:03:22,"[0, 161, 0, 1, 231, 253, 1, 22, 255]",0.487,27.8
06/09/2025 12:03:23,06/09/2025,12:03:23,"[0, 161, 0, 1, 231, 253, 1, 22, 255]",0.487,27.8
06/09/2025 12:03:24,06/09/2025,12:03:24,"[0, 161, 0, 3, 228, 253, 1, 25, 255]",0.996,28.1
06/09/2025 12:03:25,06/09/2025,12:03:25,"[0, 161, 0, 3, 133, 253, 1, 21, 255]",0.901,27.7
06/09/2025 12:03:26,06/09/2025,12:03:26,"[0, 161, 0, 2, 27, 253, 1, 21, 255]",0.539,27.7
06/09/2025 12:03:27,06/09/2025,12:03:27,"[0, 161, 0, 2, 27, 253, 1, 22, 255]",0.539,27.8
06/09/2025 12:03:28,06/09/2025,12:03:28,"[0, 161, 0, 0, 181, 253, 1, 23, 255]",0.181,27.9
06/09/2025 12:03:29,06/09/2025,12:03:29,"[0, 161, 0, 0, 0, 253, 1, 22, 255]",0.000,27.8
06/09/2025 12:03:30,06/09/2025,12:03:30,"[0, 161, 0, 0, 0, 253, 1, 22, 255]",0.000,27.8
06/09/2025 12:03:31,06/09/2025,12:03:31,"[0, 161, 0, 0, 192, 253, 1, 22, 255]",0.192,27.8
06/09/2025 12:03:32,06/09/2025,12:03:32,"[0, 161, 0, 0, 192, 253, 1, 23, 255]",0.192,27.9
06/09/2025 12:03:33,06/09/2025,12:03:33,"[0, 161, 0, 3, 54, 253, 1, 23, 255]",0.822,27.9
06/09/2025 12:03:34,06/09/2025,12:03:34,"[0, 161, 0, 3, 194, 253, 1, 22, 255]",0.962,27.8
06/09/2025 12:03:35,06/09/2025,12:03:35,"[0, 161, 0, 3, 89, 253, 1, 21, 255]",0.857,27.7
06/09/2025 12:03:36,06/09/2025,12:03:36,"[0, 161, 0, 3, 89, 253, 1, 22, 255]",0.857,27.8
06/09/2025 12:03:37,06/09/2025,12:03:37,"[0, 161, 0, 2, 35, 253, 1, 22, 255]",0.547,27.8
06/09/2025 12:03:38,06/09/2025,12:03:38,"[0, 161, 0, 1, 195, 253, 1, 20, 255]",0.451,27.6
06/09/2025 12:03:39,06/09/2025,12:03:39,"[0, 161, 0, 1, 188, 253, 1, 20, 255]",0.444,27.6
06/09/2025 12:03:40,06/09/2025,12:03:40,"[0, 161, 0, 1, 188, 253, 1, 22, 255]",0.444,27.8
06/09/2025 12:03:41,06/09/2025,12:03:41,"[0, 161, 0, 0, 211, 253, 1, 22, 255]",0.211,27.8
06/09/2025 12:03:42,06/09/2025,12:03:42,"[0, 161, 0, 0, 226, 253, 1, 22, 255]",0.226,27.8
06/09/2025 12:03:43,06/09/2025,12:03:43,"[0, 161, 0, 0, 50, 253, 1, 22, 255]",0.050,27.8
06/09/2025 12:03:44,06/09/2025,12:03:44,"[0, 161, 0, 0, 50, 253, 1, 21, 255]",0.050,27.7
06/09/2025 12:03:45,06/09/2025,12:03:45,"[0, 161, 0, 0, 242, 253, 1, 21, 255]",0.242,27.7
06/09/2025 12:03:46,06/09/2025,12:03:46,"[0, 161, 0, 2, 27, 253, 1, 22, 255]",0.539,27.8
06/09/2025 12:03:47,06/09/2025,12:03:47,"[0, 161, 0, 3, 32, 253, 1, 20, 255]",0.800,27.6
06/09/2025 12:03:48,06/09/2025,12:03:48,"[0, 161, 0, 3, 32, 253, 1, 22, 255]",0.800,27.8
06/09/2025 12:03:49,06/09/2025,12:03:49,"[0, 161, 0, 1, 168, 253, 1, 22, 255]",0.424,27.8
06/09/2025 12:03:50,06/09/2025,12:03:50,"[0, 161, 0, 0, 24, 253, 1, 22, 255]",0.024,27.8
06/09/2025 12:03:51,06/09/2025,12:03:51,"[0, 161, 0, 0, 168, 253, 1, 22, 255]",0.168,27.8
06/09/2025 12:03:52,06/09/2025,12:03:52,"[0, 161, 0, 2, 198, 253, 1, 22, 255]",0.710,27.8
06/09/2025 12:03:53,06/09/2025,12:03:53,"[0, 161, 0, 2, 198, 253, 1, 22, 255]",0.710,27.8
06/09/2025 12:03:54,06/09/2025,12:03:54,"[0, 161, 0, 0, 239, 253, 1, 20, 255]",0.239,27.6
06/09/2025 12:03:55,06/09/2025,12:03:55,"[0, 161, 0, 0, 81, 253, 1, 19, 255]",0.081,27.5
06/09/2025 12:03:56,06/09/2025,12:03:56,"[0, 161, 0, 1, 74, 253, 1, 21, 255]",0.330,27.7
06/09/2025 12:03:57,06/09/2025,12:03:57,"[0, 161, 0, 1, 74, 253, 1, 21, 255]",0.330,27.7
06/09/2025 12:03:58,06/09/2025,12:03:58,"[0, 161, 0, 0, 146, 253, 1, 22, 255]",0.146,27.8
06/09/2025 12:03:59,06/09/2025,12:03:59,"[0, 161, 0, 2, 192, 253, 1, 22, 255]",0.704,27.8
06/09/2025 12:04:00,06/09/2025,12:04:00,"[0, 161, 0, 4, 99, 253, 1, 21, 255]",1.123,27.7
06/09/2025 12:04:01,06/09/2025,12:04:01,"[0, 161, 0, 4, 99, 253, 1, 20, 255]",1.123,27.6
06/09/2025 12:04:02,06/09/2025,12:04:02,"[0, 161, 0, 2, 159, 253, 1, 20, 255]",0.671,27.6
06/09/2025 12:04:03,06/09/2025,12:04:03,"[0, 161, 0, 2, 199, 253, 1, 20, 255]",0.711,27.6
06/09/2025 12:04:04,06/09/2025,12:04:04,"[0, 161, 0, 2, 145, 253, 1, 21, 255]",0.657,27.7
06/09/2025 12:04:05,06/09/2025,12:04:05,"[0, 161, 0, 2, 145, 253, 1, 21, 255]",0.657,27.7
06/09/2025 12:04:06,06/09/2025,12:04:06,"[0, 161, 0, 3, 157, 253, 1, 21, 255]",0.925,27.7
06/09/2025 12:04:07,06/09/2025,12:04:07,"[0, 161, 0, 2, 218, 253, 1, 20, 255]",0.730,27.6
06/09/2025 12:04:08,06/09/2025,12:04:08,"[0, 161, 0, 1, 22, 253, 1, 19, 255]",0.278,27.5
06/09/2025 12:04:09,06/09/2025,12:04:09,"[0, 161, 0, 1, 22, 253, 1, 20, 255]",0.278,27.6
06/09/2025 12:04:10,06/09/2025,12:04:10,"[0, 161, 0, 0, 128, 253, 1, 20, 255]",0.128,27.6
06/09/2025 12:04:11,06/09/2025,12:04:11,"[0, 161, 0, 0, 7, 253, 1, 21, 255]",0.007,27.7
06/09/2025 12:04:12,06/09/2025,12:04:12,"[0, 161, 0, 0, 0, 253, 1, 22, 255]",0.000,27.8
06/09/2025 12:04:13,06/09/2025,12:04:13,"[0, 161, 0, 0, 0, 253, 1, 22, 255]",0.000,27.8
06/09/2025 12:04:14,06/09/2025,12:04:14,"[0, 161, 0, 0, 0, 253, 1, 21, 255]",0.000,27.7
06/09/2025 12:04:15,06/09/2025,12:04:15,"[0, 161, 0, 1, 37, 253, 1, 20, 255]",0.293,27.6
06/09/2025 12:04:16,06/09/2025,12:04:16,"[0, 161, 0, 0, 196, 253, 1, 21, 255]",0.196,27.7
06/09/2025 12:04:17,06/09/2025,12:04:17,"[0, 161, 0, 1, 146, 253, 1, 21, 255]",0.402,27.7
06/09/2025 12:04:18,06/09/2025,12:04:18,"[0, 161, 0, 1, 146, 253, 1, 21, 255]",0.402,27.7
06/09/2025 12:04:19,06/09/2025,12:04:19,"[0, 161, 0, 0, 254, 253, 1, 21, 255]",0.254,27.7
06/09/2025 12:04:20,06/09/2025,12:04:20,"[0, 161, 0, 2, 141, 253, 1, 22, 255]",0.653,27.8
06/09/2025 12:04:21,06/09/2025,12:04:21,"[0, 161, 0, 1, 76, 253, 1, 21, 255]",0.332,27.7
06/09/2025 12:04:22,06/09/2025,12:04:22,"[0, 161, 0, 1, 76, 253, 1, 19, 255]",0.332,27.5
06/09/2025 12:04:23,06/09/2025,12:04:23,"[0, 161, 0, 0, 238, 253, 1, 20, 255]",0.238,27.6
06/09/2025 12:04:24,06/09/2025,12:04:24,"[0, 161, 0, 0, 97, 253, 1, 20, 255]",0.097,27.6
06/09/2025 12:04:25,06/09/2025,12:04:25,"[0, 161, 0, 0, 25, 253, 1, 22, 255]",0.025,27.8
06/09/2025 12:04:26,06/09/2025,12:04:26,"[0, 161, 0, 0, 25, 253, 1, 21, 255]",0.025,27.7
06/09/2025 12:04:27,06/09/2025,12:04:27,"[0, 161, 0, 0, 215, 253, 1, 22, 255]",0.215,27.8
06/09/2025 12:04:28,06/09/2025,12:04:28,"[0, 161, 0, 5, 106, 253, 1, 22, 255]",1.386,27.8
06/09/2025 12:04:29,06/09/2025,12:04:29,"[0, 161, 0, 3, 10, 253, 1, 21, 255]",0.778,27.7
06/09/2025 12:04:30,06/09/2025,12:04:30,"[0, 161, 0, 3, 10, 253, 1, 21, 255]",0.778,27.7
06/09/2025 12:04:31,06/09/2025,12:04:31,"[0, 161, 0, 1, 183, 253, 1, 18, 255]",0.439,27.4
06/09/2025 12:04:32,06/09/2025,12:04:32,"[0, 161, 0, 0, 219, 253, 1, 21, 255]",0.219,27.7
06/09/2025 12:04:33,06/09/2025,12:04:33,"[0, 161, 0, 2, 166, 253, 1, 21, 255]",0.678,27.7
06/09/2025 12:04:34,06/09/2025,12:04:34,"[0, 161, 0, 2, 144, 253, 1, 20, 255]",0.656,27.6
06/09/2025 12:04:35,06/09/2025,12:04:35,"[0, 161, 0, 2, 144, 253, 1, 20, 255]",0.656,27.6
06/09/2025 12:04:36,06/09/2025,12:04:36,"[0, 161, 0, 1, 51, 253, 1, 20, 255]",0.307,27.6
06/09/2025 12:04:37,06/09/2025,12:04:37,"[0, 161, 0, 0, 3, 253, 1, 20, 255]",0.003,27.6
06/09/2025 12:04:38,06/09/2025,12:04:38,"[0, 161, 0, 0, 110, 253, 1, 20, 255]",0.110,27.6
06/09/2025 12:04:39,06/09/2025,12:04:39,"[0, 161, 0, 0, 110, 253, 1, 20, 255]",0.110,27.6
06/09/2025 12:04:40,06/09/2025,12:04:40,"[0, 161, 0, 1, 17, 253, 1, 20, 255]",0.273,27.6
06/09/2025 12:04:41,06/09/2025,12:04:41,"[0, 161, 0, 1, 213, 253, 1, 20, 255]",0.469,27.6
06/09/2025 12:04:42,06/09/2025,12:04:42,"[0, 161, 0, 3, 44, 253, 1, 19, 255]",0.812,27.5
06/09/2025 12:04:43,06/09/2025,12:04:43,"[0, 161, 0, 3, 44, 253, 1, 19, 255]",0.812,27.5
06/09/2025 12:04:44,06/09/2025,12:04:44,"[0, 161, 0, 2, 192, 253, 1, 19, 255]",0.704,27.5
06/09/2025 12:04:45,06/09/2025,12:04:45,"[0, 161, 0, 1, 248, 253, 1, 19, 255]",0.504,27.5
06/09/2025 12:04:46,06/09/2025,12:04:46,"[0, 161, 0, 0, 182, 253, 1, 19, 255]",0.182,27.5
06/09/2025 12:04:47,06/09/2025,12:04:47,"[0, 161, 0, 0, 182, 253, 1, 19, 255]",0.182,27.5
06/09/2025 12:04:48,06/09/2025,12:04:48,"[0, 161, 0, 2, 114, 253, 1, 20, 255]",0.626,27.6
06/09/2025 12:04:49,06/09/2025,12:04:49,"[0, 161, 0, 1, 93, 253, 1, 18, 255]",0.349,27.4
06/09/2025 12:04:50,06/09/2025,12:04:50,"[0, 161, 0, 0, 70, 253, 1, 18, 255]",0.070,27.4
06/09/2025 12:04:51,06/09/2025,12:04:51,"[0, 161, 0, 0, 70, 253, 1, 19, 255]",0.070,27.5
06/09/2025 12:04:52,06/09/2025,12:04:52,"[0, 161, 0, 0, 25, 253, 1, 20, 255]",0.025,27.6
06/09/2025 12:04:53,06/09/2025,12:04:53,"[0, 161, 0, 0, 0, 253, 1, 21, 255]",0.000,27.7
06/09/2025 12:04:54,06/09/2025,12:04:54,"[0, 161, 0, 2, 76, 253, 1, 19, 255]",0.588,27.5
06/09/2025 12:04:55,06/09/2025,12:04:55,"[0, 161, 0, 2, 241, 253, 1, 20, 255]",0.753,27.6
06/09/2025 12:04:56,06/09/2025,12:04:56,"[0, 161, 0, 2, 241, 253, 1, 19, 255]",0.753,27.5
06/09/2025 12:04:57,06/09/2025,12:04:57,"[0, 161, 0, 2, 122, 253, 1, 20, 255]",0.634,27.6
06/09/2025 12:04:58,06/09/2025,12:04:58,"[0, 161, 0, 2, 193, 253, 1, 19, 255]",0.705,27.5
06/09/2025 12:04:59,06/09/2025,12:04:59,"[0, 161, 0, 0, 220, 253, 1, 20, 255]",0.220,27.6
06/09/2025 12:05:00,06/09/2025,12:05:00,"[0, 161, 0, 0, 220, 253, 1, 21, 255]",0.220,27.7
06/09/2025 12:05:01,06/09/2025,12:05:01,"[0, 161, 0, 1, 129, 253, 1, 18, 255]",0.385,27.4
06/09/2025 12:05:02,06/09/2025,12:05:02,"[0, 161, 0, 0, 2, 253, 1, 19, 255]",0.002,27.5
06/09/2025 12:05:03,06/09/2025,12:05:03,"[0, 161, 0, 0, 0, 253, 1, 21, 255]",0.000,27.7
06/09/2025 12:05:04,06/09/2025,12:05:04,"[0, 161, 0, 0, 0, 253, 1, 19, 255]",0.000,27.5
06/09/2025 12:05:05,06/09/2025,12:05:05,"[0, 161, 0, 0, 0, 253, 1, 20, 255]",0.000,27.6
06/09/2025 12:05:06,06/09/2025,12:05:06,"[0, 161, 0, 0, 0, 253, 1, 20, 255]",0.000,27.6
06/09/2025 12:05:07,06/09/2025,12:05:07,"[0, 161, 0, 0, 56, 253, 1, 20, 255]",0.056,27.6
06/09/2025 12:05:08,06/09/2025,12:05:08,"[0, 161, 0, 0, 56, 253, 1, 18, 255]",0.056,27.4
06/09/2025 12:05:09,06/09/2025,12:05:09,"[0, 161, 0, 0, 225, 253, 1, 19, 255]",0.225,27.5
06/09/2025 12:05:10,06/09/2025,12:05:10,"[0, 161, 0, 2, 22, 253, 1, 21, 255]",0.534,27.7
06/09/2025 12:05:11,06/09/2025,12:05:11,"[0, 161, 0, 1, 247, 253, 1, 19, 255]",0.503,27.5
06/09/2025 12:05:12,06/09/2025,12:05:12,"[0, 161, 0, 1, 247, 253, 1, 19, 255]",0.503,27.5
06/09/2025 12:05:13,06/09/2025,12:05:13,"[0, 161, 0, 0, 253, 253, 1, 19, 255]",0.253,27.5
06/09/2025 12:05:14,06/09/2025,12:05:14,"[0, 161, 0, 1, 160, 253, 1, 18, 255]",0.416,27.4
06/09/2025 12:05:15,06/09/2025,12:05:15,"[0, 161, 0, 2, 51, 253, 1, 19, 255]",0.563,27.5
06/09/2025 12:05:16,06/09/2025,12:05:16,"[0, 161, 0, 1, 63, 253, 1, 19, 255]",0.319,27.5
06/09/2025 12:05:17,06/09/2025,12:05:17,"[0, 161, 0, 1, 63, 253, 1, 19, 255]",0.319,27.5
06/09/2025 12:05:18,06/09/2025,12:05:18,"[0, 161, 0, 0, 227, 253, 1, 20, 255]",0.227,27.6
06/09/2025 12:05:19,06/09/2025,12:05:19,"[0, 161, 0, 0, 0, 253, 1, 21, 255]",0.000,27.7
06/09/2025 12:05:20,06/09/2025,12:05:20,"[0, 161, 0, 0, 0, 253, 1, 19, 255]",0.000,27.5
06/09/2025 12:05:21,06/09/2025,12:05:21,"[0, 161, 0, 0, 0, 253, 1, 19, 255]",0.000,27.5
06/09/2025 12:05:22,06/09/2025,12:05:22,"[0, 161, 0, 1, 57, 253, 1, 19, 255]",0.313,27.5
06/09/2025 12:05:23,06/09/2025,12:05:23,"[0, 161, 0, 2, 136, 253, 1, 20, 255]",0.648,27.6
06/09/2025 12:05:24,06/09/2025,12:05:24,"[0, 161, 0, 2, 237, 253, 1, 17, 255]",0.749,27.3
06/09/2025 12:05:25,06/09/2025,12:05:25,"[0, 161, 0, 2, 237, 253, 1, 19, 255]",0.749,27.5
06/09/2025 12:05:26,06/09/2025,12:05:26,"[0, 161, 0, 2, 105, 253, 1, 19, 255]",0.617,27.5
