Timestamp,Date,Time,Raw_Data,Wind_Speed,Temperature
07/11/2025 15:28:15,07/11/2025,15:28:15,"[0, 161, 0, 0, 0, 253, 1, 38, 255]",0.000,29.4
07/11/2025 15:28:16,07/11/2025,15:28:16,"[0, 161, 0, 0, 0, 253, 1, 36, 255]",0.000,29.2
07/11/2025 15:28:17,07/11/2025,15:28:17,"[0, 161, 0, 1, 85, 253, 1, 37, 255]",0.341,29.3
07/11/2025 15:28:18,07/11/2025,15:28:18,"[0, 161, 0, 1, 85, 253, 1, 40, 255]",0.341,29.6
07/11/2025 15:28:19,07/11/2025,15:28:19,"[0, 161, 0, 0, 0, 253, 1, 39, 255]",0.000,29.5
07/11/2025 15:28:20,07/11/2025,15:28:20,"[0, 161, 0, 0, 0, 253, 1, 37, 255]",0.000,29.3
07/11/2025 15:28:21,07/11/2025,15:28:21,"[0, 161, 0, 0, 0, 253, 1, 39, 255]",0.000,29.5
07/11/2025 15:28:22,07/11/2025,15:28:22,"[0, 161, 0, 0, 0, 253, 1, 39, 255]",0.000,29.5
07/11/2025 15:28:23,07/11/2025,15:28:23,"[0, 161, 0, 0, 0, 253, 1, 38, 255]",0.000,29.4
07/11/2025 15:28:24,07/11/2025,15:28:24,"[0, 161, 0, 0, 0, 253, 1, 37, 255]",0.000,29.3
07/11/2025 15:28:25,07/11/2025,15:28:25,"[0, 161, 0, 0, 0, 253, 1, 37, 255]",0.000,29.3
07/11/2025 15:28:26,07/11/2025,15:28:26,"[0, 161, 0, 0, 0, 253, 1, 39, 255]",0.000,29.5
07/11/2025 15:28:27,07/11/2025,15:28:27,"[0, 161, 0, 0, 100, 253, 1, 39, 255]",0.100,29.5
07/11/2025 15:28:28,07/11/2025,15:28:28,"[0, 161, 0, 0, 62, 253, 1, 37, 255]",0.062,29.3
07/11/2025 15:28:29,07/11/2025,15:28:29,"[0, 161, 0, 0, 0, 253, 1, 37, 255]",0.000,29.3
07/11/2025 15:28:30,07/11/2025,15:28:30,"[0, 161, 0, 0, 0, 253, 1, 38, 255]",0.000,29.4
07/11/2025 15:28:31,07/11/2025,15:28:31,"[0, 161, 0, 0, 0, 253, 1, 37, 255]",0.000,29.3
07/11/2025 15:28:32,07/11/2025,15:28:32,"[0, 161, 0, 0, 0, 253, 1, 38, 255]",0.000,29.4
07/11/2025 15:28:33,07/11/2025,15:28:33,"[0, 161, 0, 1, 42, 253, 1, 39, 255]",0.298,29.5
07/11/2025 15:28:34,07/11/2025,15:28:34,"[0, 161, 0, 0, 2, 253, 1, 41, 255]",0.002,29.7
07/11/2025 15:28:35,07/11/2025,15:28:35,"[0, 161, 0, 0, 2, 253, 1, 38, 255]",0.002,29.4
07/11/2025 15:28:36,07/11/2025,15:28:36,"[0, 161, 0, 0, 0, 253, 1, 39, 255]",0.000,29.5
07/11/2025 15:28:37,07/11/2025,15:28:37,"[0, 161, 0, 0, 66, 253, 1, 39, 255]",0.066,29.5
07/11/2025 15:28:38,07/11/2025,15:28:38,"[0, 161, 0, 0, 163, 253, 1, 38, 255]",0.163,29.4
07/11/2025 15:28:39,07/11/2025,15:28:39,"[0, 161, 0, 0, 163, 253, 1, 38, 255]",0.163,29.4
07/11/2025 15:28:40,07/11/2025,15:28:40,"[0, 161, 0, 0, 1, 253, 1, 39, 255]",0.001,29.5
07/11/2025 15:28:41,07/11/2025,15:28:41,"[0, 161, 0, 0, 25, 253, 1, 40, 255]",0.025,29.6
07/11/2025 15:28:42,07/11/2025,15:28:42,"[0, 161, 0, 0, 0, 253, 1, 39, 255]",0.000,29.5
07/11/2025 15:28:43,07/11/2025,15:28:43,"[0, 161, 0, 0, 0, 253, 1, 37, 255]",0.000,29.3
07/11/2025 15:28:44,07/11/2025,15:28:44,"[0, 161, 0, 0, 0, 253, 1, 39, 255]",0.000,29.5
07/11/2025 15:28:45,07/11/2025,15:28:45,"[0, 161, 0, 0, 0, 253, 1, 39, 255]",0.000,29.5
07/11/2025 15:28:46,07/11/2025,15:28:46,"[0, 161, 0, 0, 0, 253, 1, 39, 255]",0.000,29.5
07/11/2025 15:28:47,07/11/2025,15:28:47,"[0, 161, 0, 0, 0, 253, 1, 40, 255]",0.000,29.6
07/11/2025 15:28:48,07/11/2025,15:28:48,"[0, 161, 0, 0, 0, 253, 1, 40, 255]",0.000,29.6
07/11/2025 15:28:49,07/11/2025,15:28:49,"[0, 161, 0, 1, 28, 253, 1, 39, 255]",0.284,29.5
07/11/2025 15:28:50,07/11/2025,15:28:50,"[0, 161, 0, 0, 0, 253, 1, 40, 255]",0.000,29.6
07/11/2025 15:28:51,07/11/2025,15:28:51,"[0, 161, 0, 0, 38, 253, 1, 40, 255]",0.038,29.6
07/11/2025 15:28:52,07/11/2025,15:28:52,"[0, 161, 0, 0, 38, 253, 1, 40, 255]",0.038,29.6
07/11/2025 15:28:53,07/11/2025,15:28:53,"[0, 161, 0, 0, 17, 253, 1, 40, 255]",0.017,29.6
07/11/2025 15:28:54,07/11/2025,15:28:54,"[0, 161, 0, 0, 38, 253, 1, 40, 255]",0.038,29.6
07/11/2025 15:28:55,07/11/2025,15:28:55,"[0, 161, 0, 0, 0, 253, 1, 38, 255]",0.000,29.4
07/11/2025 15:28:56,07/11/2025,15:28:56,"[0, 161, 0, 0, 0, 253, 1, 41, 255]",0.000,29.7
07/11/2025 15:28:57,07/11/2025,15:28:57,"[0, 161, 0, 0, 0, 253, 1, 40, 255]",0.000,29.6
07/11/2025 15:28:58,07/11/2025,15:28:58,"[0, 161, 0, 0, 186, 253, 1, 38, 255]",0.186,29.4
07/11/2025 15:28:59,07/11/2025,15:28:59,"[0, 161, 0, 0, 0, 253, 1, 39, 255]",0.000,29.5
07/11/2025 15:29:00,07/11/2025,15:29:00,"[0, 161, 0, 0, 0, 253, 1, 38, 255]",0.000,29.4
07/11/2025 15:29:01,07/11/2025,15:29:01,"[0, 161, 0, 0, 0, 253, 1, 40, 255]",0.000,29.6
07/11/2025 15:29:02,07/11/2025,15:29:02,"[0, 161, 0, 0, 0, 253, 1, 38, 255]",0.000,29.4
07/11/2025 15:29:03,07/11/2025,15:29:03,"[0, 161, 0, 0, 0, 253, 1, 40, 255]",0.000,29.6
07/11/2025 15:29:04,07/11/2025,15:29:04,"[0, 161, 0, 0, 0, 253, 1, 41, 255]",0.000,29.7
07/11/2025 15:29:05,07/11/2025,15:29:05,"[0, 161, 0, 0, 44, 253, 1, 40, 255]",0.044,29.6
07/11/2025 15:29:06,07/11/2025,15:29:06,"[0, 161, 0, 0, 29, 253, 1, 40, 255]",0.029,29.6
07/11/2025 15:29:07,07/11/2025,15:29:07,"[0, 161, 0, 0, 0, 253, 1, 41, 255]",0.000,29.7
07/11/2025 15:29:08,07/11/2025,15:29:08,"[0, 161, 0, 0, 0, 253, 1, 39, 255]",0.000,29.5
07/11/2025 15:29:09,07/11/2025,15:29:09,"[0, 161, 0, 0, 0, 253, 1, 41, 255]",0.000,29.7
07/11/2025 15:29:10,07/11/2025,15:29:10,"[0, 161, 0, 0, 0, 253, 1, 39, 255]",0.000,29.5
07/11/2025 15:29:11,07/11/2025,15:29:11,"[0, 161, 0, 0, 0, 253, 1, 40, 255]",0.000,29.6
07/11/2025 15:29:12,07/11/2025,15:29:12,"[0, 161, 0, 0, 0, 253, 1, 40, 255]",0.000,29.6
07/11/2025 15:29:13,07/11/2025,15:29:13,"[0, 161, 0, 0, 0, 253, 1, 41, 255]",0.000,29.7
07/11/2025 15:29:14,07/11/2025,15:29:14,"[0, 161, 0, 0, 0, 253, 1, 41, 255]",0.000,29.7
07/11/2025 15:29:15,07/11/2025,15:29:15,"[0, 161, 0, 0, 89, 253, 1, 41, 255]",0.089,29.7
07/11/2025 15:29:16,07/11/2025,15:29:16,"[0, 161, 0, 0, 0, 253, 1, 41, 255]",0.000,29.7
07/11/2025 15:29:17,07/11/2025,15:29:17,"[0, 161, 0, 0, 0, 253, 1, 40, 255]",0.000,29.6
07/11/2025 15:29:18,07/11/2025,15:29:18,"[0, 161, 0, 0, 0, 253, 1, 39, 255]",0.000,29.5
07/11/2025 15:29:19,07/11/2025,15:29:19,"[0, 161, 0, 0, 0, 253, 1, 39, 255]",0.000,29.5
07/11/2025 15:29:20,07/11/2025,15:29:20,"[0, 161, 0, 0, 90, 253, 1, 41, 255]",0.090,29.7
07/11/2025 15:29:21,07/11/2025,15:29:21,"[0, 161, 0, 0, 0, 253, 1, 41, 255]",0.000,29.7
07/11/2025 15:29:22,07/11/2025,15:29:22,"[0, 161, 0, 0, 0, 253, 1, 40, 255]",0.000,29.6
07/11/2025 15:29:23,07/11/2025,15:29:23,"[0, 161, 0, 0, 0, 253, 1, 41, 255]",0.000,29.7
07/11/2025 15:29:24,07/11/2025,15:29:24,"[0, 161, 0, 0, 0, 253, 1, 41, 255]",0.000,29.7
07/11/2025 15:29:25,07/11/2025,15:29:25,"[0, 161, 0, 0, 0, 253, 1, 38, 255]",0.000,29.4
07/11/2025 15:29:26,07/11/2025,15:29:26,"[0, 161, 0, 0, 0, 253, 1, 41, 255]",0.000,29.7
07/11/2025 15:29:27,07/11/2025,15:29:27,"[0, 161, 0, 0, 0, 253, 1, 43, 255]",0.000,29.9
07/11/2025 15:29:28,07/11/2025,15:29:28,"[0, 161, 0, 0, 0, 253, 1, 41, 255]",0.000,29.7
07/11/2025 15:29:29,07/11/2025,15:29:29,"[0, 161, 0, 0, 229, 253, 1, 41, 255]",0.229,29.7
07/11/2025 15:29:30,07/11/2025,15:29:30,"[0, 161, 0, 0, 229, 253, 1, 43, 255]",0.229,29.9
07/11/2025 15:29:31,07/11/2025,15:29:31,"[0, 161, 0, 0, 3, 253, 1, 41, 255]",0.003,29.7
07/11/2025 15:29:32,07/11/2025,15:29:32,"[0, 161, 0, 0, 0, 253, 1, 39, 255]",0.000,29.5
07/11/2025 15:29:33,07/11/2025,15:29:33,"[0, 161, 0, 0, 0, 253, 1, 41, 255]",0.000,29.7
07/11/2025 15:29:34,07/11/2025,15:29:34,"[0, 161, 0, 0, 0, 253, 1, 41, 255]",0.000,29.7
07/11/2025 15:29:35,07/11/2025,15:29:35,"[0, 161, 0, 0, 158, 253, 1, 41, 255]",0.158,29.7
07/11/2025 15:29:36,07/11/2025,15:29:36,"[0, 161, 0, 0, 13, 253, 1, 41, 255]",0.013,29.7
07/11/2025 15:29:37,07/11/2025,15:29:37,"[0, 161, 0, 0, 218, 253, 1, 41, 255]",0.218,29.7
07/11/2025 15:29:38,07/11/2025,15:29:38,"[0, 161, 0, 0, 0, 253, 1, 42, 255]",0.000,29.8
07/11/2025 15:29:39,07/11/2025,15:29:39,"[0, 161, 0, 0, 0, 253, 1, 42, 255]",0.000,29.8
07/11/2025 15:29:40,07/11/2025,15:29:40,"[0, 161, 0, 0, 0, 253, 1, 41, 255]",0.000,29.7
07/11/2025 15:29:41,07/11/2025,15:29:41,"[0, 161, 0, 0, 0, 253, 1, 40, 255]",0.000,29.6
07/11/2025 15:29:42,07/11/2025,15:29:42,"[0, 161, 0, 0, 0, 253, 1, 40, 255]",0.000,29.6
07/11/2025 15:29:43,07/11/2025,15:29:43,"[0, 161, 0, 0, 0, 253, 1, 40, 255]",0.000,29.6
07/11/2025 15:29:44,07/11/2025,15:29:44,"[0, 161, 0, 0, 9, 253, 1, 43, 255]",0.009,29.9
07/11/2025 15:29:45,07/11/2025,15:29:45,"[0, 161, 0, 0, 155, 253, 1, 41, 255]",0.155,29.7
07/11/2025 15:29:46,07/11/2025,15:29:46,"[0, 161, 0, 0, 0, 253, 1, 40, 255]",0.000,29.6
07/11/2025 15:29:47,07/11/2025,15:29:47,"[0, 161, 0, 0, 0, 253, 1, 40, 255]",0.000,29.6
07/11/2025 15:29:48,07/11/2025,15:29:48,"[0, 161, 0, 0, 0, 253, 1, 42, 255]",0.000,29.8
07/11/2025 15:29:49,07/11/2025,15:29:49,"[0, 161, 0, 0, 0, 253, 1, 41, 255]",0.000,29.7
07/11/2025 15:29:50,07/11/2025,15:29:50,"[0, 161, 0, 0, 57, 253, 1, 41, 255]",0.057,29.7
07/11/2025 15:29:51,07/11/2025,15:29:51,"[0, 161, 0, 0, 0, 253, 1, 42, 255]",0.000,29.8
07/11/2025 15:29:52,07/11/2025,15:29:52,"[0, 161, 0, 0, 0, 253, 1, 41, 255]",0.000,29.7
07/11/2025 15:29:53,07/11/2025,15:29:53,"[0, 161, 0, 0, 147, 253, 1, 42, 255]",0.147,29.8
07/11/2025 15:29:54,07/11/2025,15:29:54,"[0, 161, 0, 0, 200, 253, 1, 42, 255]",0.200,29.8
07/11/2025 15:29:55,07/11/2025,15:29:55,"[0, 161, 0, 0, 0, 253, 1, 41, 255]",0.000,29.7
07/11/2025 15:29:56,07/11/2025,15:29:56,"[0, 161, 0, 0, 0, 253, 1, 42, 255]",0.000,29.8
07/11/2025 15:29:57,07/11/2025,15:29:57,"[0, 161, 0, 0, 17, 253, 1, 42, 255]",0.017,29.8
07/11/2025 15:29:58,07/11/2025,15:29:58,"[0, 161, 0, 0, 0, 253, 1, 42, 255]",0.000,29.8
07/11/2025 15:29:59,07/11/2025,15:29:59,"[0, 161, 0, 1, 105, 253, 1, 42, 255]",0.361,29.8
07/11/2025 15:30:00,07/11/2025,15:30:00,"[0, 161, 0, 1, 105, 253, 1, 40, 255]",0.361,29.6
07/11/2025 15:30:01,07/11/2025,15:30:01,"[0, 161, 0, 0, 0, 253, 1, 41, 255]",0.000,29.7
07/11/2025 15:30:02,07/11/2025,15:30:02,"[0, 161, 0, 0, 0, 253, 1, 42, 255]",0.000,29.8
07/11/2025 15:30:03,07/11/2025,15:30:03,"[0, 161, 0, 0, 0, 253, 1, 42, 255]",0.000,29.8
07/11/2025 15:30:04,07/11/2025,15:30:04,"[0, 161, 0, 0, 0, 253, 1, 40, 255]",0.000,29.6
07/11/2025 15:30:05,07/11/2025,15:30:05,"[0, 161, 0, 0, 0, 253, 1, 42, 255]",0.000,29.8
07/11/2025 15:30:06,07/11/2025,15:30:06,"[0, 161, 0, 0, 0, 253, 1, 42, 255]",0.000,29.8
07/11/2025 15:30:07,07/11/2025,15:30:07,"[0, 161, 0, 0, 176, 253, 1, 42, 255]",0.176,29.8
07/11/2025 15:30:08,07/11/2025,15:30:08,"[0, 161, 0, 0, 223, 253, 1, 42, 255]",0.223,29.8
07/11/2025 15:30:09,07/11/2025,15:30:09,"[0, 161, 0, 0, 223, 253, 1, 41, 255]",0.223,29.7
07/11/2025 15:30:10,07/11/2025,15:30:10,"[0, 161, 0, 0, 0, 253, 1, 43, 255]",0.000,29.9
07/11/2025 15:30:11,07/11/2025,15:30:11,"[0, 161, 0, 0, 0, 253, 1, 42, 255]",0.000,29.8
07/11/2025 15:30:12,07/11/2025,15:30:12,"[0, 161, 0, 0, 0, 253, 1, 42, 255]",0.000,29.8
07/11/2025 15:30:13,07/11/2025,15:30:13,"[0, 161, 0, 0, 0, 253, 1, 42, 255]",0.000,29.8
07/11/2025 15:30:14,07/11/2025,15:30:14,"[0, 161, 0, 0, 24, 253, 1, 43, 255]",0.024,29.9
07/11/2025 15:30:15,07/11/2025,15:30:15,"[0, 161, 0, 1, 13, 253, 1, 41, 255]",0.269,29.7
07/11/2025 15:30:16,07/11/2025,15:30:16,"[0, 161, 0, 0, 0, 253, 1, 41, 255]",0.000,29.7
07/11/2025 15:30:17,07/11/2025,15:30:17,"[0, 161, 0, 0, 0, 253, 1, 41, 255]",0.000,29.7
07/11/2025 15:30:18,07/11/2025,15:30:18,"[0, 161, 0, 0, 53, 253, 1, 41, 255]",0.053,29.7
07/11/2025 15:30:19,07/11/2025,15:30:19,"[0, 161, 0, 0, 138, 253, 1, 43, 255]",0.138,29.9
07/11/2025 15:30:20,07/11/2025,15:30:20,"[0, 161, 0, 0, 57, 253, 1, 42, 255]",0.057,29.8
07/11/2025 15:30:21,07/11/2025,15:30:21,"[0, 161, 0, 0, 57, 253, 1, 43, 255]",0.057,29.9
07/11/2025 15:30:22,07/11/2025,15:30:22,"[0, 161, 0, 0, 76, 253, 1, 42, 255]",0.076,29.8
07/11/2025 15:30:23,07/11/2025,15:30:23,"[0, 161, 0, 0, 18, 253, 1, 44, 255]",0.018,30.0
07/11/2025 15:30:24,07/11/2025,15:30:24,"[0, 161, 0, 0, 149, 253, 1, 43, 255]",0.149,29.9
07/11/2025 15:30:25,07/11/2025,15:30:25,"[0, 161, 0, 0, 0, 253, 1, 43, 255]",0.000,29.9
07/11/2025 15:30:26,07/11/2025,15:30:26,"[0, 161, 0, 0, 0, 253, 1, 43, 255]",0.000,29.9
07/11/2025 15:30:27,07/11/2025,15:30:27,"[0, 161, 0, 0, 0, 253, 1, 42, 255]",0.000,29.8
07/11/2025 15:30:28,07/11/2025,15:30:28,"[0, 161, 0, 0, 0, 253, 1, 43, 255]",0.000,29.9
07/11/2025 15:30:29,07/11/2025,15:30:29,"[0, 161, 0, 0, 78, 253, 1, 43, 255]",0.078,29.9
07/11/2025 15:30:31,07/11/2025,15:30:31,"[0, 161, 0, 0, 78, 253, 1, 43, 255]",0.078,29.9
07/11/2025 15:30:32,07/11/2025,15:30:32,"[0, 161, 0, 0, 0, 253, 1, 43, 255]",0.000,29.9
07/11/2025 15:30:33,07/11/2025,15:30:33,"[0, 161, 0, 0, 0, 253, 1, 43, 255]",0.000,29.9
07/11/2025 15:30:34,07/11/2025,15:30:34,"[0, 161, 0, 0, 0, 253, 1, 43, 255]",0.000,29.9
07/11/2025 15:30:35,07/11/2025,15:30:35,"[0, 161, 0, 0, 0, 253, 1, 43, 255]",0.000,29.9
07/11/2025 15:30:36,07/11/2025,15:30:36,"[0, 161, 0, 0, 22, 253, 1, 42, 255]",0.022,29.8
07/11/2025 15:30:37,07/11/2025,15:30:37,"[0, 161, 0, 0, 0, 253, 1, 42, 255]",0.000,29.8
07/11/2025 15:30:38,07/11/2025,15:30:38,"[0, 161, 0, 0, 6, 253, 1, 42, 255]",0.006,29.8
07/11/2025 15:30:39,07/11/2025,15:30:39,"[0, 161, 0, 0, 6, 253, 1, 41, 255]",0.006,29.7
07/11/2025 15:30:40,07/11/2025,15:30:40,"[0, 161, 0, 0, 204, 253, 1, 43, 255]",0.204,29.9
07/11/2025 15:30:41,07/11/2025,15:30:41,"[0, 161, 0, 0, 13, 253, 1, 43, 255]",0.013,29.9
07/11/2025 15:30:42,07/11/2025,15:30:42,"[0, 161, 0, 0, 0, 253, 1, 44, 255]",0.000,30.0
07/11/2025 15:30:43,07/11/2025,15:30:43,"[0, 161, 0, 0, 70, 253, 1, 44, 255]",0.070,30.0
07/11/2025 15:30:44,07/11/2025,15:30:44,"[0, 161, 0, 0, 70, 253, 1, 43, 255]",0.070,29.9
07/11/2025 15:30:45,07/11/2025,15:30:45,"[0, 161, 0, 0, 60, 253, 1, 42, 255]",0.060,29.8
07/11/2025 15:30:46,07/11/2025,15:30:46,"[0, 161, 0, 0, 128, 253, 1, 44, 255]",0.128,30.0
07/11/2025 15:30:47,07/11/2025,15:30:47,"[0, 161, 0, 0, 0, 253, 1, 42, 255]",0.000,29.8
07/11/2025 15:30:48,07/11/2025,15:30:48,"[0, 161, 0, 0, 0, 253, 1, 42, 255]",0.000,29.8
07/11/2025 15:30:49,07/11/2025,15:30:49,"[0, 161, 0, 0, 0, 253, 1, 42, 255]",0.000,29.8
07/11/2025 15:30:50,07/11/2025,15:30:50,"[0, 161, 0, 0, 0, 253, 1, 42, 255]",0.000,29.8
07/11/2025 15:30:51,07/11/2025,15:30:51,"[0, 161, 0, 0, 0, 253, 1, 43, 255]",0.000,29.9
07/11/2025 15:30:52,07/11/2025,15:30:52,"[0, 161, 0, 0, 0, 253, 1, 43, 255]",0.000,29.9
07/11/2025 15:30:53,07/11/2025,15:30:53,"[0, 161, 0, 0, 202, 253, 1, 41, 255]",0.202,29.7
07/11/2025 15:30:54,07/11/2025,15:30:54,"[0, 161, 0, 1, 39, 253, 1, 41, 255]",0.295,29.7
07/11/2025 15:30:55,07/11/2025,15:30:55,"[0, 161, 0, 0, 0, 253, 1, 43, 255]",0.000,29.9
07/11/2025 15:30:56,07/11/2025,15:30:56,"[0, 161, 0, 0, 0, 253, 1, 43, 255]",0.000,29.9
07/11/2025 15:30:57,07/11/2025,15:30:57,"[0, 161, 0, 0, 0, 253, 1, 43, 255]",0.000,29.9
07/11/2025 15:30:58,07/11/2025,15:30:58,"[0, 161, 0, 0, 127, 253, 1, 43, 255]",0.127,29.9
07/11/2025 15:30:59,07/11/2025,15:30:59,"[0, 161, 0, 0, 65, 253, 1, 43, 255]",0.065,29.9
07/11/2025 15:31:00,07/11/2025,15:31:00,"[0, 161, 0, 0, 65, 253, 1, 43, 255]",0.065,29.9
07/11/2025 15:31:01,07/11/2025,15:31:01,"[0, 161, 0, 0, 1, 253, 1, 42, 255]",0.001,29.8
07/11/2025 15:31:02,07/11/2025,15:31:02,"[0, 161, 0, 0, 175, 253, 1, 43, 255]",0.175,29.9
07/11/2025 15:31:03,07/11/2025,15:31:03,"[0, 161, 0, 0, 9, 253, 1, 43, 255]",0.009,29.9
07/11/2025 15:31:04,07/11/2025,15:31:04,"[0, 161, 0, 0, 0, 253, 1, 42, 255]",0.000,29.8
07/11/2025 15:31:05,07/11/2025,15:31:05,"[0, 161, 0, 0, 0, 253, 1, 43, 255]",0.000,29.9
07/11/2025 15:31:06,07/11/2025,15:31:06,"[0, 161, 0, 0, 0, 253, 1, 42, 255]",0.000,29.8
07/11/2025 15:31:07,07/11/2025,15:31:07,"[0, 161, 0, 0, 0, 253, 1, 43, 255]",0.000,29.9
07/11/2025 15:31:08,07/11/2025,15:31:08,"[0, 161, 0, 1, 22, 253, 1, 44, 255]",0.278,30.0
07/11/2025 15:31:09,07/11/2025,15:31:09,"[0, 161, 0, 1, 22, 253, 1, 43, 255]",0.278,29.9
07/11/2025 15:31:10,07/11/2025,15:31:10,"[0, 161, 0, 0, 0, 253, 1, 43, 255]",0.000,29.9
07/11/2025 15:31:11,07/11/2025,15:31:11,"[0, 161, 0, 0, 76, 253, 1, 42, 255]",0.076,29.8
07/11/2025 15:31:12,07/11/2025,15:31:12,"[0, 161, 0, 0, 0, 253, 1, 42, 255]",0.000,29.8
07/11/2025 15:31:13,07/11/2025,15:31:13,"[0, 161, 0, 0, 0, 253, 1, 43, 255]",0.000,29.9
07/11/2025 15:31:14,07/11/2025,15:31:14,"[0, 161, 0, 0, 42, 253, 1, 44, 255]",0.042,30.0
07/11/2025 15:31:15,07/11/2025,15:31:15,"[0, 161, 0, 0, 0, 253, 1, 43, 255]",0.000,29.9
07/11/2025 15:31:16,07/11/2025,15:31:16,"[0, 161, 0, 0, 153, 253, 1, 45, 255]",0.153,30.1
07/11/2025 15:31:17,07/11/2025,15:31:17,"[0, 161, 0, 0, 153, 253, 1, 43, 255]",0.153,29.9
07/11/2025 15:31:18,07/11/2025,15:31:18,"[0, 161, 0, 0, 0, 253, 1, 44, 255]",0.000,30.0
07/11/2025 15:31:19,07/11/2025,15:31:19,"[0, 161, 0, 0, 0, 253, 1, 43, 255]",0.000,29.9
07/11/2025 15:31:20,07/11/2025,15:31:20,"[0, 161, 0, 0, 0, 253, 1, 42, 255]",0.000,29.8
07/11/2025 15:31:21,07/11/2025,15:31:21,"[0, 161, 0, 0, 0, 253, 1, 43, 255]",0.000,29.9
07/11/2025 15:31:22,07/11/2025,15:31:22,"[0, 161, 0, 0, 0, 253, 1, 43, 255]",0.000,29.9
07/11/2025 15:31:23,07/11/2025,15:31:23,"[0, 161, 0, 0, 0, 253, 1, 45, 255]",0.000,30.1
07/11/2025 15:31:24,07/11/2025,15:31:24,"[0, 161, 0, 0, 0, 253, 1, 43, 255]",0.000,29.9
07/11/2025 15:31:25,07/11/2025,15:31:25,"[0, 161, 0, 0, 86, 253, 1, 43, 255]",0.086,29.9
07/11/2025 15:31:26,07/11/2025,15:31:26,"[0, 161, 0, 0, 86, 253, 1, 42, 255]",0.086,29.8
07/11/2025 15:31:27,07/11/2025,15:31:27,"[0, 161, 0, 1, 15, 253, 1, 44, 255]",0.271,30.0
07/11/2025 15:31:28,07/11/2025,15:31:28,"[0, 161, 0, 0, 9, 253, 1, 43, 255]",0.009,29.9
07/11/2025 15:31:29,07/11/2025,15:31:29,"[0, 161, 0, 0, 0, 253, 1, 42, 255]",0.000,29.8
07/11/2025 15:31:30,07/11/2025,15:31:30,"[0, 161, 0, 0, 0, 253, 1, 44, 255]",0.000,30.0
07/11/2025 15:31:31,07/11/2025,15:31:31,"[0, 161, 0, 0, 0, 253, 1, 43, 255]",0.000,29.9
07/11/2025 15:31:32,07/11/2025,15:31:32,"[0, 161, 0, 0, 170, 253, 1, 43, 255]",0.170,29.9
07/11/2025 15:31:33,07/11/2025,15:31:33,"[0, 161, 0, 0, 0, 253, 1, 43, 255]",0.000,29.9
07/11/2025 15:31:34,07/11/2025,15:31:34,"[0, 161, 0, 0, 0, 253, 1, 45, 255]",0.000,30.1
07/11/2025 15:31:35,07/11/2025,15:31:35,"[0, 161, 0, 0, 0, 253, 1, 43, 255]",0.000,29.9
07/11/2025 15:31:36,07/11/2025,15:31:36,"[0, 161, 0, 0, 0, 253, 1, 44, 255]",0.000,30.0
07/11/2025 15:31:37,07/11/2025,15:31:37,"[0, 161, 0, 0, 0, 253, 1, 44, 255]",0.000,30.0
07/11/2025 15:31:38,07/11/2025,15:31:38,"[0, 161, 0, 0, 7, 253, 1, 45, 255]",0.007,30.1
07/11/2025 15:31:39,07/11/2025,15:31:39,"[0, 161, 0, 0, 7, 253, 1, 44, 255]",0.007,30.0
07/11/2025 15:31:40,07/11/2025,15:31:40,"[0, 161, 0, 0, 0, 253, 1, 44, 255]",0.000,30.0
07/11/2025 15:31:41,07/11/2025,15:31:41,"[0, 161, 0, 0, 64, 253, 1, 44, 255]",0.064,30.0
07/11/2025 15:31:42,07/11/2025,15:31:42,"[0, 161, 0, 0, 0, 253, 1, 43, 255]",0.000,29.9
07/11/2025 15:31:43,07/11/2025,15:31:43,"[0, 161, 0, 0, 0, 253, 1, 44, 255]",0.000,30.0
07/11/2025 15:31:44,07/11/2025,15:31:44,"[0, 161, 0, 0, 0, 253, 1, 44, 255]",0.000,30.0
07/11/2025 15:31:45,07/11/2025,15:31:45,"[0, 161, 0, 0, 0, 253, 1, 43, 255]",0.000,29.9
07/11/2025 15:31:46,07/11/2025,15:31:46,"[0, 161, 0, 0, 0, 253, 1, 43, 255]",0.000,29.9
07/11/2025 15:31:47,07/11/2025,15:31:47,"[0, 161, 0, 0, 0, 253, 1, 43, 255]",0.000,29.9
07/11/2025 15:31:48,07/11/2025,15:31:48,"[0, 161, 0, 0, 0, 253, 1, 43, 255]",0.000,29.9
07/11/2025 15:31:49,07/11/2025,15:31:49,"[0, 161, 0, 0, 79, 253, 1, 45, 255]",0.079,30.1
07/11/2025 15:31:50,07/11/2025,15:31:50,"[0, 161, 0, 0, 93, 253, 1, 44, 255]",0.093,30.0
07/11/2025 15:31:51,07/11/2025,15:31:51,"[0, 161, 0, 0, 0, 253, 1, 44, 255]",0.000,30.0
07/11/2025 15:31:52,07/11/2025,15:31:52,"[0, 161, 0, 0, 0, 253, 1, 43, 255]",0.000,29.9
07/11/2025 15:31:53,07/11/2025,15:31:53,"[0, 161, 0, 0, 0, 253, 1, 43, 255]",0.000,29.9
07/11/2025 15:31:54,07/11/2025,15:31:54,"[0, 161, 0, 0, 80, 253, 1, 43, 255]",0.080,29.9
07/11/2025 15:31:55,07/11/2025,15:31:55,"[0, 161, 0, 0, 191, 253, 1, 44, 255]",0.191,30.0
07/11/2025 15:31:56,07/11/2025,15:31:56,"[0, 161, 0, 0, 191, 253, 1, 43, 255]",0.191,29.9
07/11/2025 15:31:57,07/11/2025,15:31:57,"[0, 161, 0, 0, 68, 253, 1, 43, 255]",0.068,29.9
07/11/2025 15:31:58,07/11/2025,15:31:58,"[0, 161, 0, 0, 97, 253, 1, 45, 255]",0.097,30.1
07/11/2025 15:31:59,07/11/2025,15:31:59,"[0, 161, 0, 0, 93, 253, 1, 45, 255]",0.093,30.1
07/11/2025 15:32:00,07/11/2025,15:32:00,"[0, 161, 0, 0, 93, 253, 1, 43, 255]",0.093,29.9
07/11/2025 15:32:01,07/11/2025,15:32:01,"[0, 161, 0, 0, 83, 253, 1, 45, 255]",0.083,30.1
07/11/2025 15:32:02,07/11/2025,15:32:02,"[0, 161, 0, 0, 170, 253, 1, 45, 255]",0.170,30.1
07/11/2025 15:32:03,07/11/2025,15:32:03,"[0, 161, 0, 0, 117, 253, 1, 43, 255]",0.117,29.9
07/11/2025 15:32:04,07/11/2025,15:32:04,"[0, 161, 0, 0, 117, 253, 1, 45, 255]",0.117,30.1
07/11/2025 15:32:05,07/11/2025,15:32:05,"[0, 161, 0, 0, 0, 253, 1, 44, 255]",0.000,30.0
07/11/2025 15:32:06,07/11/2025,15:32:06,"[0, 161, 0, 0, 0, 253, 1, 45, 255]",0.000,30.1
07/11/2025 15:32:07,07/11/2025,15:32:07,"[0, 161, 0, 0, 0, 253, 1, 42, 255]",0.000,29.8
07/11/2025 15:32:08,07/11/2025,15:32:08,"[0, 161, 0, 0, 0, 253, 1, 44, 255]",0.000,30.0
07/11/2025 15:32:09,07/11/2025,15:32:09,"[0, 161, 0, 0, 0, 253, 1, 43, 255]",0.000,29.9
07/11/2025 15:32:10,07/11/2025,15:32:10,"[0, 161, 0, 0, 0, 253, 1, 46, 255]",0.000,30.2
07/11/2025 15:32:11,07/11/2025,15:32:11,"[0, 161, 0, 0, 141, 253, 1, 45, 255]",0.141,30.1
07/11/2025 15:32:12,07/11/2025,15:32:12,"[0, 161, 0, 0, 0, 253, 1, 42, 255]",0.000,29.8
07/11/2025 15:32:13,07/11/2025,15:32:13,"[0, 161, 0, 0, 0, 253, 1, 44, 255]",0.000,30.0
07/11/2025 15:32:14,07/11/2025,15:32:14,"[0, 161, 0, 0, 0, 253, 1, 44, 255]",0.000,30.0
07/11/2025 15:32:15,07/11/2025,15:32:15,"[0, 161, 0, 0, 0, 253, 1, 43, 255]",0.000,29.9
07/11/2025 15:32:16,07/11/2025,15:32:16,"[0, 161, 0, 0, 0, 253, 1, 45, 255]",0.000,30.1
07/11/2025 15:32:17,07/11/2025,15:32:17,"[0, 161, 0, 0, 0, 253, 1, 44, 255]",0.000,30.0
07/11/2025 15:32:18,07/11/2025,15:32:18,"[0, 161, 0, 0, 0, 253, 1, 44, 255]",0.000,30.0
07/11/2025 15:32:19,07/11/2025,15:32:19,"[0, 161, 0, 0, 166, 253, 1, 46, 255]",0.166,30.2
07/11/2025 15:32:20,07/11/2025,15:32:20,"[0, 161, 0, 0, 0, 253, 1, 46, 255]",0.000,30.2
07/11/2025 15:32:21,07/11/2025,15:32:21,"[0, 161, 0, 0, 0, 253, 1, 44, 255]",0.000,30.0
07/11/2025 15:32:22,07/11/2025,15:32:22,"[0, 161, 0, 0, 0, 253, 1, 45, 255]",0.000,30.1
07/11/2025 15:32:23,07/11/2025,15:32:23,"[0, 161, 0, 0, 73, 253, 1, 45, 255]",0.073,30.1
07/11/2025 15:32:24,07/11/2025,15:32:24,"[0, 161, 0, 0, 0, 253, 1, 44, 255]",0.000,30.0
07/11/2025 15:32:25,07/11/2025,15:32:25,"[0, 161, 0, 0, 0, 253, 1, 44, 255]",0.000,30.0
07/11/2025 15:32:26,07/11/2025,15:32:26,"[0, 161, 0, 0, 0, 253, 1, 44, 255]",0.000,30.0
07/11/2025 15:32:27,07/11/2025,15:32:27,"[0, 161, 0, 0, 0, 253, 1, 43, 255]",0.000,29.9
07/11/2025 15:32:28,07/11/2025,15:32:28,"[0, 161, 0, 1, 4, 253, 1, 42, 255]",0.260,29.8
07/11/2025 15:32:29,07/11/2025,15:32:29,"[0, 161, 0, 0, 13, 253, 1, 45, 255]",0.013,30.1
07/11/2025 15:32:30,07/11/2025,15:32:30,"[0, 161, 0, 0, 13, 253, 1, 45, 255]",0.013,30.1
07/11/2025 15:32:31,07/11/2025,15:32:31,"[0, 161, 0, 0, 0, 253, 1, 45, 255]",0.000,30.1
07/11/2025 15:32:32,07/11/2025,15:32:32,"[0, 161, 0, 0, 0, 253, 1, 44, 255]",0.000,30.0
07/11/2025 15:32:33,07/11/2025,15:32:33,"[0, 161, 0, 0, 162, 253, 1, 45, 255]",0.162,30.1
07/11/2025 15:32:34,07/11/2025,15:32:34,"[0, 161, 0, 0, 162, 253, 1, 45, 255]",0.162,30.1
07/11/2025 15:32:35,07/11/2025,15:32:35,"[0, 161, 0, 0, 123, 253, 1, 45, 255]",0.123,30.1
07/11/2025 15:32:36,07/11/2025,15:32:36,"[0, 161, 0, 0, 0, 253, 1, 44, 255]",0.000,30.0
07/11/2025 15:32:37,07/11/2025,15:32:37,"[0, 161, 0, 0, 0, 253, 1, 43, 255]",0.000,29.9
07/11/2025 15:32:38,07/11/2025,15:32:38,"[0, 161, 0, 0, 0, 253, 1, 45, 255]",0.000,30.1
07/11/2025 15:32:39,07/11/2025,15:32:39,"[0, 161, 0, 0, 0, 253, 1, 45, 255]",0.000,30.1
07/11/2025 15:32:40,07/11/2025,15:32:40,"[0, 161, 0, 0, 0, 253, 1, 44, 255]",0.000,30.0
07/11/2025 15:32:41,07/11/2025,15:32:41,"[0, 161, 0, 0, 0, 253, 1, 44, 255]",0.000,30.0
07/11/2025 15:32:42,07/11/2025,15:32:42,"[0, 161, 0, 0, 0, 253, 1, 44, 255]",0.000,30.0
07/11/2025 15:32:43,07/11/2025,15:32:43,"[0, 161, 0, 0, 56, 253, 1, 44, 255]",0.056,30.0
07/11/2025 15:32:44,07/11/2025,15:32:44,"[0, 161, 0, 0, 220, 253, 1, 43, 255]",0.220,29.9
07/11/2025 15:32:45,07/11/2025,15:32:45,"[0, 161, 0, 0, 242, 253, 1, 43, 255]",0.242,29.9
07/11/2025 15:32:46,07/11/2025,15:32:46,"[0, 161, 0, 0, 48, 253, 1, 45, 255]",0.048,30.1
07/11/2025 15:32:47,07/11/2025,15:32:47,"[0, 161, 0, 0, 48, 253, 1, 42, 255]",0.048,29.8
07/11/2025 15:32:48,07/11/2025,15:32:48,"[0, 161, 0, 0, 32, 253, 1, 45, 255]",0.032,30.1
07/11/2025 15:32:49,07/11/2025,15:32:49,"[0, 161, 0, 0, 196, 253, 1, 43, 255]",0.196,29.9
07/11/2025 15:32:50,07/11/2025,15:32:50,"[0, 161, 0, 0, 66, 253, 1, 45, 255]",0.066,30.1
07/11/2025 15:32:51,07/11/2025,15:32:51,"[0, 161, 0, 0, 66, 253, 1, 45, 255]",0.066,30.1
07/11/2025 15:32:52,07/11/2025,15:32:52,"[0, 161, 0, 0, 104, 253, 1, 45, 255]",0.104,30.1
07/11/2025 15:32:53,07/11/2025,15:32:53,"[0, 161, 0, 1, 200, 253, 1, 44, 255]",0.456,30.0
07/11/2025 15:32:54,07/11/2025,15:32:54,"[0, 161, 0, 0, 59, 253, 1, 42, 255]",0.059,29.8
07/11/2025 15:32:55,07/11/2025,15:32:55,"[0, 161, 0, 0, 59, 253, 1, 46, 255]",0.059,30.2
07/11/2025 15:32:56,07/11/2025,15:32:56,"[0, 161, 0, 0, 0, 253, 1, 44, 255]",0.000,30.0
07/11/2025 15:32:57,07/11/2025,15:32:57,"[0, 161, 0, 0, 182, 253, 1, 44, 255]",0.182,30.0
07/11/2025 15:32:58,07/11/2025,15:32:58,"[0, 161, 0, 0, 79, 253, 1, 44, 255]",0.079,30.0
07/11/2025 15:32:59,07/11/2025,15:32:59,"[0, 161, 0, 0, 79, 253, 1, 45, 255]",0.079,30.1
07/11/2025 15:33:00,07/11/2025,15:33:00,"[0, 161, 0, 0, 27, 253, 1, 45, 255]",0.027,30.1
07/11/2025 15:33:01,07/11/2025,15:33:01,"[0, 161, 0, 0, 0, 253, 1, 45, 255]",0.000,30.1
07/11/2025 15:33:02,07/11/2025,15:33:02,"[0, 161, 0, 0, 15, 253, 1, 45, 255]",0.015,30.1
07/11/2025 15:33:03,07/11/2025,15:33:03,"[0, 161, 0, 0, 15, 253, 1, 44, 255]",0.015,30.0
07/11/2025 15:33:04,07/11/2025,15:33:04,"[0, 161, 0, 0, 0, 253, 1, 42, 255]",0.000,29.8
07/11/2025 15:33:05,07/11/2025,15:33:05,"[0, 161, 0, 0, 10, 253, 1, 45, 255]",0.010,30.1
07/11/2025 15:33:06,07/11/2025,15:33:06,"[0, 161, 0, 0, 0, 253, 1, 45, 255]",0.000,30.1
07/11/2025 15:33:07,07/11/2025,15:33:07,"[0, 161, 0, 0, 60, 253, 1, 46, 255]",0.060,30.2
07/11/2025 15:33:08,07/11/2025,15:33:08,"[0, 161, 0, 0, 60, 253, 1, 44, 255]",0.060,30.0
07/11/2025 15:33:09,07/11/2025,15:33:09,"[0, 161, 0, 0, 0, 253, 1, 44, 255]",0.000,30.0
07/11/2025 15:33:10,07/11/2025,15:33:10,"[0, 161, 0, 0, 0, 253, 1, 44, 255]",0.000,30.0
07/11/2025 15:33:11,07/11/2025,15:33:11,"[0, 161, 0, 0, 0, 253, 1, 45, 255]",0.000,30.1
07/11/2025 15:33:12,07/11/2025,15:33:12,"[0, 161, 0, 0, 0, 253, 1, 46, 255]",0.000,30.2
07/11/2025 15:33:13,07/11/2025,15:33:13,"[0, 161, 0, 0, 162, 253, 1, 44, 255]",0.162,30.0
07/11/2025 15:33:14,07/11/2025,15:33:14,"[0, 161, 0, 0, 0, 253, 1, 44, 255]",0.000,30.0
07/11/2025 15:33:15,07/11/2025,15:33:15,"[0, 161, 0, 0, 250, 253, 1, 45, 255]",0.250,30.1
07/11/2025 15:33:16,07/11/2025,15:33:16,"[0, 161, 0, 0, 250, 253, 1, 44, 255]",0.250,30.0
07/11/2025 15:33:17,07/11/2025,15:33:17,"[0, 161, 0, 0, 133, 253, 1, 44, 255]",0.133,30.0
07/11/2025 15:33:18,07/11/2025,15:33:18,"[0, 161, 0, 0, 0, 253, 1, 46, 255]",0.000,30.2
07/11/2025 15:33:19,07/11/2025,15:33:19,"[0, 161, 0, 0, 0, 253, 1, 46, 255]",0.000,30.2
07/11/2025 15:33:20,07/11/2025,15:33:20,"[0, 161, 0, 0, 0, 253, 1, 44, 255]",0.000,30.0
07/11/2025 15:33:21,07/11/2025,15:33:21,"[0, 161, 0, 0, 128, 253, 1, 44, 255]",0.128,30.0
07/11/2025 15:33:22,07/11/2025,15:33:22,"[0, 161, 0, 0, 103, 253, 1, 45, 255]",0.103,30.1
07/11/2025 15:33:23,07/11/2025,15:33:23,"[0, 161, 0, 0, 13, 253, 1, 45, 255]",0.013,30.1
07/11/2025 15:33:24,07/11/2025,15:33:24,"[0, 161, 0, 0, 13, 253, 1, 44, 255]",0.013,30.0
07/11/2025 15:33:25,07/11/2025,15:33:25,"[0, 161, 0, 0, 0, 253, 1, 45, 255]",0.000,30.1
07/11/2025 15:33:26,07/11/2025,15:33:26,"[0, 161, 0, 0, 0, 253, 1, 45, 255]",0.000,30.1
07/11/2025 15:33:27,07/11/2025,15:33:27,"[0, 161, 0, 0, 0, 253, 1, 43, 255]",0.000,29.9
07/11/2025 15:33:28,07/11/2025,15:33:28,"[0, 161, 0, 0, 98, 253, 1, 44, 255]",0.098,30.0
07/11/2025 15:33:29,07/11/2025,15:33:29,"[0, 161, 0, 0, 98, 253, 1, 45, 255]",0.098,30.1
07/11/2025 15:33:30,07/11/2025,15:33:30,"[0, 161, 0, 0, 103, 253, 1, 44, 255]",0.103,30.0
07/11/2025 15:33:31,07/11/2025,15:33:31,"[0, 161, 0, 0, 20, 253, 1, 45, 255]",0.020,30.1
07/11/2025 15:33:32,07/11/2025,15:33:32,"[0, 161, 0, 0, 0, 253, 1, 44, 255]",0.000,30.0
07/11/2025 15:33:33,07/11/2025,15:33:33,"[0, 161, 0, 0, 0, 253, 1, 44, 255]",0.000,30.0
07/11/2025 15:33:34,07/11/2025,15:33:34,"[0, 161, 0, 0, 0, 253, 1, 46, 255]",0.000,30.2
07/11/2025 15:33:35,07/11/2025,15:33:35,"[0, 161, 0, 0, 0, 253, 1, 45, 255]",0.000,30.1
07/11/2025 15:33:36,07/11/2025,15:33:36,"[0, 161, 0, 0, 0, 253, 1, 45, 255]",0.000,30.1
07/11/2025 15:33:37,07/11/2025,15:33:37,"[0, 161, 0, 0, 0, 253, 1, 46, 255]",0.000,30.2
07/11/2025 15:33:38,07/11/2025,15:33:38,"[0, 161, 0, 0, 0, 253, 1, 44, 255]",0.000,30.0
07/11/2025 15:33:39,07/11/2025,15:33:39,"[0, 161, 0, 0, 35, 253, 1, 45, 255]",0.035,30.1
07/11/2025 15:33:40,07/11/2025,15:33:40,"[0, 161, 0, 0, 0, 253, 1, 46, 255]",0.000,30.2
07/11/2025 15:33:41,07/11/2025,15:33:41,"[0, 161, 0, 0, 0, 253, 1, 43, 255]",0.000,29.9
07/11/2025 15:33:42,07/11/2025,15:33:42,"[0, 161, 0, 0, 0, 253, 1, 45, 255]",0.000,30.1
07/11/2025 15:33:43,07/11/2025,15:33:43,"[0, 161, 0, 0, 92, 253, 1, 46, 255]",0.092,30.2
07/11/2025 15:33:44,07/11/2025,15:33:44,"[0, 161, 0, 1, 80, 253, 1, 46, 255]",0.336,30.2
07/11/2025 15:33:45,07/11/2025,15:33:45,"[0, 161, 0, 1, 80, 253, 1, 46, 255]",0.336,30.2
07/11/2025 15:33:46,07/11/2025,15:33:46,"[0, 161, 0, 0, 95, 253, 1, 44, 255]",0.095,30.0
07/11/2025 15:33:47,07/11/2025,15:33:47,"[0, 161, 0, 0, 0, 253, 1, 44, 255]",0.000,30.0
07/11/2025 15:33:48,07/11/2025,15:33:48,"[0, 161, 0, 0, 7, 253, 1, 47, 255]",0.007,30.3
07/11/2025 15:33:49,07/11/2025,15:33:49,"[0, 161, 0, 0, 7, 253, 1, 45, 255]",0.007,30.1
07/11/2025 15:33:50,07/11/2025,15:33:50,"[0, 161, 0, 0, 0, 253, 1, 45, 255]",0.000,30.1
07/11/2025 15:33:51,07/11/2025,15:33:51,"[0, 161, 0, 0, 0, 253, 1, 45, 255]",0.000,30.1
07/11/2025 15:33:52,07/11/2025,15:33:52,"[0, 161, 0, 0, 118, 253, 1, 44, 255]",0.118,30.0
07/11/2025 15:33:53,07/11/2025,15:33:53,"[0, 161, 0, 0, 25, 253, 1, 45, 255]",0.025,30.1
07/11/2025 15:33:54,07/11/2025,15:33:54,"[0, 161, 0, 0, 25, 253, 1, 44, 255]",0.025,30.0
07/11/2025 15:33:55,07/11/2025,15:33:55,"[0, 161, 0, 0, 48, 253, 1, 46, 255]",0.048,30.2
07/11/2025 15:33:56,07/11/2025,15:33:56,"[0, 161, 0, 0, 49, 253, 1, 45, 255]",0.049,30.1
07/11/2025 15:33:57,07/11/2025,15:33:57,"[0, 161, 0, 0, 0, 253, 1, 45, 255]",0.000,30.1
07/11/2025 15:33:58,07/11/2025,15:33:58,"[0, 161, 0, 0, 0, 253, 1, 43, 255]",0.000,29.9
07/11/2025 15:33:59,07/11/2025,15:33:59,"[0, 161, 0, 0, 0, 253, 1, 46, 255]",0.000,30.2
07/11/2025 15:34:00,07/11/2025,15:34:00,"[0, 161, 0, 0, 61, 253, 1, 45, 255]",0.061,30.1
07/11/2025 15:34:01,07/11/2025,15:34:01,"[0, 161, 0, 0, 46, 253, 1, 44, 255]",0.046,30.0
07/11/2025 15:34:02,07/11/2025,15:34:02,"[0, 161, 0, 0, 46, 253, 1, 45, 255]",0.046,30.1
07/11/2025 15:34:03,07/11/2025,15:34:03,"[0, 161, 0, 0, 0, 253, 1, 47, 255]",0.000,30.3
07/11/2025 15:34:04,07/11/2025,15:34:04,"[0, 161, 0, 0, 131, 253, 1, 47, 255]",0.131,30.3
07/11/2025 15:34:05,07/11/2025,15:34:05,"[0, 161, 0, 0, 0, 253, 1, 44, 255]",0.000,30.0
07/11/2025 15:34:06,07/11/2025,15:34:06,"[0, 161, 0, 0, 0, 253, 1, 46, 255]",0.000,30.2
07/11/2025 15:34:07,07/11/2025,15:34:07,"[0, 161, 0, 0, 46, 253, 1, 45, 255]",0.046,30.1
07/11/2025 15:34:08,07/11/2025,15:34:08,"[0, 161, 0, 0, 98, 253, 1, 43, 255]",0.098,29.9
07/11/2025 15:34:09,07/11/2025,15:34:09,"[0, 161, 0, 1, 3, 253, 1, 45, 255]",0.259,30.1
07/11/2025 15:34:10,07/11/2025,15:34:10,"[0, 161, 0, 1, 3, 253, 1, 44, 255]",0.259,30.0
07/11/2025 15:34:11,07/11/2025,15:34:11,"[0, 161, 0, 0, 0, 253, 1, 45, 255]",0.000,30.1
07/11/2025 15:34:12,07/11/2025,15:34:12,"[0, 161, 0, 0, 0, 253, 1, 45, 255]",0.000,30.1
07/11/2025 15:34:13,07/11/2025,15:34:13,"[0, 161, 0, 0, 0, 253, 1, 44, 255]",0.000,30.0
07/11/2025 15:34:14,07/11/2025,15:34:14,"[0, 161, 0, 0, 151, 253, 1, 46, 255]",0.151,30.2
07/11/2025 15:34:15,07/11/2025,15:34:15,"[0, 161, 0, 0, 151, 253, 1, 46, 255]",0.151,30.2
07/11/2025 15:34:16,07/11/2025,15:34:16,"[0, 161, 0, 0, 0, 253, 1, 46, 255]",0.000,30.2
07/11/2025 15:34:17,07/11/2025,15:34:17,"[0, 161, 0, 0, 242, 253, 1, 46, 255]",0.242,30.2
07/11/2025 15:34:18,07/11/2025,15:34:18,"[0, 161, 0, 1, 46, 253, 1, 46, 255]",0.302,30.2
07/11/2025 15:34:19,07/11/2025,15:34:19,"[0, 161, 0, 1, 46, 253, 1, 44, 255]",0.302,30.0
07/11/2025 15:34:20,07/11/2025,15:34:20,"[0, 161, 0, 0, 163, 253, 1, 44, 255]",0.163,30.0
07/11/2025 15:34:21,07/11/2025,15:34:21,"[0, 161, 0, 0, 0, 253, 1, 45, 255]",0.000,30.1
07/11/2025 15:34:22,07/11/2025,15:34:22,"[0, 161, 0, 0, 80, 253, 1, 45, 255]",0.080,30.1
07/11/2025 15:34:23,07/11/2025,15:34:23,"[0, 161, 0, 0, 80, 253, 1, 44, 255]",0.080,30.0
07/11/2025 15:34:24,07/11/2025,15:34:24,"[0, 161, 0, 0, 0, 253, 1, 43, 255]",0.000,29.9
07/11/2025 15:34:25,07/11/2025,15:34:25,"[0, 161, 0, 0, 0, 253, 1, 43, 255]",0.000,29.9
07/11/2025 15:34:26,07/11/2025,15:34:26,"[0, 161, 0, 0, 0, 253, 1, 45, 255]",0.000,30.1
07/11/2025 15:34:27,07/11/2025,15:34:27,"[0, 161, 0, 0, 0, 253, 1, 46, 255]",0.000,30.2
07/11/2025 15:34:28,07/11/2025,15:34:28,"[0, 161, 0, 0, 0, 253, 1, 46, 255]",0.000,30.2
07/11/2025 15:34:29,07/11/2025,15:34:29,"[0, 161, 0, 0, 0, 253, 1, 43, 255]",0.000,29.9
07/11/2025 15:34:30,07/11/2025,15:34:30,"[0, 161, 0, 1, 76, 253, 1, 44, 255]",0.332,30.0
07/11/2025 15:34:31,07/11/2025,15:34:31,"[0, 161, 0, 1, 76, 253, 1, 46, 255]",0.332,30.2
07/11/2025 15:34:32,07/11/2025,15:34:32,"[0, 161, 0, 0, 108, 253, 1, 46, 255]",0.108,30.2
07/11/2025 15:34:33,07/11/2025,15:34:33,"[0, 161, 0, 1, 8, 253, 1, 45, 255]",0.264,30.1
07/11/2025 15:34:34,07/11/2025,15:34:34,"[0, 161, 0, 0, 3, 253, 1, 46, 255]",0.003,30.2
07/11/2025 15:34:35,07/11/2025,15:34:35,"[0, 161, 0, 0, 92, 253, 1, 45, 255]",0.092,30.1
07/11/2025 15:34:36,07/11/2025,15:34:36,"[0, 161, 0, 0, 92, 253, 1, 46, 255]",0.092,30.2
07/11/2025 15:34:37,07/11/2025,15:34:37,"[0, 161, 0, 0, 100, 253, 1, 45, 255]",0.100,30.1
07/11/2025 15:34:38,07/11/2025,15:34:38,"[0, 161, 0, 1, 108, 253, 1, 45, 255]",0.364,30.1
07/11/2025 15:34:39,07/11/2025,15:34:39,"[0, 161, 0, 0, 74, 253, 1, 45, 255]",0.074,30.1
07/11/2025 15:34:40,07/11/2025,15:34:40,"[0, 161, 0, 0, 74, 253, 1, 45, 255]",0.074,30.1
07/11/2025 15:34:41,07/11/2025,15:34:41,"[0, 161, 0, 0, 0, 253, 1, 47, 255]",0.000,30.3
07/11/2025 15:34:42,07/11/2025,15:34:42,"[0, 161, 0, 0, 0, 253, 1, 47, 255]",0.000,30.3
07/11/2025 15:34:43,07/11/2025,15:34:43,"[0, 161, 0, 0, 0, 253, 1, 45, 255]",0.000,30.1
07/11/2025 15:34:44,07/11/2025,15:34:44,"[0, 161, 0, 0, 0, 253, 1, 45, 255]",0.000,30.1
07/11/2025 15:34:45,07/11/2025,15:34:45,"[0, 161, 0, 0, 0, 253, 1, 45, 255]",0.000,30.1
07/11/2025 15:34:46,07/11/2025,15:34:46,"[0, 161, 0, 0, 108, 253, 1, 45, 255]",0.108,30.1
07/11/2025 15:34:47,07/11/2025,15:34:47,"[0, 161, 0, 0, 0, 253, 1, 46, 255]",0.000,30.2
07/11/2025 15:34:48,07/11/2025,15:34:48,"[0, 161, 0, 0, 0, 253, 1, 46, 255]",0.000,30.2
07/11/2025 15:34:49,07/11/2025,15:34:49,"[0, 161, 0, 0, 0, 253, 1, 46, 255]",0.000,30.2
07/11/2025 15:34:50,07/11/2025,15:34:50,"[0, 161, 0, 0, 17, 253, 1, 44, 255]",0.017,30.0
07/11/2025 15:34:51,07/11/2025,15:34:51,"[0, 161, 0, 0, 0, 253, 1, 45, 255]",0.000,30.1
07/11/2025 15:34:52,07/11/2025,15:34:52,"[0, 161, 0, 0, 0, 253, 1, 45, 255]",0.000,30.1
07/11/2025 15:34:53,07/11/2025,15:34:53,"[0, 161, 0, 0, 0, 253, 1, 46, 255]",0.000,30.2
07/11/2025 15:34:54,07/11/2025,15:34:54,"[0, 161, 0, 0, 110, 253, 1, 45, 255]",0.110,30.1
07/11/2025 15:34:55,07/11/2025,15:34:55,"[0, 161, 0, 0, 0, 253, 1, 44, 255]",0.000,30.0
07/11/2025 15:34:56,07/11/2025,15:34:56,"[0, 161, 0, 0, 0, 253, 1, 45, 255]",0.000,30.1
07/11/2025 15:34:57,07/11/2025,15:34:57,"[0, 161, 0, 0, 0, 253, 1, 44, 255]",0.000,30.0
07/11/2025 15:34:58,07/11/2025,15:34:58,"[0, 161, 0, 0, 128, 253, 1, 46, 255]",0.128,30.2
07/11/2025 15:34:59,07/11/2025,15:34:59,"[0, 161, 0, 0, 0, 253, 1, 47, 255]",0.000,30.3
07/11/2025 15:35:00,07/11/2025,15:35:00,"[0, 161, 0, 0, 0, 253, 1, 45, 255]",0.000,30.1
07/11/2025 15:35:01,07/11/2025,15:35:01,"[0, 161, 0, 0, 0, 253, 1, 45, 255]",0.000,30.1
07/11/2025 15:35:02,07/11/2025,15:35:02,"[0, 161, 0, 0, 116, 253, 1, 46, 255]",0.116,30.2
07/11/2025 15:35:03,07/11/2025,15:35:03,"[0, 161, 0, 0, 0, 253, 1, 45, 255]",0.000,30.1
07/11/2025 15:35:04,07/11/2025,15:35:04,"[0, 161, 0, 0, 0, 253, 1, 46, 255]",0.000,30.2
07/11/2025 15:35:05,07/11/2025,15:35:05,"[0, 161, 0, 0, 0, 253, 1, 45, 255]",0.000,30.1
07/11/2025 15:35:06,07/11/2025,15:35:06,"[0, 161, 0, 0, 0, 253, 1, 44, 255]",0.000,30.0
07/11/2025 15:35:07,07/11/2025,15:35:07,"[0, 161, 0, 0, 0, 253, 1, 44, 255]",0.000,30.0
07/11/2025 15:35:08,07/11/2025,15:35:08,"[0, 161, 0, 0, 204, 253, 1, 45, 255]",0.204,30.1
07/11/2025 15:35:09,07/11/2025,15:35:09,"[0, 161, 0, 0, 204, 253, 1, 44, 255]",0.204,30.0
07/11/2025 15:35:10,07/11/2025,15:35:10,"[0, 161, 0, 0, 0, 253, 1, 45, 255]",0.000,30.1
07/11/2025 15:35:11,07/11/2025,15:35:11,"[0, 161, 0, 0, 0, 253, 1, 44, 255]",0.000,30.0
07/11/2025 15:35:12,07/11/2025,15:35:12,"[0, 161, 0, 0, 149, 253, 1, 45, 255]",0.149,30.1
07/11/2025 15:35:13,07/11/2025,15:35:13,"[0, 161, 0, 0, 149, 253, 1, 46, 255]",0.149,30.2
07/11/2025 15:35:14,07/11/2025,15:35:14,"[0, 161, 0, 0, 0, 253, 1, 45, 255]",0.000,30.1
07/11/2025 15:35:15,07/11/2025,15:35:15,"[0, 161, 0, 0, 0, 253, 1, 46, 255]",0.000,30.2
07/11/2025 15:35:16,07/11/2025,15:35:16,"[0, 161, 0, 0, 0, 253, 1, 46, 255]",0.000,30.2
07/11/2025 15:35:17,07/11/2025,15:35:17,"[0, 161, 0, 1, 86, 253, 1, 46, 255]",0.342,30.2
07/11/2025 15:35:18,07/11/2025,15:35:18,"[0, 161, 0, 1, 86, 253, 1, 43, 255]",0.342,29.9
07/11/2025 15:35:19,07/11/2025,15:35:19,"[0, 161, 0, 0, 0, 253, 1, 45, 255]",0.000,30.1
07/11/2025 15:35:20,07/11/2025,15:35:20,"[0, 161, 0, 0, 0, 253, 1, 46, 255]",0.000,30.2
07/11/2025 15:35:21,07/11/2025,15:35:21,"[0, 161, 0, 0, 55, 253, 1, 45, 255]",0.055,30.1
07/11/2025 15:35:22,07/11/2025,15:35:22,"[0, 161, 0, 0, 55, 253, 1, 45, 255]",0.055,30.1
07/11/2025 15:35:23,07/11/2025,15:35:23,"[0, 161, 0, 0, 0, 253, 1, 45, 255]",0.000,30.1
07/11/2025 15:35:24,07/11/2025,15:35:24,"[0, 161, 0, 0, 10, 253, 1, 45, 255]",0.010,30.1
07/11/2025 15:35:25,07/11/2025,15:35:25,"[0, 161, 0, 0, 0, 253, 1, 46, 255]",0.000,30.2
07/11/2025 15:35:26,07/11/2025,15:35:26,"[0, 161, 0, 0, 0, 253, 1, 45, 255]",0.000,30.1
07/11/2025 15:35:27,07/11/2025,15:35:27,"[0, 161, 0, 0, 5, 253, 1, 46, 255]",0.005,30.2
07/11/2025 15:35:28,07/11/2025,15:35:28,"[0, 161, 0, 0, 0, 253, 1, 46, 255]",0.000,30.2
07/11/2025 15:35:29,07/11/2025,15:35:29,"[0, 161, 0, 0, 0, 253, 1, 44, 255]",0.000,30.0
07/11/2025 15:35:30,07/11/2025,15:35:30,"[0, 161, 0, 0, 0, 253, 1, 45, 255]",0.000,30.1
07/11/2025 15:35:31,07/11/2025,15:35:31,"[0, 161, 0, 0, 0, 253, 1, 46, 255]",0.000,30.2
07/11/2025 15:35:32,07/11/2025,15:35:32,"[0, 161, 0, 0, 0, 253, 1, 44, 255]",0.000,30.0
07/11/2025 15:35:33,07/11/2025,15:35:33,"[0, 161, 0, 0, 46, 253, 1, 44, 255]",0.046,30.0
07/11/2025 15:35:34,07/11/2025,15:35:34,"[0, 161, 0, 0, 46, 253, 1, 46, 255]",0.046,30.2
07/11/2025 15:35:35,07/11/2025,15:35:35,"[0, 161, 0, 0, 61, 253, 1, 44, 255]",0.061,30.0
07/11/2025 15:35:36,07/11/2025,15:35:36,"[0, 161, 0, 0, 25, 253, 1, 46, 255]",0.025,30.2
07/11/2025 15:35:37,07/11/2025,15:35:37,"[0, 161, 0, 0, 32, 253, 1, 45, 255]",0.032,30.1
07/11/2025 15:35:38,07/11/2025,15:35:38,"[0, 161, 0, 0, 187, 253, 1, 45, 255]",0.187,30.1
07/11/2025 15:35:39,07/11/2025,15:35:39,"[0, 161, 0, 0, 187, 253, 1, 44, 255]",0.187,30.0
07/11/2025 15:35:40,07/11/2025,15:35:40,"[0, 161, 0, 0, 51, 253, 1, 46, 255]",0.051,30.2
07/11/2025 15:35:41,07/11/2025,15:35:41,"[0, 161, 0, 0, 0, 253, 1, 45, 255]",0.000,30.1
07/11/2025 15:35:42,07/11/2025,15:35:42,"[0, 161, 0, 0, 0, 253, 1, 46, 255]",0.000,30.2
07/11/2025 15:35:43,07/11/2025,15:35:43,"[0, 161, 0, 0, 0, 253, 1, 46, 255]",0.000,30.2
07/11/2025 15:35:44,07/11/2025,15:35:44,"[0, 161, 0, 0, 0, 253, 1, 46, 255]",0.000,30.2
07/11/2025 15:35:45,07/11/2025,15:35:45,"[0, 161, 0, 0, 0, 253, 1, 47, 255]",0.000,30.3
07/11/2025 15:35:46,07/11/2025,15:35:46,"[0, 161, 0, 0, 0, 253, 1, 47, 255]",0.000,30.3
07/11/2025 15:35:47,07/11/2025,15:35:47,"[0, 161, 0, 0, 0, 253, 1, 44, 255]",0.000,30.0
07/11/2025 15:35:48,07/11/2025,15:35:48,"[0, 161, 0, 0, 0, 253, 1, 44, 255]",0.000,30.0
07/11/2025 15:35:49,07/11/2025,15:35:49,"[0, 161, 0, 0, 104, 253, 1, 45, 255]",0.104,30.1
07/11/2025 15:35:50,07/11/2025,15:35:50,"[0, 161, 0, 0, 38, 253, 1, 45, 255]",0.038,30.1
07/11/2025 15:35:51,07/11/2025,15:35:51,"[0, 161, 0, 0, 38, 253, 1, 47, 255]",0.038,30.3
07/11/2025 15:35:52,07/11/2025,15:35:52,"[0, 161, 0, 0, 17, 253, 1, 46, 255]",0.017,30.2
07/11/2025 15:35:53,07/11/2025,15:35:53,"[0, 161, 0, 0, 216, 253, 1, 45, 255]",0.216,30.1
07/11/2025 15:35:54,07/11/2025,15:35:54,"[0, 161, 0, 0, 211, 253, 1, 44, 255]",0.211,30.0
07/11/2025 15:35:55,07/11/2025,15:35:55,"[0, 161, 0, 0, 211, 253, 1, 45, 255]",0.211,30.1
07/11/2025 15:35:56,07/11/2025,15:35:56,"[0, 161, 0, 0, 133, 253, 1, 45, 255]",0.133,30.1
07/11/2025 15:35:57,07/11/2025,15:35:57,"[0, 161, 0, 0, 153, 253, 1, 45, 255]",0.153,30.1
07/11/2025 15:35:58,07/11/2025,15:35:58,"[0, 161, 0, 0, 11, 253, 1, 46, 255]",0.011,30.2
07/11/2025 15:35:59,07/11/2025,15:35:59,"[0, 161, 0, 0, 11, 253, 1, 46, 255]",0.011,30.2
07/11/2025 15:36:00,07/11/2025,15:36:00,"[0, 161, 0, 0, 0, 253, 1, 45, 255]",0.000,30.1
07/11/2025 15:36:01,07/11/2025,15:36:01,"[0, 161, 0, 0, 0, 253, 1, 46, 255]",0.000,30.2
07/11/2025 15:36:02,07/11/2025,15:36:02,"[0, 161, 0, 0, 0, 253, 1, 47, 255]",0.000,30.3
07/11/2025 15:36:03,07/11/2025,15:36:03,"[0, 161, 0, 0, 155, 253, 1, 44, 255]",0.155,30.0
07/11/2025 15:36:04,07/11/2025,15:36:04,"[0, 161, 0, 0, 155, 253, 1, 43, 255]",0.155,29.9
07/11/2025 15:36:05,07/11/2025,15:36:05,"[0, 161, 0, 0, 105, 253, 1, 46, 255]",0.105,30.2
07/11/2025 15:36:06,07/11/2025,15:36:06,"[0, 161, 0, 0, 0, 253, 1, 46, 255]",0.000,30.2
07/11/2025 15:36:07,07/11/2025,15:36:07,"[0, 161, 0, 0, 0, 253, 1, 45, 255]",0.000,30.1
07/11/2025 15:36:08,07/11/2025,15:36:08,"[0, 161, 0, 0, 0, 253, 1, 46, 255]",0.000,30.2
07/11/2025 15:36:09,07/11/2025,15:36:09,"[0, 161, 0, 0, 0, 253, 1, 46, 255]",0.000,30.2
07/11/2025 15:36:10,07/11/2025,15:36:10,"[0, 161, 0, 0, 0, 253, 1, 47, 255]",0.000,30.3
07/11/2025 15:36:11,07/11/2025,15:36:11,"[0, 161, 0, 0, 104, 253, 1, 47, 255]",0.104,30.3
07/11/2025 15:36:12,07/11/2025,15:36:12,"[0, 161, 0, 0, 104, 253, 1, 48, 255]",0.104,30.4
07/11/2025 15:36:13,07/11/2025,15:36:13,"[0, 161, 0, 0, 207, 253, 1, 44, 255]",0.207,30.0
07/11/2025 15:36:14,07/11/2025,15:36:14,"[0, 161, 0, 0, 0, 253, 1, 46, 255]",0.000,30.2
07/11/2025 15:36:15,07/11/2025,15:36:15,"[0, 161, 0, 0, 0, 253, 1, 46, 255]",0.000,30.2
07/11/2025 15:36:16,07/11/2025,15:36:16,"[0, 161, 0, 0, 0, 253, 1, 46, 255]",0.000,30.2
07/11/2025 15:36:17,07/11/2025,15:36:17,"[0, 161, 0, 0, 0, 253, 1, 44, 255]",0.000,30.0
07/11/2025 15:36:18,07/11/2025,15:36:18,"[0, 161, 0, 0, 0, 253, 1, 44, 255]",0.000,30.0
07/11/2025 15:36:19,07/11/2025,15:36:19,"[0, 161, 0, 0, 57, 253, 1, 45, 255]",0.057,30.1
07/11/2025 15:36:20,07/11/2025,15:36:20,"[0, 161, 0, 0, 57, 253, 1, 46, 255]",0.057,30.2
07/11/2025 15:36:21,07/11/2025,15:36:21,"[0, 161, 0, 0, 32, 253, 1, 45, 255]",0.032,30.1
07/11/2025 15:36:22,07/11/2025,15:36:22,"[0, 161, 0, 0, 224, 253, 1, 46, 255]",0.224,30.2
07/11/2025 15:36:23,07/11/2025,15:36:23,"[0, 161, 0, 0, 0, 253, 1, 45, 255]",0.000,30.1
07/11/2025 15:36:24,07/11/2025,15:36:24,"[0, 161, 0, 0, 0, 253, 1, 46, 255]",0.000,30.2
07/11/2025 15:36:25,07/11/2025,15:36:25,"[0, 161, 0, 0, 0, 253, 1, 45, 255]",0.000,30.1
07/11/2025 15:36:26,07/11/2025,15:36:26,"[0, 161, 0, 0, 0, 253, 1, 46, 255]",0.000,30.2
07/11/2025 15:36:27,07/11/2025,15:36:27,"[0, 161, 0, 0, 40, 253, 1, 46, 255]",0.040,30.2
07/11/2025 15:36:28,07/11/2025,15:36:28,"[0, 161, 0, 1, 72, 253, 1, 47, 255]",0.328,30.3
07/11/2025 15:36:29,07/11/2025,15:36:29,"[0, 161, 0, 1, 72, 253, 1, 46, 255]",0.328,30.2
07/11/2025 15:36:30,07/11/2025,15:36:30,"[0, 161, 0, 0, 88, 253, 1, 46, 255]",0.088,30.2
07/11/2025 15:36:31,07/11/2025,15:36:31,"[0, 161, 0, 0, 0, 253, 1, 47, 255]",0.000,30.3
07/11/2025 15:36:32,07/11/2025,15:36:32,"[0, 161, 0, 0, 0, 253, 1, 45, 255]",0.000,30.1
07/11/2025 15:36:33,07/11/2025,15:36:33,"[0, 161, 0, 0, 0, 253, 1, 46, 255]",0.000,30.2
07/11/2025 15:36:34,07/11/2025,15:36:34,"[0, 161, 0, 0, 0, 253, 1, 45, 255]",0.000,30.1
07/11/2025 15:36:35,07/11/2025,15:36:35,"[0, 161, 0, 1, 86, 253, 1, 45, 255]",0.342,30.1
07/11/2025 15:36:36,07/11/2025,15:36:36,"[0, 161, 0, 0, 204, 253, 1, 45, 255]",0.204,30.1
07/11/2025 15:36:37,07/11/2025,15:36:37,"[0, 161, 0, 0, 204, 253, 1, 46, 255]",0.204,30.2
07/11/2025 15:36:38,07/11/2025,15:36:38,"[0, 161, 0, 0, 0, 253, 1, 44, 255]",0.000,30.0
07/11/2025 15:36:39,07/11/2025,15:36:39,"[0, 161, 0, 0, 147, 253, 1, 45, 255]",0.147,30.1
07/11/2025 15:36:40,07/11/2025,15:36:40,"[0, 161, 0, 0, 88, 253, 1, 44, 255]",0.088,30.0
07/11/2025 15:36:41,07/11/2025,15:36:41,"[0, 161, 0, 0, 88, 253, 1, 44, 255]",0.088,30.0
07/11/2025 15:36:42,07/11/2025,15:36:42,"[0, 161, 0, 0, 0, 253, 1, 47, 255]",0.000,30.3
07/11/2025 15:36:43,07/11/2025,15:36:43,"[0, 161, 0, 0, 45, 253, 1, 45, 255]",0.045,30.1
07/11/2025 15:36:44,07/11/2025,15:36:44,"[0, 161, 0, 0, 0, 253, 1, 46, 255]",0.000,30.2
07/11/2025 15:36:45,07/11/2025,15:36:45,"[0, 161, 0, 0, 10, 253, 1, 45, 255]",0.010,30.1
07/11/2025 15:36:46,07/11/2025,15:36:46,"[0, 161, 0, 0, 10, 253, 1, 45, 255]",0.010,30.1
07/11/2025 15:36:47,07/11/2025,15:36:47,"[0, 161, 0, 0, 5, 253, 1, 44, 255]",0.005,30.0
07/11/2025 15:36:48,07/11/2025,15:36:48,"[0, 161, 0, 0, 0, 253, 1, 45, 255]",0.000,30.1
07/11/2025 15:36:49,07/11/2025,15:36:49,"[0, 161, 0, 0, 0, 253, 1, 45, 255]",0.000,30.1
07/11/2025 15:36:50,07/11/2025,15:36:50,"[0, 161, 0, 0, 0, 253, 1, 45, 255]",0.000,30.1
07/11/2025 15:36:51,07/11/2025,15:36:51,"[0, 161, 0, 0, 25, 253, 1, 45, 255]",0.025,30.1
07/11/2025 15:36:52,07/11/2025,15:36:52,"[0, 161, 0, 0, 0, 253, 1, 45, 255]",0.000,30.1
07/11/2025 15:36:53,07/11/2025,15:36:53,"[0, 161, 0, 0, 0, 253, 1, 45, 255]",0.000,30.1
07/11/2025 15:36:54,07/11/2025,15:36:54,"[0, 161, 0, 0, 0, 253, 1, 45, 255]",0.000,30.1
07/11/2025 15:36:55,07/11/2025,15:36:55,"[0, 161, 0, 0, 0, 253, 1, 46, 255]",0.000,30.2
07/11/2025 15:36:56,07/11/2025,15:36:56,"[0, 161, 0, 0, 0, 253, 1, 45, 255]",0.000,30.1
07/11/2025 15:36:57,07/11/2025,15:36:57,"[0, 161, 0, 0, 41, 253, 1, 45, 255]",0.041,30.1
07/11/2025 15:36:58,07/11/2025,15:36:58,"[0, 161, 0, 0, 41, 253, 1, 47, 255]",0.041,30.3
07/11/2025 15:36:59,07/11/2025,15:36:59,"[0, 161, 0, 0, 177, 253, 1, 44, 255]",0.177,30.0
07/11/2025 15:37:00,07/11/2025,15:37:00,"[0, 161, 0, 0, 18, 253, 1, 45, 255]",0.018,30.1
07/11/2025 15:37:01,07/11/2025,15:37:01,"[0, 161, 0, 0, 142, 253, 1, 45, 255]",0.142,30.1
07/11/2025 15:37:02,07/11/2025,15:37:02,"[0, 161, 0, 0, 142, 253, 1, 46, 255]",0.142,30.2
07/11/2025 15:37:03,07/11/2025,15:37:03,"[0, 161, 0, 0, 0, 253, 1, 46, 255]",0.000,30.2
07/11/2025 15:37:04,07/11/2025,15:37:04,"[0, 161, 0, 0, 0, 253, 1, 46, 255]",0.000,30.2
07/11/2025 15:37:05,07/11/2025,15:37:05,"[0, 161, 0, 1, 22, 253, 1, 44, 255]",0.278,30.0
07/11/2025 15:37:06,07/11/2025,15:37:06,"[0, 161, 0, 0, 92, 253, 1, 45, 255]",0.092,30.1
07/11/2025 15:37:07,07/11/2025,15:37:07,"[0, 161, 0, 0, 92, 253, 1, 45, 255]",0.092,30.1
07/11/2025 15:37:08,07/11/2025,15:37:08,"[0, 161, 0, 0, 0, 253, 1, 45, 255]",0.000,30.1
07/11/2025 15:37:09,07/11/2025,15:37:09,"[0, 161, 0, 0, 0, 253, 1, 46, 255]",0.000,30.2
07/11/2025 15:37:10,07/11/2025,15:37:10,"[0, 161, 0, 0, 0, 253, 1, 48, 255]",0.000,30.4
07/11/2025 15:37:11,07/11/2025,15:37:11,"[0, 161, 0, 0, 0, 253, 1, 45, 255]",0.000,30.1
07/11/2025 15:37:12,07/11/2025,15:37:12,"[0, 161, 0, 0, 0, 253, 1, 45, 255]",0.000,30.1
07/11/2025 15:37:13,07/11/2025,15:37:13,"[0, 161, 0, 0, 0, 253, 1, 45, 255]",0.000,30.1
07/11/2025 15:37:14,07/11/2025,15:37:14,"[0, 161, 0, 0, 10, 253, 1, 45, 255]",0.010,30.1
07/11/2025 15:37:15,07/11/2025,15:37:15,"[0, 161, 0, 0, 10, 253, 1, 46, 255]",0.010,30.2
07/11/2025 15:37:16,07/11/2025,15:37:16,"[0, 161, 0, 0, 0, 253, 1, 46, 255]",0.000,30.2
07/11/2025 15:37:17,07/11/2025,15:37:17,"[0, 161, 0, 0, 0, 253, 1, 46, 255]",0.000,30.2
07/11/2025 15:37:18,07/11/2025,15:37:18,"[0, 161, 0, 0, 64, 253, 1, 45, 255]",0.064,30.1
07/11/2025 15:37:19,07/11/2025,15:37:19,"[0, 161, 0, 0, 64, 253, 1, 44, 255]",0.064,30.0
07/11/2025 15:37:20,07/11/2025,15:37:20,"[0, 161, 0, 0, 0, 253, 1, 45, 255]",0.000,30.1
07/11/2025 15:37:21,07/11/2025,15:37:21,"[0, 161, 0, 0, 124, 253, 1, 46, 255]",0.124,30.2
07/11/2025 15:37:22,07/11/2025,15:37:22,"[0, 161, 0, 0, 211, 253, 1, 45, 255]",0.211,30.1
07/11/2025 15:37:23,07/11/2025,15:37:23,"[0, 161, 0, 0, 211, 253, 1, 45, 255]",0.211,30.1
07/11/2025 15:37:24,07/11/2025,15:37:24,"[0, 161, 0, 0, 34, 253, 1, 45, 255]",0.034,30.1
07/11/2025 15:37:25,07/11/2025,15:37:25,"[0, 161, 0, 0, 192, 253, 1, 47, 255]",0.192,30.3
07/11/2025 15:37:26,07/11/2025,15:37:26,"[0, 161, 0, 0, 0, 253, 1, 46, 255]",0.000,30.2
07/11/2025 15:37:27,07/11/2025,15:37:27,"[0, 161, 0, 0, 0, 253, 1, 46, 255]",0.000,30.2
07/11/2025 15:37:28,07/11/2025,15:37:28,"[0, 161, 0, 0, 0, 253, 1, 44, 255]",0.000,30.0
07/11/2025 15:37:29,07/11/2025,15:37:29,"[0, 161, 0, 0, 0, 253, 1, 47, 255]",0.000,30.3
07/11/2025 15:37:30,07/11/2025,15:37:30,"[0, 161, 0, 0, 0, 253, 1, 46, 255]",0.000,30.2
07/11/2025 15:37:31,07/11/2025,15:37:31,"[0, 161, 0, 0, 0, 253, 1, 47, 255]",0.000,30.3
07/11/2025 15:37:32,07/11/2025,15:37:32,"[0, 161, 0, 0, 0, 253, 1, 45, 255]",0.000,30.1
07/11/2025 15:37:33,07/11/2025,15:37:33,"[0, 161, 0, 0, 162, 253, 1, 45, 255]",0.162,30.1
07/11/2025 15:37:34,07/11/2025,15:37:34,"[0, 161, 0, 0, 229, 253, 1, 46, 255]",0.229,30.2
07/11/2025 15:37:35,07/11/2025,15:37:35,"[0, 161, 0, 0, 0, 253, 1, 46, 255]",0.000,30.2
07/11/2025 15:37:36,07/11/2025,15:37:36,"[0, 161, 0, 0, 0, 253, 1, 47, 255]",0.000,30.3
07/11/2025 15:37:37,07/11/2025,15:37:37,"[0, 161, 0, 0, 230, 253, 1, 46, 255]",0.230,30.2
07/11/2025 15:37:38,07/11/2025,15:37:38,"[0, 161, 0, 0, 134, 253, 1, 46, 255]",0.134,30.2
07/11/2025 15:37:39,07/11/2025,15:37:39,"[0, 161, 0, 0, 113, 253, 1, 44, 255]",0.113,30.0
07/11/2025 15:37:40,07/11/2025,15:37:40,"[0, 161, 0, 0, 113, 253, 1, 47, 255]",0.113,30.3
07/11/2025 15:37:41,07/11/2025,15:37:41,"[0, 161, 0, 0, 29, 253, 1, 47, 255]",0.029,30.3
07/11/2025 15:37:42,07/11/2025,15:37:42,"[0, 161, 0, 0, 0, 253, 1, 45, 255]",0.000,30.1
07/11/2025 15:37:43,07/11/2025,15:37:43,"[0, 161, 0, 0, 0, 253, 1, 45, 255]",0.000,30.1
07/11/2025 15:37:44,07/11/2025,15:37:44,"[0, 161, 0, 0, 0, 253, 1, 45, 255]",0.000,30.1
07/11/2025 15:37:45,07/11/2025,15:37:45,"[0, 161, 0, 0, 15, 253, 1, 46, 255]",0.015,30.2
07/11/2025 15:37:46,07/11/2025,15:37:46,"[0, 161, 0, 0, 90, 253, 1, 44, 255]",0.090,30.0
07/11/2025 15:37:47,07/11/2025,15:37:47,"[0, 161, 0, 0, 85, 253, 1, 45, 255]",0.085,30.1
07/11/2025 15:37:48,07/11/2025,15:37:48,"[0, 161, 0, 0, 0, 253, 1, 44, 255]",0.000,30.0
07/11/2025 15:37:49,07/11/2025,15:37:49,"[0, 161, 0, 0, 0, 253, 1, 45, 255]",0.000,30.1
07/11/2025 15:37:50,07/11/2025,15:37:50,"[0, 161, 0, 0, 16, 253, 1, 46, 255]",0.016,30.2
07/11/2025 15:37:51,07/11/2025,15:37:51,"[0, 161, 0, 0, 0, 253, 1, 46, 255]",0.000,30.2
07/11/2025 15:37:52,07/11/2025,15:37:52,"[0, 161, 0, 0, 68, 253, 1, 45, 255]",0.068,30.1
07/11/2025 15:37:53,07/11/2025,15:37:53,"[0, 161, 0, 0, 68, 253, 1, 45, 255]",0.068,30.1
07/11/2025 15:37:54,07/11/2025,15:37:54,"[0, 161, 0, 0, 206, 253, 1, 45, 255]",0.206,30.1
07/11/2025 15:37:55,07/11/2025,15:37:55,"[0, 161, 0, 0, 101, 253, 1, 45, 255]",0.101,30.1
07/11/2025 15:37:56,07/11/2025,15:37:56,"[0, 161, 0, 1, 197, 253, 1, 45, 255]",0.453,30.1
07/11/2025 15:37:57,07/11/2025,15:37:57,"[0, 161, 0, 1, 197, 253, 1, 45, 255]",0.453,30.1
07/11/2025 15:37:58,07/11/2025,15:37:58,"[0, 161, 0, 1, 215, 253, 1, 45, 255]",0.471,30.1
07/11/2025 15:37:59,07/11/2025,15:37:59,"[0, 161, 0, 0, 236, 253, 1, 45, 255]",0.236,30.1
07/11/2025 15:38:00,07/11/2025,15:38:00,"[0, 161, 0, 0, 147, 253, 1, 44, 255]",0.147,30.0
07/11/2025 15:38:01,07/11/2025,15:38:01,"[0, 161, 0, 0, 147, 253, 1, 43, 255]",0.147,29.9
07/11/2025 15:38:02,07/11/2025,15:38:02,"[0, 161, 0, 0, 132, 253, 1, 46, 255]",0.132,30.2
07/11/2025 15:38:03,07/11/2025,15:38:03,"[0, 161, 0, 0, 103, 253, 1, 46, 255]",0.103,30.2
07/11/2025 15:38:04,07/11/2025,15:38:04,"[0, 161, 0, 0, 0, 253, 1, 44, 255]",0.000,30.0
07/11/2025 15:38:05,07/11/2025,15:38:05,"[0, 161, 0, 0, 0, 253, 1, 46, 255]",0.000,30.2
07/11/2025 15:38:06,07/11/2025,15:38:06,"[0, 161, 0, 0, 0, 253, 1, 44, 255]",0.000,30.0
07/11/2025 15:38:07,07/11/2025,15:38:07,"[0, 161, 0, 0, 0, 253, 1, 45, 255]",0.000,30.1
07/11/2025 15:38:08,07/11/2025,15:38:08,"[0, 161, 0, 0, 180, 253, 1, 45, 255]",0.180,30.1
07/11/2025 15:38:09,07/11/2025,15:38:09,"[0, 161, 0, 0, 17, 253, 1, 45, 255]",0.017,30.1
07/11/2025 15:38:10,07/11/2025,15:38:10,"[0, 161, 0, 0, 17, 253, 1, 46, 255]",0.017,30.2
07/11/2025 15:38:11,07/11/2025,15:38:11,"[0, 161, 0, 0, 248, 253, 1, 44, 255]",0.248,30.0
07/11/2025 15:38:12,07/11/2025,15:38:12,"[0, 161, 0, 0, 0, 253, 1, 47, 255]",0.000,30.3
07/11/2025 15:38:13,07/11/2025,15:38:13,"[0, 161, 0, 0, 108, 253, 1, 44, 255]",0.108,30.0
07/11/2025 15:38:14,07/11/2025,15:38:14,"[0, 161, 0, 0, 108, 253, 1, 45, 255]",0.108,30.1
07/11/2025 15:38:15,07/11/2025,15:38:15,"[0, 161, 0, 0, 0, 253, 1, 45, 255]",0.000,30.1
07/11/2025 15:38:16,07/11/2025,15:38:16,"[0, 161, 0, 0, 17, 253, 1, 45, 255]",0.017,30.1
07/11/2025 15:38:17,07/11/2025,15:38:17,"[0, 161, 0, 0, 0, 253, 1, 45, 255]",0.000,30.1
07/11/2025 15:38:18,07/11/2025,15:38:18,"[0, 161, 0, 0, 0, 253, 1, 45, 255]",0.000,30.1
07/11/2025 15:38:19,07/11/2025,15:38:19,"[0, 161, 0, 0, 108, 253, 1, 46, 255]",0.108,30.2
07/11/2025 15:38:20,07/11/2025,15:38:20,"[0, 161, 0, 0, 118, 253, 1, 46, 255]",0.118,30.2
07/11/2025 15:38:21,07/11/2025,15:38:21,"[0, 161, 0, 0, 0, 253, 1, 44, 255]",0.000,30.0
07/11/2025 15:38:22,07/11/2025,15:38:22,"[0, 161, 0, 0, 0, 253, 1, 45, 255]",0.000,30.1
07/11/2025 15:38:23,07/11/2025,15:38:23,"[0, 161, 0, 0, 0, 253, 1, 43, 255]",0.000,29.9
07/11/2025 15:38:24,07/11/2025,15:38:24,"[0, 161, 0, 0, 101, 253, 1, 44, 255]",0.101,30.0
07/11/2025 15:38:25,07/11/2025,15:38:25,"[0, 161, 0, 0, 32, 253, 1, 44, 255]",0.032,30.0
07/11/2025 15:38:26,07/11/2025,15:38:26,"[0, 161, 0, 0, 32, 253, 1, 45, 255]",0.032,30.1
07/11/2025 15:38:27,07/11/2025,15:38:27,"[0, 161, 0, 0, 134, 253, 1, 45, 255]",0.134,30.1
07/11/2025 15:38:28,07/11/2025,15:38:28,"[0, 161, 0, 0, 0, 253, 1, 46, 255]",0.000,30.2
07/11/2025 15:38:29,07/11/2025,15:38:29,"[0, 161, 0, 0, 62, 253, 1, 44, 255]",0.062,30.0
07/11/2025 15:38:30,07/11/2025,15:38:30,"[0, 161, 0, 0, 0, 253, 1, 44, 255]",0.000,30.0
07/11/2025 15:38:31,07/11/2025,15:38:31,"[0, 161, 0, 0, 0, 253, 1, 45, 255]",0.000,30.1
07/11/2025 15:38:32,07/11/2025,15:38:32,"[0, 161, 0, 0, 116, 253, 1, 43, 255]",0.116,29.9
07/11/2025 15:38:33,07/11/2025,15:38:33,"[0, 161, 0, 0, 0, 253, 1, 44, 255]",0.000,30.0
07/11/2025 15:38:34,07/11/2025,15:38:34,"[0, 161, 0, 0, 0, 253, 1, 46, 255]",0.000,30.2
07/11/2025 15:38:35,07/11/2025,15:38:35,"[0, 161, 0, 0, 0, 253, 1, 46, 255]",0.000,30.2
07/11/2025 15:38:36,07/11/2025,15:38:36,"[0, 161, 0, 0, 0, 253, 1, 44, 255]",0.000,30.0
07/11/2025 15:38:37,07/11/2025,15:38:37,"[0, 161, 0, 0, 0, 253, 1, 45, 255]",0.000,30.1
07/11/2025 15:38:38,07/11/2025,15:38:38,"[0, 161, 0, 0, 105, 253, 1, 45, 255]",0.105,30.1
07/11/2025 15:38:39,07/11/2025,15:38:39,"[0, 161, 0, 0, 105, 253, 1, 45, 255]",0.105,30.1
07/11/2025 15:38:40,07/11/2025,15:38:40,"[0, 161, 0, 0, 32, 253, 1, 43, 255]",0.032,29.9
07/11/2025 15:38:41,07/11/2025,15:38:41,"[0, 161, 0, 0, 139, 253, 1, 45, 255]",0.139,30.1
07/11/2025 15:38:42,07/11/2025,15:38:42,"[0, 161, 0, 0, 0, 253, 1, 45, 255]",0.000,30.1
07/11/2025 15:38:43,07/11/2025,15:38:43,"[0, 161, 0, 0, 0, 253, 1, 47, 255]",0.000,30.3
07/11/2025 15:38:44,07/11/2025,15:38:44,"[0, 161, 0, 0, 0, 253, 1, 45, 255]",0.000,30.1
07/11/2025 15:38:45,07/11/2025,15:38:45,"[0, 161, 0, 0, 0, 253, 1, 46, 255]",0.000,30.2
07/11/2025 15:38:46,07/11/2025,15:38:46,"[0, 161, 0, 0, 1, 253, 1, 45, 255]",0.001,30.1
07/11/2025 15:38:47,07/11/2025,15:38:47,"[0, 161, 0, 0, 1, 253, 1, 46, 255]",0.001,30.2
07/11/2025 15:38:48,07/11/2025,15:38:48,"[0, 161, 0, 0, 29, 253, 1, 43, 255]",0.029,29.9
07/11/2025 15:38:49,07/11/2025,15:38:49,"[0, 161, 0, 1, 2, 253, 1, 45, 255]",0.258,30.1
07/11/2025 15:38:50,07/11/2025,15:38:50,"[0, 161, 0, 0, 85, 253, 1, 44, 255]",0.085,30.0
07/11/2025 15:38:51,07/11/2025,15:38:51,"[0, 161, 0, 0, 0, 253, 1, 45, 255]",0.000,30.1
07/11/2025 15:38:52,07/11/2025,15:38:52,"[0, 161, 0, 0, 0, 253, 1, 45, 255]",0.000,30.1
07/11/2025 15:38:53,07/11/2025,15:38:53,"[0, 161, 0, 0, 0, 253, 1, 45, 255]",0.000,30.1
07/11/2025 15:38:54,07/11/2025,15:38:54,"[0, 161, 0, 0, 61, 253, 1, 45, 255]",0.061,30.1
07/11/2025 15:38:55,07/11/2025,15:38:55,"[0, 161, 0, 0, 46, 253, 1, 45, 255]",0.046,30.1
07/11/2025 15:38:56,07/11/2025,15:38:56,"[0, 161, 0, 0, 46, 253, 1, 45, 255]",0.046,30.1
07/11/2025 15:38:57,07/11/2025,15:38:57,"[0, 161, 0, 0, 0, 253, 1, 44, 255]",0.000,30.0
07/11/2025 15:38:58,07/11/2025,15:38:58,"[0, 161, 0, 0, 0, 253, 1, 45, 255]",0.000,30.1
07/11/2025 15:38:59,07/11/2025,15:38:59,"[0, 161, 0, 0, 0, 253, 1, 45, 255]",0.000,30.1
07/11/2025 15:39:00,07/11/2025,15:39:00,"[0, 161, 0, 0, 0, 253, 1, 46, 255]",0.000,30.2
07/11/2025 15:39:01,07/11/2025,15:39:01,"[0, 161, 0, 0, 0, 253, 1, 44, 255]",0.000,30.0
07/11/2025 15:39:02,07/11/2025,15:39:02,"[0, 161, 0, 0, 0, 253, 1, 43, 255]",0.000,29.9
07/11/2025 15:39:03,07/11/2025,15:39:03,"[0, 161, 0, 0, 0, 253, 1, 45, 255]",0.000,30.1
07/11/2025 15:39:04,07/11/2025,15:39:04,"[0, 161, 0, 0, 0, 253, 1, 44, 255]",0.000,30.0
07/11/2025 15:39:05,07/11/2025,15:39:05,"[0, 161, 0, 0, 133, 253, 1, 45, 255]",0.133,30.1
07/11/2025 15:39:06,07/11/2025,15:39:06,"[0, 161, 0, 0, 112, 253, 1, 46, 255]",0.112,30.2
07/11/2025 15:39:07,07/11/2025,15:39:07,"[0, 161, 0, 0, 31, 253, 1, 44, 255]",0.031,30.0
07/11/2025 15:39:08,07/11/2025,15:39:08,"[0, 161, 0, 0, 31, 253, 1, 45, 255]",0.031,30.1
07/11/2025 15:39:09,07/11/2025,15:39:09,"[0, 161, 0, 0, 0, 253, 1, 45, 255]",0.000,30.1
07/11/2025 15:39:10,07/11/2025,15:39:10,"[0, 161, 0, 0, 206, 253, 1, 46, 255]",0.206,30.2
07/11/2025 15:39:11,07/11/2025,15:39:11,"[0, 161, 0, 0, 0, 253, 1, 44, 255]",0.000,30.0
07/11/2025 15:39:12,07/11/2025,15:39:12,"[0, 161, 0, 0, 93, 253, 1, 45, 255]",0.093,30.1
07/11/2025 15:39:13,07/11/2025,15:39:13,"[0, 161, 0, 0, 93, 253, 1, 44, 255]",0.093,30.0
07/11/2025 15:39:14,07/11/2025,15:39:14,"[0, 161, 0, 0, 0, 253, 1, 44, 255]",0.000,30.0
07/11/2025 15:39:15,07/11/2025,15:39:15,"[0, 161, 0, 0, 0, 253, 1, 44, 255]",0.000,30.0
07/11/2025 15:39:16,07/11/2025,15:39:16,"[0, 161, 0, 0, 0, 253, 1, 45, 255]",0.000,30.1
07/11/2025 15:39:17,07/11/2025,15:39:17,"[0, 161, 0, 0, 0, 253, 1, 45, 255]",0.000,30.1
07/11/2025 15:39:18,07/11/2025,15:39:18,"[0, 161, 0, 0, 0, 253, 1, 44, 255]",0.000,30.0
07/11/2025 15:39:19,07/11/2025,15:39:19,"[0, 161, 0, 0, 11, 253, 1, 47, 255]",0.011,30.3
07/11/2025 15:39:20,07/11/2025,15:39:20,"[0, 161, 0, 0, 0, 253, 1, 46, 255]",0.000,30.2
07/11/2025 15:39:21,07/11/2025,15:39:21,"[0, 161, 0, 0, 0, 253, 1, 45, 255]",0.000,30.1
07/11/2025 15:39:22,07/11/2025,15:39:22,"[0, 161, 0, 0, 0, 253, 1, 45, 255]",0.000,30.1
07/11/2025 15:39:23,07/11/2025,15:39:23,"[0, 161, 0, 0, 29, 253, 1, 45, 255]",0.029,30.1
07/11/2025 15:39:24,07/11/2025,15:39:24,"[0, 161, 0, 0, 0, 253, 1, 44, 255]",0.000,30.0
07/11/2025 15:39:25,07/11/2025,15:39:25,"[0, 161, 0, 0, 0, 253, 1, 44, 255]",0.000,30.0
07/11/2025 15:39:26,07/11/2025,15:39:26,"[0, 161, 0, 0, 32, 253, 1, 44, 255]",0.032,30.0
07/11/2025 15:39:27,07/11/2025,15:39:27,"[0, 161, 0, 0, 108, 253, 1, 44, 255]",0.108,30.0
07/11/2025 15:39:28,07/11/2025,15:39:28,"[0, 161, 0, 0, 34, 253, 1, 43, 255]",0.034,29.9
07/11/2025 15:39:29,07/11/2025,15:39:29,"[0, 161, 0, 0, 34, 253, 1, 43, 255]",0.034,29.9
07/11/2025 15:39:30,07/11/2025,15:39:30,"[0, 161, 0, 0, 171, 253, 1, 46, 255]",0.171,30.2
07/11/2025 15:39:31,07/11/2025,15:39:31,"[0, 161, 0, 0, 0, 253, 1, 45, 255]",0.000,30.1
07/11/2025 15:39:32,07/11/2025,15:39:32,"[0, 161, 0, 0, 0, 253, 1, 45, 255]",0.000,30.1
07/11/2025 15:39:33,07/11/2025,15:39:33,"[0, 161, 0, 0, 0, 253, 1, 44, 255]",0.000,30.0
07/11/2025 15:39:34,07/11/2025,15:39:34,"[0, 161, 0, 0, 0, 253, 1, 45, 255]",0.000,30.1
07/11/2025 15:39:35,07/11/2025,15:39:35,"[0, 161, 0, 0, 124, 253, 1, 46, 255]",0.124,30.2
07/11/2025 15:39:36,07/11/2025,15:39:36,"[0, 161, 0, 0, 0, 253, 1, 45, 255]",0.000,30.1
07/11/2025 15:39:37,07/11/2025,15:39:37,"[0, 161, 0, 0, 0, 253, 1, 45, 255]",0.000,30.1
07/11/2025 15:39:38,07/11/2025,15:39:38,"[0, 161, 0, 0, 0, 253, 1, 44, 255]",0.000,30.0
07/11/2025 15:39:39,07/11/2025,15:39:39,"[0, 161, 0, 0, 0, 253, 1, 44, 255]",0.000,30.0
07/11/2025 15:39:40,07/11/2025,15:39:40,"[0, 161, 0, 0, 0, 253, 1, 46, 255]",0.000,30.2
07/11/2025 15:39:41,07/11/2025,15:39:41,"[0, 161, 0, 0, 181, 253, 1, 45, 255]",0.181,30.1
07/11/2025 15:39:42,07/11/2025,15:39:42,"[0, 161, 0, 0, 181, 253, 1, 45, 255]",0.181,30.1
07/11/2025 15:39:43,07/11/2025,15:39:43,"[0, 161, 0, 0, 0, 253, 1, 44, 255]",0.000,30.0
07/11/2025 15:39:44,07/11/2025,15:39:44,"[0, 161, 0, 0, 80, 253, 1, 44, 255]",0.080,30.0
07/11/2025 15:39:45,07/11/2025,15:39:45,"[0, 161, 0, 0, 244, 253, 1, 45, 255]",0.244,30.1
07/11/2025 15:39:46,07/11/2025,15:39:46,"[0, 161, 0, 0, 244, 253, 1, 45, 255]",0.244,30.1
07/11/2025 15:39:47,07/11/2025,15:39:47,"[0, 161, 0, 0, 0, 253, 1, 44, 255]",0.000,30.0
07/11/2025 15:39:48,07/11/2025,15:39:48,"[0, 161, 0, 0, 0, 253, 1, 45, 255]",0.000,30.1
07/11/2025 15:39:49,07/11/2025,15:39:49,"[0, 161, 0, 0, 0, 253, 1, 44, 255]",0.000,30.0
07/11/2025 15:39:50,07/11/2025,15:39:50,"[0, 161, 0, 0, 0, 253, 1, 45, 255]",0.000,30.1
07/11/2025 15:39:51,07/11/2025,15:39:51,"[0, 161, 0, 0, 0, 253, 1, 44, 255]",0.000,30.0
07/11/2025 15:39:52,07/11/2025,15:39:52,"[0, 161, 0, 0, 108, 253, 1, 44, 255]",0.108,30.0
07/11/2025 15:39:53,07/11/2025,15:39:53,"[0, 161, 0, 1, 27, 253, 1, 44, 255]",0.283,30.0
07/11/2025 15:39:54,07/11/2025,15:39:54,"[0, 161, 0, 0, 93, 253, 1, 44, 255]",0.093,30.0
07/11/2025 15:39:55,07/11/2025,15:39:55,"[0, 161, 0, 0, 93, 253, 1, 44, 255]",0.093,30.0
07/11/2025 15:39:56,07/11/2025,15:39:56,"[0, 161, 0, 0, 1, 253, 1, 43, 255]",0.001,29.9
07/11/2025 15:39:57,07/11/2025,15:39:57,"[0, 161, 0, 0, 103, 253, 1, 44, 255]",0.103,30.0
07/11/2025 15:39:58,07/11/2025,15:39:58,"[0, 161, 0, 0, 98, 253, 1, 44, 255]",0.098,30.0
07/11/2025 15:39:59,07/11/2025,15:39:59,"[0, 161, 0, 0, 98, 253, 1, 44, 255]",0.098,30.0
07/11/2025 15:40:00,07/11/2025,15:40:00,"[0, 161, 0, 0, 0, 253, 1, 44, 255]",0.000,30.0
07/11/2025 15:40:01,07/11/2025,15:40:01,"[0, 161, 0, 0, 0, 253, 1, 45, 255]",0.000,30.1
07/11/2025 15:40:02,07/11/2025,15:40:02,"[0, 161, 0, 0, 0, 253, 1, 45, 255]",0.000,30.1
07/11/2025 15:40:03,07/11/2025,15:40:03,"[0, 161, 0, 0, 0, 253, 1, 45, 255]",0.000,30.1
07/11/2025 15:40:04,07/11/2025,15:40:04,"[0, 161, 0, 1, 19, 253, 1, 44, 255]",0.275,30.0
07/11/2025 15:40:05,07/11/2025,15:40:05,"[0, 161, 0, 0, 168, 253, 1, 43, 255]",0.168,29.9
07/11/2025 15:40:06,07/11/2025,15:40:06,"[0, 161, 0, 0, 85, 253, 1, 44, 255]",0.085,30.0
07/11/2025 15:40:07,07/11/2025,15:40:07,"[0, 161, 0, 0, 85, 253, 1, 45, 255]",0.085,30.1
07/11/2025 15:40:08,07/11/2025,15:40:08,"[0, 161, 0, 0, 18, 253, 1, 43, 255]",0.018,29.9
07/11/2025 15:40:09,07/11/2025,15:40:09,"[0, 161, 0, 0, 0, 253, 1, 46, 255]",0.000,30.2
07/11/2025 15:40:10,07/11/2025,15:40:10,"[0, 161, 0, 0, 0, 253, 1, 44, 255]",0.000,30.0
07/11/2025 15:40:11,07/11/2025,15:40:11,"[0, 161, 0, 0, 0, 253, 1, 44, 255]",0.000,30.0
07/11/2025 15:40:12,07/11/2025,15:40:12,"[0, 161, 0, 0, 6, 253, 1, 44, 255]",0.006,30.0
07/11/2025 15:40:13,07/11/2025,15:40:13,"[0, 161, 0, 0, 66, 253, 1, 47, 255]",0.066,30.3
07/11/2025 15:40:14,07/11/2025,15:40:14,"[0, 161, 0, 0, 10, 253, 1, 43, 255]",0.010,29.9
07/11/2025 15:40:15,07/11/2025,15:40:15,"[0, 161, 0, 0, 34, 253, 1, 43, 255]",0.034,29.9
07/11/2025 15:40:16,07/11/2025,15:40:16,"[0, 161, 0, 0, 34, 253, 1, 42, 255]",0.034,29.8
07/11/2025 15:40:17,07/11/2025,15:40:17,"[0, 161, 0, 0, 24, 253, 1, 44, 255]",0.024,30.0
07/11/2025 15:40:18,07/11/2025,15:40:18,"[0, 161, 0, 0, 35, 253, 1, 44, 255]",0.035,30.0
07/11/2025 15:40:19,07/11/2025,15:40:19,"[0, 161, 0, 0, 70, 253, 1, 43, 255]",0.070,29.9
07/11/2025 15:40:20,07/11/2025,15:40:20,"[0, 161, 0, 0, 70, 253, 1, 43, 255]",0.070,29.9
07/11/2025 15:40:21,07/11/2025,15:40:21,"[0, 161, 0, 0, 166, 253, 1, 43, 255]",0.166,29.9
07/11/2025 15:40:22,07/11/2025,15:40:22,"[0, 161, 0, 1, 130, 253, 1, 45, 255]",0.386,30.1
07/11/2025 15:40:23,07/11/2025,15:40:23,"[0, 161, 0, 0, 0, 253, 1, 44, 255]",0.000,30.0
07/11/2025 15:40:24,07/11/2025,15:40:24,"[0, 161, 0, 0, 0, 253, 1, 45, 255]",0.000,30.1
07/11/2025 15:40:25,07/11/2025,15:40:25,"[0, 161, 0, 0, 0, 253, 1, 44, 255]",0.000,30.0
07/11/2025 15:40:26,07/11/2025,15:40:26,"[0, 161, 0, 0, 0, 253, 1, 44, 255]",0.000,30.0
07/11/2025 15:40:27,07/11/2025,15:40:27,"[0, 161, 0, 0, 0, 253, 1, 46, 255]",0.000,30.2
07/11/2025 15:40:28,07/11/2025,15:40:28,"[0, 161, 0, 0, 0, 253, 1, 43, 255]",0.000,29.9
07/11/2025 15:40:29,07/11/2025,15:40:29,"[0, 161, 0, 0, 232, 253, 1, 44, 255]",0.232,30.0
07/11/2025 15:40:30,07/11/2025,15:40:30,"[0, 161, 0, 0, 55, 253, 1, 45, 255]",0.055,30.1
07/11/2025 15:40:31,07/11/2025,15:40:31,"[0, 161, 0, 0, 0, 253, 1, 43, 255]",0.000,29.9
07/11/2025 15:40:32,07/11/2025,15:40:32,"[0, 161, 0, 0, 0, 253, 1, 44, 255]",0.000,30.0
07/11/2025 15:40:33,07/11/2025,15:40:33,"[0, 161, 0, 0, 0, 253, 1, 45, 255]",0.000,30.1
07/11/2025 15:40:34,07/11/2025,15:40:34,"[0, 161, 0, 0, 22, 253, 1, 45, 255]",0.022,30.1
07/11/2025 15:40:35,07/11/2025,15:40:35,"[0, 161, 0, 0, 117, 253, 1, 43, 255]",0.117,29.9
07/11/2025 15:40:36,07/11/2025,15:40:36,"[0, 161, 0, 0, 0, 253, 1, 44, 255]",0.000,30.0
07/11/2025 15:40:37,07/11/2025,15:40:37,"[0, 161, 0, 0, 0, 253, 1, 43, 255]",0.000,29.9
07/11/2025 15:40:38,07/11/2025,15:40:38,"[0, 161, 0, 0, 16, 253, 1, 43, 255]",0.016,29.9
07/11/2025 15:40:39,07/11/2025,15:40:39,"[0, 161, 0, 0, 0, 253, 1, 44, 255]",0.000,30.0
07/11/2025 15:40:40,07/11/2025,15:40:40,"[0, 161, 0, 0, 138, 253, 1, 44, 255]",0.138,30.0
07/11/2025 15:40:41,07/11/2025,15:40:41,"[0, 161, 0, 0, 138, 253, 1, 44, 255]",0.138,30.0
07/11/2025 15:40:42,07/11/2025,15:40:42,"[0, 161, 0, 0, 0, 253, 1, 44, 255]",0.000,30.0
07/11/2025 15:40:43,07/11/2025,15:40:43,"[0, 161, 0, 0, 0, 253, 1, 44, 255]",0.000,30.0
07/11/2025 15:40:44,07/11/2025,15:40:44,"[0, 161, 0, 0, 0, 253, 1, 44, 255]",0.000,30.0
07/11/2025 15:40:45,07/11/2025,15:40:45,"[0, 161, 0, 0, 0, 253, 1, 43, 255]",0.000,29.9
07/11/2025 15:40:46,07/11/2025,15:40:46,"[0, 161, 0, 0, 163, 253, 1, 44, 255]",0.163,30.0
07/11/2025 15:40:47,07/11/2025,15:40:47,"[0, 161, 0, 0, 120, 253, 1, 42, 255]",0.120,29.8
07/11/2025 15:40:48,07/11/2025,15:40:48,"[0, 161, 0, 0, 0, 253, 1, 43, 255]",0.000,29.9
07/11/2025 15:40:49,07/11/2025,15:40:49,"[0, 161, 0, 0, 0, 253, 1, 43, 255]",0.000,29.9
07/11/2025 15:40:50,07/11/2025,15:40:50,"[0, 161, 0, 0, 7, 253, 1, 44, 255]",0.007,30.0
07/11/2025 15:40:51,07/11/2025,15:40:51,"[0, 161, 0, 0, 0, 253, 1, 44, 255]",0.000,30.0
07/11/2025 15:40:52,07/11/2025,15:40:52,"[0, 161, 0, 0, 0, 253, 1, 43, 255]",0.000,29.9
07/11/2025 15:40:53,07/11/2025,15:40:53,"[0, 161, 0, 0, 0, 253, 1, 43, 255]",0.000,29.9
07/11/2025 15:40:54,07/11/2025,15:40:54,"[0, 161, 0, 0, 0, 253, 1, 42, 255]",0.000,29.8
07/11/2025 15:40:55,07/11/2025,15:40:55,"[0, 161, 0, 0, 0, 253, 1, 44, 255]",0.000,30.0
07/11/2025 15:40:56,07/11/2025,15:40:56,"[0, 161, 0, 0, 0, 253, 1, 46, 255]",0.000,30.2
07/11/2025 15:40:57,07/11/2025,15:40:57,"[0, 161, 0, 0, 0, 253, 1, 43, 255]",0.000,29.9
07/11/2025 15:40:58,07/11/2025,15:40:58,"[0, 161, 0, 0, 0, 253, 1, 43, 255]",0.000,29.9
07/11/2025 15:40:59,07/11/2025,15:40:59,"[0, 161, 0, 0, 81, 253, 1, 43, 255]",0.081,29.9
07/11/2025 15:41:00,07/11/2025,15:41:00,"[0, 161, 0, 0, 0, 253, 1, 43, 255]",0.000,29.9
07/11/2025 15:41:01,07/11/2025,15:41:01,"[0, 161, 0, 0, 182, 253, 1, 43, 255]",0.182,29.9
07/11/2025 15:41:02,07/11/2025,15:41:02,"[0, 161, 0, 0, 182, 253, 1, 43, 255]",0.182,29.9
07/11/2025 15:41:03,07/11/2025,15:41:03,"[0, 161, 0, 0, 0, 253, 1, 42, 255]",0.000,29.8
07/11/2025 15:41:04,07/11/2025,15:41:04,"[0, 161, 0, 0, 0, 253, 1, 45, 255]",0.000,30.1
07/11/2025 15:41:05,07/11/2025,15:41:05,"[0, 161, 0, 0, 0, 253, 1, 45, 255]",0.000,30.1
07/11/2025 15:41:06,07/11/2025,15:41:06,"[0, 161, 0, 0, 0, 253, 1, 43, 255]",0.000,29.9
07/11/2025 15:41:07,07/11/2025,15:41:07,"[0, 161, 0, 0, 89, 253, 1, 44, 255]",0.089,30.0
07/11/2025 15:41:08,07/11/2025,15:41:08,"[0, 161, 0, 0, 0, 253, 1, 43, 255]",0.000,29.9
07/11/2025 15:41:09,07/11/2025,15:41:09,"[0, 161, 0, 1, 14, 253, 1, 45, 255]",0.270,30.1
07/11/2025 15:41:10,07/11/2025,15:41:10,"[0, 161, 0, 1, 14, 253, 1, 43, 255]",0.270,29.9
07/11/2025 15:41:11,07/11/2025,15:41:11,"[0, 161, 0, 0, 0, 253, 1, 44, 255]",0.000,30.0
07/11/2025 15:41:12,07/11/2025,15:41:12,"[0, 161, 0, 0, 0, 253, 1, 43, 255]",0.000,29.9
07/11/2025 15:41:13,07/11/2025,15:41:13,"[0, 161, 0, 0, 0, 253, 1, 44, 255]",0.000,30.0
07/11/2025 15:41:14,07/11/2025,15:41:14,"[0, 161, 0, 0, 0, 253, 1, 43, 255]",0.000,29.9
07/11/2025 15:41:15,07/11/2025,15:41:15,"[0, 161, 0, 0, 177, 253, 1, 44, 255]",0.177,30.0
07/11/2025 15:41:16,07/11/2025,15:41:16,"[0, 161, 0, 0, 137, 253, 1, 44, 255]",0.137,30.0
07/11/2025 15:41:17,07/11/2025,15:41:17,"[0, 161, 0, 0, 0, 253, 1, 44, 255]",0.000,30.0
07/11/2025 15:41:18,07/11/2025,15:41:18,"[0, 161, 0, 0, 0, 253, 1, 43, 255]",0.000,29.9
07/11/2025 15:41:19,07/11/2025,15:41:19,"[0, 161, 0, 0, 0, 253, 1, 45, 255]",0.000,30.1
07/11/2025 15:41:20,07/11/2025,15:41:20,"[0, 161, 0, 0, 0, 253, 1, 44, 255]",0.000,30.0
07/11/2025 15:41:21,07/11/2025,15:41:21,"[0, 161, 0, 0, 62, 253, 1, 43, 255]",0.062,29.9
07/11/2025 15:41:22,07/11/2025,15:41:22,"[0, 161, 0, 0, 69, 253, 1, 44, 255]",0.069,30.0
07/11/2025 15:41:23,07/11/2025,15:41:23,"[0, 161, 0, 0, 69, 253, 1, 44, 255]",0.069,30.0
07/11/2025 15:41:24,07/11/2025,15:41:24,"[0, 161, 0, 0, 22, 253, 1, 43, 255]",0.022,29.9
07/11/2025 15:41:25,07/11/2025,15:41:25,"[0, 161, 0, 0, 167, 253, 1, 43, 255]",0.167,29.9
07/11/2025 15:41:26,07/11/2025,15:41:26,"[0, 161, 0, 0, 18, 253, 1, 43, 255]",0.018,29.9
07/11/2025 15:41:27,07/11/2025,15:41:27,"[0, 161, 0, 0, 18, 253, 1, 43, 255]",0.018,29.9
07/11/2025 15:41:28,07/11/2025,15:41:28,"[0, 161, 0, 0, 0, 253, 1, 44, 255]",0.000,30.0
07/11/2025 15:41:29,07/11/2025,15:41:29,"[0, 161, 0, 0, 0, 253, 1, 43, 255]",0.000,29.9
07/11/2025 15:41:30,07/11/2025,15:41:30,"[0, 161, 0, 0, 48, 253, 1, 42, 255]",0.048,29.8
07/11/2025 15:41:31,07/11/2025,15:41:31,"[0, 161, 0, 0, 48, 253, 1, 44, 255]",0.048,30.0
07/11/2025 15:41:32,07/11/2025,15:41:32,"[0, 161, 0, 0, 0, 253, 1, 44, 255]",0.000,30.0
07/11/2025 15:41:33,07/11/2025,15:41:33,"[0, 161, 0, 0, 0, 253, 1, 45, 255]",0.000,30.1
07/11/2025 15:41:34,07/11/2025,15:41:34,"[0, 161, 0, 0, 136, 253, 1, 43, 255]",0.136,29.9
07/11/2025 15:41:35,07/11/2025,15:41:35,"[0, 161, 0, 0, 136, 253, 1, 43, 255]",0.136,29.9
07/11/2025 15:41:36,07/11/2025,15:41:36,"[0, 161, 0, 0, 0, 253, 1, 44, 255]",0.000,30.0
07/11/2025 15:41:37,07/11/2025,15:41:37,"[0, 161, 0, 0, 0, 253, 1, 44, 255]",0.000,30.0
07/11/2025 15:41:38,07/11/2025,15:41:38,"[0, 161, 0, 0, 0, 253, 1, 45, 255]",0.000,30.1
07/11/2025 15:41:39,07/11/2025,15:41:39,"[0, 161, 0, 0, 0, 253, 1, 43, 255]",0.000,29.9
07/11/2025 15:41:40,07/11/2025,15:41:40,"[0, 161, 0, 0, 0, 253, 1, 45, 255]",0.000,30.1
07/11/2025 15:41:41,07/11/2025,15:41:41,"[0, 161, 0, 0, 0, 253, 1, 44, 255]",0.000,30.0
07/11/2025 15:41:42,07/11/2025,15:41:42,"[0, 161, 0, 0, 104, 253, 1, 43, 255]",0.104,29.9
07/11/2025 15:41:43,07/11/2025,15:41:43,"[0, 161, 0, 0, 0, 253, 1, 42, 255]",0.000,29.8
07/11/2025 15:41:44,07/11/2025,15:41:44,"[0, 161, 0, 0, 0, 253, 1, 42, 255]",0.000,29.8
07/11/2025 15:41:45,07/11/2025,15:41:45,"[0, 161, 0, 0, 79, 253, 1, 44, 255]",0.079,30.0
07/11/2025 15:41:46,07/11/2025,15:41:46,"[0, 161, 0, 0, 0, 253, 1, 43, 255]",0.000,29.9
07/11/2025 15:41:47,07/11/2025,15:41:47,"[0, 161, 0, 0, 79, 253, 1, 44, 255]",0.079,30.0
07/11/2025 15:41:48,07/11/2025,15:41:48,"[0, 161, 0, 0, 79, 253, 1, 44, 255]",0.079,30.0
07/11/2025 15:41:49,07/11/2025,15:41:49,"[0, 161, 0, 0, 0, 253, 1, 44, 255]",0.000,30.0
07/11/2025 15:41:50,07/11/2025,15:41:50,"[0, 161, 0, 0, 124, 253, 1, 43, 255]",0.124,29.9
07/11/2025 15:41:51,07/11/2025,15:41:51,"[0, 161, 0, 0, 79, 253, 1, 44, 255]",0.079,30.0
07/11/2025 15:41:52,07/11/2025,15:41:52,"[0, 161, 0, 0, 79, 253, 1, 44, 255]",0.079,30.0
07/11/2025 15:41:53,07/11/2025,15:41:53,"[0, 161, 0, 0, 0, 253, 1, 43, 255]",0.000,29.9
07/11/2025 15:41:54,07/11/2025,15:41:54,"[0, 161, 0, 0, 0, 253, 1, 42, 255]",0.000,29.8
07/11/2025 15:41:55,07/11/2025,15:41:55,"[0, 161, 0, 0, 0, 253, 1, 43, 255]",0.000,29.9
07/11/2025 15:41:56,07/11/2025,15:41:56,"[0, 161, 0, 0, 0, 253, 1, 45, 255]",0.000,30.1
07/11/2025 15:41:57,07/11/2025,15:41:57,"[0, 161, 0, 0, 56, 253, 1, 44, 255]",0.056,30.0
07/11/2025 15:41:58,07/11/2025,15:41:58,"[0, 161, 0, 0, 0, 253, 1, 43, 255]",0.000,29.9
07/11/2025 15:41:59,07/11/2025,15:41:59,"[0, 161, 0, 0, 0, 253, 1, 44, 255]",0.000,30.0
07/11/2025 15:42:00,07/11/2025,15:42:00,"[0, 161, 0, 0, 0, 253, 1, 43, 255]",0.000,29.9
07/11/2025 15:42:01,07/11/2025,15:42:01,"[0, 161, 0, 0, 0, 253, 1, 43, 255]",0.000,29.9
07/11/2025 15:42:02,07/11/2025,15:42:02,"[0, 161, 0, 0, 75, 253, 1, 44, 255]",0.075,30.0
07/11/2025 15:42:03,07/11/2025,15:42:03,"[0, 161, 0, 1, 70, 253, 1, 43, 255]",0.326,29.9
07/11/2025 15:42:04,07/11/2025,15:42:04,"[0, 161, 0, 0, 15, 253, 1, 43, 255]",0.015,29.9
07/11/2025 15:42:05,07/11/2025,15:42:05,"[0, 161, 0, 0, 15, 253, 1, 44, 255]",0.015,30.0
07/11/2025 15:42:06,07/11/2025,15:42:06,"[0, 161, 0, 0, 0, 253, 1, 41, 255]",0.000,29.7
07/11/2025 15:42:07,07/11/2025,15:42:07,"[0, 161, 0, 0, 0, 253, 1, 43, 255]",0.000,29.9
07/11/2025 15:42:08,07/11/2025,15:42:08,"[0, 161, 0, 0, 0, 253, 1, 43, 255]",0.000,29.9
07/11/2025 15:42:09,07/11/2025,15:42:09,"[0, 161, 0, 0, 0, 253, 1, 44, 255]",0.000,30.0
07/11/2025 15:42:10,07/11/2025,15:42:10,"[0, 161, 0, 0, 221, 253, 1, 43, 255]",0.221,29.9
07/11/2025 15:42:11,07/11/2025,15:42:11,"[0, 161, 0, 0, 0, 253, 1, 43, 255]",0.000,29.9
07/11/2025 15:42:12,07/11/2025,15:42:12,"[0, 161, 0, 0, 0, 253, 1, 44, 255]",0.000,30.0
07/11/2025 15:42:13,07/11/2025,15:42:13,"[0, 161, 0, 0, 0, 253, 1, 43, 255]",0.000,29.9
07/11/2025 15:42:14,07/11/2025,15:42:14,"[0, 161, 0, 0, 0, 253, 1, 44, 255]",0.000,30.0
07/11/2025 15:42:15,07/11/2025,15:42:15,"[0, 161, 0, 0, 0, 253, 1, 45, 255]",0.000,30.1
07/11/2025 15:42:16,07/11/2025,15:42:16,"[0, 161, 0, 0, 7, 253, 1, 43, 255]",0.007,29.9
07/11/2025 15:42:17,07/11/2025,15:42:17,"[0, 161, 0, 0, 7, 253, 1, 43, 255]",0.007,29.9
07/11/2025 15:42:18,07/11/2025,15:42:18,"[0, 161, 0, 0, 103, 253, 1, 43, 255]",0.103,29.9
07/11/2025 15:42:19,07/11/2025,15:42:19,"[0, 161, 0, 0, 86, 253, 1, 45, 255]",0.086,30.1
07/11/2025 15:42:20,07/11/2025,15:42:20,"[0, 161, 0, 0, 0, 253, 1, 43, 255]",0.000,29.9
07/11/2025 15:42:21,07/11/2025,15:42:21,"[0, 161, 0, 0, 0, 253, 1, 42, 255]",0.000,29.8
07/11/2025 15:42:22,07/11/2025,15:42:22,"[0, 161, 0, 0, 76, 253, 1, 42, 255]",0.076,29.8
07/11/2025 15:42:23,07/11/2025,15:42:23,"[0, 161, 0, 0, 0, 253, 1, 43, 255]",0.000,29.9
07/11/2025 15:42:24,07/11/2025,15:42:24,"[0, 161, 0, 0, 0, 253, 1, 43, 255]",0.000,29.9
07/11/2025 15:42:25,07/11/2025,15:42:25,"[0, 161, 0, 0, 27, 253, 1, 43, 255]",0.027,29.9
07/11/2025 15:42:26,07/11/2025,15:42:26,"[0, 161, 0, 0, 27, 253, 1, 44, 255]",0.027,30.0
07/11/2025 15:42:27,07/11/2025,15:42:27,"[0, 161, 0, 0, 0, 253, 1, 43, 255]",0.000,29.9
07/11/2025 15:42:28,07/11/2025,15:42:28,"[0, 161, 0, 0, 132, 253, 1, 43, 255]",0.132,29.9
07/11/2025 15:42:29,07/11/2025,15:42:29,"[0, 161, 0, 0, 0, 253, 1, 43, 255]",0.000,29.9
07/11/2025 15:42:30,07/11/2025,15:42:30,"[0, 161, 0, 0, 0, 253, 1, 44, 255]",0.000,30.0
07/11/2025 15:42:31,07/11/2025,15:42:31,"[0, 161, 0, 0, 0, 253, 1, 43, 255]",0.000,29.9
07/11/2025 15:42:32,07/11/2025,15:42:32,"[0, 161, 0, 0, 190, 253, 1, 44, 255]",0.190,30.0
07/11/2025 15:42:33,07/11/2025,15:42:33,"[0, 161, 0, 0, 0, 253, 1, 43, 255]",0.000,29.9
07/11/2025 15:42:34,07/11/2025,15:42:34,"[0, 161, 0, 0, 0, 253, 1, 43, 255]",0.000,29.9
07/11/2025 15:42:35,07/11/2025,15:42:35,"[0, 161, 0, 0, 0, 253, 1, 43, 255]",0.000,29.9
07/11/2025 15:42:36,07/11/2025,15:42:36,"[0, 161, 0, 0, 103, 253, 1, 43, 255]",0.103,29.9
07/11/2025 15:42:37,07/11/2025,15:42:37,"[0, 161, 0, 0, 89, 253, 1, 44, 255]",0.089,30.0
07/11/2025 15:42:38,07/11/2025,15:42:38,"[0, 161, 0, 0, 89, 253, 1, 43, 255]",0.089,29.9
07/11/2025 15:42:39,07/11/2025,15:42:39,"[0, 161, 0, 0, 199, 253, 1, 44, 255]",0.199,30.0
07/11/2025 15:42:40,07/11/2025,15:42:40,"[0, 161, 0, 0, 127, 253, 1, 42, 255]",0.127,29.8
07/11/2025 15:42:41,07/11/2025,15:42:41,"[0, 161, 0, 0, 0, 253, 1, 43, 255]",0.000,29.9
07/11/2025 15:42:42,07/11/2025,15:42:42,"[0, 161, 0, 0, 0, 253, 1, 44, 255]",0.000,30.0
07/11/2025 15:42:43,07/11/2025,15:42:43,"[0, 161, 0, 0, 0, 253, 1, 42, 255]",0.000,29.8
07/11/2025 15:42:44,07/11/2025,15:42:44,"[0, 161, 0, 0, 0, 253, 1, 43, 255]",0.000,29.9
07/11/2025 15:42:45,07/11/2025,15:42:45,"[0, 161, 0, 0, 0, 253, 1, 44, 255]",0.000,30.0
07/11/2025 15:42:46,07/11/2025,15:42:46,"[0, 161, 0, 0, 0, 253, 1, 44, 255]",0.000,30.0
07/11/2025 15:42:47,07/11/2025,15:42:47,"[0, 161, 0, 0, 0, 253, 1, 44, 255]",0.000,30.0
07/11/2025 15:42:48,07/11/2025,15:42:48,"[0, 161, 0, 1, 76, 253, 1, 44, 255]",0.332,30.0
07/11/2025 15:42:49,07/11/2025,15:42:49,"[0, 161, 0, 0, 0, 253, 1, 43, 255]",0.000,29.9
07/11/2025 15:42:50,07/11/2025,15:42:50,"[0, 161, 0, 0, 0, 253, 1, 41, 255]",0.000,29.7
07/11/2025 15:42:51,07/11/2025,15:42:51,"[0, 161, 0, 0, 0, 253, 1, 44, 255]",0.000,30.0
07/11/2025 15:42:52,07/11/2025,15:42:52,"[0, 161, 0, 0, 0, 253, 1, 43, 255]",0.000,29.9
07/11/2025 15:42:53,07/11/2025,15:42:53,"[0, 161, 0, 0, 0, 253, 1, 42, 255]",0.000,29.8
07/11/2025 15:42:54,07/11/2025,15:42:54,"[0, 161, 0, 0, 64, 253, 1, 44, 255]",0.064,30.0
07/11/2025 15:42:55,07/11/2025,15:42:55,"[0, 161, 0, 0, 64, 253, 1, 43, 255]",0.064,29.9
07/11/2025 15:42:56,07/11/2025,15:42:56,"[0, 161, 0, 0, 0, 253, 1, 43, 255]",0.000,29.9
07/11/2025 15:42:57,07/11/2025,15:42:57,"[0, 161, 0, 0, 128, 253, 1, 44, 255]",0.128,30.0
07/11/2025 15:42:58,07/11/2025,15:42:58,"[0, 161, 0, 0, 211, 253, 1, 44, 255]",0.211,30.0
07/11/2025 15:42:59,07/11/2025,15:42:59,"[0, 161, 0, 0, 211, 253, 1, 44, 255]",0.211,30.0
07/11/2025 15:43:00,07/11/2025,15:43:00,"[0, 161, 0, 0, 166, 253, 1, 42, 255]",0.166,29.8
07/11/2025 15:43:01,07/11/2025,15:43:01,"[0, 161, 0, 0, 0, 253, 1, 42, 255]",0.000,29.8
07/11/2025 15:43:02,07/11/2025,15:43:02,"[0, 161, 0, 0, 35, 253, 1, 42, 255]",0.035,29.8
07/11/2025 15:43:03,07/11/2025,15:43:03,"[0, 161, 0, 0, 35, 253, 1, 43, 255]",0.035,29.9
07/11/2025 15:43:04,07/11/2025,15:43:04,"[0, 161, 0, 0, 144, 253, 1, 43, 255]",0.144,29.9
07/11/2025 15:43:05,07/11/2025,15:43:05,"[0, 161, 0, 0, 34, 253, 1, 43, 255]",0.034,29.9
07/11/2025 15:43:06,07/11/2025,15:43:06,"[0, 161, 0, 0, 88, 253, 1, 42, 255]",0.088,29.8
07/11/2025 15:43:07,07/11/2025,15:43:07,"[0, 161, 0, 0, 97, 253, 1, 42, 255]",0.097,29.8
07/11/2025 15:43:08,07/11/2025,15:43:08,"[0, 161, 0, 0, 97, 253, 1, 42, 255]",0.097,29.8
07/11/2025 15:43:09,07/11/2025,15:43:09,"[0, 161, 0, 0, 0, 253, 1, 43, 255]",0.000,29.9
07/11/2025 15:43:10,07/11/2025,15:43:10,"[0, 161, 0, 0, 85, 253, 1, 43, 255]",0.085,29.9
07/11/2025 15:43:11,07/11/2025,15:43:11,"[0, 161, 0, 0, 0, 253, 1, 43, 255]",0.000,29.9
07/11/2025 15:43:12,07/11/2025,15:43:12,"[0, 161, 0, 0, 0, 253, 1, 43, 255]",0.000,29.9
07/11/2025 15:43:13,07/11/2025,15:43:13,"[0, 161, 0, 0, 88, 253, 1, 44, 255]",0.088,30.0
07/11/2025 15:43:14,07/11/2025,15:43:14,"[0, 161, 0, 0, 0, 253, 1, 42, 255]",0.000,29.8
07/11/2025 15:43:15,07/11/2025,15:43:15,"[0, 161, 0, 0, 0, 253, 1, 44, 255]",0.000,30.0
07/11/2025 15:43:16,07/11/2025,15:43:16,"[0, 161, 0, 0, 0, 253, 1, 44, 255]",0.000,30.0
07/11/2025 15:43:17,07/11/2025,15:43:17,"[0, 161, 0, 0, 0, 253, 1, 43, 255]",0.000,29.9
07/11/2025 15:43:18,07/11/2025,15:43:18,"[0, 161, 0, 0, 49, 253, 1, 42, 255]",0.049,29.8
07/11/2025 15:43:19,07/11/2025,15:43:19,"[0, 161, 0, 0, 210, 253, 1, 42, 255]",0.210,29.8
07/11/2025 15:43:20,07/11/2025,15:43:20,"[0, 161, 0, 0, 210, 253, 1, 44, 255]",0.210,30.0
07/11/2025 15:43:21,07/11/2025,15:43:21,"[0, 161, 0, 0, 142, 253, 1, 43, 255]",0.142,29.9
07/11/2025 15:43:22,07/11/2025,15:43:22,"[0, 161, 0, 0, 0, 253, 1, 43, 255]",0.000,29.9
07/11/2025 15:43:23,07/11/2025,15:43:23,"[0, 161, 0, 0, 0, 253, 1, 43, 255]",0.000,29.9
07/11/2025 15:43:24,07/11/2025,15:43:24,"[0, 161, 0, 0, 0, 253, 1, 43, 255]",0.000,29.9
07/11/2025 15:43:25,07/11/2025,15:43:25,"[0, 161, 0, 0, 109, 253, 1, 43, 255]",0.109,29.9
07/11/2025 15:43:26,07/11/2025,15:43:26,"[0, 161, 0, 0, 0, 253, 1, 44, 255]",0.000,30.0
07/11/2025 15:43:27,07/11/2025,15:43:27,"[0, 161, 0, 0, 0, 253, 1, 43, 255]",0.000,29.9
07/11/2025 15:43:28,07/11/2025,15:43:28,"[0, 161, 0, 0, 0, 253, 1, 43, 255]",0.000,29.9
07/11/2025 15:43:29,07/11/2025,15:43:29,"[0, 161, 0, 0, 0, 253, 1, 43, 255]",0.000,29.9
07/11/2025 15:43:30,07/11/2025,15:43:30,"[0, 161, 0, 0, 0, 253, 1, 43, 255]",0.000,29.9
07/11/2025 15:43:31,07/11/2025,15:43:31,"[0, 161, 0, 0, 0, 253, 1, 44, 255]",0.000,30.0
07/11/2025 15:43:32,07/11/2025,15:43:32,"[0, 161, 0, 0, 0, 253, 1, 43, 255]",0.000,29.9
07/11/2025 15:43:33,07/11/2025,15:43:33,"[0, 161, 0, 0, 0, 253, 1, 43, 255]",0.000,29.9
07/11/2025 15:43:34,07/11/2025,15:43:34,"[0, 161, 0, 0, 104, 253, 1, 44, 255]",0.104,30.0
07/11/2025 15:43:35,07/11/2025,15:43:35,"[0, 161, 0, 0, 0, 253, 1, 41, 255]",0.000,29.7
07/11/2025 15:43:36,07/11/2025,15:43:36,"[0, 161, 0, 0, 173, 253, 1, 42, 255]",0.173,29.8
07/11/2025 15:43:37,07/11/2025,15:43:37,"[0, 161, 0, 0, 173, 253, 1, 43, 255]",0.173,29.9
07/11/2025 15:43:38,07/11/2025,15:43:38,"[0, 161, 0, 0, 36, 253, 1, 44, 255]",0.036,30.0
07/11/2025 15:43:39,07/11/2025,15:43:39,"[0, 161, 0, 0, 153, 253, 1, 43, 255]",0.153,29.9
07/11/2025 15:43:40,07/11/2025,15:43:40,"[0, 161, 0, 0, 0, 253, 1, 43, 255]",0.000,29.9
07/11/2025 15:43:41,07/11/2025,15:43:41,"[0, 161, 0, 0, 0, 253, 1, 43, 255]",0.000,29.9
07/11/2025 15:43:42,07/11/2025,15:43:42,"[0, 161, 0, 0, 0, 253, 1, 43, 255]",0.000,29.9
07/11/2025 15:43:43,07/11/2025,15:43:43,"[0, 161, 0, 1, 30, 253, 1, 43, 255]",0.286,29.9
07/11/2025 15:43:44,07/11/2025,15:43:44,"[0, 161, 0, 0, 3, 253, 1, 42, 255]",0.003,29.8
07/11/2025 15:43:45,07/11/2025,15:43:45,"[0, 161, 0, 0, 3, 253, 1, 42, 255]",0.003,29.8
07/11/2025 15:43:46,07/11/2025,15:43:46,"[0, 161, 0, 0, 0, 253, 1, 45, 255]",0.000,30.1
07/11/2025 15:43:47,07/11/2025,15:43:47,"[0, 161, 0, 0, 0, 253, 1, 43, 255]",0.000,29.9
07/11/2025 15:43:48,07/11/2025,15:43:48,"[0, 161, 0, 0, 0, 253, 1, 43, 255]",0.000,29.9
07/11/2025 15:43:49,07/11/2025,15:43:49,"[0, 161, 0, 0, 0, 253, 1, 43, 255]",0.000,29.9
07/11/2025 15:43:50,07/11/2025,15:43:50,"[0, 161, 0, 0, 188, 253, 1, 44, 255]",0.188,30.0
07/11/2025 15:43:51,07/11/2025,15:43:51,"[0, 161, 0, 0, 27, 253, 1, 43, 255]",0.027,29.9
07/11/2025 15:43:52,07/11/2025,15:43:52,"[0, 161, 0, 0, 57, 253, 1, 44, 255]",0.057,30.0
07/11/2025 15:43:53,07/11/2025,15:43:53,"[0, 161, 0, 0, 0, 253, 1, 43, 255]",0.000,29.9
07/11/2025 15:43:54,07/11/2025,15:43:54,"[0, 161, 0, 0, 0, 253, 1, 44, 255]",0.000,30.0
07/11/2025 15:43:55,07/11/2025,15:43:55,"[0, 161, 0, 0, 0, 253, 1, 45, 255]",0.000,30.1
07/11/2025 15:43:56,07/11/2025,15:43:56,"[0, 161, 0, 0, 0, 253, 1, 44, 255]",0.000,30.0
07/11/2025 15:43:57,07/11/2025,15:43:57,"[0, 161, 0, 0, 41, 253, 1, 44, 255]",0.041,30.0
07/11/2025 15:43:58,07/11/2025,15:43:58,"[0, 161, 0, 0, 41, 253, 1, 45, 255]",0.041,30.1
07/11/2025 15:43:59,07/11/2025,15:43:59,"[0, 161, 0, 0, 231, 253, 1, 43, 255]",0.231,29.9
07/11/2025 15:44:00,07/11/2025,15:44:00,"[0, 161, 0, 0, 92, 253, 1, 44, 255]",0.092,30.0
07/11/2025 15:44:01,07/11/2025,15:44:01,"[0, 161, 0, 0, 0, 253, 1, 42, 255]",0.000,29.8
07/11/2025 15:44:02,07/11/2025,15:44:02,"[0, 161, 0, 0, 0, 253, 1, 45, 255]",0.000,30.1
07/11/2025 15:44:03,07/11/2025,15:44:03,"[0, 161, 0, 0, 1, 253, 1, 44, 255]",0.001,30.0
07/11/2025 15:44:04,07/11/2025,15:44:04,"[0, 161, 0, 0, 16, 253, 1, 44, 255]",0.016,30.0
07/11/2025 15:44:05,07/11/2025,15:44:05,"[0, 161, 0, 0, 161, 253, 1, 44, 255]",0.161,30.0
07/11/2025 15:44:06,07/11/2025,15:44:06,"[0, 161, 0, 0, 161, 253, 1, 45, 255]",0.161,30.1
07/11/2025 15:44:07,07/11/2025,15:44:07,"[0, 161, 0, 0, 45, 253, 1, 43, 255]",0.045,29.9
07/11/2025 15:44:08,07/11/2025,15:44:08,"[0, 161, 0, 0, 172, 253, 1, 43, 255]",0.172,29.9
07/11/2025 15:44:09,07/11/2025,15:44:09,"[0, 161, 0, 0, 84, 253, 1, 43, 255]",0.084,29.9
07/11/2025 15:44:10,07/11/2025,15:44:10,"[0, 161, 0, 0, 84, 253, 1, 45, 255]",0.084,30.1
07/11/2025 15:44:11,07/11/2025,15:44:11,"[0, 161, 0, 0, 255, 253, 1, 45, 255]",0.255,30.1
07/11/2025 15:44:12,07/11/2025,15:44:12,"[0, 161, 0, 0, 94, 253, 1, 44, 255]",0.094,30.0
07/11/2025 15:44:13,07/11/2025,15:44:13,"[0, 161, 0, 0, 34, 253, 1, 43, 255]",0.034,29.9
07/11/2025 15:44:14,07/11/2025,15:44:14,"[0, 161, 0, 0, 80, 253, 1, 43, 255]",0.080,29.9
07/11/2025 15:44:15,07/11/2025,15:44:15,"[0, 161, 0, 0, 80, 253, 1, 45, 255]",0.080,30.1
07/11/2025 15:44:16,07/11/2025,15:44:16,"[0, 161, 0, 0, 0, 253, 1, 43, 255]",0.000,29.9
07/11/2025 15:44:17,07/11/2025,15:44:17,"[0, 161, 0, 0, 0, 253, 1, 43, 255]",0.000,29.9
07/11/2025 15:44:18,07/11/2025,15:44:18,"[0, 161, 0, 0, 0, 253, 1, 44, 255]",0.000,30.0
07/11/2025 15:44:19,07/11/2025,15:44:19,"[0, 161, 0, 0, 0, 253, 1, 44, 255]",0.000,30.0
07/11/2025 15:44:20,07/11/2025,15:44:20,"[0, 161, 0, 0, 191, 253, 1, 43, 255]",0.191,29.9
07/11/2025 15:44:21,07/11/2025,15:44:21,"[0, 161, 0, 0, 196, 253, 1, 43, 255]",0.196,29.9
07/11/2025 15:44:22,07/11/2025,15:44:22,"[0, 161, 0, 0, 49, 253, 1, 43, 255]",0.049,29.9
07/11/2025 15:44:23,07/11/2025,15:44:23,"[0, 161, 0, 0, 49, 253, 1, 44, 255]",0.049,30.0
07/11/2025 15:44:24,07/11/2025,15:44:24,"[0, 161, 0, 0, 0, 253, 1, 42, 255]",0.000,29.8
07/11/2025 15:44:25,07/11/2025,15:44:25,"[0, 161, 0, 0, 0, 253, 1, 43, 255]",0.000,29.9
07/11/2025 15:44:26,07/11/2025,15:44:26,"[0, 161, 0, 0, 0, 253, 1, 44, 255]",0.000,30.0
07/11/2025 15:44:27,07/11/2025,15:44:27,"[0, 161, 0, 0, 0, 253, 1, 43, 255]",0.000,29.9
07/11/2025 15:44:28,07/11/2025,15:44:28,"[0, 161, 0, 0, 223, 253, 1, 43, 255]",0.223,29.9
07/11/2025 15:44:29,07/11/2025,15:44:29,"[0, 161, 0, 0, 170, 253, 1, 43, 255]",0.170,29.9
07/11/2025 15:44:30,07/11/2025,15:44:30,"[0, 161, 0, 0, 42, 253, 1, 43, 255]",0.042,29.9
07/11/2025 15:44:31,07/11/2025,15:44:31,"[0, 161, 0, 0, 42, 253, 1, 45, 255]",0.042,30.1
07/11/2025 15:44:32,07/11/2025,15:44:32,"[0, 161, 0, 0, 108, 253, 1, 43, 255]",0.108,29.9
07/11/2025 15:44:33,07/11/2025,15:44:33,"[0, 161, 0, 0, 0, 253, 1, 43, 255]",0.000,29.9
07/11/2025 15:44:34,07/11/2025,15:44:34,"[0, 161, 0, 0, 27, 253, 1, 43, 255]",0.027,29.9
07/11/2025 15:44:35,07/11/2025,15:44:35,"[0, 161, 0, 0, 112, 253, 1, 43, 255]",0.112,29.9
07/11/2025 15:44:36,07/11/2025,15:44:36,"[0, 161, 0, 0, 112, 253, 1, 43, 255]",0.112,29.9
07/11/2025 15:44:37,07/11/2025,15:44:37,"[0, 161, 0, 0, 0, 253, 1, 45, 255]",0.000,30.1
07/11/2025 15:44:38,07/11/2025,15:44:38,"[0, 161, 0, 0, 0, 253, 1, 43, 255]",0.000,29.9
07/11/2025 15:44:39,07/11/2025,15:44:39,"[0, 161, 0, 0, 0, 253, 1, 43, 255]",0.000,29.9
07/11/2025 15:44:40,07/11/2025,15:44:40,"[0, 161, 0, 0, 0, 253, 1, 45, 255]",0.000,30.1
07/11/2025 15:44:41,07/11/2025,15:44:41,"[0, 161, 0, 0, 0, 253, 1, 43, 255]",0.000,29.9
07/11/2025 15:44:42,07/11/2025,15:44:42,"[0, 161, 0, 0, 53, 253, 1, 44, 255]",0.053,30.0
07/11/2025 15:44:43,07/11/2025,15:44:43,"[0, 161, 0, 0, 55, 253, 1, 44, 255]",0.055,30.0
07/11/2025 15:44:44,07/11/2025,15:44:44,"[0, 161, 0, 0, 55, 253, 1, 43, 255]",0.055,29.9
07/11/2025 15:44:45,07/11/2025,15:44:45,"[0, 161, 0, 0, 0, 253, 1, 44, 255]",0.000,30.0
07/11/2025 15:44:46,07/11/2025,15:44:46,"[0, 161, 0, 0, 0, 253, 1, 45, 255]",0.000,30.1
07/11/2025 15:44:47,07/11/2025,15:44:47,"[0, 161, 0, 0, 0, 253, 1, 44, 255]",0.000,30.0
07/11/2025 15:44:48,07/11/2025,15:44:48,"[0, 161, 0, 0, 0, 253, 1, 44, 255]",0.000,30.0
07/11/2025 15:44:49,07/11/2025,15:44:49,"[0, 161, 0, 0, 0, 253, 1, 44, 255]",0.000,30.0
07/11/2025 15:44:50,07/11/2025,15:44:50,"[0, 161, 0, 0, 0, 253, 1, 44, 255]",0.000,30.0
07/11/2025 15:44:51,07/11/2025,15:44:51,"[0, 161, 0, 0, 124, 253, 1, 44, 255]",0.124,30.0
07/11/2025 15:44:52,07/11/2025,15:44:52,"[0, 161, 0, 0, 124, 253, 1, 45, 255]",0.124,30.1
07/11/2025 15:44:53,07/11/2025,15:44:53,"[0, 161, 0, 0, 171, 253, 1, 45, 255]",0.171,30.1
07/11/2025 15:44:54,07/11/2025,15:44:54,"[0, 161, 0, 0, 92, 253, 1, 42, 255]",0.092,29.8
07/11/2025 15:44:55,07/11/2025,15:44:55,"[0, 161, 0, 0, 0, 253, 1, 43, 255]",0.000,29.9
07/11/2025 15:44:56,07/11/2025,15:44:56,"[0, 161, 0, 0, 0, 253, 1, 46, 255]",0.000,30.2
07/11/2025 15:44:57,07/11/2025,15:44:57,"[0, 161, 0, 0, 0, 253, 1, 44, 255]",0.000,30.0
07/11/2025 15:44:58,07/11/2025,15:44:58,"[0, 161, 0, 0, 0, 253, 1, 44, 255]",0.000,30.0
07/11/2025 15:44:59,07/11/2025,15:44:59,"[0, 161, 0, 0, 152, 253, 1, 42, 255]",0.152,29.8
07/11/2025 15:45:00,07/11/2025,15:45:00,"[0, 161, 0, 0, 254, 253, 1, 44, 255]",0.254,30.0
07/11/2025 15:45:01,07/11/2025,15:45:01,"[0, 161, 0, 0, 254, 253, 1, 45, 255]",0.254,30.1
07/11/2025 15:45:02,07/11/2025,15:45:02,"[0, 161, 0, 0, 54, 253, 1, 45, 255]",0.054,30.1
07/11/2025 15:45:03,07/11/2025,15:45:03,"[0, 161, 0, 0, 160, 253, 1, 45, 255]",0.160,30.1
07/11/2025 15:45:04,07/11/2025,15:45:04,"[0, 161, 0, 0, 0, 253, 1, 44, 255]",0.000,30.0
07/11/2025 15:45:05,07/11/2025,15:45:05,"[0, 161, 0, 0, 0, 253, 1, 44, 255]",0.000,30.0
07/11/2025 15:45:06,07/11/2025,15:45:06,"[0, 161, 0, 0, 0, 253, 1, 42, 255]",0.000,29.8
07/11/2025 15:45:07,07/11/2025,15:45:07,"[0, 161, 0, 0, 218, 253, 1, 44, 255]",0.218,30.0
07/11/2025 15:45:08,07/11/2025,15:45:08,"[0, 161, 0, 0, 138, 253, 1, 42, 255]",0.138,29.8
07/11/2025 15:45:09,07/11/2025,15:45:09,"[0, 161, 0, 0, 138, 253, 1, 44, 255]",0.138,30.0
07/11/2025 15:45:10,07/11/2025,15:45:10,"[0, 161, 0, 0, 0, 253, 1, 44, 255]",0.000,30.0
07/11/2025 15:45:11,07/11/2025,15:45:11,"[0, 161, 0, 0, 0, 253, 1, 45, 255]",0.000,30.1
07/11/2025 15:45:12,07/11/2025,15:45:12,"[0, 161, 0, 0, 0, 253, 1, 45, 255]",0.000,30.1
07/11/2025 15:45:13,07/11/2025,15:45:13,"[0, 161, 0, 0, 0, 253, 1, 45, 255]",0.000,30.1
07/11/2025 15:45:14,07/11/2025,15:45:14,"[0, 161, 0, 0, 0, 253, 1, 44, 255]",0.000,30.0
07/11/2025 15:45:15,07/11/2025,15:45:15,"[0, 161, 0, 0, 0, 253, 1, 43, 255]",0.000,29.9
07/11/2025 15:45:16,07/11/2025,15:45:16,"[0, 161, 0, 0, 218, 253, 1, 44, 255]",0.218,30.0
07/11/2025 15:45:17,07/11/2025,15:45:17,"[0, 161, 0, 0, 0, 253, 1, 43, 255]",0.000,29.9
07/11/2025 15:45:18,07/11/2025,15:45:18,"[0, 161, 0, 0, 0, 253, 1, 43, 255]",0.000,29.9
07/11/2025 15:45:19,07/11/2025,15:45:19,"[0, 161, 0, 0, 68, 253, 1, 43, 255]",0.068,29.9
07/11/2025 15:45:20,07/11/2025,15:45:20,"[0, 161, 0, 0, 0, 253, 1, 44, 255]",0.000,30.0
07/11/2025 15:45:21,07/11/2025,15:45:21,"[0, 161, 0, 0, 0, 253, 1, 45, 255]",0.000,30.1
07/11/2025 15:45:22,07/11/2025,15:45:22,"[0, 161, 0, 0, 0, 253, 1, 45, 255]",0.000,30.1
07/11/2025 15:45:23,07/11/2025,15:45:23,"[0, 161, 0, 0, 148, 253, 1, 44, 255]",0.148,30.0
07/11/2025 15:45:24,07/11/2025,15:45:24,"[0, 161, 0, 0, 0, 253, 1, 44, 255]",0.000,30.0
07/11/2025 15:45:25,07/11/2025,15:45:25,"[0, 161, 0, 0, 0, 253, 1, 44, 255]",0.000,30.0
07/11/2025 15:45:26,07/11/2025,15:45:26,"[0, 161, 0, 0, 0, 253, 1, 44, 255]",0.000,30.0
07/11/2025 15:45:27,07/11/2025,15:45:27,"[0, 161, 0, 0, 0, 253, 1, 44, 255]",0.000,30.0
07/11/2025 15:45:28,07/11/2025,15:45:28,"[0, 161, 0, 0, 0, 253, 1, 44, 255]",0.000,30.0
07/11/2025 15:45:29,07/11/2025,15:45:29,"[0, 161, 0, 0, 0, 253, 1, 43, 255]",0.000,29.9
07/11/2025 15:45:30,07/11/2025,15:45:30,"[0, 161, 0, 0, 0, 253, 1, 44, 255]",0.000,30.0
07/11/2025 15:45:31,07/11/2025,15:45:31,"[0, 161, 0, 0, 94, 253, 1, 44, 255]",0.094,30.0
07/11/2025 15:45:32,07/11/2025,15:45:32,"[0, 161, 0, 0, 0, 253, 1, 44, 255]",0.000,30.0
07/11/2025 15:45:33,07/11/2025,15:45:33,"[0, 161, 0, 0, 0, 253, 1, 44, 255]",0.000,30.0
07/11/2025 15:45:34,07/11/2025,15:45:34,"[0, 161, 0, 0, 0, 253, 1, 45, 255]",0.000,30.1
07/11/2025 15:45:35,07/11/2025,15:45:35,"[0, 161, 0, 0, 0, 253, 1, 45, 255]",0.000,30.1
07/11/2025 15:45:36,07/11/2025,15:45:36,"[0, 161, 0, 0, 0, 253, 1, 43, 255]",0.000,29.9
07/11/2025 15:45:37,07/11/2025,15:45:37,"[0, 161, 0, 0, 0, 253, 1, 43, 255]",0.000,29.9
07/11/2025 15:45:38,07/11/2025,15:45:38,"[0, 161, 0, 0, 166, 253, 1, 44, 255]",0.166,30.0
07/11/2025 15:45:39,07/11/2025,15:45:39,"[0, 161, 0, 0, 166, 253, 1, 44, 255]",0.166,30.0
07/11/2025 15:45:40,07/11/2025,15:45:40,"[0, 161, 0, 0, 97, 253, 1, 43, 255]",0.097,29.9
07/11/2025 15:45:41,07/11/2025,15:45:41,"[0, 161, 0, 0, 73, 253, 1, 42, 255]",0.073,29.8
07/11/2025 15:45:42,07/11/2025,15:45:42,"[0, 161, 0, 0, 74, 253, 1, 44, 255]",0.074,30.0
07/11/2025 15:45:43,07/11/2025,15:45:43,"[0, 161, 0, 0, 74, 253, 1, 44, 255]",0.074,30.0
07/11/2025 15:45:44,07/11/2025,15:45:44,"[0, 161, 0, 0, 0, 253, 1, 45, 255]",0.000,30.1
07/11/2025 15:45:45,07/11/2025,15:45:45,"[0, 161, 0, 0, 0, 253, 1, 44, 255]",0.000,30.0
07/11/2025 15:45:46,07/11/2025,15:45:46,"[0, 161, 0, 0, 0, 253, 1, 44, 255]",0.000,30.0
07/11/2025 15:45:47,07/11/2025,15:45:47,"[0, 161, 0, 0, 0, 253, 1, 44, 255]",0.000,30.0
07/11/2025 15:45:48,07/11/2025,15:45:48,"[0, 161, 0, 0, 182, 253, 1, 44, 255]",0.182,30.0
07/11/2025 15:45:49,07/11/2025,15:45:49,"[0, 161, 0, 0, 50, 253, 1, 43, 255]",0.050,29.9
07/11/2025 15:45:50,07/11/2025,15:45:50,"[0, 161, 0, 0, 0, 253, 1, 44, 255]",0.000,30.0
07/11/2025 15:45:51,07/11/2025,15:45:51,"[0, 161, 0, 0, 0, 253, 1, 45, 255]",0.000,30.1
07/11/2025 15:45:52,07/11/2025,15:45:52,"[0, 161, 0, 0, 0, 253, 1, 44, 255]",0.000,30.0
07/11/2025 15:45:53,07/11/2025,15:45:53,"[0, 161, 0, 0, 234, 253, 1, 45, 255]",0.234,30.1
07/11/2025 15:45:54,07/11/2025,15:45:54,"[0, 161, 0, 0, 254, 253, 1, 45, 255]",0.254,30.1
07/11/2025 15:45:55,07/11/2025,15:45:55,"[0, 161, 0, 0, 254, 253, 1, 44, 255]",0.254,30.0
07/11/2025 15:45:56,07/11/2025,15:45:56,"[0, 161, 0, 0, 48, 253, 1, 43, 255]",0.048,29.9
07/11/2025 15:45:57,07/11/2025,15:45:57,"[0, 161, 0, 0, 0, 253, 1, 43, 255]",0.000,29.9
07/11/2025 15:45:58,07/11/2025,15:45:58,"[0, 161, 0, 0, 0, 253, 1, 44, 255]",0.000,30.0
07/11/2025 15:45:59,07/11/2025,15:45:59,"[0, 161, 0, 0, 0, 253, 1, 44, 255]",0.000,30.0
07/11/2025 15:46:00,07/11/2025,15:46:00,"[0, 161, 0, 0, 0, 253, 1, 44, 255]",0.000,30.0
07/11/2025 15:46:01,07/11/2025,15:46:01,"[0, 161, 0, 0, 242, 253, 1, 45, 255]",0.242,30.1
07/11/2025 15:46:02,07/11/2025,15:46:02,"[0, 161, 0, 0, 66, 253, 1, 43, 255]",0.066,29.9
07/11/2025 15:46:03,07/11/2025,15:46:03,"[0, 161, 0, 0, 51, 253, 1, 43, 255]",0.051,29.9
07/11/2025 15:46:04,07/11/2025,15:46:04,"[0, 161, 0, 0, 51, 253, 1, 43, 255]",0.051,29.9
07/11/2025 15:46:05,07/11/2025,15:46:05,"[0, 161, 0, 0, 0, 253, 1, 45, 255]",0.000,30.1
07/11/2025 15:46:06,07/11/2025,15:46:06,"[0, 161, 0, 0, 36, 253, 1, 44, 255]",0.036,30.0
07/11/2025 15:46:07,07/11/2025,15:46:07,"[0, 161, 0, 0, 0, 253, 1, 43, 255]",0.000,29.9
07/11/2025 15:46:10,07/11/2025,15:46:10,"[0, 161, 0, 0, 129, 253, 1, 44, 255]",0.129,30.0
07/11/2025 15:46:11,07/11/2025,15:46:11,"[0, 161, 0, 0, 9, 253, 1, 43, 255]",0.009,29.9
07/11/2025 15:46:12,07/11/2025,15:46:12,"[0, 161, 0, 0, 9, 253, 1, 42, 255]",0.009,29.8
07/11/2025 15:46:13,07/11/2025,15:46:13,"[0, 161, 0, 0, 72, 253, 1, 43, 255]",0.072,29.9
07/11/2025 15:46:14,07/11/2025,15:46:14,"[0, 161, 0, 0, 25, 253, 1, 43, 255]",0.025,29.9
07/11/2025 15:46:15,07/11/2025,15:46:15,"[0, 161, 0, 0, 0, 253, 1, 42, 255]",0.000,29.8
07/11/2025 15:46:16,07/11/2025,15:46:16,"[0, 161, 0, 0, 0, 253, 1, 43, 255]",0.000,29.9
07/11/2025 15:46:17,07/11/2025,15:46:17,"[0, 161, 0, 0, 0, 253, 1, 42, 255]",0.000,29.8
07/11/2025 15:46:18,07/11/2025,15:46:18,"[0, 161, 0, 0, 0, 253, 1, 44, 255]",0.000,30.0
07/11/2025 15:46:19,07/11/2025,15:46:19,"[0, 161, 0, 0, 54, 253, 1, 44, 255]",0.054,30.0
07/11/2025 15:46:20,07/11/2025,15:46:20,"[0, 161, 0, 0, 54, 253, 1, 45, 255]",0.054,30.1
07/11/2025 15:46:21,07/11/2025,15:46:21,"[0, 161, 0, 0, 0, 253, 1, 45, 255]",0.000,30.1
07/11/2025 15:46:22,07/11/2025,15:46:22,"[0, 161, 0, 0, 151, 253, 1, 43, 255]",0.151,29.9
07/11/2025 15:46:23,07/11/2025,15:46:23,"[0, 161, 0, 0, 104, 253, 1, 43, 255]",0.104,29.9
07/11/2025 15:46:24,07/11/2025,15:46:24,"[0, 161, 0, 1, 14, 253, 1, 43, 255]",0.270,29.9
07/11/2025 15:46:25,07/11/2025,15:46:25,"[0, 161, 0, 1, 14, 253, 1, 44, 255]",0.270,30.0
07/11/2025 15:46:26,07/11/2025,15:46:26,"[0, 161, 0, 0, 0, 253, 1, 43, 255]",0.000,29.9
07/11/2025 15:46:27,07/11/2025,15:46:27,"[0, 161, 0, 0, 0, 253, 1, 44, 255]",0.000,30.0
07/11/2025 15:46:28,07/11/2025,15:46:28,"[0, 161, 0, 0, 0, 253, 1, 44, 255]",0.000,30.0
07/11/2025 15:46:29,07/11/2025,15:46:29,"[0, 161, 0, 0, 0, 253, 1, 45, 255]",0.000,30.1
07/11/2025 15:46:30,07/11/2025,15:46:30,"[0, 161, 0, 0, 0, 253, 1, 44, 255]",0.000,30.0
07/11/2025 15:46:31,07/11/2025,15:46:31,"[0, 161, 0, 0, 0, 253, 1, 44, 255]",0.000,30.0
07/11/2025 15:46:32,07/11/2025,15:46:32,"[0, 161, 0, 0, 158, 253, 1, 44, 255]",0.158,30.0
07/11/2025 15:46:33,07/11/2025,15:46:33,"[0, 161, 0, 0, 158, 253, 1, 44, 255]",0.158,30.0
07/11/2025 15:46:34,07/11/2025,15:46:34,"[0, 161, 0, 0, 113, 253, 1, 44, 255]",0.113,30.0
07/11/2025 15:46:35,07/11/2025,15:46:35,"[0, 161, 0, 0, 0, 253, 1, 44, 255]",0.000,30.0
07/11/2025 15:46:36,07/11/2025,15:46:36,"[0, 161, 0, 0, 54, 253, 1, 44, 255]",0.054,30.0
07/11/2025 15:46:37,07/11/2025,15:46:37,"[0, 161, 0, 0, 54, 253, 1, 43, 255]",0.054,29.9
07/11/2025 15:46:38,07/11/2025,15:46:38,"[0, 161, 0, 0, 0, 253, 1, 44, 255]",0.000,30.0
07/11/2025 15:46:39,07/11/2025,15:46:39,"[0, 161, 0, 0, 54, 253, 1, 44, 255]",0.054,30.0
07/11/2025 15:46:40,07/11/2025,15:46:40,"[0, 161, 0, 0, 76, 253, 1, 42, 255]",0.076,29.8
07/11/2025 15:46:41,07/11/2025,15:46:41,"[0, 161, 0, 0, 76, 253, 1, 42, 255]",0.076,29.8
07/11/2025 15:46:42,07/11/2025,15:46:42,"[0, 161, 0, 0, 11, 253, 1, 44, 255]",0.011,30.0
07/11/2025 15:46:43,07/11/2025,15:46:43,"[0, 161, 0, 0, 167, 253, 1, 44, 255]",0.167,30.0
07/11/2025 15:46:44,07/11/2025,15:46:44,"[0, 161, 0, 0, 187, 253, 1, 44, 255]",0.187,30.0
07/11/2025 15:46:45,07/11/2025,15:46:45,"[0, 161, 0, 0, 162, 253, 1, 45, 255]",0.162,30.1
07/11/2025 15:46:46,07/11/2025,15:46:46,"[0, 161, 0, 0, 162, 253, 1, 42, 255]",0.162,29.8
07/11/2025 15:46:47,07/11/2025,15:46:47,"[0, 161, 0, 0, 85, 253, 1, 44, 255]",0.085,30.0
07/11/2025 15:46:48,07/11/2025,15:46:48,"[0, 161, 0, 0, 0, 253, 1, 44, 255]",0.000,30.0
07/11/2025 15:46:49,07/11/2025,15:46:49,"[0, 161, 0, 0, 69, 253, 1, 43, 255]",0.069,29.9
07/11/2025 15:46:50,07/11/2025,15:46:50,"[0, 161, 0, 0, 69, 253, 1, 44, 255]",0.069,30.0
07/11/2025 15:46:51,07/11/2025,15:46:51,"[0, 161, 0, 1, 42, 253, 1, 44, 255]",0.298,30.0
07/11/2025 15:46:52,07/11/2025,15:46:52,"[0, 161, 0, 1, 17, 253, 1, 45, 255]",0.273,30.1
07/11/2025 15:46:53,07/11/2025,15:46:53,"[0, 161, 0, 0, 0, 253, 1, 43, 255]",0.000,29.9
07/11/2025 15:46:54,07/11/2025,15:46:54,"[0, 161, 0, 0, 0, 253, 1, 43, 255]",0.000,29.9
07/11/2025 15:46:55,07/11/2025,15:46:55,"[0, 161, 0, 0, 74, 253, 1, 44, 255]",0.074,30.0
07/11/2025 15:46:56,07/11/2025,15:46:56,"[0, 161, 0, 0, 238, 253, 1, 44, 255]",0.238,30.0
07/11/2025 15:46:57,07/11/2025,15:46:57,"[0, 161, 0, 0, 11, 253, 1, 45, 255]",0.011,30.1
07/11/2025 15:46:58,07/11/2025,15:46:58,"[0, 161, 0, 0, 11, 253, 1, 43, 255]",0.011,29.9
07/11/2025 15:46:59,07/11/2025,15:46:59,"[0, 161, 0, 0, 0, 253, 1, 45, 255]",0.000,30.1
07/11/2025 15:47:00,07/11/2025,15:47:00,"[0, 161, 0, 0, 0, 253, 1, 43, 255]",0.000,29.9
07/11/2025 15:47:01,07/11/2025,15:47:01,"[0, 161, 0, 0, 72, 253, 1, 44, 255]",0.072,30.0
07/11/2025 15:47:02,07/11/2025,15:47:02,"[0, 161, 0, 0, 72, 253, 1, 44, 255]",0.072,30.0
07/11/2025 15:47:03,07/11/2025,15:47:03,"[0, 161, 0, 0, 147, 253, 1, 43, 255]",0.147,29.9
07/11/2025 15:47:04,07/11/2025,15:47:04,"[0, 161, 0, 0, 0, 253, 1, 43, 255]",0.000,29.9
07/11/2025 15:47:05,07/11/2025,15:47:05,"[0, 161, 0, 0, 40, 253, 1, 43, 255]",0.040,29.9
07/11/2025 15:47:06,07/11/2025,15:47:06,"[0, 161, 0, 0, 0, 253, 1, 43, 255]",0.000,29.9
07/11/2025 15:47:07,07/11/2025,15:47:07,"[0, 161, 0, 0, 0, 253, 1, 45, 255]",0.000,30.1
07/11/2025 15:47:08,07/11/2025,15:47:08,"[0, 161, 0, 0, 0, 253, 1, 45, 255]",0.000,30.1
07/11/2025 15:47:09,07/11/2025,15:47:09,"[0, 161, 0, 0, 0, 253, 1, 44, 255]",0.000,30.0
07/11/2025 15:47:10,07/11/2025,15:47:10,"[0, 161, 0, 0, 155, 253, 1, 43, 255]",0.155,29.9
07/11/2025 15:47:11,07/11/2025,15:47:11,"[0, 161, 0, 0, 155, 253, 1, 44, 255]",0.155,30.0
07/11/2025 15:47:12,07/11/2025,15:47:12,"[0, 161, 0, 1, 93, 253, 1, 43, 255]",0.349,29.9
07/11/2025 15:47:13,07/11/2025,15:47:13,"[0, 161, 0, 0, 236, 253, 1, 43, 255]",0.236,29.9
07/11/2025 15:47:14,07/11/2025,15:47:14,"[0, 161, 0, 0, 160, 253, 1, 43, 255]",0.160,29.9
07/11/2025 15:47:15,07/11/2025,15:47:15,"[0, 161, 0, 0, 160, 253, 1, 44, 255]",0.160,30.0
07/11/2025 15:47:16,07/11/2025,15:47:16,"[0, 161, 0, 0, 0, 253, 1, 43, 255]",0.000,29.9
07/11/2025 15:47:17,07/11/2025,15:47:17,"[0, 161, 0, 0, 0, 253, 1, 43, 255]",0.000,29.9
07/11/2025 15:47:18,07/11/2025,15:47:18,"[0, 161, 0, 0, 0, 253, 1, 43, 255]",0.000,29.9
07/11/2025 15:47:19,07/11/2025,15:47:19,"[0, 161, 0, 0, 0, 253, 1, 44, 255]",0.000,30.0
07/11/2025 15:47:20,07/11/2025,15:47:20,"[0, 161, 0, 1, 56, 253, 1, 45, 255]",0.312,30.1
07/11/2025 15:47:21,07/11/2025,15:47:21,"[0, 161, 0, 1, 41, 253, 1, 44, 255]",0.297,30.0
07/11/2025 15:47:22,07/11/2025,15:47:22,"[0, 161, 0, 0, 0, 253, 1, 43, 255]",0.000,29.9
07/11/2025 15:47:23,07/11/2025,15:47:23,"[0, 161, 0, 0, 0, 253, 1, 44, 255]",0.000,30.0
07/11/2025 15:47:24,07/11/2025,15:47:24,"[0, 161, 0, 0, 0, 253, 1, 43, 255]",0.000,29.9
07/11/2025 15:47:25,07/11/2025,15:47:25,"[0, 161, 0, 0, 0, 253, 1, 45, 255]",0.000,30.1
07/11/2025 15:47:26,07/11/2025,15:47:26,"[0, 161, 0, 0, 243, 253, 1, 44, 255]",0.243,30.0
07/11/2025 15:47:27,07/11/2025,15:47:27,"[0, 161, 0, 0, 142, 253, 1, 44, 255]",0.142,30.0
07/11/2025 15:47:28,07/11/2025,15:47:28,"[0, 161, 0, 0, 142, 253, 1, 44, 255]",0.142,30.0
07/11/2025 15:47:29,07/11/2025,15:47:29,"[0, 161, 0, 0, 10, 253, 1, 44, 255]",0.010,30.0
07/11/2025 15:47:30,07/11/2025,15:47:30,"[0, 161, 0, 0, 124, 253, 1, 43, 255]",0.124,29.9
07/11/2025 15:47:31,07/11/2025,15:47:31,"[0, 161, 0, 0, 97, 253, 1, 42, 255]",0.097,29.8
07/11/2025 15:47:32,07/11/2025,15:47:32,"[0, 161, 0, 0, 97, 253, 1, 44, 255]",0.097,30.0
07/11/2025 15:47:33,07/11/2025,15:47:33,"[0, 161, 0, 0, 190, 253, 1, 43, 255]",0.190,29.9
07/11/2025 15:47:34,07/11/2025,15:47:34,"[0, 161, 0, 0, 85, 253, 1, 44, 255]",0.085,30.0
07/11/2025 15:47:35,07/11/2025,15:47:35,"[0, 161, 0, 0, 109, 253, 1, 44, 255]",0.109,30.0
07/11/2025 15:47:36,07/11/2025,15:47:36,"[0, 161, 0, 0, 109, 253, 1, 44, 255]",0.109,30.0
07/11/2025 15:47:37,07/11/2025,15:47:37,"[0, 161, 0, 0, 0, 253, 1, 45, 255]",0.000,30.1
07/11/2025 15:47:38,07/11/2025,15:47:38,"[0, 161, 0, 1, 41, 253, 1, 45, 255]",0.297,30.1
07/11/2025 15:47:39,07/11/2025,15:47:39,"[0, 161, 0, 0, 117, 253, 1, 45, 255]",0.117,30.1
07/11/2025 15:47:40,07/11/2025,15:47:40,"[0, 161, 0, 0, 117, 253, 1, 43, 255]",0.117,29.9
07/11/2025 15:47:41,07/11/2025,15:47:41,"[0, 161, 0, 0, 37, 253, 1, 44, 255]",0.037,30.0
07/11/2025 15:47:42,07/11/2025,15:47:42,"[0, 161, 0, 1, 135, 253, 1, 44, 255]",0.391,30.0
07/11/2025 15:47:43,07/11/2025,15:47:43,"[0, 161, 0, 0, 0, 253, 1, 44, 255]",0.000,30.0
07/11/2025 15:47:44,07/11/2025,15:47:44,"[0, 161, 0, 0, 0, 253, 1, 43, 255]",0.000,29.9
07/11/2025 15:47:45,07/11/2025,15:47:45,"[0, 161, 0, 0, 132, 253, 1, 42, 255]",0.132,29.8
07/11/2025 15:47:46,07/11/2025,15:47:46,"[0, 161, 0, 0, 73, 253, 1, 43, 255]",0.073,29.9
07/11/2025 15:47:47,07/11/2025,15:47:47,"[0, 161, 0, 0, 26, 253, 1, 43, 255]",0.026,29.9
07/11/2025 15:47:48,07/11/2025,15:47:48,"[0, 161, 0, 0, 35, 253, 1, 44, 255]",0.035,30.0
07/11/2025 15:47:49,07/11/2025,15:47:49,"[0, 161, 0, 0, 35, 253, 1, 44, 255]",0.035,30.0
07/11/2025 15:47:50,07/11/2025,15:47:50,"[0, 161, 0, 0, 170, 253, 1, 43, 255]",0.170,29.9
07/11/2025 15:47:51,07/11/2025,15:47:51,"[0, 161, 0, 0, 0, 253, 1, 43, 255]",0.000,29.9
07/11/2025 15:47:52,07/11/2025,15:47:52,"[0, 161, 0, 1, 77, 253, 1, 44, 255]",0.333,30.0
07/11/2025 15:47:53,07/11/2025,15:47:53,"[0, 161, 0, 1, 77, 253, 1, 45, 255]",0.333,30.1
07/11/2025 15:47:54,07/11/2025,15:47:54,"[0, 161, 0, 0, 0, 253, 1, 44, 255]",0.000,30.0
07/11/2025 15:47:55,07/11/2025,15:47:55,"[0, 161, 0, 0, 0, 253, 1, 43, 255]",0.000,29.9
07/11/2025 15:47:56,07/11/2025,15:47:56,"[0, 161, 0, 0, 0, 253, 1, 44, 255]",0.000,30.0
07/11/2025 15:47:57,07/11/2025,15:47:57,"[0, 161, 0, 0, 0, 253, 1, 44, 255]",0.000,30.0
07/11/2025 15:47:58,07/11/2025,15:47:58,"[0, 161, 0, 0, 110, 253, 1, 44, 255]",0.110,30.0
07/11/2025 15:47:59,07/11/2025,15:47:59,"[0, 161, 0, 0, 2, 253, 1, 44, 255]",0.002,30.0
07/11/2025 15:48:00,07/11/2025,15:48:00,"[0, 161, 0, 0, 0, 253, 1, 43, 255]",0.000,29.9
07/11/2025 15:48:01,07/11/2025,15:48:01,"[0, 161, 0, 0, 0, 253, 1, 44, 255]",0.000,30.0
07/11/2025 15:48:02,07/11/2025,15:48:02,"[0, 161, 0, 0, 175, 253, 1, 43, 255]",0.175,29.9
07/11/2025 15:48:03,07/11/2025,15:48:03,"[0, 161, 0, 0, 125, 253, 1, 42, 255]",0.125,29.8
07/11/2025 15:48:04,07/11/2025,15:48:04,"[0, 161, 0, 0, 41, 253, 1, 43, 255]",0.041,29.9
07/11/2025 15:48:05,07/11/2025,15:48:05,"[0, 161, 0, 0, 41, 253, 1, 43, 255]",0.041,29.9
07/11/2025 15:48:06,07/11/2025,15:48:06,"[0, 161, 0, 0, 149, 253, 1, 43, 255]",0.149,29.9
07/11/2025 15:48:07,07/11/2025,15:48:07,"[0, 161, 0, 0, 223, 253, 1, 44, 255]",0.223,30.0
07/11/2025 15:48:08,07/11/2025,15:48:08,"[0, 161, 0, 0, 0, 253, 1, 44, 255]",0.000,30.0
07/11/2025 15:48:09,07/11/2025,15:48:09,"[0, 161, 0, 0, 0, 253, 1, 44, 255]",0.000,30.0
07/11/2025 15:48:10,07/11/2025,15:48:10,"[0, 161, 0, 0, 0, 253, 1, 45, 255]",0.000,30.1
07/11/2025 15:48:11,07/11/2025,15:48:11,"[0, 161, 0, 0, 0, 253, 1, 43, 255]",0.000,29.9
07/11/2025 15:48:12,07/11/2025,15:48:12,"[0, 161, 0, 0, 0, 253, 1, 43, 255]",0.000,29.9
07/11/2025 15:48:13,07/11/2025,15:48:13,"[0, 161, 0, 0, 0, 253, 1, 43, 255]",0.000,29.9
07/11/2025 15:48:14,07/11/2025,15:48:14,"[0, 161, 0, 0, 0, 253, 1, 44, 255]",0.000,30.0
07/11/2025 15:48:15,07/11/2025,15:48:15,"[0, 161, 0, 0, 0, 253, 1, 44, 255]",0.000,30.0
07/11/2025 15:48:16,07/11/2025,15:48:16,"[0, 161, 0, 0, 0, 253, 1, 44, 255]",0.000,30.0
07/11/2025 15:48:17,07/11/2025,15:48:17,"[0, 161, 0, 0, 0, 253, 1, 44, 255]",0.000,30.0
07/11/2025 15:48:18,07/11/2025,15:48:18,"[0, 161, 0, 0, 0, 253, 1, 44, 255]",0.000,30.0
07/11/2025 15:48:19,07/11/2025,15:48:19,"[0, 161, 0, 0, 0, 253, 1, 44, 255]",0.000,30.0
07/11/2025 15:48:20,07/11/2025,15:48:20,"[0, 161, 0, 0, 37, 253, 1, 44, 255]",0.037,30.0
07/11/2025 15:48:21,07/11/2025,15:48:21,"[0, 161, 0, 0, 110, 253, 1, 44, 255]",0.110,30.0
07/11/2025 15:48:22,07/11/2025,15:48:22,"[0, 161, 0, 0, 110, 253, 1, 44, 255]",0.110,30.0
07/11/2025 15:48:23,07/11/2025,15:48:23,"[0, 161, 0, 0, 29, 253, 1, 43, 255]",0.029,29.9
07/11/2025 15:48:24,07/11/2025,15:48:24,"[0, 161, 0, 0, 15, 253, 1, 43, 255]",0.015,29.9
07/11/2025 15:48:25,07/11/2025,15:48:25,"[0, 161, 0, 0, 0, 253, 1, 43, 255]",0.000,29.9
07/11/2025 15:48:26,07/11/2025,15:48:26,"[0, 161, 0, 0, 0, 253, 1, 45, 255]",0.000,30.1
07/11/2025 15:48:27,07/11/2025,15:48:27,"[0, 161, 0, 0, 0, 253, 1, 44, 255]",0.000,30.0
07/11/2025 15:48:28,07/11/2025,15:48:28,"[0, 161, 0, 0, 103, 253, 1, 45, 255]",0.103,30.1
07/11/2025 15:48:29,07/11/2025,15:48:29,"[0, 161, 0, 0, 62, 253, 1, 43, 255]",0.062,29.9
07/11/2025 15:48:30,07/11/2025,15:48:30,"[0, 161, 0, 0, 146, 253, 1, 44, 255]",0.146,30.0
07/11/2025 15:48:31,07/11/2025,15:48:31,"[0, 161, 0, 0, 146, 253, 1, 43, 255]",0.146,29.9
07/11/2025 15:48:32,07/11/2025,15:48:32,"[0, 161, 0, 0, 105, 253, 1, 43, 255]",0.105,29.9
07/11/2025 15:48:33,07/11/2025,15:48:33,"[0, 161, 0, 0, 89, 253, 1, 44, 255]",0.089,30.0
07/11/2025 15:48:34,07/11/2025,15:48:34,"[0, 161, 0, 0, 0, 253, 1, 44, 255]",0.000,30.0
07/11/2025 15:48:35,07/11/2025,15:48:35,"[0, 161, 0, 0, 0, 253, 1, 45, 255]",0.000,30.1
